,mean,sd,hdi_3%,hdi_97%,mcse_mean,mcse_sd,ess_bulk,ess_tail,r_hat
"alpha[Renfroe, Hunter]",-2.834,0.112,-3.043,-2.624,0.001,0.001,6557.0,5014.0,1.0
"alpha[Tucker, Kyle]",-2.549,0.113,-2.767,-2.342,0.001,0.001,9522.0,5506.0,1.0
"alpha[Pederson, Joc]",-2.909,0.216,-3.291,-2.471,0.002,0.003,12603.0,5854.0,1.0
"alpha[Betts, Mookie]",-2.641,0.127,-2.865,-2.39,0.001,0.001,9217.0,6150.0,1.0
"alpha[Souza Jr., Steven]",-2.843,0.269,-3.338,-2.328,0.002,0.003,11716.0,5992.0,1.0
"alpha[Slater, Austin]",-2.737,0.216,-3.145,-2.337,0.002,0.003,12441.0,6367.0,1.0
"alpha[Soler, Jorge]",-2.956,0.169,-3.254,-2.624,0.002,0.002,8534.0,6124.0,1.0
"alpha[Brantley, Michael]",-2.836,0.27,-3.345,-2.321,0.003,0.003,11604.0,5664.0,1.0
"alpha[Duvall, Adam]",-2.67,0.18,-3.01,-2.333,0.002,0.002,9662.0,5751.0,1.0
"alpha[Verdugo, Alex]",-2.878,0.156,-3.167,-2.581,0.002,0.002,10328.0,6365.0,1.0
"alpha[García, Avisaíl]",-2.758,0.141,-3.013,-2.481,0.001,0.002,10524.0,6158.0,1.0
"alpha[García, Leury]",-2.827,0.231,-3.238,-2.378,0.002,0.002,9938.0,6063.0,1.0
"alpha[Engel, Adam]",-2.743,0.218,-3.153,-2.34,0.002,0.003,10985.0,4765.0,1.0
"alpha[Wade Jr., LaMonte]",-2.604,0.211,-3.012,-2.223,0.002,0.003,10843.0,5866.0,1.0
"alpha[Margot, Manuel]",-2.401,0.156,-2.679,-2.093,0.002,0.002,10130.0,6168.0,1.0
"alpha[Thompson, Trayce]",-2.675,0.219,-3.087,-2.268,0.002,0.002,9981.0,6701.0,1.0
"alpha[Carlson, Dylan]",-2.883,0.162,-3.181,-2.576,0.002,0.002,8318.0,6065.0,1.0
"alpha[Lagares, Juan]",-3.072,0.245,-3.545,-2.622,0.002,0.003,10776.0,5448.0,1.0
"alpha[Haniger, Mitch]",-2.596,0.133,-2.839,-2.342,0.001,0.002,11143.0,6213.0,1.0
"alpha[Rojas, Jose]",-2.791,0.24,-3.235,-2.322,0.002,0.003,11568.0,5288.0,1.0
"alpha[Zimmer, Bradley]",-2.355,0.25,-2.838,-1.91,0.003,0.003,8820.0,6014.0,1.0
"alpha[García, Adolis]",-2.822,0.123,-3.062,-2.598,0.001,0.001,7762.0,5724.0,1.0
"alpha[Hernández, Teoscar]",-2.568,0.12,-2.783,-2.335,0.001,0.001,10196.0,6324.0,1.0
"alpha[Yastrzemski, Mike]",-2.676,0.125,-2.92,-2.445,0.001,0.001,12295.0,6046.0,1.0
"alpha[Bryant, Kris]",-3.09,0.191,-3.456,-2.738,0.002,0.002,8597.0,6136.0,1.0
"alpha[Arozarena, Randy]",-2.561,0.206,-2.958,-2.178,0.002,0.002,10225.0,5869.0,1.0
"alpha[Calhoun, Kole]",-2.825,0.185,-3.167,-2.47,0.002,0.002,12642.0,6369.0,1.0
"alpha[Hilliard, Sam]",-3.081,0.249,-3.561,-2.628,0.003,0.003,9701.0,5771.0,1.0
"alpha[Cameron, Daz]",-2.746,0.214,-3.136,-2.335,0.002,0.002,10100.0,6262.0,1.0
"alpha[Vierling, Matt]",-2.468,0.187,-2.819,-2.122,0.002,0.002,10083.0,6263.0,1.0
"alpha[De La Cruz, Bryan]",-2.732,0.176,-3.058,-2.404,0.002,0.002,8193.0,5881.0,1.0
"alpha[Harper, Bryce]",-3.012,0.161,-3.3,-2.697,0.002,0.002,9169.0,4975.0,1.0
"alpha[Barrera, Luis]",-2.488,0.268,-3.012,-2.012,0.003,0.004,10527.0,5294.0,1.0
"alpha[O'Hearn, Ryan]",-2.82,0.204,-3.198,-2.434,0.002,0.002,10018.0,6034.0,1.0
"alpha[Kepler, Max]",-2.732,0.123,-2.951,-2.488,0.001,0.001,8852.0,6053.0,1.0
"alpha[Merrifield, Whit]",-2.773,0.216,-3.172,-2.357,0.002,0.003,10807.0,5610.0,1.0
"alpha[Hays, Austin]",-2.525,0.183,-2.866,-2.187,0.002,0.002,11719.0,5908.0,1.0
"alpha[Grichuk, Randal]",-2.838,0.149,-3.118,-2.558,0.002,0.002,9071.0,6408.0,1.0
"alpha[Soto, Juan]",-2.72,0.115,-2.94,-2.505,0.001,0.001,9578.0,6544.0,1.0
"alpha[Martinez, J.D.]",-2.76,0.271,-3.24,-2.223,0.003,0.003,10898.0,5895.0,1.0
"alpha[Smith, Pavin]",-2.963,0.174,-3.276,-2.624,0.002,0.002,9023.0,6236.0,1.0
"alpha[Blackmon, Charlie]",-3.183,0.147,-3.464,-2.914,0.002,0.002,8214.0,5932.0,1.0
"alpha[Dozier, Hunter]",-2.917,0.186,-3.273,-2.571,0.002,0.002,11527.0,5703.0,1.0
"alpha[Cave, Jake]",-2.872,0.185,-3.221,-2.522,0.002,0.002,10061.0,5770.0,1.0
"alpha[Conforto, Michael]",-3.119,0.152,-3.406,-2.835,0.002,0.002,9165.0,6233.0,1.0
"alpha[Myers, Wil]",-2.702,0.173,-3.014,-2.362,0.002,0.002,11615.0,5870.0,1.0
"alpha[Tsutsugo, Yoshi]",-2.954,0.251,-3.458,-2.506,0.002,0.003,11293.0,5580.0,1.0
"alpha[Judge, Aaron]",-2.546,0.149,-2.821,-2.267,0.001,0.002,10547.0,6469.0,1.0
"alpha[Taylor, Tyrone]",-2.268,0.175,-2.597,-1.944,0.002,0.002,9246.0,6001.0,1.0
"alpha[Castellanos, Nick]",-2.852,0.104,-3.044,-2.657,0.001,0.001,8044.0,5818.0,1.0
"alpha[Profar, Jurickson]",-2.922,0.261,-3.42,-2.423,0.002,0.003,12695.0,5253.0,1.0
"alpha[Pinder, Chad]",-2.541,0.206,-2.927,-2.158,0.002,0.003,13179.0,6139.0,1.0
"alpha[Springer, George]",-2.612,0.139,-2.88,-2.354,0.001,0.002,10472.0,6086.0,1.0
"alpha[Martini, Nick]",-2.699,0.25,-3.172,-2.219,0.002,0.003,12639.0,4925.0,1.0
"alpha[Grossman, Robbie]",-2.727,0.155,-3.013,-2.432,0.002,0.002,8680.0,6250.0,1.0
"alpha[Rondon, José]",-2.816,0.27,-3.305,-2.291,0.002,0.003,12830.0,5464.0,1.0
"alpha[Ramos, Henry]",-2.653,0.255,-3.128,-2.167,0.002,0.003,11443.0,6034.0,1.0
"alpha[Lux, Gavin]",-2.808,0.281,-3.321,-2.272,0.002,0.004,12864.0,5409.0,1.0
"alpha[Aquino, Aristides]",-2.575,0.193,-2.937,-2.206,0.002,0.002,10373.0,5731.0,1.0
"alpha[Nootbaar, Lars]",-2.801,0.151,-3.084,-2.516,0.002,0.002,9935.0,6043.0,1.0
"alpha[Sánchez, Jesús]",-2.62,0.149,-2.895,-2.336,0.002,0.002,9325.0,5917.0,1.0
"alpha[Pillar, Kevin]",-2.826,0.224,-3.226,-2.389,0.002,0.003,11407.0,5752.0,1.0
"alpha[Isbel, Kyle]",-2.344,0.211,-2.734,-1.939,0.002,0.002,9709.0,5710.0,1.0
"alpha[Gamel, Ben]",-2.894,0.2,-3.25,-2.515,0.002,0.002,9404.0,5957.0,1.0
"alpha[Phillips, Brett]",-2.369,0.205,-2.734,-1.97,0.002,0.003,10828.0,5930.0,1.0
"alpha[Mercado, Óscar]",-2.647,0.209,-3.044,-2.273,0.002,0.003,11422.0,6057.0,1.0
"alpha[Bradley Jr., Jackie]",-2.501,0.19,-2.864,-2.153,0.002,0.002,10491.0,5648.0,1.0
"alpha[Vaughn, Andrew]",-3.031,0.208,-3.423,-2.644,0.002,0.002,11465.0,5512.0,1.0
"alpha[Bauers, Jake]",-2.925,0.216,-3.328,-2.522,0.002,0.003,11027.0,6094.0,1.0
"alpha[Brown, Seth]",-2.657,0.158,-2.959,-2.365,0.002,0.002,8765.0,6072.0,1.0
"alpha[Santander, Anthony]",-2.858,0.119,-3.079,-2.633,0.001,0.001,8900.0,5976.0,1.0
"alpha[Daza, Yonathan]",-2.7,0.244,-3.15,-2.222,0.002,0.003,12895.0,6316.0,1.0
"alpha[Happ, Ian]",-2.749,0.262,-3.251,-2.268,0.003,0.003,10738.0,5339.0,1.0
"alpha[Tucker, Cole]",-2.664,0.259,-3.159,-2.191,0.002,0.004,13227.0,4924.0,1.0
"alpha[McKenna, Ryan]",-2.732,0.22,-3.141,-2.325,0.002,0.003,11110.0,5873.0,1.0
"alpha[Peters, DJ]",-2.623,0.257,-3.112,-2.14,0.003,0.003,9999.0,5807.0,1.0
"alpha[Varsho, Daulton]",-2.736,0.187,-3.086,-2.388,0.002,0.002,10326.0,5863.0,1.0
"alpha[McCormick, Chas]",-2.342,0.208,-2.742,-1.96,0.002,0.002,9442.0,5566.0,1.0
"alpha[Rooker, Brent]",-2.82,0.223,-3.225,-2.387,0.002,0.003,12314.0,5878.0,1.0
"alpha[Raley, Luke]",-2.712,0.2,-3.1,-2.352,0.002,0.002,11023.0,5654.0,1.0
"alpha[Stanton, Giancarlo]",-2.873,0.198,-3.262,-2.516,0.002,0.002,9690.0,5893.0,1.0
"alpha[Reyes, Franmil]",-2.875,0.244,-3.321,-2.405,0.002,0.003,11052.0,5358.0,1.0
"alpha[Gordon, Nick]",-2.807,0.279,-3.324,-2.28,0.003,0.003,10241.0,5713.0,1.0
"alpha[Goodwin, Brian]",-2.78,0.228,-3.202,-2.355,0.002,0.003,11985.0,6029.0,1.0
"alpha[Siri, Jose]",-2.646,0.277,-3.161,-2.123,0.003,0.004,12221.0,5588.0,1.0
"alpha[Canha, Mark]",-2.553,0.212,-2.96,-2.156,0.002,0.003,13817.0,5903.0,1.0
"alpha[Ramírez, Harold]",-2.8,0.206,-3.181,-2.416,0.002,0.003,12127.0,5958.0,1.0
"alpha[Gonzalez, Romy]",-2.654,0.28,-3.157,-2.101,0.002,0.003,13042.0,5787.0,1.0
"alpha[Peterson, Jace]",-2.921,0.242,-3.397,-2.489,0.002,0.003,10493.0,6002.0,1.0
"alpha[Reyes, Victor]",-2.568,0.184,-2.934,-2.228,0.002,0.002,11310.0,5160.0,1.0
"alpha[Rivas III, Alfonso]",-2.822,0.275,-3.326,-2.295,0.003,0.003,10987.0,6035.0,1.0
"alpha[Tatis Jr., Fernando]",-2.745,0.142,-3.012,-2.476,0.002,0.002,8758.0,6154.0,1.0
"alpha[Gallo, Joey]",-2.785,0.171,-3.098,-2.455,0.002,0.002,9866.0,6179.0,1.0
"alpha[Refsnyder, Rob]",-2.833,0.209,-3.235,-2.459,0.002,0.002,10876.0,6253.0,1.0
"alpha[McCarthy, Jake]",-2.726,0.155,-3.026,-2.45,0.002,0.002,9507.0,5988.0,1.0
"alpha[Martin, Jason]",-2.732,0.28,-3.257,-2.203,0.003,0.004,12135.0,5192.0,1.0
"alpha[Stewart, DJ]",-3.038,0.184,-3.37,-2.676,0.002,0.002,10562.0,6098.0,1.0
"alpha[Adell, Jo]",-2.732,0.166,-3.05,-2.427,0.002,0.002,9872.0,6482.0,1.0
"alpha[Olivares, Edward]",-2.86,0.19,-3.212,-2.51,0.002,0.002,9444.0,6295.0,1.0
"alpha[McKinney, Billy]",-2.577,0.218,-2.971,-2.151,0.002,0.003,10052.0,6034.0,1.0
"alpha[Heyward, Jason]",-2.455,0.144,-2.727,-2.192,0.002,0.002,8603.0,4889.0,1.0
"alpha[Johnson, Daniel]",-2.64,0.251,-3.112,-2.173,0.002,0.003,13210.0,5466.0,1.0
"alpha[Lowe, Josh]",-2.745,0.154,-3.028,-2.457,0.002,0.002,9524.0,6207.0,1.0
"alpha[Wisdom, Patrick]",-2.829,0.259,-3.296,-2.327,0.002,0.003,12557.0,5917.0,1.0
"alpha[Hermosillo, Michael]",-2.713,0.273,-3.229,-2.213,0.003,0.003,10749.0,5874.0,1.0
"alpha[Fairchild, Stuart]",-2.482,0.228,-2.89,-2.032,0.002,0.003,10902.0,5744.0,1.0
"alpha[Rojas, Josh]",-2.667,0.237,-3.096,-2.197,0.002,0.003,11834.0,6302.0,1.0
"alpha[Akiyama, Shogo]",-2.722,0.285,-3.242,-2.161,0.003,0.004,10330.0,5714.0,1.0
"alpha[Tapia, Raimel]",-2.806,0.222,-3.241,-2.41,0.002,0.003,11159.0,5762.0,1.0
"alpha[Dickerson, Corey]",-2.839,0.276,-3.369,-2.326,0.003,0.004,10775.0,5419.0,1.0
"alpha[Taylor, Chris]",-2.693,0.255,-3.158,-2.206,0.002,0.003,13092.0,5914.0,1.0
"alpha[Motter, Taylor]",-2.689,0.276,-3.22,-2.189,0.003,0.003,10583.0,6467.0,1.0
"alpha[Chavis, Michael]",-2.786,0.282,-3.313,-2.259,0.003,0.003,11671.0,6052.0,1.0
"alpha[Edman, Tommy]",-2.647,0.212,-3.066,-2.268,0.002,0.002,9816.0,5636.0,1.0
"alpha[Polanco, Gregory]",-2.897,0.179,-3.224,-2.553,0.002,0.002,9639.0,6435.0,1.0
"alpha[Dyson, Jarrod]",-2.557,0.251,-3.021,-2.083,0.002,0.003,12010.0,5775.0,1.0
"alpha[Lamb, Jake]",-2.914,0.266,-3.408,-2.416,0.003,0.003,9926.0,5958.0,1.0
"alpha[Piscotty, Stephen]",-3.045,0.204,-3.44,-2.674,0.002,0.002,10973.0,6011.0,1.0
"alpha[Mateo, Jorge]",-2.714,0.275,-3.235,-2.199,0.003,0.004,9770.0,5156.0,1.0
"alpha[Naquin, Tyler]",-2.853,0.2,-3.214,-2.454,0.002,0.003,10915.0,5616.0,1.0
"alpha[Meyers, Jake]",-2.739,0.275,-3.29,-2.256,0.003,0.003,11476.0,5724.0,1.0
"alpha[Difo, Wilmer]",-3.014,0.274,-3.55,-2.514,0.003,0.004,11514.0,5481.0,1.0
"alpha[Larnach, Trevor]",-2.702,0.223,-3.128,-2.3,0.002,0.003,10880.0,6089.0,1.0
"alpha[Eaton, Adam]",-2.636,0.198,-3.011,-2.272,0.002,0.003,12075.0,5615.0,1.0
"alpha[Almora Jr., Albert]",-2.586,0.247,-3.057,-2.133,0.002,0.003,10795.0,5587.0,1.0
"alpha[Deichmann, Greg]",-2.78,0.272,-3.288,-2.27,0.003,0.003,11428.0,6294.0,1.0
"alpha[Bellinger, Cody]",-2.903,0.23,-3.326,-2.472,0.002,0.003,13189.0,5938.0,1.0
"alpha[Fraley, Jake]",-2.561,0.16,-2.866,-2.262,0.002,0.002,10782.0,5812.0,1.0
"alpha[Brinson, Lewis]",-2.69,0.276,-3.195,-2.156,0.003,0.003,11636.0,5710.0,1.0
"alpha[Beaty, Matt]",-2.842,0.247,-3.3,-2.376,0.002,0.003,11467.0,6295.0,1.0
"alpha[Fargas, Johneshwy]",-2.723,0.278,-3.255,-2.217,0.003,0.003,10489.0,5914.0,1.0
"alpha[Bell, Josh]",-2.755,0.277,-3.297,-2.25,0.003,0.003,12112.0,5408.0,1.0
"alpha[Marisnick, Jake]",-2.779,0.266,-3.282,-2.278,0.003,0.003,9124.0,4866.0,1.0
"alpha[Parra, Gerardo]",-2.757,0.273,-3.267,-2.245,0.003,0.003,11214.0,6351.0,1.0
"alpha[Estrada, Thairo]",-2.734,0.283,-3.259,-2.196,0.003,0.003,12166.0,5992.0,1.0
"alpha[Park, Hoy]",-2.809,0.278,-3.309,-2.269,0.003,0.004,11296.0,5271.0,1.0
"alpha[Laureano, Ramón]",-2.712,0.146,-2.985,-2.445,0.001,0.002,12105.0,5541.0,1.0
"alpha[Schrock, Max]",-2.681,0.275,-3.201,-2.173,0.003,0.003,10560.0,5976.0,1.0
"alpha[Sheets, Gavin]",-3.048,0.161,-3.342,-2.737,0.002,0.002,8599.0,6117.0,1.0
"alpha[Drury, Brandon]",-2.74,0.273,-3.229,-2.204,0.002,0.004,12169.0,4696.0,1.0
"alpha[Reddick, Josh]",-2.974,0.236,-3.413,-2.534,0.003,0.003,8848.0,5543.0,1.0
"alpha[Williams, Luke]",-2.753,0.284,-3.302,-2.223,0.003,0.003,9738.0,5844.0,1.0
"alpha[Dahl, David]",-2.759,0.261,-3.259,-2.278,0.003,0.003,10072.0,5597.0,1.0
"alpha[Miller, Brad]",-2.72,0.261,-3.188,-2.207,0.002,0.003,12447.0,5900.0,1.0
"alpha[Cordero, Franchy]",-2.744,0.237,-3.179,-2.287,0.002,0.003,9069.0,5617.0,1.0
"alpha[White, Eli]",-2.764,0.256,-3.244,-2.276,0.002,0.004,12072.0,5015.0,1.0
"alpha[Moore, Dylan]",-2.768,0.221,-3.179,-2.347,0.002,0.003,11638.0,5711.0,1.0
"alpha[Allen, Greg]",-2.767,0.251,-3.252,-2.303,0.003,0.003,10087.0,5707.0,1.0
"alpha[Pham, Tommy]",-2.989,0.201,-3.382,-2.63,0.002,0.002,8928.0,5897.0,1.0
"alpha[Adrianza, Ehire]",-2.783,0.256,-3.279,-2.328,0.002,0.003,11868.0,5813.0,1.0
"alpha[Oliva, Jared]",-2.8,0.265,-3.308,-2.305,0.002,0.003,13854.0,5580.0,1.0
"alpha[Lowe, Brandon]",-2.742,0.271,-3.24,-2.222,0.003,0.003,11602.0,5791.0,1.0
"alpha[McKinstry, Zach]",-2.641,0.209,-3.044,-2.26,0.002,0.002,10941.0,5940.0,1.0
"alpha[Ortega, Rafael]",-2.631,0.236,-3.064,-2.183,0.002,0.003,14237.0,5725.0,1.0
"alpha[Reks, Zach]",-2.713,0.277,-3.231,-2.192,0.002,0.003,12353.0,5987.0,1.0
"alpha[Evans, Phillip]",-2.77,0.263,-3.261,-2.276,0.002,0.003,12178.0,5933.0,1.0
"alpha[Harrison, Monte]",-2.698,0.278,-3.178,-2.128,0.003,0.003,12188.0,5983.0,1.0
"alpha[Wade, Tyler]",-2.786,0.263,-3.264,-2.279,0.002,0.003,13072.0,6034.0,1.0
"alpha[O'Grady, Brian]",-2.775,0.271,-3.278,-2.25,0.003,0.003,10574.0,5932.0,1.0
"alpha[LaMarre, Ryan]",-2.691,0.274,-3.19,-2.166,0.002,0.003,13787.0,6275.0,1.0
"alpha[Amburgey, Trey]",-2.611,0.279,-3.126,-2.079,0.003,0.004,11403.0,5474.0,1.0
"alpha[Lorenzen, Michael]",-2.729,0.285,-3.293,-2.219,0.003,0.004,11854.0,5749.0,1.0
"alpha[Cooper, Garrett]",-2.933,0.246,-3.399,-2.479,0.002,0.003,11116.0,6066.0,1.0
"alpha[Almonte, Abraham]",-2.767,0.284,-3.312,-2.239,0.003,0.004,12925.0,5542.0,1.0
"alpha[Bruján, Vidal]",-2.531,0.246,-3.0,-2.079,0.002,0.003,11224.0,5502.0,1.0
"alpha[Ward, Taylor]",-2.612,0.153,-2.899,-2.33,0.001,0.002,10588.0,6744.0,1.0
"alpha[Kirilloff, Alex]",-2.889,0.24,-3.35,-2.442,0.002,0.003,11500.0,4898.0,1.0
"alpha[Mazara, Nomar]",-2.746,0.194,-3.112,-2.379,0.002,0.003,13344.0,5617.0,1.0
"alpha[Jankowski, Travis]",-2.637,0.219,-3.073,-2.238,0.002,0.003,10985.0,6249.0,1.0
"alpha[Rengifo, Luis]",-2.853,0.244,-3.331,-2.399,0.002,0.003,11437.0,5731.0,1.0
"alpha[Acuña Jr., Ronald]",-2.941,0.132,-3.191,-2.689,0.002,0.001,7347.0,5461.0,1.0
"alpha[Davis, Jaylin]",-2.703,0.272,-3.228,-2.208,0.003,0.003,11149.0,5820.0,1.0
"alpha[Owings, Chris]",-2.783,0.279,-3.32,-2.269,0.003,0.004,11515.0,5265.0,1.0
"alpha[Celestino, Gilberto]",-2.764,0.265,-3.274,-2.281,0.002,0.003,11475.0,5974.0,1.0
"alpha[Bolt, Skye]",-2.654,0.266,-3.179,-2.179,0.002,0.003,12161.0,6181.0,1.0
"alpha[Tauchman, Mike]",-2.539,0.206,-2.927,-2.16,0.002,0.003,10658.0,5719.0,1.0
"alpha[Frazier, Clint]",-2.927,0.235,-3.377,-2.49,0.002,0.003,11211.0,6039.0,1.0
"alpha[Biggio, Cavan]",-2.659,0.216,-3.06,-2.246,0.002,0.002,11072.0,6304.0,1.0
"alpha[González, Luis]",-3.007,0.212,-3.401,-2.606,0.002,0.002,10573.0,5669.0,1.0
"alpha[Naylor, Josh]",-2.931,0.204,-3.317,-2.556,0.002,0.002,11143.0,6287.0,1.0
"alpha[Blankenhorn, Travis]",-2.705,0.268,-3.225,-2.218,0.003,0.003,9664.0,5865.0,1.0
"alpha[Fisher, Derek]",-2.706,0.283,-3.259,-2.2,0.002,0.004,12798.0,5450.0,1.0
"alpha[Berti, Jon]",-2.775,0.276,-3.283,-2.238,0.002,0.003,12591.0,5846.0,1.0
"alpha[Thomas, Lane]",-2.947,0.131,-3.202,-2.708,0.001,0.001,8119.0,5907.0,1.0
"alpha[Locastro, Tim]",-2.661,0.256,-3.137,-2.189,0.003,0.003,10064.0,5314.0,1.0
"alpha[Payton, Mark]",-2.732,0.287,-3.247,-2.169,0.003,0.004,12312.0,5667.0,1.0
"alpha[Wong, Kean]",-2.718,0.272,-3.233,-2.216,0.002,0.004,12587.0,5678.0,1.0
"alpha[Thomas, Dillon]",-2.733,0.273,-3.242,-2.213,0.002,0.003,11946.0,5429.0,1.0
"alpha[Garlick, Kyle]",-3.047,0.234,-3.477,-2.605,0.002,0.003,10610.0,5670.0,1.0
"alpha[Wilkerson, Stevie]",-2.701,0.282,-3.241,-2.183,0.002,0.004,13816.0,5510.0,1.0
"alpha[Mendick, Danny]",-2.779,0.274,-3.277,-2.25,0.003,0.003,10923.0,5411.0,1.0
"alpha[Sierra, Magneuris]",-2.697,0.278,-3.189,-2.148,0.003,0.004,11881.0,5440.0,1.0
"alpha[Williams, Justin]",-2.849,0.247,-3.325,-2.402,0.002,0.003,12703.0,5984.0,1.0
"alpha[Astudillo, Willians]",-2.74,0.279,-3.265,-2.224,0.003,0.003,9803.0,6076.0,1.0
"alpha[Heineman, Scott]",-2.694,0.277,-3.214,-2.166,0.003,0.004,12224.0,5620.0,1.0
"alpha[Kelenic, Jarred]",-2.442,0.218,-2.857,-2.045,0.002,0.002,9647.0,6151.0,1.0
"alpha[Lee, Khalil]",-2.734,0.27,-3.241,-2.232,0.003,0.004,11544.0,5688.0,1.0
"alpha[Neuse, Sheldon]",-2.789,0.275,-3.312,-2.278,0.003,0.003,9847.0,6057.0,1.0
"alpha[Joyce, Matt]",-2.747,0.259,-3.232,-2.263,0.003,0.003,9871.0,5486.0,1.0
"alpha[Luplow, Jordan]",-2.859,0.223,-3.27,-2.433,0.002,0.003,12592.0,6070.0,1.0
"alpha[Quinn, Roman]",-2.611,0.276,-3.129,-2.097,0.003,0.003,10790.0,6021.0,1.0
"alpha[Maybin, Cameron]",-2.739,0.286,-3.269,-2.196,0.003,0.004,10747.0,5965.0,1.0
"alpha[Culberson, Charlie]",-2.723,0.29,-3.258,-2.169,0.003,0.004,11853.0,5102.0,1.0
"alpha[Haggerty, Sam]",-2.27,0.24,-2.713,-1.813,0.003,0.003,8824.0,5791.0,1.0
"alpha[Gonzalez, Marwin]",-2.448,0.264,-2.949,-1.963,0.002,0.003,11599.0,5710.0,1.0
"alpha[Stokes Jr., Troy]",-2.699,0.277,-3.212,-2.172,0.002,0.004,13718.0,5623.0,1.0
"alpha[Ruf, Darin]",-2.891,0.254,-3.362,-2.403,0.003,0.003,10299.0,5969.0,1.0
"alpha[Kingery, Scott]",-2.725,0.277,-3.237,-2.197,0.003,0.003,10889.0,5875.0,1.0
"alpha[Riley, Austin]",-2.871,0.285,-3.42,-2.353,0.003,0.004,10162.0,6034.0,1.0
"alpha[Hager, Jake]",-2.781,0.28,-3.292,-2.25,0.003,0.003,12398.0,5683.0,1.0
"alpha[Winker, Jesse]",-2.923,0.262,-3.439,-2.455,0.003,0.003,10169.0,5721.0,1.0
"alpha[Marcano, Tucupita]",-2.675,0.284,-3.197,-2.137,0.002,0.003,12969.0,6045.0,1.0
"alpha[Kivlehan, Patrick]",-2.731,0.286,-3.274,-2.191,0.003,0.003,11114.0,5586.0,1.0
"alpha[Hernandez, Yadiel]",-2.676,0.267,-3.167,-2.15,0.002,0.004,13170.0,5765.0,1.0
"alpha[Marmolejos, José]",-2.735,0.281,-3.276,-2.216,0.003,0.004,12545.0,5534.0,1.0
"alpha[Owen, Hunter]",-2.772,0.279,-3.288,-2.238,0.003,0.004,12029.0,5580.0,1.0
"alpha[Díaz, Aledmys]",-2.738,0.278,-3.258,-2.216,0.003,0.003,11101.0,4942.0,1.0
"alpha[Stevenson, Andrew]",-2.778,0.274,-3.293,-2.274,0.003,0.003,10031.0,5000.0,1.0
"alpha[Duggar, Steven]",-2.73,0.283,-3.244,-2.187,0.003,0.004,10332.0,5593.0,1.0
"alpha[Walsh, Jared]",-2.61,0.246,-3.052,-2.133,0.002,0.003,11253.0,5845.0,1.0
"alpha[Schebler, Scott]",-2.693,0.266,-3.197,-2.207,0.003,0.003,9974.0,5915.0,1.0
"alpha[Pérez, Hernán]",-2.735,0.269,-3.235,-2.236,0.002,0.003,14700.0,6210.0,1.0
"alpha[Palacios, Joshua]",-2.566,0.216,-2.956,-2.141,0.002,0.003,10525.0,5934.0,1.0
"alpha[Ray, Corey]",-2.706,0.273,-3.23,-2.207,0.003,0.004,11553.0,5260.0,1.0
"alpha[Baddoo, Akil]",-2.7,0.26,-3.194,-2.213,0.002,0.003,11440.0,5957.0,1.0
"alpha[Moniak, Mickey]",-2.773,0.232,-3.19,-2.326,0.002,0.003,10583.0,5510.0,1.0
"alpha[Alford, Anthony]",-2.709,0.274,-3.238,-2.212,0.003,0.003,10120.0,6108.0,1.0
"alpha[Tom, Ka'ai]",-2.734,0.277,-3.248,-2.209,0.003,0.004,12194.0,5601.0,1.0
"alpha[VanMeter, Josh]",-2.739,0.278,-3.262,-2.221,0.002,0.004,13195.0,5705.0,1.0
"alpha[Fowler, Dexter]",-2.724,0.277,-3.232,-2.205,0.003,0.004,10688.0,5533.0,1.0
"alpha[Brosseau, Mike]",-2.79,0.278,-3.308,-2.268,0.003,0.004,10115.0,5883.0,1.0
"alpha[Fowler, Dustin]",-2.731,0.285,-3.272,-2.186,0.003,0.004,11224.0,5659.0,1.0
"alpha[Meadows, Austin]",-2.615,0.242,-3.068,-2.155,0.002,0.003,11700.0,5905.0,1.0
"alpha[Dean, Austin]",-2.701,0.284,-3.218,-2.156,0.003,0.004,12650.0,5782.0,1.0
"alpha[Herrera, Odúbel]",-2.778,0.268,-3.299,-2.281,0.003,0.003,10720.0,6158.0,1.0
"alpha[Hamilton, Billy]",-2.728,0.285,-3.241,-2.187,0.002,0.004,13069.0,5423.0,1.0
"alpha[Gonzalez, Oscar]",-2.744,0.171,-3.07,-2.431,0.002,0.002,10008.0,6207.0,1.0
"alpha[Marte, Starling]",-2.804,0.133,-3.056,-2.561,0.001,0.002,11025.0,6217.0,1.0
"alpha[Suzuki, Seiya]",-2.745,0.133,-2.985,-2.485,0.001,0.001,9826.0,6482.0,1.0
"alpha[Eaton, Nate]",-2.467,0.246,-2.934,-2.004,0.002,0.003,10876.0,5619.0,1.0
"alpha[Guthrie, Dalton]",-2.735,0.269,-3.23,-2.214,0.003,0.003,9988.0,5624.0,1.0
"alpha[Capel, Conner]",-2.815,0.226,-3.235,-2.389,0.002,0.003,11471.0,6550.0,1.0
"alpha[Suwinski, Jack]",-2.928,0.215,-3.345,-2.539,0.002,0.003,10500.0,5482.0,1.0
"alpha[Dixon, Brandon]",-2.632,0.274,-3.17,-2.125,0.003,0.003,9878.0,5396.0,1.0
"alpha[Frazier, Adam]",-2.679,0.222,-3.09,-2.254,0.002,0.003,12159.0,6163.0,1.0
"alpha[Davis, Brendon]",-2.769,0.277,-3.3,-2.256,0.003,0.003,11569.0,6226.0,1.0
"alpha[Contreras, Mark]",-2.715,0.267,-3.231,-2.225,0.002,0.004,12483.0,5607.0,1.0
"alpha[Yepez, Juan]",-3.018,0.256,-3.526,-2.563,0.003,0.003,9516.0,5977.0,1.0
"alpha[Azócar, José]",-2.616,0.222,-3.035,-2.198,0.002,0.003,11797.0,6193.0,1.0
"alpha[Thompson, Bubba]",-2.804,0.261,-3.293,-2.306,0.002,0.003,11113.0,6316.0,1.0
"alpha[Wallner, Matt]",-3.045,0.203,-3.433,-2.67,0.002,0.002,9004.0,5829.0,1.0
"alpha[Burdick, Peyton]",-2.609,0.264,-3.094,-2.1,0.002,0.004,13274.0,5560.0,1.0
"alpha[Brennan, Will]",-2.552,0.161,-2.849,-2.25,0.002,0.002,8863.0,5659.0,1.0
"alpha[Stowers, Kyle]",-2.833,0.241,-3.275,-2.378,0.002,0.003,10007.0,6157.0,1.0
"alpha[Cabrera, Oswaldo]",-2.534,0.212,-2.922,-2.121,0.002,0.003,11503.0,5485.0,1.0
"alpha[Anderson, Brian]",-2.785,0.205,-3.169,-2.406,0.002,0.002,11142.0,5553.0,1.0
"alpha[McNeil, Jeff]",-2.547,0.21,-2.938,-2.149,0.002,0.003,9304.0,5237.0,1.0
"alpha[Mathias, Mark]",-2.678,0.278,-3.198,-2.134,0.002,0.004,12734.0,5608.0,1.0
"alpha[Friedl, TJ]",-2.597,0.245,-3.049,-2.134,0.002,0.003,11691.0,5893.0,1.0
"alpha[Mastrobuoni, Miles]",-2.725,0.271,-3.253,-2.226,0.002,0.004,13674.0,4779.0,1.0
"alpha[Toglia, Michael]",-3.163,0.222,-3.594,-2.757,0.002,0.002,8864.0,5845.0,1.0
"alpha[Benson, Will]",-2.49,0.18,-2.836,-2.162,0.002,0.002,10525.0,5845.0,1.0
"alpha[Mitchell, Cal]",-2.849,0.217,-3.241,-2.43,0.002,0.003,11041.0,6271.0,1.0
"alpha[Burleson, Alec]",-3.014,0.213,-3.448,-2.643,0.002,0.002,10492.0,6174.0,1.0
"alpha[Waters, Drew]",-2.534,0.201,-2.93,-2.17,0.002,0.002,10334.0,5915.0,1.0
"alpha[Castro, Willi]",-2.773,0.219,-3.179,-2.363,0.002,0.003,11054.0,5391.0,1.0
"alpha[Carpenter, Kerry]",-2.711,0.177,-3.043,-2.385,0.002,0.002,9830.0,6354.0,1.0
"alpha[Encarnacion, Jerar]",-2.713,0.261,-3.185,-2.201,0.002,0.003,11677.0,5830.0,1.0
"alpha[Maton, Nick]",-2.799,0.259,-3.288,-2.305,0.003,0.003,9831.0,5845.0,1.0
"alpha[Velázquez, Nelson]",-2.746,0.213,-3.129,-2.325,0.002,0.003,10100.0,5708.0,1.0
"alpha[Mancini, Trey]",-2.7,0.252,-3.199,-2.247,0.002,0.003,10773.0,5920.0,1.0
"alpha[Bleday, JJ]",-2.752,0.259,-3.225,-2.256,0.003,0.003,10530.0,5631.0,1.0
"alpha[McCutchen, Andrew]",-2.68,0.243,-3.124,-2.214,0.002,0.003,12620.0,5386.0,1.0
"alpha[Call, Alex]",-2.516,0.22,-2.905,-2.085,0.002,0.002,12861.0,6105.0,1.0
"alpha[Ramos, Heliot]",-2.703,0.244,-3.186,-2.269,0.002,0.003,10943.0,5362.0,1.0
"alpha[Castillo, Diego]",-2.858,0.243,-3.319,-2.404,0.002,0.003,10636.0,5646.0,1.0
"alpha[Meneses, Joey]",-2.835,0.233,-3.293,-2.423,0.002,0.003,11800.0,6022.0,1.0
"alpha[Trammell, Taylor]",-2.682,0.245,-3.122,-2.212,0.002,0.003,13465.0,6254.0,1.0
"alpha[Donovan, Brendan]",-2.691,0.237,-3.136,-2.248,0.002,0.003,12400.0,5126.0,1.0
"alpha[Johnson, Bryce]",-2.717,0.245,-3.166,-2.257,0.002,0.003,10574.0,5885.0,1.0
"alpha[Rosario, Eddie]",-2.633,0.219,-3.021,-2.2,0.002,0.002,9961.0,5904.0,1.0
"alpha[Aguilar, Ryan]",-2.718,0.281,-3.252,-2.188,0.002,0.004,14596.0,5913.0,1.0
"alpha[Carroll, Corbin]",-2.751,0.164,-3.046,-2.431,0.002,0.002,9271.0,5960.0,1.0
"alpha[Stevenson, Cal]",-2.72,0.281,-3.261,-2.219,0.003,0.004,11533.0,6167.0,1.0
"alpha[Heredia, Guillermo]",-2.735,0.264,-3.239,-2.234,0.002,0.003,12842.0,6198.0,1.0
"alpha[Pollock, AJ]",-2.896,0.256,-3.403,-2.437,0.003,0.003,10095.0,6214.0,1.0
"alpha[Madris, Bligh]",-2.857,0.249,-3.315,-2.381,0.002,0.003,13469.0,5867.0,1.0
"alpha[Duran, Jarren]",-2.712,0.267,-3.207,-2.199,0.002,0.003,11672.0,5233.0,1.0
"alpha[Dubón, Mauricio]",-2.645,0.26,-3.15,-2.161,0.002,0.003,13144.0,5945.0,1.0
"alpha[Muñoz, Yairo]",-2.82,0.276,-3.378,-2.333,0.003,0.003,11899.0,5520.0,1.0
"alpha[Bernard, Wynton]",-2.724,0.283,-3.259,-2.196,0.003,0.004,11434.0,5676.0,1.0
"alpha[Vavra, Terrin]",-2.843,0.266,-3.331,-2.343,0.003,0.003,10606.0,6310.0,1.0
"alpha[Melendez, MJ]",-2.755,0.182,-3.103,-2.424,0.002,0.002,10904.0,5929.0,1.0
"alpha[Jones, Nolan]",-2.811,0.214,-3.215,-2.419,0.002,0.003,12460.0,6110.0,1.0
"alpha[Carpenter, Matt]",-2.715,0.264,-3.212,-2.221,0.002,0.003,11915.0,5991.0,1.0
"alpha[Díaz, Yusniel]",-2.732,0.279,-3.248,-2.203,0.003,0.003,11410.0,6148.0,1.0
"alpha[Pratto, Nick]",-2.797,0.275,-3.3,-2.287,0.002,0.003,12434.0,5853.0,1.0
"alpha[Ruiz, Esteury]",-2.589,0.261,-3.073,-2.089,0.003,0.003,10874.0,5497.0,1.0
"alpha[Reynolds, Matt]",-2.669,0.269,-3.156,-2.143,0.002,0.003,12247.0,5558.0,1.0
"alpha[Lewis, Kyle]",-2.611,0.28,-3.115,-2.064,0.003,0.004,10217.0,5400.0,1.0
"alpha[Joe, Connor]",-3.018,0.18,-3.348,-2.675,0.002,0.002,10024.0,5551.0,1.0
"alpha[Hernandez, Elier]",-2.721,0.28,-3.228,-2.175,0.003,0.004,11195.0,5626.0,1.0
"alpha[Hicklen, Brewer]",-2.696,0.283,-3.232,-2.168,0.002,0.004,12911.0,5066.0,1.0
"alpha[Inciarte, Ender]",-2.684,0.276,-3.189,-2.159,0.002,0.004,13429.0,5734.0,1.0
"alpha[Arroyo, Christian]",-2.962,0.26,-3.443,-2.471,0.003,0.003,9061.0,5590.0,1.0
"alpha[Kwan, Steven]",-2.8,0.254,-3.276,-2.328,0.002,0.003,11205.0,5597.0,1.0
"alpha[Wilson, Marcus]",-2.778,0.271,-3.297,-2.277,0.002,0.003,12324.0,6134.0,1.0
"alpha[Crook, Narciso]",-2.707,0.282,-3.246,-2.188,0.003,0.004,12417.0,5610.0,1.0
"alpha[Upton, Justin]",-2.724,0.279,-3.251,-2.188,0.003,0.004,12080.0,5318.0,1.0
"alpha[Alvarez, Eddy]",-2.807,0.276,-3.319,-2.283,0.003,0.003,10809.0,5842.0,1.0
"alpha[Haseley, Adam]",-2.56,0.264,-3.049,-2.059,0.003,0.003,11181.0,6179.0,1.0
"alpha[Plummer, Nick]",-2.745,0.276,-3.282,-2.249,0.003,0.003,10843.0,6198.0,1.0
"alpha[Walker, Steele]",-2.736,0.281,-3.241,-2.185,0.002,0.004,12908.0,5679.0,1.0
"alpha[Demeritte, Travis]",-2.608,0.241,-3.061,-2.157,0.002,0.003,11291.0,5970.0,1.0
"alpha[Alberto, Hanser]",-2.79,0.283,-3.344,-2.277,0.003,0.003,11499.0,5715.0,1.0
"alpha[Whitefield, Aaron]",-2.822,0.279,-3.344,-2.296,0.002,0.004,12495.0,5238.0,1.0
"alpha[Mayfield, Jack]",-2.748,0.277,-3.248,-2.208,0.003,0.003,11736.0,5863.0,1.0
"alpha[Abrams, CJ]",-2.715,0.277,-3.239,-2.177,0.002,0.004,13058.0,5797.0,1.0
"alpha[Nevin, Tyler]",-2.715,0.253,-3.213,-2.25,0.002,0.003,12292.0,5668.0,1.0
"alpha[Marsh, Brandon]",-2.572,0.266,-3.05,-2.062,0.002,0.004,13951.0,5721.0,1.0
"alpha[McDonald, Mickey]",-2.711,0.28,-3.237,-2.187,0.002,0.004,13481.0,5975.0,1.0
"alpha[Lopes, Christian]",-2.732,0.286,-3.244,-2.175,0.003,0.004,12408.0,5727.0,1.0
"alpha[Jackson, Drew]",-2.76,0.277,-3.279,-2.237,0.003,0.003,11250.0,5755.0,1.0
"alpha[Dickerson, Alex]",-2.73,0.275,-3.269,-2.234,0.003,0.003,11721.0,5788.0,1.0
"alpha[Hicks, Aaron]",-2.769,0.241,-3.229,-2.32,0.002,0.003,14133.0,5758.0,1.0
"alpha[Canario, Alexander]",-2.758,0.273,-3.283,-2.25,0.003,0.004,11892.0,5570.0,1.0
"alpha[Perkins, Blake]",-2.338,0.247,-2.8,-1.878,0.002,0.003,10798.0,5380.0,1.0
"alpha[Pache, Cristian]",-2.716,0.281,-3.241,-2.176,0.003,0.004,12058.0,5938.0,1.0
"alpha[Andujar, Miguel]",-2.745,0.256,-3.217,-2.246,0.002,0.003,12147.0,5093.0,1.0
"alpha[Basabe, Osleivis]",-2.715,0.276,-3.244,-2.206,0.002,0.003,13297.0,6185.0,1.0
"alpha[Walker, Jordan]",-3.096,0.176,-3.449,-2.78,0.002,0.002,10853.0,5932.0,1.0
"alpha[Steer, Spencer]",-2.79,0.285,-3.324,-2.252,0.003,0.004,10854.0,5886.0,1.0
"alpha[Matos, Luis]",-2.662,0.239,-3.113,-2.221,0.003,0.003,9138.0,5906.0,1.0
"alpha[Senzel, Nick]",-2.668,0.261,-3.168,-2.176,0.003,0.003,10798.0,5748.0,1.0
"alpha[Bouchard, Sean]",-2.937,0.232,-3.382,-2.499,0.002,0.003,10195.0,5556.0,1.0
"alpha[Kjerstad, Heston]",-2.58,0.276,-3.08,-2.029,0.003,0.004,11976.0,5584.0,1.0
"alpha[Frelick, Sal]",-2.447,0.179,-2.785,-2.113,0.002,0.002,11934.0,5970.0,1.0
"alpha[Hernández, Enrique]",-2.716,0.287,-3.289,-2.21,0.003,0.004,9723.0,5698.0,1.0
"alpha[Goodman, Hunter]",-2.895,0.228,-3.32,-2.474,0.002,0.002,9803.0,6035.0,1.0
"alpha[Davis, Henry]",-3.139,0.214,-3.54,-2.736,0.002,0.003,7890.0,4890.0,1.0
"alpha[Hampson, Garrett]",-2.642,0.266,-3.141,-2.143,0.002,0.003,11540.0,5924.0,1.0
"alpha[Blanco, Dairon]",-2.678,0.24,-3.119,-2.229,0.002,0.003,12348.0,5928.0,1.0
"alpha[Morel, Christopher]",-2.952,0.265,-3.481,-2.486,0.003,0.003,9382.0,5416.0,1.0
"alpha[Palacios, Richie]",-2.715,0.246,-3.165,-2.244,0.002,0.003,12396.0,5747.0,1.0
"alpha[Adams, Jordyn]",-2.857,0.265,-3.347,-2.341,0.002,0.003,11370.0,5526.0,1.0
"alpha[Colás, Oscar]",-2.699,0.207,-3.081,-2.311,0.002,0.002,11198.0,5726.0,1.0
"alpha[Encarnacion-Strand, Christian]",-2.73,0.279,-3.261,-2.207,0.002,0.004,12735.0,5774.0,1.0
"alpha[Cabbage, Trey]",-2.669,0.246,-3.117,-2.19,0.002,0.003,11677.0,5768.0,1.0
"alpha[Carter, Evan]",-2.643,0.261,-3.129,-2.149,0.002,0.003,11119.0,5605.0,1.0
"alpha[Ibáñez, Andy]",-2.573,0.278,-3.119,-2.072,0.003,0.003,11840.0,6021.0,1.0
"alpha[Noda, Ryan]",-2.721,0.28,-3.226,-2.176,0.003,0.003,8852.0,5899.0,1.0
"alpha[Martínez, J.P.]",-2.754,0.273,-3.278,-2.257,0.002,0.003,11988.0,6400.0,1.0
"alpha[Abreu, Wilyer]",-2.44,0.181,-2.765,-2.09,0.002,0.002,10612.0,6165.0,1.0
"alpha[Canzone, Dominic]",-2.536,0.226,-2.972,-2.133,0.002,0.003,10128.0,5666.0,1.0
"alpha[Greene, Riley]",-2.546,0.261,-3.043,-2.047,0.002,0.004,12068.0,5432.0,1.0
"alpha[Marlowe, Cade]",-2.779,0.283,-3.349,-2.289,0.003,0.004,12220.0,5795.0,1.0
"alpha[Castro, Harold]",-2.727,0.279,-3.27,-2.215,0.003,0.004,12083.0,5524.0,1.0
"alpha[Garrett, Stone]",-2.679,0.274,-3.182,-2.157,0.003,0.003,10659.0,5497.0,1.0
"alpha[Hopkins, TJ]",-2.59,0.274,-3.088,-2.059,0.003,0.003,10449.0,5479.0,1.0
"alpha[Peralta, David]",-2.765,0.225,-3.192,-2.344,0.002,0.003,11045.0,5504.0,1.0
"alpha[Thomas, Cody]",-2.692,0.266,-3.227,-2.232,0.002,0.003,13480.0,6321.0,1.0
"alpha[Butler, Lawrence]",-2.749,0.179,-3.072,-2.403,0.002,0.002,9894.0,5959.0,1.0
"alpha[Wilson, Weston]",-2.721,0.273,-3.235,-2.211,0.003,0.003,11569.0,6206.0,1.0
"alpha[Kiner-Falefa, Isiah]",-2.669,0.264,-3.156,-2.175,0.002,0.003,11814.0,5903.0,1.0
"alpha[Cowser, Colton]",-2.713,0.267,-3.197,-2.192,0.002,0.003,13202.0,5666.0,1.0
"alpha[DeLuca, Jonny]",-2.385,0.227,-2.816,-1.962,0.002,0.003,10291.0,5650.0,1.0
"alpha[Haase, Eric]",-2.731,0.284,-3.253,-2.193,0.003,0.003,10729.0,5360.0,1.0
"alpha[Arias, Gabriel]",-2.851,0.25,-3.338,-2.398,0.002,0.003,10207.0,5980.0,1.0
"alpha[Remillard, Zach]",-2.742,0.273,-3.264,-2.238,0.003,0.004,11755.0,5711.0,1.0
"alpha[Fry, David]",-2.706,0.264,-3.224,-2.231,0.003,0.003,11057.0,6229.0,1.0
"alpha[Kohlwey, Taylor]",-2.723,0.279,-3.229,-2.19,0.002,0.004,13473.0,6128.0,1.0
"alpha[Outman, James]",-2.683,0.277,-3.206,-2.158,0.002,0.003,13414.0,5879.0,1.0
"alpha[Fletcher, Dominic]",-2.772,0.201,-3.143,-2.387,0.002,0.003,12549.0,5525.0,1.0
"alpha[Jiménez, Eloy]",-2.722,0.268,-3.242,-2.222,0.002,0.004,12355.0,5386.0,1.0
"alpha[Odor, Rougned]",-2.673,0.277,-3.199,-2.167,0.003,0.003,10722.0,5812.0,1.0
"alpha[Davis, Jonathan]",-2.737,0.278,-3.239,-2.193,0.003,0.003,9040.0,5797.0,1.0
"alpha[Harrison, Josh]",-2.854,0.276,-3.395,-2.35,0.003,0.003,10152.0,5710.0,1.0
"alpha[Clemens, Kody]",-2.789,0.279,-3.344,-2.279,0.003,0.004,10852.0,5380.0,1.0
"alpha[Calhoun, Willie]",-2.85,0.28,-3.376,-2.347,0.003,0.004,11087.0,5708.0,1.0
"alpha[Smith-Njigba, Canaan]",-2.809,0.263,-3.302,-2.317,0.003,0.003,10969.0,6203.0,1.0
"alpha[Lukes, Nathan]",-2.547,0.27,-3.027,-2.019,0.003,0.004,10700.0,5881.0,1.0
"alpha[Julks, Corey]",-2.65,0.239,-3.096,-2.196,0.002,0.003,13807.0,5853.0,1.0
"alpha[Wiemer, Joey]",-2.627,0.25,-3.097,-2.151,0.002,0.003,10369.0,5878.0,1.0
"alpha[Miller, Owen]",-2.728,0.284,-3.25,-2.184,0.003,0.003,9998.0,5585.0,1.0
"alpha[Pérez, Wenceel]",-2.218,0.206,-2.588,-1.816,0.002,0.002,10256.0,5959.0,1.0
"alpha[Noel, Jhonkensy]",-2.673,0.224,-3.107,-2.267,0.002,0.003,8785.0,5799.0,1.0
"alpha[Schneemann, Daniel]",-2.734,0.267,-3.222,-2.229,0.002,0.003,11626.0,5839.0,1.0
"alpha[DeLoach, Zach]",-2.755,0.263,-3.224,-2.236,0.002,0.003,12286.0,6053.0,1.0
"alpha[Duran, Ezequiel]",-2.783,0.282,-3.31,-2.245,0.003,0.003,9450.0,5588.0,1.0
"alpha[Campero, Gustavo]",-2.716,0.27,-3.224,-2.213,0.002,0.003,12982.0,5854.0,1.0
"alpha[Chourio, Jackson]",-2.226,0.223,-2.629,-1.796,0.002,0.003,8447.0,5911.0,1.0
"alpha[Lockridge, Brandon]",-2.76,0.28,-3.296,-2.24,0.003,0.004,12165.0,4739.0,1.0
"alpha[Alcántara, Kevin]",-2.73,0.281,-3.272,-2.211,0.003,0.004,11675.0,5604.0,1.0
"alpha[Pages, Andy]",-2.64,0.239,-3.081,-2.192,0.002,0.003,11424.0,5615.0,1.0
"alpha[Yorke, Nick]",-2.666,0.282,-3.212,-2.135,0.003,0.003,10625.0,6051.0,1.0
"alpha[Robles, Victor]",-2.519,0.242,-2.972,-2.064,0.002,0.003,11377.0,5768.0,1.0
"alpha[Berroa, Steward]",-2.621,0.271,-3.129,-2.115,0.002,0.003,12247.0,5907.0,1.0
"alpha[Crews, Dylan]",-2.722,0.236,-3.175,-2.288,0.002,0.003,11427.0,5760.0,1.0
"alpha[O'Neill, Tyler]",-2.589,0.237,-3.027,-2.134,0.002,0.003,11829.0,6018.0,1.0
"alpha[Mitchell, Garrett]",-2.648,0.263,-3.17,-2.182,0.002,0.003,11085.0,5735.0,1.0
"alpha[Beck, Jordan]",-2.786,0.258,-3.269,-2.291,0.002,0.003,11050.0,5970.0,1.0
"alpha[Scott II, Victor]",-2.739,0.284,-3.287,-2.21,0.003,0.003,11141.0,5900.0,1.0
"alpha[Conine, Griffin]",-2.76,0.26,-3.252,-2.277,0.002,0.003,12121.0,5960.0,1.0
"alpha[Rafaela, Ceddanne]",-2.735,0.284,-3.25,-2.183,0.003,0.004,12517.0,5225.0,1.0
"alpha[Cook, Billy]",-2.654,0.27,-3.167,-2.146,0.002,0.004,13686.0,5853.0,1.0
"alpha[Barger, Addison]",-2.766,0.255,-3.221,-2.274,0.003,0.003,10141.0,5419.0,1.0
"alpha[Rosario, Amed]",-2.792,0.242,-3.225,-2.322,0.002,0.003,11177.0,5710.0,1.0
"alpha[Hinds, Rece]",-2.693,0.254,-3.16,-2.208,0.002,0.003,12104.0,6415.0,1.0
"alpha[Hensley, David]",-2.791,0.273,-3.302,-2.271,0.002,0.003,13493.0,5918.0,1.0
"alpha[Fabian, Sandro]",-2.732,0.284,-3.265,-2.206,0.003,0.003,11559.0,5738.0,1.0
"alpha[Helman, Michael]",-2.732,0.286,-3.264,-2.194,0.003,0.004,11334.0,5322.0,1.0
"alpha[Garcia, Maikel]",-2.732,0.28,-3.253,-2.192,0.003,0.004,9701.0,5490.0,1.0
"alpha[Espinal, Santiago]",-2.852,0.277,-3.391,-2.352,0.003,0.003,11698.0,5755.0,1.0
"alpha[Gentry, Tyler]",-2.731,0.28,-3.24,-2.193,0.003,0.003,10547.0,6085.0,1.0
"alpha[Bae, Ji Hwan]",-2.754,0.258,-3.254,-2.278,0.002,0.003,11437.0,6163.0,1.0
"alpha[León, Pedro]",-2.838,0.27,-3.353,-2.337,0.003,0.003,10745.0,5667.0,1.0
"alpha[Vilade, Ryan]",-2.661,0.275,-3.176,-2.14,0.003,0.003,10856.0,5959.0,1.0
"alpha[Wall, Forrest]",-2.729,0.281,-3.237,-2.185,0.002,0.003,12908.0,5741.0,1.0
"alpha[Vosler, Jason]",-2.682,0.28,-3.215,-2.163,0.003,0.003,11211.0,6003.0,1.0
"alpha[Triolo, Jared]",-2.712,0.28,-3.264,-2.198,0.003,0.004,12271.0,5801.0,1.0
"alpha[Loperfido, Joey]",-2.771,0.262,-3.261,-2.288,0.002,0.003,12817.0,5779.0,1.0
"alpha[Martínez, Angel]",-2.719,0.279,-3.24,-2.195,0.003,0.004,11155.0,4856.0,1.0
"alpha[Myers, Dane]",-2.782,0.238,-3.219,-2.321,0.002,0.003,11500.0,5644.0,1.0
"alpha[Hill, Derek]",-2.78,0.275,-3.28,-2.251,0.003,0.003,11476.0,6397.0,1.0
"alpha[Jones, Jahmai]",-2.736,0.27,-3.252,-2.231,0.002,0.004,13579.0,5871.0,1.0
"alpha[Dunn, Blake]",-2.726,0.279,-3.249,-2.198,0.002,0.003,13544.0,6037.0,1.0
"alpha[Rodríguez, Johnathan]",-2.931,0.266,-3.469,-2.462,0.003,0.003,10564.0,5928.0,1.0
"alpha[Jordan, Levi]",-2.734,0.286,-3.263,-2.182,0.003,0.004,12262.0,5645.0,1.0
"alpha[Jones, Greg]",-2.823,0.283,-3.375,-2.313,0.003,0.004,10501.0,5549.0,1.0
"alpha[Dalbec, Bobby]",-2.73,0.283,-3.235,-2.179,0.003,0.003,9871.0,5915.0,1.0
"alpha[Hurtubise, Jacob]",-2.703,0.278,-3.23,-2.184,0.002,0.004,12537.0,5667.0,1.0
"alpha[Reynolds, Bryan]",-2.975,0.257,-3.432,-2.479,0.003,0.003,9472.0,5629.0,1.0
"alpha[Florial, Estevan]",-2.631,0.263,-3.131,-2.143,0.002,0.003,11666.0,5808.0,1.0
"alpha[Siani, Michael]",-2.687,0.28,-3.204,-2.154,0.002,0.003,13794.0,5409.0,1.0
"beta_speed[Renfroe, Hunter]",-26.149,0.466,-27.072,-25.343,0.008,0.009,3509.0,3524.0,1.0
"beta_speed[Tucker, Kyle]",-26.031,0.427,-26.885,-25.241,0.006,0.007,6162.0,5308.0,1.0
"beta_speed[Pederson, Joc]",-25.923,0.451,-26.825,-25.06,0.005,0.008,7248.0,4763.0,1.0
"beta_speed[Betts, Mookie]",-25.956,0.432,-26.766,-25.103,0.005,0.007,6513.0,4772.0,1.0
"beta_speed[Souza Jr., Steven]",-25.88,0.464,-26.769,-24.975,0.006,0.009,6420.0,3930.0,1.0
"beta_speed[Slater, Austin]",-25.879,0.447,-26.682,-24.987,0.006,0.008,6049.0,3936.0,1.0
"beta_speed[Soler, Jorge]",-25.762,0.487,-26.612,-24.78,0.009,0.009,3521.0,4030.0,1.0
"beta_speed[Brantley, Michael]",-25.936,0.455,-26.79,-25.058,0.006,0.009,6838.0,4636.0,1.0
"beta_speed[Duvall, Adam]",-25.985,0.448,-26.86,-25.123,0.005,0.008,7619.0,4920.0,1.0
"beta_speed[Verdugo, Alex]",-25.92,0.439,-26.761,-25.063,0.005,0.008,6858.0,4492.0,1.0
"beta_speed[García, Avisaíl]",-26.027,0.434,-26.928,-25.276,0.005,0.007,6495.0,5071.0,1.0
"beta_speed[García, Leury]",-25.93,0.439,-26.787,-25.111,0.005,0.008,7676.0,4628.0,1.0
"beta_speed[Engel, Adam]",-25.978,0.443,-26.813,-25.114,0.005,0.007,7037.0,4711.0,1.0
"beta_speed[Wade Jr., LaMonte]",-25.913,0.45,-26.789,-25.034,0.005,0.008,6920.0,4755.0,1.0
"beta_speed[Margot, Manuel]",-26.026,0.431,-26.88,-25.216,0.005,0.007,6516.0,4594.0,1.0
"beta_speed[Thompson, Trayce]",-25.966,0.448,-26.876,-25.142,0.005,0.008,7801.0,5067.0,1.0
"beta_speed[Carlson, Dylan]",-25.955,0.436,-26.761,-25.087,0.005,0.008,7010.0,4931.0,1.0
"beta_speed[Lagares, Juan]",-25.882,0.459,-26.715,-24.947,0.006,0.008,6182.0,4592.0,1.0
"beta_speed[Haniger, Mitch]",-25.906,0.434,-26.7,-25.034,0.005,0.008,6357.0,4685.0,1.0
"beta_speed[Rojas, Jose]",-25.903,0.453,-26.753,-25.009,0.006,0.009,6289.0,3826.0,1.0
"beta_speed[Zimmer, Bradley]",-26.003,0.454,-26.896,-25.146,0.005,0.009,7099.0,3951.0,1.0
"beta_speed[García, Adolis]",-26.144,0.466,-27.093,-25.368,0.008,0.009,3602.0,3551.0,1.0
"beta_speed[Hernández, Teoscar]",-25.87,0.435,-26.675,-25.002,0.006,0.007,6087.0,4535.0,1.0
"beta_speed[Yastrzemski, Mike]",-25.92,0.417,-26.714,-25.114,0.005,0.006,7532.0,4918.0,1.0
"beta_speed[Bryant, Kris]",-25.929,0.445,-26.739,-25.024,0.005,0.008,7093.0,4812.0,1.0
"beta_speed[Arozarena, Randy]",-26.018,0.456,-26.864,-25.132,0.005,0.009,7266.0,4286.0,1.0
"beta_speed[Calhoun, Kole]",-25.994,0.44,-26.865,-25.152,0.005,0.008,6986.0,4535.0,1.0
"beta_speed[Hilliard, Sam]",-25.901,0.452,-26.785,-25.069,0.006,0.01,6702.0,5028.0,1.0
"beta_speed[Cameron, Daz]",-25.955,0.449,-26.884,-25.158,0.005,0.008,7381.0,4530.0,1.0
"beta_speed[Vierling, Matt]",-26.042,0.445,-26.961,-25.273,0.006,0.008,5920.0,4347.0,1.0
"beta_speed[De La Cruz, Bryan]",-26.009,0.453,-26.912,-25.166,0.005,0.009,7427.0,4662.0,1.0
"beta_speed[Harper, Bryce]",-25.937,0.433,-26.792,-25.113,0.005,0.007,7029.0,4817.0,1.0
"beta_speed[Barrera, Luis]",-25.968,0.458,-26.829,-25.063,0.005,0.008,7706.0,4452.0,1.0
"beta_speed[O'Hearn, Ryan]",-25.917,0.446,-26.781,-25.089,0.005,0.009,6902.0,4416.0,1.0
"beta_speed[Kepler, Max]",-26.025,0.418,-26.817,-25.264,0.006,0.007,5652.0,4663.0,1.0
"beta_speed[Merrifield, Whit]",-25.975,0.442,-26.837,-25.135,0.005,0.009,7216.0,4809.0,1.0
"beta_speed[Hays, Austin]",-25.96,0.436,-26.759,-25.096,0.005,0.008,6648.0,4762.0,1.0
"beta_speed[Grichuk, Randal]",-25.953,0.429,-26.767,-25.124,0.005,0.007,6784.0,5159.0,1.0
"beta_speed[Soto, Juan]",-26.049,0.432,-26.878,-25.234,0.005,0.007,6487.0,4592.0,1.0
"beta_speed[Martinez, J.D.]",-25.963,0.451,-26.776,-25.018,0.005,0.008,6838.0,4117.0,1.0
"beta_speed[Smith, Pavin]",-25.953,0.439,-26.781,-25.112,0.005,0.008,7451.0,4843.0,1.0
"beta_speed[Blackmon, Charlie]",-25.885,0.434,-26.729,-25.056,0.005,0.007,6552.0,4581.0,1.0
"beta_speed[Dozier, Hunter]",-25.929,0.449,-26.787,-25.037,0.005,0.008,7487.0,5128.0,1.0
"beta_speed[Cave, Jake]",-25.94,0.444,-26.748,-25.047,0.005,0.007,6736.0,4929.0,1.0
"beta_speed[Conforto, Michael]",-25.97,0.426,-26.822,-25.178,0.005,0.007,7037.0,4842.0,1.0
"beta_speed[Myers, Wil]",-25.959,0.438,-26.819,-25.142,0.005,0.008,7100.0,4747.0,1.0
"beta_speed[Tsutsugo, Yoshi]",-25.856,0.455,-26.645,-24.944,0.007,0.009,5209.0,3961.0,1.0
"beta_speed[Judge, Aaron]",-26.066,0.453,-27.01,-25.289,0.006,0.008,6071.0,4324.0,1.0
"beta_speed[Taylor, Tyrone]",-25.824,0.466,-26.683,-24.908,0.007,0.009,4995.0,4094.0,1.0
"beta_speed[Castellanos, Nick]",-26.034,0.425,-26.844,-25.239,0.006,0.007,6005.0,4485.0,1.0
"beta_speed[Profar, Jurickson]",-25.928,0.462,-26.812,-25.034,0.006,0.009,7018.0,4110.0,1.0
"beta_speed[Pinder, Chad]",-25.952,0.453,-26.85,-25.082,0.005,0.008,6970.0,4681.0,1.0
"beta_speed[Springer, George]",-25.888,0.424,-26.639,-25.025,0.005,0.006,6847.0,5133.0,1.0
"beta_speed[Martini, Nick]",-25.905,0.466,-26.746,-24.961,0.006,0.009,6195.0,4717.0,1.0
"beta_speed[Grossman, Robbie]",-25.865,0.443,-26.706,-25.004,0.007,0.007,5102.0,4029.0,1.0
"beta_speed[Rondon, José]",-25.929,0.456,-26.764,-24.963,0.005,0.008,8019.0,5423.0,1.0
"beta_speed[Ramos, Henry]",-25.988,0.446,-26.88,-25.15,0.006,0.008,6546.0,4168.0,1.0
"beta_speed[Lux, Gavin]",-25.93,0.44,-26.735,-25.062,0.005,0.008,7876.0,4512.0,1.0
"beta_speed[Aquino, Aristides]",-25.907,0.452,-26.797,-25.04,0.006,0.008,6173.0,4213.0,1.0
"beta_speed[Nootbaar, Lars]",-26.052,0.45,-26.95,-25.244,0.006,0.009,5427.0,4138.0,1.0
"beta_speed[Sánchez, Jesús]",-25.943,0.431,-26.817,-25.157,0.005,0.007,6985.0,4934.0,1.0
"beta_speed[Pillar, Kevin]",-25.983,0.442,-26.86,-25.159,0.005,0.007,6614.0,4887.0,1.0
"beta_speed[Isbel, Kyle]",-26.06,0.464,-26.982,-25.215,0.006,0.009,5889.0,4222.0,1.0
"beta_speed[Gamel, Ben]",-25.869,0.445,-26.702,-25.027,0.006,0.007,5627.0,5013.0,1.0
"beta_speed[Phillips, Brett]",-26.105,0.483,-27.072,-25.255,0.007,0.01,5015.0,3742.0,1.0
"beta_speed[Mercado, Óscar]",-26.023,0.448,-26.904,-25.172,0.006,0.009,6718.0,3996.0,1.0
"beta_speed[Bradley Jr., Jackie]",-26.056,0.461,-26.932,-25.191,0.006,0.009,5377.0,4397.0,1.0
"beta_speed[Vaughn, Andrew]",-25.896,0.439,-26.715,-25.031,0.005,0.008,6777.0,4205.0,1.0
"beta_speed[Bauers, Jake]",-25.94,0.452,-26.834,-25.103,0.005,0.009,8636.0,4647.0,1.0
"beta_speed[Brown, Seth]",-25.978,0.433,-26.81,-25.151,0.005,0.007,6723.0,5025.0,1.0
"beta_speed[Santander, Anthony]",-25.869,0.435,-26.72,-25.026,0.006,0.007,5291.0,4485.0,1.0
"beta_speed[Daza, Yonathan]",-25.983,0.449,-26.827,-25.086,0.005,0.008,7443.0,5079.0,1.0
"beta_speed[Happ, Ian]",-25.962,0.462,-26.884,-25.072,0.006,0.009,6980.0,4295.0,1.0
"beta_speed[Tucker, Cole]",-25.974,0.438,-26.875,-25.171,0.005,0.008,7169.0,4809.0,1.0
"beta_speed[McKenna, Ryan]",-25.998,0.452,-26.881,-25.159,0.006,0.009,6316.0,4521.0,1.0
"beta_speed[Peters, DJ]",-25.985,0.457,-26.842,-25.067,0.005,0.008,8120.0,4887.0,1.0
"beta_speed[Varsho, Daulton]",-25.975,0.446,-26.86,-25.148,0.005,0.008,7292.0,4110.0,1.0
"beta_speed[McCormick, Chas]",-25.908,0.449,-26.725,-24.983,0.005,0.008,7048.0,4482.0,1.0
"beta_speed[Rooker, Brent]",-25.914,0.439,-26.744,-25.07,0.005,0.008,6616.0,4269.0,1.0
"beta_speed[Raley, Luke]",-25.992,0.442,-26.874,-25.169,0.005,0.008,7053.0,4107.0,1.0
"beta_speed[Stanton, Giancarlo]",-25.929,0.447,-26.752,-25.032,0.005,0.008,6826.0,4412.0,1.0
"beta_speed[Reyes, Franmil]",-25.942,0.45,-26.803,-25.06,0.005,0.008,7928.0,4016.0,1.0
"beta_speed[Gordon, Nick]",-25.914,0.464,-26.774,-24.977,0.005,0.009,7292.0,4396.0,1.0
"beta_speed[Goodwin, Brian]",-25.905,0.453,-26.793,-25.039,0.006,0.008,6703.0,4589.0,1.0
"beta_speed[Siri, Jose]",-25.953,0.47,-26.842,-25.027,0.005,0.01,8547.0,4047.0,1.0
"beta_speed[Canha, Mark]",-25.993,0.447,-26.814,-25.095,0.005,0.008,7885.0,4513.0,1.0
"beta_speed[Ramírez, Harold]",-25.99,0.439,-26.872,-25.188,0.005,0.008,6801.0,5031.0,1.0
"beta_speed[Gonzalez, Romy]",-25.982,0.445,-26.867,-25.151,0.005,0.008,7186.0,4519.0,1.0
"beta_speed[Peterson, Jace]",-25.954,0.456,-26.84,-25.088,0.005,0.009,7219.0,4545.0,1.0
"beta_speed[Reyes, Victor]",-26.013,0.446,-26.951,-25.242,0.005,0.008,7740.0,4394.0,1.0
"beta_speed[Rivas III, Alfonso]",-25.932,0.455,-26.762,-24.999,0.005,0.009,7149.0,4598.0,1.0
"beta_speed[Tatis Jr., Fernando]",-26.029,0.44,-26.93,-25.255,0.006,0.008,6254.0,4167.0,1.0
"beta_speed[Gallo, Joey]",-25.973,0.434,-26.805,-25.121,0.005,0.007,6877.0,4610.0,1.0
"beta_speed[Refsnyder, Rob]",-25.985,0.435,-26.838,-25.17,0.005,0.008,7250.0,4702.0,1.0
"beta_speed[McCarthy, Jake]",-25.881,0.428,-26.698,-25.048,0.006,0.007,5405.0,4048.0,1.0
"beta_speed[Martin, Jason]",-25.951,0.451,-26.814,-25.062,0.005,0.008,7073.0,4512.0,1.0
"beta_speed[Stewart, DJ]",-25.948,0.442,-26.783,-25.094,0.006,0.008,6243.0,4738.0,1.0
"beta_speed[Adell, Jo]",-25.997,0.437,-26.822,-25.133,0.005,0.008,7277.0,4477.0,1.0
"beta_speed[Olivares, Edward]",-25.814,0.462,-26.666,-24.915,0.007,0.008,4123.0,3695.0,1.0
"beta_speed[McKinney, Billy]",-26.021,0.45,-26.927,-25.237,0.006,0.009,6538.0,3876.0,1.0
"beta_speed[Heyward, Jason]",-26.023,0.442,-26.912,-25.212,0.005,0.008,6565.0,4115.0,1.0
"beta_speed[Johnson, Daniel]",-25.983,0.451,-26.852,-25.131,0.005,0.009,7629.0,4067.0,1.0
"beta_speed[Lowe, Josh]",-26.071,0.455,-26.978,-25.263,0.007,0.008,5199.0,4124.0,1.0
"beta_speed[Wisdom, Patrick]",-25.92,0.456,-26.76,-24.989,0.005,0.008,7579.0,4781.0,1.0
"beta_speed[Hermosillo, Michael]",-25.959,0.466,-26.842,-25.056,0.006,0.01,6752.0,3956.0,1.0
"beta_speed[Fairchild, Stuart]",-25.987,0.451,-26.92,-25.155,0.005,0.009,7531.0,4250.0,1.0
"beta_speed[Rojas, Josh]",-25.955,0.45,-26.885,-25.14,0.005,0.008,7245.0,4780.0,1.0
"beta_speed[Akiyama, Shogo]",-25.962,0.464,-26.832,-25.043,0.006,0.01,6665.0,4220.0,1.0
"beta_speed[Tapia, Raimel]",-25.884,0.461,-26.733,-25.004,0.006,0.009,6940.0,4207.0,1.0
"beta_speed[Dickerson, Corey]",-25.916,0.455,-26.779,-25.021,0.005,0.008,7705.0,4506.0,1.0
"beta_speed[Taylor, Chris]",-25.955,0.442,-26.856,-25.16,0.005,0.008,7304.0,4067.0,1.0
"beta_speed[Motter, Taylor]",-25.961,0.451,-26.877,-25.124,0.005,0.008,7580.0,4823.0,1.0
"beta_speed[Chavis, Michael]",-25.932,0.457,-26.789,-25.029,0.006,0.009,6566.0,4276.0,1.0
"beta_speed[Edman, Tommy]",-25.961,0.451,-26.778,-25.033,0.005,0.008,7931.0,4479.0,1.0
"beta_speed[Polanco, Gregory]",-25.946,0.443,-26.726,-25.007,0.005,0.008,7398.0,4402.0,1.0
"beta_speed[Dyson, Jarrod]",-25.987,0.451,-26.895,-25.168,0.005,0.008,7567.0,4320.0,1.0
"beta_speed[Lamb, Jake]",-25.92,0.449,-26.746,-25.036,0.006,0.008,6379.0,3991.0,1.0
"beta_speed[Piscotty, Stephen]",-25.939,0.444,-26.726,-25.04,0.006,0.009,6318.0,3862.0,1.0
"beta_speed[Mateo, Jorge]",-25.965,0.452,-26.785,-25.04,0.005,0.008,7624.0,4906.0,1.0
"beta_speed[Naquin, Tyler]",-25.983,0.44,-26.855,-25.147,0.005,0.008,7623.0,4925.0,1.0
"beta_speed[Meyers, Jake]",-25.939,0.458,-26.795,-25.028,0.006,0.01,6779.0,3974.0,1.0
"beta_speed[Difo, Wilmer]",-25.837,0.469,-26.749,-24.951,0.007,0.009,4709.0,3715.0,1.0
"beta_speed[Larnach, Trevor]",-26.031,0.457,-26.919,-25.177,0.006,0.009,5741.0,3757.0,1.0
"beta_speed[Eaton, Adam]",-25.973,0.443,-26.798,-25.112,0.005,0.009,7433.0,4516.0,1.0
"beta_speed[Almora Jr., Albert]",-26.024,0.457,-26.919,-25.181,0.006,0.009,6458.0,4616.0,1.0
"beta_speed[Deichmann, Greg]",-25.954,0.446,-26.826,-25.096,0.005,0.008,6925.0,4391.0,1.0
"beta_speed[Bellinger, Cody]",-25.93,0.448,-26.834,-25.088,0.005,0.008,7081.0,4788.0,1.0
"beta_speed[Fraley, Jake]",-25.992,0.434,-26.834,-25.156,0.005,0.008,6938.0,4362.0,1.0
"beta_speed[Brinson, Lewis]",-25.952,0.454,-26.861,-25.087,0.005,0.009,7339.0,4715.0,1.0
"beta_speed[Beaty, Matt]",-25.92,0.459,-26.791,-25.008,0.005,0.009,7526.0,4322.0,1.0
"beta_speed[Fargas, Johneshwy]",-25.947,0.449,-26.86,-25.106,0.005,0.008,7823.0,4681.0,1.0
"beta_speed[Bell, Josh]",-25.947,0.469,-26.789,-24.99,0.006,0.01,7293.0,4035.0,1.0
"beta_speed[Marisnick, Jake]",-25.937,0.455,-26.765,-25.012,0.005,0.008,7634.0,4500.0,1.0
"beta_speed[Parra, Gerardo]",-25.943,0.466,-26.838,-25.027,0.005,0.01,7209.0,3290.0,1.0
"beta_speed[Estrada, Thairo]",-25.952,0.462,-26.843,-25.054,0.006,0.009,6865.0,4114.0,1.0
"beta_speed[Park, Hoy]",-25.915,0.468,-26.825,-25.038,0.005,0.01,7265.0,4923.0,1.0
"beta_speed[Laureano, Ramón]",-25.96,0.427,-26.805,-25.177,0.005,0.007,7764.0,5534.0,1.0
"beta_speed[Schrock, Max]",-25.972,0.47,-26.923,-25.121,0.006,0.01,6690.0,3798.0,1.0
"beta_speed[Sheets, Gavin]",-25.933,0.434,-26.819,-25.151,0.005,0.008,6633.0,4874.0,1.0
"beta_speed[Drury, Brandon]",-25.946,0.461,-26.85,-25.071,0.006,0.01,6199.0,3600.0,1.0
"beta_speed[Reddick, Josh]",-25.894,0.46,-26.77,-25.009,0.005,0.008,7156.0,5153.0,1.0
"beta_speed[Williams, Luke]",-25.95,0.465,-26.837,-25.069,0.005,0.01,7664.0,4420.0,1.0
"beta_speed[Dahl, David]",-25.911,0.459,-26.806,-25.048,0.005,0.01,6909.0,4852.0,1.0
"beta_speed[Miller, Brad]",-25.949,0.451,-26.799,-25.072,0.005,0.008,8077.0,5386.0,1.0
"beta_speed[Cordero, Franchy]",-25.974,0.443,-26.878,-25.155,0.005,0.008,7187.0,5117.0,1.0
"beta_speed[White, Eli]",-25.942,0.449,-26.81,-25.064,0.005,0.008,8518.0,4737.0,1.0
"beta_speed[Moore, Dylan]",-25.969,0.444,-26.827,-25.131,0.005,0.008,7553.0,5381.0,1.0
"beta_speed[Allen, Greg]",-25.968,0.437,-26.788,-25.136,0.005,0.009,8187.0,4672.0,1.0
"beta_speed[Pham, Tommy]",-25.902,0.447,-26.74,-24.997,0.005,0.008,7204.0,4832.0,1.0
"beta_speed[Adrianza, Ehire]",-25.925,0.457,-26.817,-25.083,0.005,0.009,7259.0,4758.0,1.0
"beta_speed[Oliva, Jared]",-25.952,0.453,-26.833,-25.107,0.005,0.009,8142.0,4779.0,1.0
"beta_speed[Lowe, Brandon]",-25.924,0.454,-26.789,-25.057,0.005,0.009,7693.0,3945.0,1.0
"beta_speed[McKinstry, Zach]",-25.917,0.442,-26.777,-25.064,0.005,0.008,6443.0,4531.0,1.0
"beta_speed[Ortega, Rafael]",-25.985,0.454,-26.882,-25.134,0.005,0.008,7244.0,4929.0,1.0
"beta_speed[Reks, Zach]",-25.959,0.459,-26.799,-25.047,0.005,0.009,7649.0,5037.0,1.0
"beta_speed[Evans, Phillip]",-25.948,0.443,-26.762,-25.068,0.005,0.008,6921.0,4939.0,1.0
"beta_speed[Harrison, Monte]",-25.958,0.456,-26.794,-25.089,0.005,0.01,6899.0,4053.0,1.0
"beta_speed[Wade, Tyler]",-25.903,0.467,-26.744,-24.957,0.006,0.009,7160.0,4049.0,1.0
"beta_speed[O'Grady, Brian]",-25.962,0.449,-26.883,-25.153,0.005,0.008,7086.0,4415.0,1.0
"beta_speed[LaMarre, Ryan]",-25.953,0.455,-26.831,-25.072,0.005,0.008,7479.0,4670.0,1.0
"beta_speed[Amburgey, Trey]",-25.964,0.454,-26.882,-25.142,0.005,0.009,8191.0,4337.0,1.0
"beta_speed[Lorenzen, Michael]",-25.955,0.468,-26.909,-25.097,0.006,0.009,6744.0,4363.0,1.0
"beta_speed[Cooper, Garrett]",-25.902,0.454,-26.753,-25.05,0.006,0.008,6850.0,4580.0,1.0
"beta_speed[Almonte, Abraham]",-25.966,0.456,-26.814,-25.057,0.005,0.009,7487.0,4340.0,1.0
"beta_speed[Bruján, Vidal]",-26.005,0.454,-26.933,-25.176,0.006,0.008,6808.0,4344.0,1.0
"beta_speed[Ward, Taylor]",-26.093,0.465,-27.054,-25.3,0.007,0.009,5134.0,3685.0,1.0
"beta_speed[Kirilloff, Alex]",-25.888,0.455,-26.765,-25.0,0.006,0.008,6804.0,4429.0,1.0
"beta_speed[Mazara, Nomar]",-25.985,0.431,-26.881,-25.211,0.005,0.007,6490.0,4078.0,1.0
"beta_speed[Jankowski, Travis]",-26.042,0.444,-26.88,-25.166,0.006,0.008,6534.0,4208.0,1.0
"beta_speed[Rengifo, Luis]",-25.914,0.455,-26.752,-24.964,0.006,0.009,6814.0,4149.0,1.0
"beta_speed[Acuña Jr., Ronald]",-25.84,0.441,-26.674,-25.008,0.007,0.007,4797.0,4396.0,1.0
"beta_speed[Davis, Jaylin]",-25.963,0.459,-26.862,-25.074,0.005,0.009,7773.0,4969.0,1.0
"beta_speed[Owings, Chris]",-25.95,0.456,-26.85,-25.05,0.005,0.009,7082.0,4537.0,1.0
"beta_speed[Celestino, Gilberto]",-25.957,0.459,-26.865,-25.102,0.006,0.01,6376.0,4248.0,1.0
"beta_speed[Bolt, Skye]",-25.953,0.459,-26.86,-25.101,0.005,0.009,7225.0,4729.0,1.0
"beta_speed[Tauchman, Mike]",-26.024,0.447,-26.904,-25.225,0.006,0.009,6676.0,4433.0,1.0
"beta_speed[Frazier, Clint]",-25.945,0.453,-26.827,-25.106,0.006,0.009,6387.0,4193.0,1.0
"beta_speed[Biggio, Cavan]",-25.877,0.451,-26.717,-25.024,0.006,0.009,6313.0,4839.0,1.0
"beta_speed[González, Luis]",-25.883,0.464,-26.719,-24.919,0.006,0.009,6760.0,4986.0,1.0
"beta_speed[Naylor, Josh]",-25.881,0.458,-26.723,-24.977,0.006,0.008,6353.0,4341.0,1.0
"beta_speed[Blankenhorn, Travis]",-25.967,0.456,-26.848,-25.143,0.005,0.012,7768.0,4383.0,1.0
"beta_speed[Fisher, Derek]",-25.962,0.45,-26.757,-25.042,0.005,0.009,7736.0,4418.0,1.0
"beta_speed[Berti, Jon]",-25.945,0.461,-26.79,-25.001,0.005,0.009,7339.0,4670.0,1.0
"beta_speed[Thomas, Lane]",-25.979,0.424,-26.787,-25.15,0.005,0.007,6601.0,5003.0,1.0
"beta_speed[Locastro, Tim]",-25.996,0.456,-26.85,-25.098,0.006,0.01,7006.0,4426.0,1.0
"beta_speed[Payton, Mark]",-25.947,0.458,-26.867,-25.089,0.006,0.009,6769.0,4541.0,1.0
"beta_speed[Wong, Kean]",-25.95,0.45,-26.817,-25.081,0.005,0.008,8345.0,4852.0,1.0
"beta_speed[Thomas, Dillon]",-25.957,0.456,-26.841,-25.083,0.005,0.009,7581.0,4936.0,1.0
"beta_speed[Garlick, Kyle]",-25.876,0.451,-26.688,-24.969,0.006,0.008,6109.0,4585.0,1.0
"beta_speed[Wilkerson, Stevie]",-25.955,0.462,-26.899,-25.12,0.005,0.009,7727.0,4283.0,1.0
"beta_speed[Mendick, Danny]",-25.933,0.453,-26.777,-25.027,0.005,0.008,6924.0,4870.0,1.0
"beta_speed[Sierra, Magneuris]",-25.969,0.453,-26.811,-25.052,0.005,0.009,7443.0,4744.0,1.0
"beta_speed[Williams, Justin]",-25.924,0.445,-26.806,-25.069,0.005,0.008,7035.0,4569.0,1.0
"beta_speed[Astudillo, Willians]",-25.951,0.453,-26.852,-25.1,0.005,0.008,7539.0,5075.0,1.0
"beta_speed[Heineman, Scott]",-25.953,0.451,-26.789,-25.039,0.005,0.01,7294.0,4108.0,1.0
"beta_speed[Kelenic, Jarred]",-25.968,0.442,-26.823,-25.109,0.005,0.008,6728.0,4058.0,1.0
"beta_speed[Lee, Khalil]",-25.952,0.452,-26.804,-25.054,0.006,0.008,6770.0,4287.0,1.0
"beta_speed[Neuse, Sheldon]",-25.932,0.452,-26.785,-25.02,0.005,0.008,6742.0,4410.0,1.0
"beta_speed[Joyce, Matt]",-25.956,0.447,-26.875,-25.142,0.005,0.009,7333.0,4382.0,1.0
"beta_speed[Luplow, Jordan]",-25.97,0.447,-26.87,-25.132,0.005,0.008,7920.0,4987.0,1.0
"beta_speed[Quinn, Roman]",-25.977,0.457,-26.977,-25.193,0.005,0.009,7373.0,4968.0,1.0
"beta_speed[Maybin, Cameron]",-25.952,0.451,-26.802,-25.082,0.005,0.008,7948.0,5267.0,1.0
"beta_speed[Culberson, Charlie]",-25.947,0.455,-26.833,-25.098,0.005,0.008,7137.0,4725.0,1.0
"beta_speed[Haggerty, Sam]",-25.972,0.445,-26.826,-25.111,0.005,0.008,7405.0,4714.0,1.0
"beta_speed[Gonzalez, Marwin]",-26.01,0.453,-26.89,-25.143,0.005,0.009,7467.0,4853.0,1.0
"beta_speed[Stokes Jr., Troy]",-25.966,0.456,-26.914,-25.148,0.005,0.009,7441.0,4449.0,1.0
"beta_speed[Ruf, Darin]",-25.923,0.447,-26.771,-25.061,0.005,0.008,7209.0,4900.0,1.0
"beta_speed[Kingery, Scott]",-25.947,0.446,-26.759,-25.058,0.005,0.008,6587.0,4819.0,1.0
"beta_speed[Riley, Austin]",-25.89,0.467,-26.754,-24.973,0.006,0.009,6512.0,4487.0,1.0
"beta_speed[Hager, Jake]",-25.943,0.465,-26.792,-24.999,0.005,0.009,7097.0,4886.0,1.0
"beta_speed[Winker, Jesse]",-25.897,0.452,-26.751,-25.026,0.006,0.008,6185.0,3850.0,1.0
"beta_speed[Marcano, Tucupita]",-25.945,0.468,-26.85,-25.031,0.005,0.009,7758.0,4478.0,1.0
"beta_speed[Kivlehan, Patrick]",-25.953,0.463,-26.826,-25.038,0.005,0.01,7551.0,4286.0,1.0
"beta_speed[Hernandez, Yadiel]",-25.959,0.45,-26.785,-25.052,0.005,0.008,7808.0,4484.0,1.0
"beta_speed[Marmolejos, José]",-25.953,0.463,-26.856,-25.057,0.005,0.009,8143.0,4287.0,1.0
"beta_speed[Owen, Hunter]",-25.937,0.453,-26.79,-25.05,0.005,0.01,7140.0,3929.0,1.0
"beta_speed[Díaz, Aledmys]",-25.95,0.448,-26.743,-25.037,0.005,0.008,7733.0,4980.0,1.0
"beta_speed[Stevenson, Andrew]",-25.95,0.455,-26.787,-25.021,0.005,0.008,7557.0,4980.0,1.0
"beta_speed[Duggar, Steven]",-25.957,0.459,-26.86,-25.083,0.005,0.009,8186.0,4593.0,1.0
"beta_speed[Walsh, Jared]",-25.997,0.454,-26.849,-25.106,0.006,0.008,6772.0,3907.0,1.0
"beta_speed[Schebler, Scott]",-25.961,0.461,-26.844,-25.075,0.006,0.01,6725.0,3930.0,1.0
"beta_speed[Pérez, Hernán]",-25.96,0.456,-26.864,-25.095,0.005,0.01,7664.0,4377.0,1.0
"beta_speed[Palacios, Joshua]",-25.975,0.444,-26.826,-25.156,0.005,0.009,7230.0,4460.0,1.0
"beta_speed[Ray, Corey]",-25.957,0.452,-26.855,-25.115,0.005,0.009,7414.0,4419.0,1.0
"beta_speed[Baddoo, Akil]",-25.951,0.448,-26.809,-25.076,0.005,0.009,7274.0,4711.0,1.0
"beta_speed[Moniak, Mickey]",-25.932,0.458,-26.818,-25.06,0.005,0.009,8130.0,4202.0,1.0
"beta_speed[Alford, Anthony]",-25.948,0.45,-26.796,-25.103,0.005,0.008,7525.0,5112.0,1.0
"beta_speed[Tom, Ka'ai]",-25.957,0.458,-26.864,-25.078,0.005,0.008,6796.0,4602.0,1.0
"beta_speed[VanMeter, Josh]",-25.954,0.442,-26.779,-25.085,0.005,0.008,7761.0,4992.0,1.0
"beta_speed[Fowler, Dexter]",-25.951,0.467,-26.854,-25.061,0.005,0.009,8367.0,4909.0,1.0
"beta_speed[Brosseau, Mike]",-25.923,0.458,-26.792,-25.025,0.005,0.009,7501.0,4317.0,1.0
"beta_speed[Fowler, Dustin]",-25.951,0.453,-26.878,-25.13,0.005,0.009,7618.0,4690.0,1.0
"beta_speed[Meadows, Austin]",-25.948,0.45,-26.795,-25.062,0.005,0.009,7939.0,4651.0,1.0
"beta_speed[Dean, Austin]",-25.971,0.465,-26.789,-25.015,0.005,0.01,7393.0,4138.0,1.0
"beta_speed[Herrera, Odúbel]",-25.943,0.465,-26.839,-25.04,0.005,0.009,7478.0,3887.0,1.0
"beta_speed[Hamilton, Billy]",-25.957,0.458,-26.878,-25.084,0.005,0.009,7806.0,4264.0,1.0
"beta_speed[Gonzalez, Oscar]",-25.857,0.444,-26.728,-25.025,0.006,0.007,5751.0,4973.0,1.0
"beta_speed[Marte, Starling]",-25.904,0.431,-26.72,-25.06,0.005,0.007,6900.0,5051.0,1.0
"beta_speed[Suzuki, Seiya]",-25.985,0.422,-26.805,-25.202,0.005,0.007,6064.0,3812.0,1.0
"beta_speed[Eaton, Nate]",-26.011,0.46,-26.96,-25.167,0.006,0.009,6377.0,3997.0,1.0
"beta_speed[Guthrie, Dalton]",-25.957,0.459,-26.804,-25.032,0.005,0.009,7635.0,4789.0,1.0
"beta_speed[Capel, Conner]",-25.942,0.46,-26.821,-25.025,0.006,0.008,6956.0,4328.0,1.0
"beta_speed[Suwinski, Jack]",-25.95,0.442,-26.785,-25.074,0.005,0.009,7364.0,4706.0,1.0
"beta_speed[Dixon, Brandon]",-25.993,0.458,-26.9,-25.146,0.005,0.008,7245.0,4879.0,1.0
"beta_speed[Frazier, Adam]",-26.0,0.452,-26.905,-25.152,0.006,0.009,6757.0,4246.0,1.0
"beta_speed[Davis, Brendon]",-25.947,0.45,-26.777,-25.053,0.005,0.009,7620.0,5137.0,1.0
"beta_speed[Contreras, Mark]",-25.951,0.438,-26.777,-25.108,0.005,0.007,7202.0,4373.0,1.0
"beta_speed[Yepez, Juan]",-25.893,0.445,-26.703,-25.035,0.006,0.008,5578.0,4776.0,1.0
"beta_speed[Azócar, José]",-25.951,0.447,-26.81,-25.083,0.005,0.009,8169.0,4640.0,1.0
"beta_speed[Thompson, Bubba]",-25.945,0.465,-26.843,-25.034,0.006,0.01,6929.0,4658.0,1.0
"beta_speed[Wallner, Matt]",-25.892,0.444,-26.744,-25.045,0.006,0.007,5991.0,5188.0,1.0
"beta_speed[Burdick, Peyton]",-25.971,0.46,-26.861,-25.08,0.005,0.009,7617.0,4279.0,1.0
"beta_speed[Brennan, Will]",-25.946,0.426,-26.756,-25.114,0.005,0.008,6887.0,4793.0,1.0
"beta_speed[Stowers, Kyle]",-25.891,0.457,-26.821,-25.038,0.006,0.009,5766.0,3639.0,1.0
"beta_speed[Cabrera, Oswaldo]",-25.962,0.451,-26.847,-25.112,0.005,0.008,7580.0,4734.0,1.0
"beta_speed[Anderson, Brian]",-26.025,0.442,-26.863,-25.183,0.006,0.009,6700.0,4380.0,1.0
"beta_speed[McNeil, Jeff]",-25.97,0.44,-26.8,-25.101,0.005,0.009,8135.0,4795.0,1.0
"beta_speed[Mathias, Mark]",-25.961,0.455,-26.846,-25.094,0.005,0.008,7819.0,4328.0,1.0
"beta_speed[Friedl, TJ]",-25.971,0.452,-26.861,-25.137,0.005,0.008,7535.0,4740.0,1.0
"beta_speed[Mastrobuoni, Miles]",-25.969,0.451,-26.875,-25.119,0.005,0.008,7683.0,4452.0,1.0
"beta_speed[Toglia, Michael]",-25.899,0.443,-26.729,-25.05,0.005,0.008,6938.0,3781.0,1.0
"beta_speed[Benson, Will]",-25.96,0.436,-26.846,-25.15,0.005,0.007,7394.0,4823.0,1.0
"beta_speed[Mitchell, Cal]",-25.901,0.46,-26.72,-24.935,0.005,0.009,7226.0,4031.0,1.0
"beta_speed[Burleson, Alec]",-25.912,0.448,-26.796,-25.046,0.005,0.008,7410.0,4040.0,1.0
"beta_speed[Waters, Drew]",-25.859,0.453,-26.696,-24.993,0.006,0.009,5753.0,3482.0,1.0
"beta_speed[Castro, Willi]",-25.977,0.437,-26.847,-25.164,0.005,0.008,7486.0,5240.0,1.0
"beta_speed[Carpenter, Kerry]",-25.906,0.435,-26.724,-25.061,0.005,0.008,7051.0,5150.0,1.0
"beta_speed[Encarnacion, Jerar]",-25.985,0.449,-26.876,-25.127,0.005,0.008,7937.0,4582.0,1.0
"beta_speed[Maton, Nick]",-25.944,0.456,-26.877,-25.091,0.005,0.007,8042.0,5311.0,1.0
"beta_speed[Velázquez, Nelson]",-25.975,0.444,-26.901,-25.176,0.005,0.008,7498.0,4730.0,1.0
"beta_speed[Mancini, Trey]",-25.929,0.442,-26.737,-25.012,0.005,0.008,7456.0,4547.0,1.0
"beta_speed[Bleday, JJ]",-25.942,0.45,-26.805,-25.078,0.005,0.008,7387.0,4425.0,1.0
"beta_speed[McCutchen, Andrew]",-25.989,0.458,-26.846,-25.078,0.006,0.01,6843.0,3739.0,1.0
"beta_speed[Call, Alex]",-25.99,0.459,-26.886,-25.127,0.005,0.008,7704.0,4827.0,1.0
"beta_speed[Ramos, Heliot]",-25.909,0.457,-26.727,-24.974,0.005,0.009,7316.0,4704.0,1.0
"beta_speed[Castillo, Diego]",-25.947,0.456,-26.801,-25.033,0.005,0.009,7468.0,4362.0,1.0
"beta_speed[Meneses, Joey]",-25.96,0.446,-26.847,-25.155,0.005,0.008,7432.0,4576.0,1.0
"beta_speed[Trammell, Taylor]",-25.981,0.458,-26.896,-25.111,0.005,0.009,7667.0,4887.0,1.0
"beta_speed[Donovan, Brendan]",-25.938,0.44,-26.747,-25.075,0.005,0.008,7124.0,4858.0,1.0
"beta_speed[Johnson, Bryce]",-25.99,0.457,-26.86,-25.118,0.006,0.009,7213.0,3836.0,1.0
"beta_speed[Rosario, Eddie]",-25.684,0.552,-26.618,-24.617,0.011,0.012,2763.0,3324.0,1.0
"beta_speed[Aguilar, Ryan]",-25.964,0.46,-26.913,-25.147,0.005,0.009,7664.0,4428.0,1.0
"beta_speed[Carroll, Corbin]",-25.984,0.447,-26.792,-25.069,0.005,0.009,7116.0,4384.0,1.0
"beta_speed[Stevenson, Cal]",-25.957,0.454,-26.893,-25.122,0.005,0.009,7779.0,4710.0,1.0
"beta_speed[Heredia, Guillermo]",-25.938,0.459,-26.845,-25.072,0.005,0.01,7195.0,4432.0,1.0
"beta_speed[Pollock, AJ]",-25.862,0.462,-26.729,-24.969,0.007,0.008,5418.0,3890.0,1.0
"beta_speed[Madris, Bligh]",-25.922,0.453,-26.791,-25.058,0.005,0.009,7763.0,5074.0,1.0
"beta_speed[Duran, Jarren]",-25.944,0.453,-26.769,-25.01,0.005,0.008,7346.0,4797.0,1.0
"beta_speed[Dubón, Mauricio]",-25.966,0.453,-26.853,-25.135,0.005,0.008,7596.0,4477.0,1.0
"beta_speed[Muñoz, Yairo]",-25.932,0.461,-26.865,-25.08,0.006,0.009,6616.0,4357.0,1.0
"beta_speed[Bernard, Wynton]",-25.959,0.463,-26.916,-25.133,0.005,0.009,7063.0,4792.0,1.0
"beta_speed[Vavra, Terrin]",-25.934,0.451,-26.812,-25.077,0.005,0.008,7206.0,4896.0,1.0
"beta_speed[Melendez, MJ]",-25.845,0.45,-26.631,-24.922,0.006,0.008,5323.0,4602.0,1.0
"beta_speed[Jones, Nolan]",-25.946,0.455,-26.863,-25.104,0.005,0.009,7860.0,4125.0,1.0
"beta_speed[Carpenter, Matt]",-25.969,0.453,-26.826,-25.066,0.006,0.009,6590.0,4330.0,1.0
"beta_speed[Díaz, Yusniel]",-25.958,0.448,-26.844,-25.105,0.005,0.009,7074.0,4886.0,1.0
"beta_speed[Pratto, Nick]",-25.948,0.468,-26.818,-25.01,0.005,0.01,7266.0,4347.0,1.0
"beta_speed[Ruiz, Esteury]",-25.987,0.442,-26.931,-25.214,0.005,0.008,7467.0,4434.0,1.0
"beta_speed[Reynolds, Matt]",-25.978,0.46,-26.841,-25.089,0.005,0.01,8390.0,4596.0,1.0
"beta_speed[Lewis, Kyle]",-25.982,0.45,-26.94,-25.176,0.006,0.008,6892.0,3897.0,1.0
"beta_speed[Joe, Connor]",-25.879,0.453,-26.739,-25.005,0.006,0.009,5900.0,3596.0,1.0
"beta_speed[Hernandez, Elier]",-25.963,0.462,-26.846,-25.044,0.005,0.009,7207.0,4151.0,1.0
"beta_speed[Hicklen, Brewer]",-25.961,0.461,-26.904,-25.106,0.005,0.01,7383.0,4572.0,1.0
"beta_speed[Inciarte, Ender]",-25.963,0.454,-26.809,-25.065,0.005,0.009,7793.0,4369.0,1.0
"beta_speed[Arroyo, Christian]",-25.864,0.467,-26.724,-24.918,0.006,0.009,6264.0,4104.0,1.0
"beta_speed[Kwan, Steven]",-25.891,0.453,-26.786,-25.033,0.006,0.008,6367.0,4151.0,1.0
"beta_speed[Wilson, Marcus]",-25.942,0.448,-26.785,-25.056,0.005,0.009,7372.0,4960.0,1.0
"beta_speed[Crook, Narciso]",-25.962,0.452,-26.832,-25.1,0.005,0.009,7260.0,4294.0,1.0
"beta_speed[Upton, Justin]",-25.955,0.454,-26.807,-25.043,0.005,0.008,7653.0,4086.0,1.0
"beta_speed[Alvarez, Eddy]",-25.932,0.461,-26.758,-25.026,0.005,0.01,7605.0,3837.0,1.0
"beta_speed[Haseley, Adam]",-26.008,0.452,-26.86,-25.11,0.005,0.009,7288.0,4701.0,1.0
"beta_speed[Plummer, Nick]",-25.943,0.452,-26.805,-25.098,0.005,0.008,8110.0,4787.0,1.0
"beta_speed[Walker, Steele]",-25.96,0.468,-26.874,-25.105,0.005,0.011,8100.0,4989.0,1.0
"beta_speed[Demeritte, Travis]",-25.957,0.448,-26.794,-25.08,0.005,0.009,8175.0,4620.0,1.0
"beta_speed[Alberto, Hanser]",-25.934,0.446,-26.782,-25.06,0.005,0.008,7585.0,4980.0,1.0
"beta_speed[Whitefield, Aaron]",-25.92,0.452,-26.749,-25.011,0.005,0.008,7450.0,4733.0,1.0
"beta_speed[Mayfield, Jack]",-25.942,0.452,-26.851,-25.106,0.005,0.009,8168.0,4560.0,1.0
"beta_speed[Abrams, CJ]",-25.96,0.468,-26.863,-25.054,0.005,0.01,7125.0,4917.0,1.0
"beta_speed[Nevin, Tyler]",-25.963,0.459,-26.865,-25.073,0.005,0.008,6996.0,5060.0,1.0
"beta_speed[Marsh, Brandon]",-26.015,0.459,-26.928,-25.159,0.006,0.009,6551.0,4330.0,1.0
"beta_speed[McDonald, Mickey]",-25.964,0.455,-26.83,-25.04,0.005,0.008,7292.0,4603.0,1.0
"beta_speed[Lopes, Christian]",-25.956,0.448,-26.82,-25.086,0.005,0.008,7639.0,5218.0,1.0
"beta_speed[Jackson, Drew]",-25.947,0.441,-26.832,-25.143,0.005,0.008,7431.0,4780.0,1.0
"beta_speed[Dickerson, Alex]",-25.956,0.451,-26.782,-25.069,0.005,0.008,8573.0,4870.0,1.0
"beta_speed[Hicks, Aaron]",-25.957,0.444,-26.782,-25.045,0.006,0.008,6522.0,4003.0,1.0
"beta_speed[Canario, Alexander]",-25.936,0.443,-26.824,-25.119,0.005,0.008,6967.0,4498.0,1.0
"beta_speed[Perkins, Blake]",-26.075,0.477,-27.061,-25.273,0.006,0.012,6311.0,4132.0,1.0
"beta_speed[Pache, Cristian]",-25.955,0.459,-26.854,-25.098,0.005,0.008,7544.0,4652.0,1.0
"beta_speed[Andujar, Miguel]",-25.99,0.452,-26.85,-25.089,0.005,0.009,7228.0,4201.0,1.0
"beta_speed[Basabe, Osleivis]",-25.946,0.45,-26.89,-25.142,0.005,0.008,7672.0,4493.0,1.0
"beta_speed[Walker, Jordan]",-25.95,0.428,-26.775,-25.102,0.005,0.007,7029.0,5337.0,1.0
"beta_speed[Steer, Spencer]",-25.941,0.444,-26.816,-25.086,0.005,0.008,7131.0,4243.0,1.0
"beta_speed[Matos, Luis]",-25.999,0.446,-26.881,-25.163,0.005,0.008,7718.0,4598.0,1.0
"beta_speed[Senzel, Nick]",-25.982,0.453,-26.829,-25.076,0.005,0.008,7023.0,4700.0,1.0
"beta_speed[Bouchard, Sean]",-25.926,0.438,-26.773,-25.125,0.005,0.008,7507.0,5050.0,1.0
"beta_speed[Kjerstad, Heston]",-26.0,0.462,-26.927,-25.163,0.006,0.01,5964.0,4131.0,1.0
"beta_speed[Frelick, Sal]",-26.053,0.464,-26.92,-25.168,0.006,0.009,6282.0,4523.0,1.0
"beta_speed[Hernández, Enrique]",-25.954,0.458,-26.795,-25.05,0.005,0.009,7609.0,5410.0,1.0
"beta_speed[Goodman, Hunter]",-25.92,0.454,-26.763,-25.015,0.006,0.009,7059.0,3471.0,1.0
"beta_speed[Davis, Henry]",-25.787,0.477,-26.631,-24.81,0.008,0.008,3496.0,4090.0,1.0
"beta_speed[Hampson, Garrett]",-25.954,0.449,-26.777,-25.033,0.005,0.008,7388.0,4165.0,1.0
"beta_speed[Blanco, Dairon]",-25.932,0.454,-26.818,-25.091,0.005,0.008,7294.0,5160.0,1.0
"beta_speed[Morel, Christopher]",-25.873,0.454,-26.721,-24.974,0.006,0.009,5766.0,3553.0,1.0
"beta_speed[Palacios, Richie]",-25.976,0.452,-26.9,-25.162,0.005,0.009,7290.0,4316.0,1.0
"beta_speed[Adams, Jordyn]",-25.918,0.461,-26.729,-24.958,0.006,0.01,6861.0,4509.0,1.0
"beta_speed[Colás, Oscar]",-26.0,0.445,-26.872,-25.142,0.005,0.007,7057.0,4381.0,1.0
"beta_speed[Encarnacion-Strand, Christian]",-25.953,0.449,-26.796,-25.114,0.005,0.009,7427.0,4831.0,1.0
"beta_speed[Cabbage, Trey]",-25.995,0.455,-26.846,-25.094,0.005,0.009,7849.0,4528.0,1.0
"beta_speed[Carter, Evan]",-25.964,0.45,-26.778,-25.061,0.005,0.007,7567.0,5270.0,1.0
"beta_speed[Ibáñez, Andy]",-25.973,0.462,-26.852,-25.08,0.006,0.009,6591.0,4426.0,1.0
"beta_speed[Noda, Ryan]",-25.957,0.447,-26.828,-25.109,0.005,0.008,7432.0,5240.0,1.0
"beta_speed[Martínez, J.P.]",-25.96,0.454,-26.838,-25.103,0.005,0.008,7565.0,4489.0,1.0
"beta_speed[Abreu, Wilyer]",-26.005,0.441,-26.843,-25.166,0.005,0.008,7194.0,5057.0,1.0
"beta_speed[Canzone, Dominic]",-25.974,0.443,-26.847,-25.099,0.005,0.008,7423.0,4789.0,1.0
"beta_speed[Greene, Riley]",-25.977,0.447,-26.824,-25.113,0.005,0.008,7909.0,4812.0,1.0
"beta_speed[Marlowe, Cade]",-25.929,0.462,-26.817,-25.047,0.005,0.009,8486.0,4692.0,1.0
"beta_speed[Castro, Harold]",-25.931,0.456,-26.746,-24.963,0.005,0.009,7018.0,4655.0,1.0
"beta_speed[Garrett, Stone]",-25.971,0.445,-26.775,-25.071,0.005,0.009,6671.0,4729.0,1.0
"beta_speed[Hopkins, TJ]",-25.999,0.45,-26.908,-25.211,0.005,0.009,7069.0,3995.0,1.0
"beta_speed[Peralta, David]",-25.928,0.454,-26.783,-25.065,0.005,0.01,7852.0,5128.0,1.0
"beta_speed[Thomas, Cody]",-25.949,0.444,-26.738,-24.994,0.005,0.008,7617.0,4983.0,1.0
"beta_speed[Butler, Lawrence]",-26.012,0.44,-26.812,-25.107,0.005,0.007,6840.0,4994.0,1.0
"beta_speed[Wilson, Weston]",-25.963,0.457,-26.828,-25.096,0.005,0.01,7720.0,4955.0,1.0
"beta_speed[Kiner-Falefa, Isiah]",-25.937,0.451,-26.81,-25.065,0.005,0.009,7375.0,4634.0,1.0
"beta_speed[Cowser, Colton]",-25.931,0.45,-26.78,-25.051,0.005,0.008,7587.0,5122.0,1.0
"beta_speed[DeLuca, Jonny]",-25.984,0.444,-26.824,-25.089,0.005,0.008,6766.0,4710.0,1.0
"beta_speed[Haase, Eric]",-25.955,0.454,-26.788,-25.038,0.005,0.009,7227.0,4416.0,1.0
"beta_speed[Arias, Gabriel]",-25.938,0.438,-26.762,-25.06,0.005,0.007,7685.0,5409.0,1.0
"beta_speed[Remillard, Zach]",-25.952,0.457,-26.852,-25.102,0.005,0.009,7726.0,4278.0,1.0
"beta_speed[Fry, David]",-25.962,0.451,-26.823,-25.084,0.006,0.009,6845.0,4327.0,1.0
"beta_speed[Kohlwey, Taylor]",-25.95,0.449,-26.804,-25.059,0.005,0.008,7794.0,5161.0,1.0
"beta_speed[Outman, James]",-25.957,0.457,-26.858,-25.072,0.005,0.008,7034.0,4713.0,1.0
"beta_speed[Fletcher, Dominic]",-25.957,0.437,-26.779,-25.088,0.005,0.008,8075.0,4908.0,1.0
"beta_speed[Jiménez, Eloy]",-25.958,0.455,-26.783,-25.014,0.005,0.008,7791.0,4847.0,1.0
"beta_speed[Odor, Rougned]",-25.974,0.449,-26.839,-25.131,0.005,0.009,7067.0,4523.0,1.0
"beta_speed[Davis, Jonathan]",-25.949,0.454,-26.773,-25.023,0.005,0.008,7702.0,4537.0,1.0
"beta_speed[Harrison, Josh]",-25.921,0.458,-26.778,-25.012,0.006,0.009,6527.0,4568.0,1.0
"beta_speed[Clemens, Kody]",-25.952,0.478,-26.866,-25.063,0.005,0.01,7763.0,4226.0,1.0
"beta_speed[Calhoun, Willie]",-25.901,0.454,-26.713,-24.977,0.005,0.008,7586.0,4697.0,1.0
"beta_speed[Smith-Njigba, Canaan]",-25.894,0.466,-26.768,-24.971,0.006,0.009,6453.0,4649.0,1.0
"beta_speed[Lukes, Nathan]",-25.987,0.451,-26.904,-25.136,0.006,0.009,6303.0,4116.0,1.0
"beta_speed[Julks, Corey]",-25.988,0.46,-26.874,-25.105,0.006,0.009,6985.0,4550.0,1.0
"beta_speed[Wiemer, Joey]",-25.997,0.454,-26.891,-25.128,0.005,0.009,7238.0,4202.0,1.0
"beta_speed[Miller, Owen]",-25.951,0.462,-26.892,-25.118,0.005,0.01,8464.0,4502.0,1.0
"beta_speed[Pérez, Wenceel]",-26.058,0.461,-26.99,-25.222,0.006,0.008,6157.0,4182.0,1.0
"beta_speed[Noel, Jhonkensy]",-25.975,0.457,-26.916,-25.126,0.006,0.009,6624.0,4344.0,1.0
"beta_speed[Schneemann, Daniel]",-25.959,0.449,-26.78,-25.057,0.005,0.008,7737.0,5456.0,1.0
"beta_speed[DeLoach, Zach]",-25.966,0.453,-26.838,-25.097,0.005,0.009,8181.0,5163.0,1.0
"beta_speed[Duran, Ezequiel]",-25.946,0.456,-26.829,-25.062,0.005,0.009,7745.0,4669.0,1.0
"beta_speed[Campero, Gustavo]",-25.958,0.439,-26.793,-25.097,0.005,0.008,7341.0,4672.0,1.0
"beta_speed[Chourio, Jackson]",-26.083,0.47,-27.037,-25.265,0.007,0.009,4940.0,3794.0,1.0
"beta_speed[Lockridge, Brandon]",-25.953,0.448,-26.811,-25.088,0.005,0.009,7489.0,5048.0,1.0
"beta_speed[Alcántara, Kevin]",-25.951,0.464,-26.854,-25.069,0.005,0.009,7850.0,4067.0,1.0
"beta_speed[Pages, Andy]",-25.982,0.442,-26.871,-25.169,0.005,0.008,6969.0,4174.0,1.0
"beta_speed[Yorke, Nick]",-25.959,0.452,-26.804,-25.069,0.005,0.008,7444.0,4559.0,1.0
"beta_speed[Robles, Victor]",-26.03,0.456,-26.922,-25.183,0.006,0.008,6225.0,4245.0,1.0
"beta_speed[Berroa, Steward]",-25.976,0.448,-26.817,-25.075,0.005,0.008,7138.0,4575.0,1.0
"beta_speed[Crews, Dylan]",-25.947,0.455,-26.819,-25.099,0.005,0.009,7524.0,4754.0,1.0
"beta_speed[O'Neill, Tyler]",-25.996,0.441,-26.823,-25.133,0.005,0.008,7425.0,4112.0,1.0
"beta_speed[Mitchell, Garrett]",-25.965,0.462,-26.848,-25.045,0.005,0.009,7643.0,4520.0,1.0
"beta_speed[Beck, Jordan]",-25.925,0.442,-26.823,-25.111,0.005,0.008,7417.0,5168.0,1.0
"beta_speed[Scott II, Victor]",-25.955,0.461,-26.802,-25.031,0.005,0.009,7458.0,3624.0,1.0
"beta_speed[Conine, Griffin]",-25.978,0.44,-26.802,-25.115,0.005,0.008,8122.0,4991.0,1.0
"beta_speed[Rafaela, Ceddanne]",-25.955,0.448,-26.789,-25.048,0.005,0.009,7828.0,4216.0,1.0
"beta_speed[Cook, Billy]",-25.977,0.457,-26.894,-25.118,0.005,0.009,8541.0,4866.0,1.0
"beta_speed[Barger, Addison]",-25.975,0.444,-26.833,-25.131,0.005,0.008,7024.0,4928.0,1.0
"beta_speed[Rosario, Amed]",-25.922,0.448,-26.836,-25.089,0.005,0.008,7421.0,4506.0,1.0
"beta_speed[Hinds, Rece]",-25.929,0.441,-26.814,-25.115,0.005,0.007,6774.0,5087.0,1.0
"beta_speed[Hensley, David]",-25.897,0.451,-26.721,-25.004,0.005,0.01,7093.0,3967.0,1.0
"beta_speed[Fabian, Sandro]",-25.958,0.446,-26.803,-25.082,0.005,0.009,7536.0,4799.0,1.0
"beta_speed[Helman, Michael]",-25.956,0.447,-26.81,-25.091,0.005,0.008,7157.0,5155.0,1.0
"beta_speed[Garcia, Maikel]",-25.953,0.448,-26.824,-25.071,0.005,0.009,7100.0,4562.0,1.0
"beta_speed[Espinal, Santiago]",-25.907,0.459,-26.75,-25.0,0.006,0.009,6808.0,3926.0,1.0
"beta_speed[Gentry, Tyler]",-25.954,0.46,-26.87,-25.083,0.005,0.009,7477.0,4666.0,1.0
"beta_speed[Bae, Ji Hwan]",-25.891,0.461,-26.776,-25.036,0.006,0.01,6085.0,3934.0,1.0
"beta_speed[León, Pedro]",-25.918,0.459,-26.751,-24.995,0.005,0.008,7465.0,5049.0,1.0
"beta_speed[Vilade, Ryan]",-25.984,0.449,-26.892,-25.175,0.005,0.008,7654.0,4347.0,1.0
"beta_speed[Wall, Forrest]",-25.954,0.453,-26.804,-25.093,0.005,0.01,6715.0,4194.0,1.0
"beta_speed[Vosler, Jason]",-25.962,0.46,-26.834,-25.066,0.006,0.009,6973.0,4271.0,1.0
"beta_speed[Triolo, Jared]",-25.96,0.46,-26.831,-25.034,0.005,0.009,7909.0,4798.0,1.0
"beta_speed[Loperfido, Joey]",-25.95,0.457,-26.861,-25.105,0.005,0.009,7362.0,4309.0,1.0
"beta_speed[Martínez, Angel]",-25.959,0.457,-26.871,-25.09,0.005,0.009,7456.0,4862.0,1.0
"beta_speed[Myers, Dane]",-25.949,0.445,-26.797,-25.088,0.006,0.008,6373.0,4688.0,1.0
"beta_speed[Hill, Derek]",-25.946,0.459,-26.846,-25.073,0.005,0.009,7320.0,4640.0,1.0
"beta_speed[Jones, Jahmai]",-25.949,0.44,-26.77,-25.05,0.005,0.008,7919.0,4566.0,1.0
"beta_speed[Dunn, Blake]",-25.948,0.449,-26.78,-25.036,0.005,0.008,6867.0,4787.0,1.0
"beta_speed[Rodríguez, Johnathan]",-25.913,0.452,-26.747,-24.994,0.006,0.008,6617.0,4053.0,1.0
"beta_speed[Jordan, Levi]",-25.953,0.452,-26.812,-25.105,0.005,0.009,7250.0,4472.0,1.0
"beta_speed[Jones, Greg]",-25.938,0.441,-26.723,-25.042,0.005,0.008,7644.0,4416.0,1.0
"beta_speed[Dalbec, Bobby]",-25.953,0.448,-26.784,-25.061,0.006,0.008,6369.0,4871.0,1.0
"beta_speed[Hurtubise, Jacob]",-25.965,0.468,-26.835,-25.031,0.005,0.01,7642.0,3933.0,1.0
"beta_speed[Reynolds, Bryan]",-25.928,0.452,-26.793,-25.053,0.005,0.009,7306.0,4493.0,1.0
"beta_speed[Florial, Estevan]",-25.995,0.45,-26.877,-25.141,0.005,0.008,7270.0,4876.0,1.0
"beta_speed[Siani, Michael]",-25.963,0.461,-26.848,-25.071,0.005,0.01,8026.0,4367.0,1.0
"beta_cos[Renfroe, Hunter]",-0.24,0.094,-0.423,-0.072,0.001,0.001,12583.0,5935.0,1.0
"beta_cos[Tucker, Kyle]",-0.384,0.096,-0.562,-0.205,0.001,0.001,8494.0,5882.0,1.0
"beta_cos[Pederson, Joc]",-0.332,0.171,-0.646,-0.004,0.002,0.002,9782.0,5868.0,1.0
"beta_cos[Betts, Mookie]",-0.498,0.108,-0.71,-0.301,0.001,0.001,10279.0,6178.0,1.0
"beta_cos[Souza Jr., Steven]",-0.251,0.195,-0.62,0.111,0.002,0.002,12329.0,6136.0,1.0
"beta_cos[Slater, Austin]",-0.233,0.172,-0.551,0.091,0.002,0.002,10684.0,5842.0,1.0
"beta_cos[Soler, Jorge]",-0.151,0.131,-0.392,0.097,0.001,0.002,11470.0,5622.0,1.0
"beta_cos[Brantley, Michael]",-0.298,0.2,-0.688,0.072,0.002,0.003,9119.0,5726.0,1.0
"beta_cos[Duvall, Adam]",-0.137,0.144,-0.397,0.143,0.001,0.002,12846.0,5296.0,1.0
"beta_cos[Verdugo, Alex]",-0.571,0.13,-0.81,-0.324,0.001,0.001,9233.0,5921.0,1.0
"beta_cos[García, Avisaíl]",-0.086,0.119,-0.314,0.132,0.001,0.001,9927.0,5996.0,1.0
"beta_cos[García, Leury]",-0.053,0.179,-0.376,0.304,0.002,0.002,11313.0,5709.0,1.0
"beta_cos[Engel, Adam]",-0.295,0.179,-0.644,0.029,0.002,0.002,10319.0,6008.0,1.0
"beta_cos[Wade Jr., LaMonte]",-0.296,0.164,-0.611,0.017,0.002,0.002,11281.0,5948.0,1.0
"beta_cos[Margot, Manuel]",-0.178,0.132,-0.422,0.078,0.001,0.002,13052.0,5782.0,1.0
"beta_cos[Thompson, Trayce]",-0.39,0.175,-0.722,-0.071,0.002,0.002,10313.0,5642.0,1.0
"beta_cos[Carlson, Dylan]",-0.464,0.128,-0.702,-0.226,0.001,0.001,9915.0,5267.0,1.0
"beta_cos[Lagares, Juan]",-0.02,0.19,-0.371,0.342,0.002,0.002,9363.0,5841.0,1.0
"beta_cos[Haniger, Mitch]",-0.282,0.113,-0.49,-0.065,0.001,0.001,9956.0,6128.0,1.0
"beta_cos[Rojas, Jose]",-0.151,0.183,-0.492,0.191,0.002,0.002,11363.0,6234.0,1.0
"beta_cos[Zimmer, Bradley]",-0.435,0.184,-0.789,-0.102,0.002,0.002,8613.0,5435.0,1.0
"beta_cos[García, Adolis]",-0.306,0.099,-0.496,-0.122,0.001,0.001,12890.0,5543.0,1.0
"beta_cos[Hernández, Teoscar]",-0.197,0.1,-0.387,-0.009,0.001,0.001,11930.0,5877.0,1.0
"beta_cos[Yastrzemski, Mike]",-0.194,0.112,-0.405,0.014,0.001,0.001,11789.0,6342.0,1.0
"beta_cos[Bryant, Kris]",-0.246,0.146,-0.522,0.025,0.001,0.002,10317.0,6838.0,1.0
"beta_cos[Arozarena, Randy]",-0.165,0.166,-0.478,0.147,0.001,0.002,12914.0,6122.0,1.0
"beta_cos[Calhoun, Kole]",-0.26,0.155,-0.538,0.046,0.002,0.002,10538.0,5932.0,1.0
"beta_cos[Hilliard, Sam]",-0.221,0.185,-0.573,0.128,0.002,0.002,11237.0,6327.0,1.0
"beta_cos[Cameron, Daz]",-0.332,0.172,-0.647,-0.008,0.002,0.002,8882.0,5232.0,1.0
"beta_cos[Vierling, Matt]",-0.193,0.155,-0.489,0.088,0.001,0.002,10849.0,5975.0,1.0
"beta_cos[De La Cruz, Bryan]",-0.28,0.146,-0.547,-0.002,0.001,0.002,11280.0,5576.0,1.0
"beta_cos[Harper, Bryce]",-0.316,0.134,-0.574,-0.067,0.001,0.002,11032.0,6199.0,1.0
"beta_cos[Barrera, Luis]",-0.33,0.2,-0.716,0.037,0.002,0.002,10259.0,5962.0,1.0
"beta_cos[O'Hearn, Ryan]",-0.247,0.165,-0.573,0.048,0.002,0.002,11456.0,5501.0,1.0
"beta_cos[Kepler, Max]",-0.02,0.098,-0.2,0.167,0.001,0.001,11681.0,6788.0,1.0
"beta_cos[Merrifield, Whit]",-0.178,0.167,-0.486,0.139,0.002,0.002,11607.0,5768.0,1.0
"beta_cos[Hays, Austin]",-0.321,0.15,-0.603,-0.034,0.001,0.002,13717.0,6364.0,1.0
"beta_cos[Grichuk, Randal]",-0.246,0.123,-0.469,-0.004,0.001,0.002,10034.0,5872.0,1.0
"beta_cos[Soto, Juan]",0.015,0.091,-0.156,0.185,0.001,0.001,11626.0,6464.0,1.0
"beta_cos[Martinez, J.D.]",-0.254,0.195,-0.615,0.121,0.002,0.002,11363.0,5819.0,1.0
"beta_cos[Smith, Pavin]",-0.247,0.135,-0.493,0.005,0.001,0.002,10877.0,5671.0,1.0
"beta_cos[Blackmon, Charlie]",-0.322,0.116,-0.539,-0.103,0.001,0.001,10839.0,5460.0,1.0
"beta_cos[Dozier, Hunter]",-0.347,0.152,-0.639,-0.072,0.001,0.002,10634.0,5417.0,1.0
"beta_cos[Cave, Jake]",-0.034,0.148,-0.325,0.229,0.002,0.002,8971.0,5923.0,1.0
"beta_cos[Conforto, Michael]",-0.21,0.121,-0.433,0.014,0.001,0.001,11160.0,6104.0,1.0
"beta_cos[Myers, Wil]",-0.183,0.145,-0.46,0.083,0.001,0.002,10854.0,5956.0,1.0
"beta_cos[Tsutsugo, Yoshi]",-0.135,0.189,-0.5,0.212,0.002,0.002,10870.0,6156.0,1.0
"beta_cos[Judge, Aaron]",-0.052,0.122,-0.29,0.169,0.001,0.001,10462.0,6019.0,1.0
"beta_cos[Taylor, Tyrone]",-0.303,0.141,-0.566,-0.039,0.001,0.002,11471.0,5775.0,1.0
"beta_cos[Castellanos, Nick]",-0.109,0.083,-0.263,0.051,0.001,0.001,13076.0,5617.0,1.0
"beta_cos[Profar, Jurickson]",-0.306,0.191,-0.667,0.053,0.002,0.002,11858.0,5836.0,1.0
"beta_cos[Pinder, Chad]",-0.127,0.166,-0.435,0.19,0.002,0.002,11098.0,6091.0,1.0
"beta_cos[Springer, George]",-0.106,0.115,-0.312,0.118,0.001,0.001,12049.0,6207.0,1.0
"beta_cos[Martini, Nick]",-0.273,0.188,-0.637,0.07,0.002,0.002,10035.0,6132.0,1.0
"beta_cos[Grossman, Robbie]",-0.23,0.126,-0.467,0.009,0.001,0.002,13150.0,5753.0,1.0
"beta_cos[Rondon, José]",-0.183,0.201,-0.555,0.193,0.002,0.003,15059.0,5223.0,1.0
"beta_cos[Ramos, Henry]",-0.379,0.193,-0.743,-0.013,0.002,0.002,8385.0,6102.0,1.0
"beta_cos[Lux, Gavin]",-0.157,0.196,-0.535,0.208,0.002,0.002,11721.0,6421.0,1.0
"beta_cos[Aquino, Aristides]",-0.295,0.15,-0.584,-0.017,0.001,0.002,11819.0,6276.0,1.0
"beta_cos[Nootbaar, Lars]",-0.545,0.126,-0.794,-0.319,0.001,0.001,10550.0,5947.0,1.0
"beta_cos[Sánchez, Jesús]",-0.093,0.126,-0.332,0.14,0.001,0.002,11330.0,5781.0,1.0
"beta_cos[Pillar, Kevin]",-0.168,0.173,-0.502,0.149,0.002,0.002,11874.0,5956.0,1.0
"beta_cos[Isbel, Kyle]",-0.111,0.172,-0.416,0.227,0.002,0.002,10702.0,5676.0,1.0
"beta_cos[Gamel, Ben]",-0.174,0.154,-0.456,0.118,0.001,0.002,10981.0,5941.0,1.0
"beta_cos[Phillips, Brett]",-0.251,0.163,-0.553,0.063,0.002,0.002,9391.0,5844.0,1.0
"beta_cos[Mercado, Óscar]",-0.211,0.167,-0.519,0.111,0.001,0.002,12643.0,5496.0,1.0
"beta_cos[Bradley Jr., Jackie]",-0.352,0.159,-0.652,-0.058,0.002,0.002,9778.0,6166.0,1.0
"beta_cos[Vaughn, Andrew]",-0.377,0.168,-0.688,-0.062,0.002,0.002,11259.0,5365.0,1.0
"beta_cos[Bauers, Jake]",-0.083,0.173,-0.403,0.252,0.002,0.002,10025.0,5932.0,1.0
"beta_cos[Brown, Seth]",-0.289,0.13,-0.542,-0.053,0.001,0.002,12722.0,6099.0,1.0
"beta_cos[Santander, Anthony]",-0.355,0.099,-0.534,-0.163,0.001,0.001,12482.0,6001.0,1.0
"beta_cos[Daza, Yonathan]",-0.104,0.184,-0.45,0.237,0.002,0.002,9893.0,6293.0,1.0
"beta_cos[Happ, Ian]",-0.222,0.193,-0.578,0.157,0.002,0.002,13183.0,5713.0,1.0
"beta_cos[Tucker, Cole]",-0.252,0.194,-0.617,0.112,0.002,0.002,12151.0,5707.0,1.0
"beta_cos[McKenna, Ryan]",-0.112,0.164,-0.418,0.2,0.002,0.002,10646.0,6752.0,1.0
"beta_cos[Peters, DJ]",-0.134,0.186,-0.471,0.219,0.002,0.002,11429.0,5868.0,1.0
"beta_cos[Varsho, Daulton]",-0.395,0.154,-0.687,-0.108,0.001,0.002,11179.0,5434.0,1.0
"beta_cos[McCormick, Chas]",-0.214,0.167,-0.53,0.1,0.002,0.002,11940.0,5931.0,1.0
"beta_cos[Rooker, Brent]",-0.063,0.18,-0.405,0.272,0.002,0.002,11503.0,5797.0,1.0
"beta_cos[Raley, Luke]",-0.212,0.159,-0.513,0.084,0.001,0.002,11904.0,5787.0,1.0
"beta_cos[Stanton, Giancarlo]",-0.134,0.16,-0.426,0.179,0.002,0.002,10379.0,5045.0,1.0
"beta_cos[Reyes, Franmil]",-0.209,0.191,-0.58,0.137,0.002,0.002,11543.0,5859.0,1.0
"beta_cos[Gordon, Nick]",-0.192,0.197,-0.556,0.196,0.002,0.002,11767.0,6050.0,1.0
"beta_cos[Goodwin, Brian]",-0.152,0.183,-0.498,0.186,0.002,0.002,12038.0,5682.0,1.0
"beta_cos[Siri, Jose]",-0.265,0.196,-0.645,0.1,0.002,0.002,10596.0,5402.0,1.0
"beta_cos[Canha, Mark]",-0.211,0.171,-0.528,0.111,0.002,0.002,10149.0,5577.0,1.0
"beta_cos[Ramírez, Harold]",-0.321,0.165,-0.627,-0.007,0.002,0.002,12021.0,5655.0,1.0
"beta_cos[Gonzalez, Romy]",-0.222,0.2,-0.598,0.149,0.002,0.002,9876.0,5622.0,1.0
"beta_cos[Peterson, Jace]",-0.295,0.187,-0.634,0.068,0.002,0.002,11600.0,5473.0,1.0
"beta_cos[Reyes, Victor]",-0.266,0.158,-0.58,0.017,0.001,0.002,11373.0,5719.0,1.0
"beta_cos[Rivas III, Alfonso]",-0.187,0.203,-0.568,0.204,0.002,0.003,14742.0,5845.0,1.0
"beta_cos[Tatis Jr., Fernando]",-0.486,0.128,-0.734,-0.249,0.001,0.002,9727.0,6121.0,1.0
"beta_cos[Gallo, Joey]",-0.2,0.139,-0.46,0.06,0.001,0.002,11895.0,5836.0,1.0
"beta_cos[Refsnyder, Rob]",-0.115,0.169,-0.426,0.208,0.002,0.002,11096.0,5835.0,1.0
"beta_cos[McCarthy, Jake]",-0.373,0.127,-0.608,-0.132,0.001,0.002,11723.0,5609.0,1.0
"beta_cos[Martin, Jason]",-0.232,0.197,-0.597,0.147,0.002,0.002,10891.0,5679.0,1.0
"beta_cos[Stewart, DJ]",-0.248,0.149,-0.531,0.031,0.001,0.002,12117.0,5844.0,1.0
"beta_cos[Adell, Jo]",-0.516,0.143,-0.78,-0.241,0.001,0.002,10789.0,6066.0,1.0
"beta_cos[Olivares, Edward]",-0.024,0.144,-0.279,0.259,0.002,0.002,8479.0,5686.0,1.0
"beta_cos[McKinney, Billy]",-0.257,0.171,-0.595,0.051,0.002,0.002,10268.0,5954.0,1.0
"beta_cos[Heyward, Jason]",-0.281,0.122,-0.502,-0.045,0.001,0.001,13138.0,6374.0,1.0
"beta_cos[Johnson, Daniel]",-0.262,0.19,-0.62,0.095,0.002,0.003,13246.0,5252.0,1.0
"beta_cos[Lowe, Josh]",-0.317,0.131,-0.556,-0.061,0.001,0.002,14750.0,5545.0,1.0
"beta_cos[Wisdom, Patrick]",-0.284,0.193,-0.642,0.085,0.002,0.003,12851.0,5619.0,1.0
"beta_cos[Hermosillo, Michael]",-0.276,0.201,-0.667,0.089,0.002,0.003,12213.0,5401.0,1.0
"beta_cos[Fairchild, Stuart]",-0.127,0.178,-0.468,0.198,0.002,0.002,9967.0,5978.0,1.0
"beta_cos[Rojas, Josh]",-0.339,0.181,-0.684,-0.008,0.002,0.002,11841.0,5910.0,1.0
"beta_cos[Akiyama, Shogo]",-0.234,0.199,-0.601,0.141,0.002,0.003,11239.0,5932.0,1.0
"beta_cos[Tapia, Raimel]",0.058,0.179,-0.276,0.394,0.002,0.002,7630.0,6049.0,1.0
"beta_cos[Dickerson, Corey]",-0.208,0.195,-0.578,0.161,0.002,0.002,9864.0,5826.0,1.0
"beta_cos[Taylor, Chris]",-0.256,0.192,-0.608,0.115,0.002,0.003,12490.0,5218.0,1.0
"beta_cos[Motter, Taylor]",-0.253,0.204,-0.643,0.119,0.002,0.003,12221.0,5983.0,1.0
"beta_cos[Chavis, Michael]",-0.181,0.2,-0.56,0.186,0.002,0.002,12553.0,6024.0,1.0
"beta_cos[Edman, Tommy]",-0.253,0.167,-0.575,0.058,0.002,0.002,9622.0,5429.0,1.0
"beta_cos[Polanco, Gregory]",-0.126,0.141,-0.382,0.145,0.001,0.002,10713.0,5826.0,1.0
"beta_cos[Dyson, Jarrod]",-0.296,0.186,-0.656,0.041,0.002,0.002,12878.0,6017.0,1.0
"beta_cos[Lamb, Jake]",-0.202,0.192,-0.578,0.144,0.002,0.002,11792.0,5600.0,1.0
"beta_cos[Piscotty, Stephen]",-0.172,0.167,-0.493,0.139,0.002,0.002,11703.0,5351.0,1.0
"beta_cos[Mateo, Jorge]",-0.25,0.2,-0.619,0.135,0.002,0.003,11839.0,6251.0,1.0
"beta_cos[Naquin, Tyler]",-0.211,0.162,-0.514,0.087,0.001,0.002,11837.0,5684.0,1.0
"beta_cos[Meyers, Jake]",-0.288,0.197,-0.675,0.075,0.002,0.003,11790.0,5673.0,1.0
"beta_cos[Difo, Wilmer]",-0.061,0.198,-0.42,0.312,0.002,0.002,10253.0,5897.0,1.0
"beta_cos[Larnach, Trevor]",-0.315,0.176,-0.653,0.009,0.002,0.002,11067.0,5697.0,1.0
"beta_cos[Eaton, Adam]",-0.325,0.165,-0.635,-0.018,0.002,0.002,10790.0,6434.0,1.0
"beta_cos[Almora Jr., Albert]",-0.135,0.186,-0.483,0.214,0.002,0.002,12986.0,6139.0,1.0
"beta_cos[Deichmann, Greg]",-0.207,0.199,-0.583,0.172,0.002,0.003,11476.0,5565.0,1.0
"beta_cos[Bellinger, Cody]",-0.264,0.172,-0.59,0.06,0.002,0.002,11673.0,6016.0,1.0
"beta_cos[Fraley, Jake]",-0.173,0.133,-0.432,0.067,0.001,0.002,10421.0,6096.0,1.0
"beta_cos[Brinson, Lewis]",-0.266,0.198,-0.622,0.12,0.002,0.002,12425.0,5501.0,1.0
"beta_cos[Beaty, Matt]",-0.248,0.186,-0.605,0.096,0.002,0.002,10136.0,5472.0,1.0
"beta_cos[Fargas, Johneshwy]",-0.207,0.201,-0.598,0.165,0.002,0.003,10208.0,5558.0,1.0
"beta_cos[Bell, Josh]",-0.227,0.201,-0.616,0.144,0.002,0.003,13771.0,5743.0,1.0
"beta_cos[Marisnick, Jake]",-0.233,0.196,-0.601,0.132,0.002,0.003,13059.0,5902.0,1.0
"beta_cos[Parra, Gerardo]",-0.244,0.2,-0.615,0.145,0.002,0.003,11473.0,5620.0,1.0
"beta_cos[Estrada, Thairo]",-0.23,0.201,-0.607,0.152,0.002,0.002,10418.0,5687.0,1.0
"beta_cos[Park, Hoy]",-0.193,0.197,-0.563,0.183,0.002,0.003,13281.0,5515.0,1.0
"beta_cos[Laureano, Ramón]",-0.202,0.124,-0.438,0.026,0.001,0.001,11265.0,6667.0,1.0
"beta_cos[Schrock, Max]",-0.207,0.198,-0.585,0.167,0.002,0.003,11908.0,5879.0,1.0
"beta_cos[Sheets, Gavin]",-0.251,0.136,-0.525,-0.011,0.001,0.002,13953.0,5788.0,1.0
"beta_cos[Drury, Brandon]",-0.144,0.198,-0.506,0.241,0.002,0.003,9924.0,4956.0,1.0
"beta_cos[Reddick, Josh]",-0.39,0.186,-0.737,-0.041,0.002,0.002,10216.0,5460.0,1.0
"beta_cos[Williams, Luke]",-0.237,0.198,-0.606,0.136,0.002,0.002,12017.0,5829.0,1.0
"beta_cos[Dahl, David]",-0.362,0.186,-0.709,-0.02,0.002,0.002,11349.0,6355.0,1.0
"beta_cos[Miller, Brad]",-0.259,0.191,-0.649,0.078,0.002,0.002,10422.0,6004.0,1.0
"beta_cos[Cordero, Franchy]",-0.202,0.181,-0.547,0.135,0.002,0.002,10639.0,6359.0,1.0
"beta_cos[White, Eli]",-0.267,0.19,-0.616,0.099,0.002,0.002,13782.0,5313.0,1.0
"beta_cos[Moore, Dylan]",-0.244,0.176,-0.569,0.089,0.002,0.002,10815.0,5944.0,1.0
"beta_cos[Allen, Greg]",-0.127,0.191,-0.486,0.232,0.002,0.002,11329.0,5238.0,1.0
"beta_cos[Pham, Tommy]",-0.056,0.157,-0.348,0.239,0.002,0.002,9359.0,6041.0,1.0
"beta_cos[Adrianza, Ehire]",-0.149,0.198,-0.534,0.217,0.002,0.003,10740.0,5266.0,1.0
"beta_cos[Oliva, Jared]",-0.155,0.192,-0.529,0.187,0.002,0.002,11147.0,5947.0,1.0
"beta_cos[Lowe, Brandon]",-0.21,0.195,-0.576,0.15,0.002,0.003,13315.0,5521.0,1.0
"beta_cos[McKinstry, Zach]",-0.234,0.166,-0.55,0.072,0.001,0.002,13725.0,6066.0,1.0
"beta_cos[Ortega, Rafael]",-0.23,0.175,-0.557,0.104,0.002,0.002,13082.0,5884.0,1.0
"beta_cos[Reks, Zach]",-0.227,0.199,-0.603,0.152,0.002,0.003,12939.0,5360.0,1.0
"beta_cos[Evans, Phillip]",-0.291,0.195,-0.648,0.088,0.002,0.002,11198.0,4958.0,1.0
"beta_cos[Harrison, Monte]",-0.222,0.202,-0.6,0.161,0.002,0.003,11161.0,5931.0,1.0
"beta_cos[Wade, Tyler]",-0.254,0.196,-0.624,0.111,0.002,0.002,11279.0,5511.0,1.0
"beta_cos[O'Grady, Brian]",-0.271,0.198,-0.627,0.13,0.002,0.003,13206.0,5403.0,1.0
"beta_cos[LaMarre, Ryan]",-0.234,0.198,-0.599,0.151,0.002,0.003,12141.0,5903.0,1.0
"beta_cos[Amburgey, Trey]",-0.265,0.201,-0.654,0.104,0.002,0.003,11241.0,5846.0,1.0
"beta_cos[Lorenzen, Michael]",-0.227,0.206,-0.602,0.171,0.002,0.003,13124.0,5782.0,1.0
"beta_cos[Cooper, Garrett]",-0.108,0.176,-0.447,0.218,0.002,0.002,9493.0,6075.0,1.0
"beta_cos[Almonte, Abraham]",-0.227,0.202,-0.594,0.16,0.002,0.003,11880.0,5507.0,1.0
"beta_cos[Bruján, Vidal]",-0.407,0.183,-0.766,-0.078,0.002,0.002,8770.0,5733.0,1.0
"beta_cos[Ward, Taylor]",-0.198,0.126,-0.434,0.046,0.001,0.001,9574.0,6335.0,1.0
"beta_cos[Kirilloff, Alex]",-0.396,0.179,-0.736,-0.064,0.002,0.002,9478.0,6281.0,1.0
"beta_cos[Mazara, Nomar]",-0.293,0.158,-0.586,0.005,0.002,0.002,10949.0,4939.0,1.0
"beta_cos[Jankowski, Travis]",-0.257,0.177,-0.6,0.063,0.002,0.002,12501.0,5904.0,1.0
"beta_cos[Rengifo, Luis]",-0.097,0.191,-0.453,0.259,0.002,0.002,11316.0,5652.0,1.0
"beta_cos[Acuña Jr., Ronald]",-0.209,0.105,-0.409,-0.017,0.001,0.001,11041.0,5791.0,1.0
"beta_cos[Davis, Jaylin]",-0.256,0.197,-0.623,0.118,0.002,0.003,13948.0,5592.0,1.0
"beta_cos[Owings, Chris]",-0.194,0.2,-0.573,0.177,0.002,0.003,11913.0,5619.0,1.0
"beta_cos[Celestino, Gilberto]",-0.282,0.194,-0.644,0.085,0.002,0.003,9455.0,5268.0,1.0
"beta_cos[Bolt, Skye]",-0.245,0.192,-0.603,0.116,0.002,0.002,12389.0,6007.0,1.0
"beta_cos[Tauchman, Mike]",-0.362,0.174,-0.693,-0.044,0.002,0.002,13047.0,5740.0,1.0
"beta_cos[Frazier, Clint]",-0.204,0.18,-0.53,0.142,0.002,0.002,12031.0,5883.0,1.0
"beta_cos[Biggio, Cavan]",-0.068,0.165,-0.364,0.264,0.002,0.002,9536.0,6233.0,1.0
"beta_cos[González, Luis]",-0.118,0.163,-0.421,0.189,0.002,0.002,10551.0,5510.0,1.0
"beta_cos[Naylor, Josh]",0.022,0.172,-0.303,0.334,0.002,0.002,8264.0,5775.0,1.0
"beta_cos[Blankenhorn, Travis]",-0.2,0.2,-0.6,0.158,0.002,0.003,10258.0,5485.0,1.0
"beta_cos[Fisher, Derek]",-0.223,0.203,-0.613,0.152,0.002,0.003,11766.0,5211.0,1.0
"beta_cos[Berti, Jon]",-0.218,0.201,-0.583,0.173,0.002,0.002,12567.0,6328.0,1.0
"beta_cos[Thomas, Lane]",-0.134,0.105,-0.322,0.07,0.001,0.001,10686.0,5817.0,1.0
"beta_cos[Locastro, Tim]",-0.228,0.185,-0.572,0.125,0.002,0.002,9829.0,5834.0,1.0
"beta_cos[Payton, Mark]",-0.23,0.197,-0.603,0.139,0.002,0.002,13030.0,6195.0,1.0
"beta_cos[Wong, Kean]",-0.231,0.194,-0.594,0.134,0.002,0.003,15637.0,5833.0,1.0
"beta_cos[Thomas, Dillon]",-0.195,0.201,-0.579,0.177,0.002,0.002,12979.0,6172.0,1.0
"beta_cos[Garlick, Kyle]",-0.084,0.173,-0.387,0.25,0.002,0.002,12786.0,6111.0,1.0
"beta_cos[Wilkerson, Stevie]",-0.222,0.196,-0.602,0.137,0.002,0.003,12464.0,5196.0,1.0
"beta_cos[Mendick, Danny]",-0.323,0.2,-0.685,0.051,0.002,0.003,13429.0,5756.0,1.0
"beta_cos[Sierra, Magneuris]",-0.243,0.2,-0.626,0.129,0.002,0.003,13547.0,4857.0,1.0
"beta_cos[Williams, Justin]",-0.239,0.187,-0.6,0.115,0.002,0.002,12893.0,5810.0,1.0
"beta_cos[Astudillo, Willians]",-0.234,0.198,-0.624,0.125,0.002,0.003,11358.0,5729.0,1.0
"beta_cos[Heineman, Scott]",-0.259,0.197,-0.638,0.099,0.002,0.003,12663.0,6059.0,1.0
"beta_cos[Kelenic, Jarred]",-0.191,0.171,-0.495,0.152,0.002,0.002,12627.0,5283.0,1.0
"beta_cos[Lee, Khalil]",-0.295,0.199,-0.661,0.081,0.002,0.003,11559.0,5419.0,1.0
"beta_cos[Neuse, Sheldon]",-0.179,0.197,-0.555,0.186,0.002,0.002,12705.0,6547.0,1.0
"beta_cos[Joyce, Matt]",-0.219,0.197,-0.58,0.154,0.002,0.002,14104.0,5822.0,1.0
"beta_cos[Luplow, Jordan]",-0.157,0.17,-0.481,0.156,0.002,0.002,12380.0,5715.0,1.0
"beta_cos[Quinn, Roman]",-0.289,0.196,-0.653,0.088,0.002,0.003,10642.0,5567.0,1.0
"beta_cos[Maybin, Cameron]",-0.231,0.199,-0.619,0.138,0.002,0.003,10505.0,5039.0,1.0
"beta_cos[Culberson, Charlie]",-0.235,0.204,-0.623,0.144,0.002,0.003,15108.0,5918.0,1.0
"beta_cos[Haggerty, Sam]",-0.178,0.182,-0.509,0.177,0.002,0.002,13195.0,5668.0,1.0
"beta_cos[Gonzalez, Marwin]",-0.336,0.196,-0.706,0.032,0.002,0.003,11521.0,5277.0,1.0
"beta_cos[Stokes Jr., Troy]",-0.242,0.197,-0.645,0.097,0.002,0.003,11551.0,5802.0,1.0
"beta_cos[Ruf, Darin]",-0.156,0.178,-0.477,0.197,0.002,0.002,11964.0,5817.0,1.0
"beta_cos[Kingery, Scott]",-0.204,0.197,-0.579,0.167,0.002,0.003,13594.0,5903.0,1.0
"beta_cos[Riley, Austin]",-0.206,0.203,-0.608,0.156,0.002,0.003,10772.0,6007.0,1.0
"beta_cos[Hager, Jake]",-0.234,0.202,-0.603,0.159,0.002,0.003,13870.0,5720.0,1.0
"beta_cos[Winker, Jesse]",-0.212,0.184,-0.592,0.111,0.002,0.002,11790.0,5676.0,1.0
"beta_cos[Marcano, Tucupita]",-0.221,0.202,-0.611,0.162,0.002,0.002,8659.0,5208.0,1.0
"beta_cos[Kivlehan, Patrick]",-0.23,0.205,-0.634,0.145,0.002,0.003,11295.0,5837.0,1.0
"beta_cos[Hernandez, Yadiel]",-0.219,0.197,-0.615,0.134,0.002,0.003,11278.0,5571.0,1.0
"beta_cos[Marmolejos, José]",-0.233,0.204,-0.624,0.153,0.002,0.003,12158.0,5477.0,1.0
"beta_cos[Owen, Hunter]",-0.243,0.204,-0.629,0.146,0.002,0.003,12139.0,5663.0,1.0
"beta_cos[Díaz, Aledmys]",-0.23,0.207,-0.614,0.162,0.002,0.003,12978.0,5411.0,1.0
"beta_cos[Stevenson, Andrew]",-0.276,0.197,-0.642,0.1,0.002,0.003,11610.0,5363.0,1.0
"beta_cos[Duggar, Steven]",-0.23,0.197,-0.606,0.133,0.002,0.002,12829.0,6124.0,1.0
"beta_cos[Walsh, Jared]",-0.203,0.186,-0.539,0.163,0.002,0.002,11105.0,5911.0,1.0
"beta_cos[Schebler, Scott]",-0.272,0.196,-0.641,0.099,0.002,0.003,12428.0,5664.0,1.0
"beta_cos[Pérez, Hernán]",-0.239,0.201,-0.631,0.125,0.002,0.003,11003.0,5338.0,1.0
"beta_cos[Palacios, Joshua]",-0.223,0.167,-0.531,0.095,0.002,0.002,11980.0,6280.0,1.0
"beta_cos[Ray, Corey]",-0.247,0.198,-0.626,0.117,0.002,0.002,11271.0,5907.0,1.0
"beta_cos[Baddoo, Akil]",-0.291,0.196,-0.677,0.075,0.002,0.003,13452.0,5928.0,1.0
"beta_cos[Moniak, Mickey]",-0.234,0.181,-0.576,0.1,0.002,0.002,10766.0,6033.0,1.0
"beta_cos[Alford, Anthony]",-0.277,0.199,-0.654,0.095,0.002,0.003,12813.0,5070.0,1.0
"beta_cos[Tom, Ka'ai]",-0.227,0.201,-0.618,0.134,0.002,0.003,14033.0,5525.0,1.0
"beta_cos[VanMeter, Josh]",-0.249,0.198,-0.636,0.112,0.002,0.003,11568.0,5095.0,1.0
"beta_cos[Fowler, Dexter]",-0.231,0.2,-0.615,0.139,0.002,0.003,12189.0,5362.0,1.0
"beta_cos[Brosseau, Mike]",-0.213,0.204,-0.593,0.176,0.002,0.002,10144.0,6199.0,1.0
"beta_cos[Fowler, Dustin]",-0.23,0.199,-0.603,0.137,0.002,0.002,12983.0,6113.0,1.0
"beta_cos[Meadows, Austin]",-0.27,0.181,-0.604,0.08,0.002,0.003,10612.0,5380.0,1.0
"beta_cos[Dean, Austin]",-0.251,0.197,-0.612,0.126,0.002,0.003,11995.0,5151.0,1.0
"beta_cos[Herrera, Odúbel]",-0.252,0.201,-0.631,0.136,0.002,0.003,12686.0,5945.0,1.0
"beta_cos[Hamilton, Billy]",-0.232,0.205,-0.619,0.158,0.002,0.003,10158.0,5742.0,1.0
"beta_cos[Gonzalez, Oscar]",-0.051,0.146,-0.354,0.203,0.001,0.002,10819.0,5919.0,1.0
"beta_cos[Marte, Starling]",-0.366,0.111,-0.581,-0.164,0.001,0.001,12036.0,5629.0,1.0
"beta_cos[Suzuki, Seiya]",-0.336,0.11,-0.542,-0.134,0.001,0.001,9476.0,6445.0,1.0
"beta_cos[Eaton, Nate]",-0.329,0.18,-0.68,0.005,0.002,0.002,11529.0,6137.0,1.0
"beta_cos[Guthrie, Dalton]",-0.189,0.197,-0.561,0.185,0.002,0.002,9708.0,5735.0,1.0
"beta_cos[Capel, Conner]",-0.278,0.178,-0.625,0.047,0.002,0.002,11462.0,5590.0,1.0
"beta_cos[Suwinski, Jack]",-0.1,0.168,-0.41,0.23,0.001,0.002,12939.0,6004.0,1.0
"beta_cos[Dixon, Brandon]",-0.245,0.194,-0.608,0.129,0.002,0.002,9816.0,5941.0,1.0
"beta_cos[Frazier, Adam]",-0.32,0.177,-0.655,0.005,0.002,0.002,10891.0,5429.0,1.0
"beta_cos[Davis, Brendon]",-0.25,0.199,-0.628,0.128,0.002,0.002,11593.0,5599.0,1.0
"beta_cos[Contreras, Mark]",-0.247,0.194,-0.611,0.122,0.002,0.003,11421.0,6109.0,1.0
"beta_cos[Yepez, Juan]",-0.341,0.193,-0.723,0.005,0.002,0.002,9775.0,5730.0,1.0
"beta_cos[Azócar, José]",-0.236,0.17,-0.558,0.093,0.002,0.002,12499.0,5572.0,1.0
"beta_cos[Thompson, Bubba]",-0.167,0.196,-0.54,0.194,0.002,0.003,10277.0,5759.0,1.0
"beta_cos[Wallner, Matt]",-0.265,0.149,-0.537,0.017,0.001,0.002,12874.0,6255.0,1.0
"beta_cos[Burdick, Peyton]",-0.314,0.196,-0.681,0.051,0.002,0.003,10150.0,5644.0,1.0
"beta_cos[Brennan, Will]",-0.189,0.133,-0.439,0.065,0.001,0.001,10006.0,6340.0,1.0
"beta_cos[Stowers, Kyle]",-0.267,0.179,-0.591,0.092,0.002,0.002,14139.0,6166.0,1.0
"beta_cos[Cabrera, Oswaldo]",-0.395,0.175,-0.732,-0.078,0.002,0.002,12301.0,5928.0,1.0
"beta_cos[Anderson, Brian]",-0.164,0.166,-0.47,0.155,0.002,0.002,9662.0,5761.0,1.0
"beta_cos[McNeil, Jeff]",-0.248,0.175,-0.58,0.08,0.002,0.002,11658.0,5555.0,1.0
"beta_cos[Mathias, Mark]",-0.22,0.199,-0.597,0.155,0.002,0.003,12279.0,5781.0,1.0
"beta_cos[Friedl, TJ]",-0.139,0.187,-0.5,0.205,0.002,0.002,11844.0,5536.0,1.0
"beta_cos[Mastrobuoni, Miles]",-0.26,0.198,-0.637,0.109,0.002,0.002,10049.0,6034.0,1.0
"beta_cos[Toglia, Michael]",-0.071,0.159,-0.367,0.234,0.002,0.002,9727.0,5934.0,1.0
"beta_cos[Benson, Will]",-0.144,0.151,-0.443,0.127,0.001,0.002,10874.0,5369.0,1.0
"beta_cos[Mitchell, Cal]",-0.352,0.167,-0.666,-0.039,0.002,0.002,12055.0,5538.0,1.0
"beta_cos[Burleson, Alec]",-0.45,0.166,-0.768,-0.152,0.002,0.002,9389.0,5482.0,1.0
"beta_cos[Waters, Drew]",-0.324,0.159,-0.618,-0.02,0.002,0.002,10227.0,6028.0,1.0
"beta_cos[Castro, Willi]",-0.138,0.171,-0.449,0.197,0.002,0.002,11942.0,5842.0,1.0
"beta_cos[Carpenter, Kerry]",-0.27,0.14,-0.519,0.012,0.001,0.002,12073.0,5379.0,1.0
"beta_cos[Encarnacion, Jerar]",-0.133,0.191,-0.486,0.227,0.002,0.003,10445.0,5728.0,1.0
"beta_cos[Maton, Nick]",-0.213,0.192,-0.587,0.142,0.002,0.002,10618.0,5800.0,1.0
"beta_cos[Velázquez, Nelson]",-0.148,0.166,-0.453,0.169,0.002,0.002,10244.0,5613.0,1.0
"beta_cos[Mancini, Trey]",-0.33,0.191,-0.698,0.027,0.002,0.002,12397.0,6028.0,1.0
"beta_cos[Bleday, JJ]",-0.183,0.193,-0.555,0.17,0.002,0.002,11950.0,5967.0,1.0
"beta_cos[McCutchen, Andrew]",-0.315,0.185,-0.687,0.013,0.002,0.002,11577.0,5738.0,1.0
"beta_cos[Call, Alex]",-0.263,0.176,-0.592,0.065,0.002,0.002,11905.0,5987.0,1.0
"beta_cos[Ramos, Heliot]",-0.313,0.185,-0.668,0.029,0.002,0.002,9370.0,5916.0,1.0
"beta_cos[Castillo, Diego]",-0.026,0.19,-0.378,0.339,0.002,0.002,9305.0,6004.0,1.0
"beta_cos[Meneses, Joey]",-0.169,0.178,-0.492,0.169,0.002,0.002,12068.0,5443.0,1.0
"beta_cos[Trammell, Taylor]",-0.191,0.183,-0.528,0.161,0.002,0.002,12070.0,4977.0,1.0
"beta_cos[Donovan, Brendan]",-0.172,0.181,-0.505,0.175,0.002,0.002,10302.0,5666.0,1.0
"beta_cos[Johnson, Bryce]",-0.23,0.189,-0.597,0.105,0.002,0.002,13337.0,6233.0,1.0
"beta_cos[Rosario, Eddie]",-0.281,0.169,-0.605,0.035,0.002,0.002,11626.0,5898.0,1.0
"beta_cos[Aguilar, Ryan]",-0.242,0.203,-0.628,0.129,0.002,0.003,10657.0,5117.0,1.0
"beta_cos[Carroll, Corbin]",-0.428,0.143,-0.697,-0.168,0.001,0.002,10072.0,5976.0,1.0
"beta_cos[Stevenson, Cal]",-0.234,0.205,-0.627,0.151,0.002,0.003,11471.0,6010.0,1.0
"beta_cos[Heredia, Guillermo]",-0.163,0.194,-0.51,0.213,0.002,0.002,10250.0,5821.0,1.0
"beta_cos[Pollock, AJ]",-0.143,0.191,-0.517,0.205,0.002,0.003,9255.0,5523.0,1.0
"beta_cos[Madris, Bligh]",-0.163,0.188,-0.505,0.196,0.002,0.002,12273.0,6144.0,1.0
"beta_cos[Duran, Jarren]",-0.248,0.194,-0.633,0.092,0.002,0.002,12881.0,6120.0,1.0
"beta_cos[Dubón, Mauricio]",-0.261,0.195,-0.615,0.113,0.002,0.003,12558.0,5467.0,1.0
"beta_cos[Muñoz, Yairo]",-0.176,0.2,-0.566,0.187,0.002,0.002,11293.0,5816.0,1.0
"beta_cos[Bernard, Wynton]",-0.234,0.201,-0.614,0.151,0.002,0.003,10374.0,5326.0,1.0
"beta_cos[Vavra, Terrin]",-0.158,0.191,-0.52,0.204,0.002,0.002,13355.0,5948.0,1.0
"beta_cos[Melendez, MJ]",-0.229,0.142,-0.496,0.042,0.001,0.002,10758.0,6207.0,1.0
"beta_cos[Jones, Nolan]",-0.147,0.172,-0.468,0.186,0.002,0.002,11117.0,6034.0,1.0
"beta_cos[Carpenter, Matt]",-0.249,0.197,-0.62,0.117,0.002,0.002,10494.0,5691.0,1.0
"beta_cos[Díaz, Yusniel]",-0.228,0.203,-0.609,0.156,0.002,0.003,11334.0,5518.0,1.0
"beta_cos[Pratto, Nick]",-0.122,0.196,-0.49,0.252,0.002,0.003,11609.0,5397.0,1.0
"beta_cos[Ruiz, Esteury]",-0.178,0.188,-0.54,0.164,0.002,0.002,11354.0,5919.0,1.0
"beta_cos[Reynolds, Matt]",-0.235,0.196,-0.604,0.125,0.002,0.002,13310.0,6084.0,1.0
"beta_cos[Lewis, Kyle]",-0.274,0.204,-0.649,0.125,0.002,0.003,9186.0,5847.0,1.0
"beta_cos[Joe, Connor]",0.03,0.151,-0.248,0.32,0.002,0.002,9868.0,5671.0,1.0
"beta_cos[Hernandez, Elier]",-0.237,0.197,-0.597,0.144,0.002,0.003,13221.0,5097.0,1.0
"beta_cos[Hicklen, Brewer]",-0.219,0.199,-0.588,0.163,0.002,0.002,10374.0,6296.0,1.0
"beta_cos[Inciarte, Ender]",-0.261,0.198,-0.64,0.104,0.002,0.003,11261.0,4807.0,1.0
"beta_cos[Arroyo, Christian]",-0.312,0.19,-0.667,0.05,0.002,0.002,11472.0,6029.0,1.0
"beta_cos[Kwan, Steven]",-0.112,0.192,-0.471,0.25,0.002,0.002,9841.0,5591.0,1.0
"beta_cos[Wilson, Marcus]",-0.225,0.202,-0.595,0.163,0.002,0.003,12414.0,5577.0,1.0
"beta_cos[Crook, Narciso]",-0.237,0.202,-0.632,0.135,0.002,0.003,11536.0,5308.0,1.0
"beta_cos[Upton, Justin]",-0.236,0.199,-0.622,0.121,0.002,0.002,10699.0,5422.0,1.0
"beta_cos[Alvarez, Eddy]",-0.283,0.194,-0.649,0.076,0.002,0.003,12295.0,5447.0,1.0
"beta_cos[Haseley, Adam]",-0.221,0.2,-0.619,0.139,0.002,0.003,11459.0,5916.0,1.0
"beta_cos[Plummer, Nick]",-0.233,0.203,-0.601,0.165,0.002,0.003,13404.0,5699.0,1.0
"beta_cos[Walker, Steele]",-0.235,0.196,-0.578,0.16,0.002,0.003,11574.0,6204.0,1.0
"beta_cos[Demeritte, Travis]",-0.197,0.192,-0.551,0.17,0.002,0.002,10958.0,5778.0,1.0
"beta_cos[Alberto, Hanser]",-0.172,0.197,-0.54,0.201,0.002,0.003,9607.0,5397.0,1.0
"beta_cos[Whitefield, Aaron]",-0.179,0.2,-0.56,0.186,0.002,0.002,9133.0,5763.0,1.0
"beta_cos[Mayfield, Jack]",-0.215,0.204,-0.605,0.157,0.002,0.003,11891.0,5643.0,1.0
"beta_cos[Abrams, CJ]",-0.23,0.203,-0.61,0.147,0.002,0.003,11446.0,5826.0,1.0
"beta_cos[Nevin, Tyler]",-0.126,0.191,-0.499,0.218,0.002,0.002,12105.0,5646.0,1.0
"beta_cos[Marsh, Brandon]",-0.214,0.191,-0.567,0.148,0.002,0.002,11401.0,5940.0,1.0
"beta_cos[McDonald, Mickey]",-0.236,0.202,-0.627,0.137,0.002,0.003,12256.0,5164.0,1.0
"beta_cos[Lopes, Christian]",-0.233,0.201,-0.606,0.157,0.002,0.002,11519.0,5858.0,1.0
"beta_cos[Jackson, Drew]",-0.223,0.197,-0.612,0.125,0.002,0.002,10616.0,5587.0,1.0
"beta_cos[Dickerson, Alex]",-0.225,0.206,-0.605,0.171,0.002,0.003,11025.0,5929.0,1.0
"beta_cos[Hicks, Aaron]",-0.32,0.19,-0.669,0.038,0.002,0.003,12515.0,5265.0,1.0
"beta_cos[Canario, Alexander]",-0.251,0.197,-0.621,0.12,0.002,0.003,12986.0,5712.0,1.0
"beta_cos[Perkins, Blake]",-0.27,0.188,-0.606,0.097,0.001,0.003,16577.0,5185.0,1.0
"beta_cos[Pache, Cristian]",-0.23,0.207,-0.616,0.167,0.002,0.003,11075.0,5929.0,1.0
"beta_cos[Andujar, Miguel]",-0.202,0.189,-0.57,0.142,0.002,0.003,12463.0,5329.0,1.0
"beta_cos[Basabe, Osleivis]",-0.196,0.202,-0.562,0.193,0.002,0.003,11121.0,6054.0,1.0
"beta_cos[Walker, Jordan]",-0.335,0.136,-0.584,-0.074,0.001,0.002,11709.0,5572.0,1.0
"beta_cos[Steer, Spencer]",-0.245,0.198,-0.646,0.114,0.002,0.002,9710.0,6132.0,1.0
"beta_cos[Matos, Luis]",-0.203,0.188,-0.543,0.168,0.002,0.002,12365.0,5813.0,1.0
"beta_cos[Senzel, Nick]",-0.258,0.191,-0.624,0.095,0.002,0.002,12375.0,6094.0,1.0
"beta_cos[Bouchard, Sean]",-0.191,0.173,-0.518,0.139,0.001,0.002,14267.0,5751.0,1.0
"beta_cos[Kjerstad, Heston]",-0.303,0.197,-0.697,0.051,0.002,0.003,11924.0,5343.0,1.0
"beta_cos[Frelick, Sal]",-0.335,0.15,-0.622,-0.059,0.001,0.002,12351.0,5777.0,1.0
"beta_cos[Hernández, Enrique]",-0.245,0.201,-0.629,0.124,0.002,0.003,12345.0,5712.0,1.0
"beta_cos[Goodman, Hunter]",-0.248,0.173,-0.578,0.071,0.002,0.002,11511.0,6253.0,1.0
"beta_cos[Davis, Henry]",-0.008,0.17,-0.338,0.3,0.002,0.002,10198.0,5651.0,1.0
"beta_cos[Hampson, Garrett]",-0.25,0.19,-0.623,0.092,0.002,0.002,11186.0,5658.0,1.0
"beta_cos[Blanco, Dairon]",-0.248,0.18,-0.593,0.086,0.002,0.002,11807.0,6114.0,1.0
"beta_cos[Morel, Christopher]",-0.17,0.192,-0.527,0.194,0.002,0.002,12315.0,5919.0,1.0
"beta_cos[Palacios, Richie]",-0.201,0.185,-0.555,0.14,0.002,0.002,10962.0,5891.0,1.0
"beta_cos[Adams, Jordyn]",-0.197,0.192,-0.543,0.183,0.002,0.002,12216.0,5931.0,1.0
"beta_cos[Colás, Oscar]",-0.267,0.161,-0.577,0.031,0.002,0.002,11144.0,5718.0,1.0
"beta_cos[Encarnacion-Strand, Christian]",-0.229,0.201,-0.617,0.137,0.002,0.003,9890.0,6204.0,1.0
"beta_cos[Cabbage, Trey]",-0.319,0.189,-0.679,0.035,0.002,0.002,11236.0,5219.0,1.0
"beta_cos[Carter, Evan]",-0.181,0.195,-0.554,0.177,0.002,0.003,12134.0,5590.0,1.0
"beta_cos[Ibáñez, Andy]",-0.246,0.202,-0.615,0.143,0.002,0.003,13413.0,5430.0,1.0
"beta_cos[Noda, Ryan]",-0.227,0.199,-0.606,0.148,0.002,0.002,10923.0,5871.0,1.0
"beta_cos[Martínez, J.P.]",-0.241,0.198,-0.611,0.125,0.002,0.003,11002.0,5680.0,1.0
"beta_cos[Abreu, Wilyer]",-0.398,0.152,-0.683,-0.117,0.001,0.002,12155.0,5939.0,1.0
"beta_cos[Canzone, Dominic]",-0.237,0.173,-0.551,0.092,0.001,0.002,14651.0,6188.0,1.0
"beta_cos[Greene, Riley]",-0.231,0.194,-0.6,0.138,0.002,0.002,10227.0,5777.0,1.0
"beta_cos[Marlowe, Cade]",-0.238,0.196,-0.6,0.139,0.002,0.003,12845.0,5507.0,1.0
"beta_cos[Castro, Harold]",-0.291,0.197,-0.67,0.078,0.002,0.002,11037.0,5654.0,1.0
"beta_cos[Garrett, Stone]",-0.238,0.193,-0.609,0.124,0.002,0.002,11524.0,5494.0,1.0
"beta_cos[Hopkins, TJ]",-0.252,0.193,-0.617,0.108,0.002,0.002,10532.0,5565.0,1.0
"beta_cos[Peralta, David]",-0.248,0.173,-0.567,0.086,0.002,0.002,11023.0,5730.0,1.0
"beta_cos[Thomas, Cody]",-0.189,0.193,-0.568,0.17,0.002,0.003,12452.0,5510.0,1.0
"beta_cos[Butler, Lawrence]",-0.326,0.145,-0.59,-0.047,0.001,0.002,11733.0,5217.0,1.0
"beta_cos[Wilson, Weston]",-0.252,0.2,-0.617,0.125,0.002,0.002,13202.0,5901.0,1.0
"beta_cos[Kiner-Falefa, Isiah]",-0.317,0.194,-0.691,0.04,0.002,0.002,9585.0,5805.0,1.0
"beta_cos[Cowser, Colton]",-0.236,0.197,-0.618,0.12,0.002,0.003,12680.0,5801.0,1.0
"beta_cos[DeLuca, Jonny]",-0.242,0.173,-0.575,0.073,0.002,0.002,11181.0,5283.0,1.0
"beta_cos[Haase, Eric]",-0.231,0.201,-0.617,0.14,0.002,0.003,12364.0,5501.0,1.0
"beta_cos[Arias, Gabriel]",-0.259,0.188,-0.616,0.094,0.002,0.002,11935.0,5998.0,1.0
"beta_cos[Remillard, Zach]",-0.258,0.205,-0.645,0.122,0.002,0.003,11442.0,5550.0,1.0
"beta_cos[Fry, David]",-0.191,0.195,-0.545,0.195,0.002,0.002,11223.0,4839.0,1.0
"beta_cos[Kohlwey, Taylor]",-0.23,0.202,-0.626,0.143,0.002,0.003,12493.0,5033.0,1.0
"beta_cos[Outman, James]",-0.215,0.201,-0.591,0.158,0.002,0.002,11679.0,6031.0,1.0
"beta_cos[Fletcher, Dominic]",-0.26,0.157,-0.556,0.034,0.001,0.002,12317.0,5665.0,1.0
"beta_cos[Jiménez, Eloy]",-0.232,0.193,-0.584,0.147,0.002,0.002,10018.0,5384.0,1.0
"beta_cos[Odor, Rougned]",-0.23,0.203,-0.62,0.14,0.002,0.003,11924.0,5661.0,1.0
"beta_cos[Davis, Jonathan]",-0.228,0.204,-0.614,0.151,0.002,0.003,10608.0,5667.0,1.0
"beta_cos[Harrison, Josh]",-0.211,0.202,-0.586,0.177,0.002,0.003,13612.0,5802.0,1.0
"beta_cos[Clemens, Kody]",-0.253,0.202,-0.633,0.12,0.002,0.003,12496.0,5953.0,1.0
"beta_cos[Calhoun, Willie]",-0.097,0.201,-0.471,0.28,0.002,0.003,10506.0,5742.0,1.0
"beta_cos[Smith-Njigba, Canaan]",-0.14,0.199,-0.505,0.239,0.002,0.003,11335.0,5920.0,1.0
"beta_cos[Lukes, Nathan]",-0.245,0.197,-0.618,0.127,0.002,0.002,11028.0,5537.0,1.0
"beta_cos[Julks, Corey]",-0.3,0.184,-0.66,0.029,0.002,0.002,10725.0,6064.0,1.0
"beta_cos[Wiemer, Joey]",-0.29,0.194,-0.652,0.078,0.002,0.003,10516.0,5612.0,1.0
"beta_cos[Miller, Owen]",-0.233,0.198,-0.608,0.133,0.002,0.002,11913.0,6097.0,1.0
"beta_cos[Pérez, Wenceel]",-0.285,0.167,-0.601,0.026,0.002,0.002,11482.0,5625.0,1.0
"beta_cos[Noel, Jhonkensy]",-0.109,0.179,-0.428,0.248,0.002,0.002,10035.0,6180.0,1.0
"beta_cos[Schneemann, Daniel]",-0.181,0.193,-0.546,0.178,0.002,0.002,13723.0,5840.0,1.0
"beta_cos[DeLoach, Zach]",-0.246,0.195,-0.636,0.107,0.002,0.003,11784.0,5228.0,1.0
"beta_cos[Duran, Ezequiel]",-0.175,0.2,-0.56,0.191,0.002,0.002,12228.0,6208.0,1.0
"beta_cos[Campero, Gustavo]",-0.269,0.192,-0.649,0.07,0.002,0.003,13851.0,5877.0,1.0
"beta_cos[Chourio, Jackson]",-0.198,0.175,-0.516,0.132,0.002,0.002,11480.0,5386.0,1.0
"beta_cos[Lockridge, Brandon]",-0.236,0.197,-0.617,0.123,0.002,0.003,12203.0,6133.0,1.0
"beta_cos[Alcántara, Kevin]",-0.23,0.198,-0.598,0.14,0.002,0.003,13190.0,5852.0,1.0
"beta_cos[Pages, Andy]",-0.154,0.179,-0.496,0.183,0.002,0.002,12708.0,5996.0,1.0
"beta_cos[Yorke, Nick]",-0.219,0.201,-0.603,0.157,0.002,0.003,13768.0,6203.0,1.0
"beta_cos[Robles, Victor]",-0.253,0.184,-0.594,0.098,0.002,0.002,11961.0,5780.0,1.0
"beta_cos[Berroa, Steward]",-0.259,0.198,-0.643,0.107,0.002,0.002,11067.0,6222.0,1.0
"beta_cos[Crews, Dylan]",-0.141,0.18,-0.484,0.204,0.002,0.002,12324.0,6313.0,1.0
"beta_cos[O'Neill, Tyler]",-0.362,0.183,-0.701,-0.004,0.002,0.002,11605.0,6411.0,1.0
"beta_cos[Mitchell, Garrett]",-0.301,0.193,-0.644,0.081,0.002,0.003,12479.0,5287.0,1.0
"beta_cos[Beck, Jordan]",-0.258,0.191,-0.613,0.11,0.002,0.002,12515.0,5757.0,1.0
"beta_cos[Scott II, Victor]",-0.23,0.201,-0.602,0.154,0.002,0.003,11161.0,5926.0,1.0
"beta_cos[Conine, Griffin]",-0.191,0.189,-0.537,0.168,0.002,0.003,11220.0,5615.0,1.0
"beta_cos[Rafaela, Ceddanne]",-0.225,0.2,-0.599,0.159,0.002,0.003,10501.0,5702.0,1.0
"beta_cos[Cook, Billy]",-0.211,0.201,-0.592,0.165,0.002,0.003,12679.0,5883.0,1.0
"beta_cos[Barger, Addison]",-0.142,0.187,-0.512,0.189,0.002,0.002,12096.0,5609.0,1.0
"beta_cos[Rosario, Amed]",-0.177,0.178,-0.517,0.156,0.002,0.002,11874.0,5398.0,1.0
"beta_cos[Hinds, Rece]",-0.264,0.193,-0.643,0.081,0.002,0.002,12145.0,5581.0,1.0
"beta_cos[Hensley, David]",-0.076,0.198,-0.441,0.304,0.002,0.002,9931.0,5923.0,1.0
"beta_cos[Fabian, Sandro]",-0.228,0.202,-0.626,0.14,0.002,0.003,14285.0,6038.0,1.0
"beta_cos[Helman, Michael]",-0.227,0.198,-0.584,0.161,0.002,0.002,11517.0,6211.0,1.0
"beta_cos[Garcia, Maikel]",-0.228,0.203,-0.63,0.139,0.002,0.003,9828.0,5812.0,1.0
"beta_cos[Espinal, Santiago]",-0.268,0.201,-0.664,0.102,0.002,0.003,10895.0,5431.0,1.0
"beta_cos[Gentry, Tyler]",-0.23,0.204,-0.623,0.145,0.002,0.003,10950.0,5859.0,1.0
"beta_cos[Bae, Ji Hwan]",-0.146,0.191,-0.495,0.227,0.002,0.003,12037.0,5345.0,1.0
"beta_cos[León, Pedro]",-0.278,0.199,-0.64,0.099,0.002,0.003,12368.0,5541.0,1.0
"beta_cos[Vilade, Ryan]",-0.258,0.198,-0.63,0.116,0.002,0.003,10666.0,5615.0,1.0
"beta_cos[Wall, Forrest]",-0.23,0.203,-0.606,0.157,0.002,0.003,10314.0,5602.0,1.0
"beta_cos[Vosler, Jason]",-0.256,0.203,-0.639,0.125,0.002,0.003,11976.0,5961.0,1.0
"beta_cos[Triolo, Jared]",-0.224,0.201,-0.615,0.141,0.002,0.003,11582.0,5687.0,1.0
"beta_cos[Loperfido, Joey]",-0.148,0.196,-0.522,0.221,0.002,0.003,10809.0,5466.0,1.0
"beta_cos[Martínez, Angel]",-0.231,0.198,-0.607,0.14,0.002,0.003,11779.0,5662.0,1.0
"beta_cos[Myers, Dane]",-0.123,0.185,-0.462,0.227,0.002,0.002,9959.0,5625.0,1.0
"beta_cos[Hill, Derek]",-0.23,0.198,-0.601,0.145,0.002,0.003,11827.0,5337.0,1.0
"beta_cos[Jones, Jahmai]",-0.208,0.198,-0.583,0.164,0.002,0.003,12395.0,4982.0,1.0
"beta_cos[Dunn, Blake]",-0.227,0.199,-0.584,0.161,0.002,0.003,11397.0,5824.0,1.0
"beta_cos[Rodríguez, Johnathan]",-0.239,0.19,-0.615,0.096,0.002,0.003,11450.0,5683.0,1.0
"beta_cos[Jordan, Levi]",-0.228,0.199,-0.62,0.14,0.002,0.003,12741.0,5612.0,1.0
"beta_cos[Jones, Greg]",-0.194,0.198,-0.565,0.176,0.002,0.002,11536.0,6289.0,1.0
"beta_cos[Dalbec, Bobby]",-0.228,0.204,-0.608,0.168,0.002,0.002,12413.0,5646.0,1.0
"beta_cos[Hurtubise, Jacob]",-0.227,0.198,-0.606,0.148,0.002,0.003,13550.0,5761.0,1.0
"beta_cos[Reynolds, Bryan]",-0.019,0.194,-0.39,0.333,0.002,0.002,9166.0,5708.0,1.0
"beta_cos[Florial, Estevan]",-0.239,0.193,-0.617,0.11,0.002,0.002,10891.0,5691.0,1.0
"beta_cos[Siani, Michael]",-0.216,0.202,-0.596,0.162,0.002,0.003,12000.0,5359.0,1.0
"beta_sin[Renfroe, Hunter]",-0.268,0.074,-0.408,-0.13,0.001,0.001,12359.0,6157.0,1.0
"beta_sin[Tucker, Kyle]",-0.389,0.077,-0.533,-0.245,0.001,0.001,9842.0,6057.0,1.0
"beta_sin[Pederson, Joc]",-0.267,0.116,-0.487,-0.048,0.001,0.001,11042.0,5156.0,1.0
"beta_sin[Betts, Mookie]",-0.241,0.084,-0.398,-0.08,0.001,0.001,13547.0,5786.0,1.0
"beta_sin[Souza Jr., Steven]",-0.236,0.128,-0.471,0.012,0.001,0.002,10637.0,5596.0,1.0
"beta_sin[Slater, Austin]",-0.255,0.116,-0.464,-0.025,0.001,0.002,13343.0,5492.0,1.0
"beta_sin[Soler, Jorge]",-0.255,0.101,-0.437,-0.059,0.001,0.001,12059.0,6260.0,1.0
"beta_sin[Brantley, Michael]",-0.265,0.128,-0.519,-0.038,0.001,0.002,10496.0,5739.0,1.0
"beta_sin[Duvall, Adam]",-0.189,0.106,-0.383,0.018,0.001,0.001,12929.0,5587.0,1.0
"beta_sin[Verdugo, Alex]",-0.404,0.101,-0.604,-0.228,0.001,0.001,8182.0,5809.0,1.0
"beta_sin[García, Avisaíl]",-0.318,0.091,-0.494,-0.155,0.001,0.001,10622.0,6143.0,1.0
"beta_sin[García, Leury]",-0.266,0.118,-0.491,-0.045,0.001,0.002,10482.0,5723.0,1.0
"beta_sin[Engel, Adam]",-0.272,0.117,-0.485,-0.044,0.001,0.002,13695.0,6126.0,1.0
"beta_sin[Wade Jr., LaMonte]",-0.269,0.113,-0.479,-0.049,0.001,0.001,12640.0,5671.0,1.0
"beta_sin[Margot, Manuel]",-0.354,0.104,-0.548,-0.161,0.001,0.001,8762.0,5426.0,1.0
"beta_sin[Thompson, Trayce]",-0.255,0.119,-0.481,-0.032,0.001,0.002,11556.0,5954.0,1.0
"beta_sin[Carlson, Dylan]",-0.333,0.098,-0.521,-0.154,0.001,0.001,9501.0,5903.0,1.0
"beta_sin[Lagares, Juan]",-0.25,0.124,-0.477,-0.01,0.001,0.002,12411.0,5600.0,1.0
"beta_sin[Haniger, Mitch]",-0.18,0.087,-0.348,-0.016,0.001,0.001,12322.0,5572.0,1.0
"beta_sin[Rojas, Jose]",-0.286,0.122,-0.526,-0.063,0.001,0.002,11136.0,5711.0,1.0
"beta_sin[Zimmer, Bradley]",-0.187,0.122,-0.412,0.047,0.001,0.002,10483.0,5779.0,1.0
"beta_sin[García, Adolis]",-0.299,0.08,-0.45,-0.151,0.001,0.001,13381.0,6435.0,1.0
"beta_sin[Hernández, Teoscar]",-0.296,0.082,-0.449,-0.143,0.001,0.001,15132.0,5713.0,1.0
"beta_sin[Yastrzemski, Mike]",-0.278,0.086,-0.447,-0.124,0.001,0.001,11080.0,5907.0,1.0
"beta_sin[Bryant, Kris]",-0.285,0.106,-0.486,-0.083,0.001,0.001,10310.0,6178.0,1.0
"beta_sin[Arozarena, Randy]",-0.25,0.116,-0.466,-0.03,0.001,0.002,13371.0,5759.0,1.0
"beta_sin[Calhoun, Kole]",-0.19,0.109,-0.389,0.023,0.001,0.001,11345.0,5775.0,1.0
"beta_sin[Hilliard, Sam]",-0.248,0.122,-0.471,-0.016,0.001,0.002,10551.0,5503.0,1.0
"beta_sin[Cameron, Daz]",-0.273,0.114,-0.486,-0.063,0.001,0.001,11571.0,6303.0,1.0
"beta_sin[Vierling, Matt]",-0.382,0.119,-0.608,-0.163,0.001,0.002,8463.0,5689.0,1.0
"beta_sin[De La Cruz, Bryan]",-0.202,0.107,-0.396,0.002,0.001,0.001,11890.0,5882.0,1.0
"beta_sin[Harper, Bryce]",-0.227,0.099,-0.411,-0.038,0.001,0.001,12402.0,6166.0,1.0
"beta_sin[Barrera, Luis]",-0.219,0.126,-0.454,0.033,0.001,0.002,12243.0,5224.0,1.0
"beta_sin[O'Hearn, Ryan]",-0.142,0.114,-0.354,0.073,0.001,0.001,10270.0,6445.0,1.0
"beta_sin[Kepler, Max]",-0.221,0.08,-0.377,-0.078,0.001,0.001,13682.0,6118.0,1.0
"beta_sin[Merrifield, Whit]",-0.213,0.12,-0.445,0.014,0.001,0.001,10009.0,6201.0,1.0
"beta_sin[Hays, Austin]",-0.25,0.108,-0.46,-0.045,0.001,0.001,14298.0,5789.0,1.0
"beta_sin[Grichuk, Randal]",-0.361,0.098,-0.548,-0.184,0.001,0.001,9872.0,6228.0,1.0
"beta_sin[Soto, Juan]",-0.076,0.077,-0.214,0.074,0.001,0.001,9232.0,6528.0,1.0
"beta_sin[Martinez, J.D.]",-0.214,0.128,-0.465,0.027,0.001,0.002,12166.0,5172.0,1.0
"beta_sin[Smith, Pavin]",-0.444,0.114,-0.662,-0.24,0.001,0.001,5796.0,5406.0,1.0
"beta_sin[Blackmon, Charlie]",-0.29,0.09,-0.467,-0.126,0.001,0.001,10830.0,5781.0,1.0
"beta_sin[Dozier, Hunter]",-0.217,0.109,-0.431,-0.023,0.001,0.001,10400.0,6225.0,1.0
"beta_sin[Cave, Jake]",-0.387,0.114,-0.601,-0.171,0.001,0.001,8460.0,6075.0,1.0
"beta_sin[Conforto, Michael]",-0.23,0.093,-0.398,-0.049,0.001,0.001,12761.0,6206.0,1.0
"beta_sin[Myers, Wil]",-0.163,0.104,-0.369,0.028,0.001,0.001,10999.0,5825.0,1.0
"beta_sin[Tsutsugo, Yoshi]",-0.173,0.125,-0.406,0.065,0.001,0.002,11719.0,5792.0,1.0
"beta_sin[Judge, Aaron]",-0.258,0.095,-0.437,-0.077,0.001,0.001,13469.0,6131.0,1.0
"beta_sin[Taylor, Tyrone]",-0.092,0.111,-0.299,0.117,0.001,0.001,8953.0,5512.0,1.0
"beta_sin[Castellanos, Nick]",-0.183,0.07,-0.313,-0.054,0.001,0.001,11377.0,5720.0,1.0
"beta_sin[Profar, Jurickson]",-0.21,0.123,-0.445,0.022,0.001,0.002,13018.0,6066.0,1.0
"beta_sin[Pinder, Chad]",-0.399,0.125,-0.631,-0.172,0.001,0.001,8436.0,6367.0,1.0
"beta_sin[Springer, George]",-0.119,0.094,-0.286,0.062,0.001,0.001,9729.0,6326.0,1.0
"beta_sin[Martini, Nick]",-0.231,0.125,-0.474,-0.002,0.001,0.002,10624.0,5479.0,1.0
"beta_sin[Grossman, Robbie]",-0.252,0.096,-0.437,-0.075,0.001,0.001,11129.0,6120.0,1.0
"beta_sin[Rondon, José]",-0.239,0.127,-0.473,0.008,0.001,0.002,11060.0,6225.0,1.0
"beta_sin[Ramos, Henry]",-0.225,0.127,-0.464,0.017,0.001,0.002,12808.0,5418.0,1.0
"beta_sin[Lux, Gavin]",-0.241,0.127,-0.489,-0.0,0.001,0.002,12052.0,5439.0,1.0
"beta_sin[Aquino, Aristides]",-0.198,0.113,-0.424,0.008,0.001,0.002,14353.0,6255.0,1.0
"beta_sin[Nootbaar, Lars]",-0.335,0.099,-0.527,-0.152,0.001,0.001,9254.0,5676.0,1.0
"beta_sin[Sánchez, Jesús]",-0.192,0.096,-0.369,-0.009,0.001,0.001,11999.0,5794.0,1.0
"beta_sin[Pillar, Kevin]",-0.211,0.116,-0.424,0.015,0.001,0.001,10733.0,6200.0,1.0
"beta_sin[Isbel, Kyle]",-0.329,0.116,-0.553,-0.118,0.001,0.001,10861.0,6120.0,1.0
"beta_sin[Gamel, Ben]",-0.271,0.112,-0.478,-0.058,0.001,0.001,13113.0,5984.0,1.0
"beta_sin[Phillips, Brett]",-0.21,0.112,-0.424,0.004,0.001,0.001,11783.0,5826.0,1.0
"beta_sin[Mercado, Óscar]",-0.288,0.116,-0.503,-0.063,0.001,0.001,11749.0,5740.0,1.0
"beta_sin[Bradley Jr., Jackie]",-0.348,0.111,-0.565,-0.152,0.001,0.001,9553.0,6198.0,1.0
"beta_sin[Vaughn, Andrew]",-0.319,0.118,-0.54,-0.1,0.001,0.002,10605.0,5627.0,1.0
"beta_sin[Bauers, Jake]",-0.246,0.119,-0.471,-0.022,0.001,0.002,12512.0,5603.0,1.0
"beta_sin[Brown, Seth]",-0.216,0.101,-0.397,-0.014,0.001,0.001,14591.0,6383.0,1.0
"beta_sin[Santander, Anthony]",-0.214,0.077,-0.357,-0.066,0.001,0.001,15871.0,5920.0,1.0
"beta_sin[Daza, Yonathan]",-0.259,0.124,-0.488,-0.019,0.001,0.002,11825.0,6280.0,1.0
"beta_sin[Happ, Ian]",-0.234,0.127,-0.473,0.011,0.001,0.002,11534.0,5131.0,1.0
"beta_sin[Tucker, Cole]",-0.243,0.123,-0.479,-0.014,0.001,0.002,15020.0,6408.0,1.0
"beta_sin[McKenna, Ryan]",-0.202,0.117,-0.431,0.015,0.001,0.001,13866.0,6108.0,1.0
"beta_sin[Peters, DJ]",-0.237,0.127,-0.473,0.009,0.001,0.002,10699.0,5978.0,1.0
"beta_sin[Varsho, Daulton]",-0.18,0.112,-0.404,0.018,0.001,0.002,11366.0,5831.0,1.0
"beta_sin[McCormick, Chas]",-0.165,0.115,-0.378,0.055,0.001,0.002,9129.0,5486.0,1.0
"beta_sin[Rooker, Brent]",-0.328,0.121,-0.557,-0.1,0.001,0.001,10807.0,5918.0,1.0
"beta_sin[Raley, Luke]",-0.229,0.114,-0.441,-0.019,0.001,0.001,11944.0,6094.0,1.0
"beta_sin[Stanton, Giancarlo]",-0.172,0.111,-0.386,0.03,0.001,0.001,10452.0,6095.0,1.0
"beta_sin[Reyes, Franmil]",-0.23,0.123,-0.461,0.003,0.001,0.002,13265.0,5761.0,1.0
"beta_sin[Gordon, Nick]",-0.223,0.128,-0.47,0.017,0.001,0.002,10546.0,5437.0,1.0
"beta_sin[Goodwin, Brian]",-0.305,0.117,-0.524,-0.08,0.001,0.001,10132.0,6065.0,1.0
"beta_sin[Siri, Jose]",-0.254,0.129,-0.496,-0.011,0.001,0.002,11104.0,5119.0,1.0
"beta_sin[Canha, Mark]",-0.222,0.118,-0.44,0.003,0.001,0.001,11093.0,6100.0,1.0
"beta_sin[Ramírez, Harold]",-0.226,0.114,-0.439,-0.003,0.001,0.002,13217.0,5438.0,1.0
"beta_sin[Gonzalez, Romy]",-0.228,0.13,-0.486,0.011,0.001,0.002,15014.0,6189.0,1.0
"beta_sin[Peterson, Jace]",-0.246,0.122,-0.48,-0.01,0.001,0.002,14719.0,5734.0,1.0
"beta_sin[Reyes, Victor]",-0.24,0.105,-0.442,-0.043,0.001,0.001,10551.0,5057.0,1.0
"beta_sin[Rivas III, Alfonso]",-0.225,0.129,-0.449,0.039,0.001,0.002,12463.0,6378.0,1.0
"beta_sin[Tatis Jr., Fernando]",-0.113,0.094,-0.282,0.068,0.001,0.001,9445.0,5250.0,1.0
"beta_sin[Gallo, Joey]",-0.271,0.103,-0.473,-0.079,0.001,0.001,13030.0,6450.0,1.0
"beta_sin[Refsnyder, Rob]",-0.162,0.112,-0.368,0.057,0.001,0.001,10765.0,5967.0,1.0
"beta_sin[McCarthy, Jake]",-0.118,0.1,-0.304,0.066,0.001,0.001,10490.0,5755.0,1.0
"beta_sin[Martin, Jason]",-0.242,0.129,-0.488,0.007,0.001,0.002,13280.0,5751.0,1.0
"beta_sin[Stewart, DJ]",-0.213,0.111,-0.414,0.006,0.001,0.001,11398.0,5683.0,1.0
"beta_sin[Adell, Jo]",-0.299,0.101,-0.498,-0.117,0.001,0.001,10265.0,6075.0,1.0
"beta_sin[Olivares, Edward]",-0.184,0.109,-0.384,0.027,0.001,0.001,11906.0,5579.0,1.0
"beta_sin[McKinney, Billy]",-0.2,0.118,-0.431,0.016,0.001,0.001,11824.0,6354.0,1.0
"beta_sin[Heyward, Jason]",-0.328,0.093,-0.508,-0.158,0.001,0.001,11312.0,6317.0,1.0
"beta_sin[Johnson, Daniel]",-0.225,0.123,-0.463,0.009,0.001,0.002,10788.0,5635.0,1.0
"beta_sin[Lowe, Josh]",-0.28,0.1,-0.465,-0.086,0.001,0.001,13189.0,5829.0,1.0
"beta_sin[Wisdom, Patrick]",-0.288,0.126,-0.523,-0.051,0.001,0.002,12292.0,6144.0,1.0
"beta_sin[Hermosillo, Michael]",-0.251,0.127,-0.512,-0.024,0.001,0.002,15647.0,5735.0,1.0
"beta_sin[Fairchild, Stuart]",-0.252,0.122,-0.498,-0.032,0.001,0.002,14045.0,5346.0,1.0
"beta_sin[Rojas, Josh]",-0.211,0.123,-0.45,0.017,0.001,0.002,11915.0,6207.0,1.0
"beta_sin[Akiyama, Shogo]",-0.245,0.13,-0.49,0.003,0.001,0.002,11935.0,5938.0,1.0
"beta_sin[Tapia, Raimel]",-0.305,0.118,-0.535,-0.088,0.001,0.001,11323.0,5498.0,1.0
"beta_sin[Dickerson, Corey]",-0.24,0.128,-0.497,-0.017,0.001,0.002,12709.0,5979.0,1.0
"beta_sin[Taylor, Chris]",-0.305,0.124,-0.544,-0.076,0.001,0.002,11439.0,6199.0,1.0
"beta_sin[Motter, Taylor]",-0.229,0.13,-0.472,0.021,0.001,0.002,10824.0,5956.0,1.0
"beta_sin[Chavis, Michael]",-0.255,0.128,-0.49,-0.003,0.001,0.002,9044.0,5492.0,1.0
"beta_sin[Edman, Tommy]",-0.372,0.12,-0.605,-0.157,0.001,0.001,8628.0,5687.0,1.0
"beta_sin[Polanco, Gregory]",-0.128,0.107,-0.328,0.078,0.001,0.001,8812.0,6127.0,1.0
"beta_sin[Dyson, Jarrod]",-0.275,0.122,-0.505,-0.045,0.001,0.002,12536.0,5399.0,1.0
"beta_sin[Lamb, Jake]",-0.231,0.124,-0.481,-0.007,0.001,0.002,11845.0,5992.0,1.0
"beta_sin[Piscotty, Stephen]",-0.228,0.115,-0.444,-0.012,0.001,0.001,9959.0,6139.0,1.0
"beta_sin[Mateo, Jorge]",-0.228,0.126,-0.463,0.016,0.001,0.002,11657.0,5188.0,1.0
"beta_sin[Naquin, Tyler]",-0.342,0.117,-0.558,-0.115,0.001,0.002,10008.0,5595.0,1.0
"beta_sin[Meyers, Jake]",-0.244,0.126,-0.489,-0.011,0.001,0.002,10273.0,5722.0,1.0
"beta_sin[Difo, Wilmer]",-0.248,0.127,-0.488,-0.006,0.001,0.002,13091.0,5911.0,1.0
"beta_sin[Larnach, Trevor]",-0.24,0.115,-0.459,-0.023,0.001,0.002,13404.0,5547.0,1.0
"beta_sin[Eaton, Adam]",-0.227,0.113,-0.442,-0.013,0.001,0.001,12553.0,5735.0,1.0
"beta_sin[Almora Jr., Albert]",-0.255,0.122,-0.48,-0.028,0.001,0.002,13039.0,5902.0,1.0
"beta_sin[Deichmann, Greg]",-0.232,0.13,-0.483,0.014,0.001,0.002,9825.0,5157.0,1.0
"beta_sin[Bellinger, Cody]",-0.247,0.118,-0.478,-0.033,0.001,0.002,12515.0,6327.0,1.0
"beta_sin[Fraley, Jake]",-0.259,0.1,-0.443,-0.07,0.001,0.001,12290.0,5822.0,1.0
"beta_sin[Brinson, Lewis]",-0.218,0.133,-0.466,0.041,0.001,0.002,11153.0,5546.0,1.0
"beta_sin[Beaty, Matt]",-0.229,0.123,-0.454,0.004,0.001,0.002,13178.0,5903.0,1.0
"beta_sin[Fargas, Johneshwy]",-0.219,0.127,-0.45,0.034,0.001,0.002,13251.0,5798.0,1.0
"beta_sin[Bell, Josh]",-0.238,0.13,-0.485,0.006,0.001,0.002,12653.0,5919.0,1.0
"beta_sin[Marisnick, Jake]",-0.251,0.129,-0.498,-0.009,0.001,0.002,11675.0,6040.0,1.0
"beta_sin[Parra, Gerardo]",-0.247,0.128,-0.481,0.0,0.001,0.002,10844.0,6125.0,1.0
"beta_sin[Estrada, Thairo]",-0.245,0.13,-0.489,0.01,0.001,0.002,11561.0,5428.0,1.0
"beta_sin[Park, Hoy]",-0.261,0.126,-0.497,-0.023,0.001,0.002,11693.0,5447.0,1.0
"beta_sin[Laureano, Ramón]",-0.187,0.092,-0.357,-0.01,0.001,0.001,13732.0,6354.0,1.0
"beta_sin[Schrock, Max]",-0.246,0.125,-0.477,-0.003,0.001,0.002,9847.0,6291.0,1.0
"beta_sin[Sheets, Gavin]",-0.34,0.097,-0.538,-0.169,0.001,0.001,9328.0,5644.0,1.0
"beta_sin[Drury, Brandon]",-0.258,0.128,-0.501,-0.02,0.001,0.002,11494.0,5932.0,1.0
"beta_sin[Reddick, Josh]",-0.244,0.122,-0.471,-0.018,0.001,0.002,12350.0,5204.0,1.0
"beta_sin[Williams, Luke]",-0.234,0.128,-0.484,-0.002,0.001,0.002,11921.0,6160.0,1.0
"beta_sin[Dahl, David]",-0.18,0.127,-0.414,0.063,0.001,0.002,11180.0,5951.0,1.0
"beta_sin[Miller, Brad]",-0.249,0.124,-0.485,-0.017,0.001,0.002,12237.0,5518.0,1.0
"beta_sin[Cordero, Franchy]",-0.21,0.12,-0.43,0.024,0.001,0.002,12004.0,5479.0,1.0
"beta_sin[White, Eli]",-0.254,0.124,-0.487,-0.012,0.001,0.002,13197.0,5507.0,1.0
"beta_sin[Moore, Dylan]",-0.244,0.118,-0.469,-0.019,0.001,0.002,13453.0,6146.0,1.0
"beta_sin[Allen, Greg]",-0.188,0.125,-0.428,0.047,0.001,0.002,11204.0,5286.0,1.0
"beta_sin[Pham, Tommy]",-0.211,0.112,-0.413,0.005,0.001,0.001,14044.0,5735.0,1.0
"beta_sin[Adrianza, Ehire]",-0.15,0.128,-0.381,0.1,0.001,0.002,8753.0,5729.0,1.0
"beta_sin[Oliva, Jared]",-0.226,0.123,-0.448,0.017,0.001,0.002,11368.0,6135.0,1.0
"beta_sin[Lowe, Brandon]",-0.295,0.128,-0.537,-0.055,0.001,0.002,12242.0,5732.0,1.0
"beta_sin[McKinstry, Zach]",-0.348,0.121,-0.581,-0.135,0.001,0.001,10674.0,6051.0,1.0
"beta_sin[Ortega, Rafael]",-0.217,0.124,-0.446,0.02,0.001,0.002,11184.0,5824.0,1.0
"beta_sin[Reks, Zach]",-0.247,0.128,-0.49,-0.01,0.001,0.002,10852.0,6079.0,1.0
"beta_sin[Evans, Phillip]",-0.238,0.127,-0.487,-0.006,0.001,0.002,11802.0,5480.0,1.0
"beta_sin[Harrison, Monte]",-0.252,0.128,-0.499,-0.007,0.001,0.002,11932.0,5636.0,1.0
"beta_sin[Wade, Tyler]",-0.262,0.128,-0.497,-0.017,0.001,0.002,10740.0,5577.0,1.0
"beta_sin[O'Grady, Brian]",-0.234,0.13,-0.467,0.019,0.001,0.002,10969.0,5474.0,1.0
"beta_sin[LaMarre, Ryan]",-0.264,0.127,-0.529,-0.043,0.001,0.002,10453.0,5652.0,1.0
"beta_sin[Amburgey, Trey]",-0.241,0.127,-0.481,0.0,0.001,0.002,12510.0,5871.0,1.0
"beta_sin[Lorenzen, Michael]",-0.243,0.126,-0.479,0.001,0.001,0.002,10889.0,5846.0,1.0
"beta_sin[Cooper, Garrett]",-0.196,0.121,-0.42,0.04,0.001,0.002,12129.0,5677.0,1.0
"beta_sin[Almonte, Abraham]",-0.238,0.126,-0.469,0.008,0.001,0.002,12023.0,6168.0,1.0
"beta_sin[Bruján, Vidal]",-0.219,0.123,-0.452,0.013,0.001,0.002,13526.0,5754.0,1.0
"beta_sin[Ward, Taylor]",-0.226,0.093,-0.402,-0.05,0.001,0.001,11352.0,6409.0,1.0
"beta_sin[Kirilloff, Alex]",-0.238,0.119,-0.464,-0.017,0.001,0.001,10250.0,5654.0,1.0
"beta_sin[Mazara, Nomar]",-0.336,0.115,-0.546,-0.117,0.001,0.002,9076.0,5758.0,1.0
"beta_sin[Jankowski, Travis]",-0.305,0.118,-0.534,-0.084,0.001,0.002,10572.0,5392.0,1.0
"beta_sin[Rengifo, Luis]",-0.263,0.125,-0.507,-0.027,0.001,0.002,13913.0,5727.0,1.0
"beta_sin[Acuña Jr., Ronald]",-0.162,0.084,-0.316,-0.006,0.001,0.001,11474.0,5557.0,1.0
"beta_sin[Davis, Jaylin]",-0.228,0.127,-0.473,0.006,0.001,0.002,10523.0,5886.0,1.0
"beta_sin[Owings, Chris]",-0.229,0.127,-0.473,0.018,0.001,0.002,12789.0,6099.0,1.0
"beta_sin[Celestino, Gilberto]",-0.249,0.125,-0.499,-0.026,0.001,0.002,12362.0,6212.0,1.0
"beta_sin[Bolt, Skye]",-0.245,0.128,-0.488,-0.004,0.001,0.002,11579.0,5359.0,1.0
"beta_sin[Tauchman, Mike]",-0.239,0.116,-0.455,-0.016,0.001,0.001,11321.0,6322.0,1.0
"beta_sin[Frazier, Clint]",-0.257,0.121,-0.48,-0.02,0.001,0.002,11461.0,6028.0,1.0
"beta_sin[Biggio, Cavan]",-0.234,0.118,-0.458,-0.015,0.001,0.001,13264.0,6341.0,1.0
"beta_sin[González, Luis]",-0.24,0.117,-0.46,-0.013,0.001,0.002,13501.0,5602.0,1.0
"beta_sin[Naylor, Josh]",-0.177,0.113,-0.382,0.036,0.001,0.002,10279.0,5782.0,1.0
"beta_sin[Blankenhorn, Travis]",-0.237,0.126,-0.47,0.011,0.001,0.002,11278.0,5808.0,1.0
"beta_sin[Fisher, Derek]",-0.239,0.126,-0.489,-0.011,0.001,0.002,12506.0,5944.0,1.0
"beta_sin[Berti, Jon]",-0.258,0.128,-0.51,-0.028,0.001,0.002,9741.0,5904.0,1.0
"beta_sin[Thomas, Lane]",-0.341,0.087,-0.506,-0.177,0.001,0.001,10635.0,6511.0,1.0
"beta_sin[Locastro, Tim]",-0.195,0.126,-0.425,0.044,0.001,0.002,12035.0,5284.0,1.0
"beta_sin[Payton, Mark]",-0.244,0.131,-0.501,-0.005,0.001,0.002,12828.0,6079.0,1.0
"beta_sin[Wong, Kean]",-0.27,0.125,-0.528,-0.049,0.001,0.002,12561.0,5846.0,1.0
"beta_sin[Thomas, Dillon]",-0.243,0.126,-0.476,0.005,0.001,0.002,12672.0,6225.0,1.0
"beta_sin[Garlick, Kyle]",-0.236,0.121,-0.462,-0.004,0.001,0.002,13734.0,5343.0,1.0
"beta_sin[Wilkerson, Stevie]",-0.25,0.126,-0.504,-0.026,0.001,0.002,13240.0,6594.0,1.0
"beta_sin[Mendick, Danny]",-0.258,0.128,-0.496,-0.008,0.001,0.002,9930.0,5834.0,1.0
"beta_sin[Sierra, Magneuris]",-0.235,0.131,-0.476,0.025,0.001,0.002,12515.0,5677.0,1.0
"beta_sin[Williams, Justin]",-0.249,0.117,-0.466,-0.022,0.001,0.001,10756.0,5850.0,1.0
"beta_sin[Astudillo, Willians]",-0.244,0.127,-0.486,0.002,0.001,0.002,11194.0,5863.0,1.0
"beta_sin[Heineman, Scott]",-0.238,0.126,-0.49,-0.008,0.001,0.002,11232.0,6223.0,1.0
"beta_sin[Kelenic, Jarred]",-0.179,0.119,-0.4,0.055,0.001,0.002,11087.0,5416.0,1.0
"beta_sin[Lee, Khalil]",-0.251,0.129,-0.487,-0.003,0.001,0.002,10939.0,5835.0,1.0
"beta_sin[Neuse, Sheldon]",-0.25,0.13,-0.511,-0.018,0.001,0.002,12760.0,5176.0,1.0
"beta_sin[Joyce, Matt]",-0.257,0.126,-0.499,-0.02,0.001,0.002,10815.0,5861.0,1.0
"beta_sin[Luplow, Jordan]",-0.225,0.12,-0.447,0.004,0.001,0.002,11786.0,6220.0,1.0
"beta_sin[Quinn, Roman]",-0.263,0.129,-0.507,-0.018,0.001,0.002,11584.0,5594.0,1.0
"beta_sin[Maybin, Cameron]",-0.244,0.127,-0.503,-0.01,0.001,0.002,12186.0,6338.0,1.0
"beta_sin[Culberson, Charlie]",-0.243,0.129,-0.493,-0.001,0.001,0.002,11707.0,5751.0,1.0
"beta_sin[Haggerty, Sam]",-0.286,0.12,-0.514,-0.058,0.001,0.001,10808.0,5991.0,1.0
"beta_sin[Gonzalez, Marwin]",-0.223,0.123,-0.441,0.026,0.001,0.001,11103.0,6072.0,1.0
"beta_sin[Stokes Jr., Troy]",-0.232,0.127,-0.477,0.005,0.001,0.002,11082.0,5613.0,1.0
"beta_sin[Ruf, Darin]",-0.242,0.123,-0.479,-0.019,0.001,0.002,12307.0,5326.0,1.0
"beta_sin[Kingery, Scott]",-0.24,0.127,-0.478,-0.002,0.001,0.002,13816.0,5094.0,1.0
"beta_sin[Riley, Austin]",-0.251,0.131,-0.49,0.009,0.001,0.002,11242.0,6076.0,1.0
"beta_sin[Hager, Jake]",-0.253,0.131,-0.508,-0.012,0.001,0.002,12522.0,5856.0,1.0
"beta_sin[Winker, Jesse]",-0.294,0.131,-0.555,-0.061,0.001,0.002,12853.0,5142.0,1.0
"beta_sin[Marcano, Tucupita]",-0.259,0.13,-0.502,-0.01,0.001,0.002,11283.0,6044.0,1.0
"beta_sin[Kivlehan, Patrick]",-0.244,0.129,-0.485,-0.001,0.001,0.002,12565.0,5642.0,1.0
"beta_sin[Hernandez, Yadiel]",-0.229,0.129,-0.472,0.013,0.001,0.002,11347.0,5239.0,1.0
"beta_sin[Marmolejos, José]",-0.242,0.132,-0.496,0.001,0.001,0.002,12263.0,5779.0,1.0
"beta_sin[Owen, Hunter]",-0.25,0.129,-0.512,-0.017,0.001,0.002,11081.0,5962.0,1.0
"beta_sin[Díaz, Aledmys]",-0.245,0.13,-0.508,-0.01,0.001,0.002,10638.0,5540.0,1.0
"beta_sin[Stevenson, Andrew]",-0.249,0.127,-0.492,-0.014,0.001,0.002,12084.0,5300.0,1.0
"beta_sin[Duggar, Steven]",-0.243,0.128,-0.482,-0.001,0.001,0.002,11634.0,5830.0,1.0
"beta_sin[Walsh, Jared]",-0.264,0.122,-0.49,-0.029,0.001,0.002,13919.0,5941.0,1.0
"beta_sin[Schebler, Scott]",-0.26,0.128,-0.5,-0.014,0.001,0.002,11303.0,6041.0,1.0
"beta_sin[Pérez, Hernán]",-0.252,0.126,-0.486,-0.008,0.001,0.002,9785.0,6008.0,1.0
"beta_sin[Palacios, Joshua]",-0.275,0.119,-0.497,-0.043,0.001,0.002,12192.0,5859.0,1.0
"beta_sin[Ray, Corey]",-0.234,0.128,-0.474,0.005,0.001,0.002,13212.0,5460.0,1.0
"beta_sin[Baddoo, Akil]",-0.237,0.124,-0.476,-0.005,0.001,0.002,11937.0,5960.0,1.0
"beta_sin[Moniak, Mickey]",-0.231,0.12,-0.462,-0.008,0.001,0.002,10259.0,5159.0,1.0
"beta_sin[Alford, Anthony]",-0.263,0.133,-0.512,-0.007,0.001,0.002,10471.0,5656.0,1.0
"beta_sin[Tom, Ka'ai]",-0.249,0.128,-0.495,-0.013,0.001,0.002,11478.0,6120.0,1.0
"beta_sin[VanMeter, Josh]",-0.241,0.128,-0.479,0.001,0.001,0.002,9713.0,5396.0,1.0
"beta_sin[Fowler, Dexter]",-0.247,0.131,-0.508,-0.006,0.001,0.002,10664.0,5576.0,1.0
"beta_sin[Brosseau, Mike]",-0.267,0.13,-0.5,-0.007,0.001,0.002,12299.0,4981.0,1.0
"beta_sin[Fowler, Dustin]",-0.245,0.131,-0.486,0.005,0.001,0.002,15560.0,5454.0,1.0
"beta_sin[Meadows, Austin]",-0.288,0.122,-0.533,-0.067,0.001,0.001,10292.0,5980.0,1.0
"beta_sin[Dean, Austin]",-0.241,0.127,-0.481,0.0,0.001,0.002,13402.0,5468.0,1.0
"beta_sin[Herrera, Odúbel]",-0.261,0.126,-0.502,-0.031,0.001,0.002,11385.0,5954.0,1.0
"beta_sin[Hamilton, Billy]",-0.243,0.129,-0.491,-0.003,0.001,0.002,12159.0,5778.0,1.0
"beta_sin[Gonzalez, Oscar]",-0.107,0.106,-0.306,0.088,0.001,0.001,9381.0,6034.0,1.0
"beta_sin[Marte, Starling]",-0.17,0.088,-0.337,-0.005,0.001,0.001,12577.0,5883.0,1.0
"beta_sin[Suzuki, Seiya]",-0.181,0.085,-0.337,-0.014,0.001,0.001,13195.0,5644.0,1.0
"beta_sin[Eaton, Nate]",-0.198,0.124,-0.432,0.037,0.001,0.002,12522.0,5761.0,1.0
"beta_sin[Guthrie, Dalton]",-0.276,0.127,-0.507,-0.028,0.001,0.002,11693.0,5308.0,1.0
"beta_sin[Capel, Conner]",-0.261,0.123,-0.489,-0.025,0.001,0.002,11600.0,5662.0,1.0
"beta_sin[Suwinski, Jack]",-0.215,0.119,-0.443,0.003,0.001,0.002,13086.0,5750.0,1.0
"beta_sin[Dixon, Brandon]",-0.258,0.129,-0.504,-0.018,0.001,0.002,12373.0,4797.0,1.0
"beta_sin[Frazier, Adam]",-0.259,0.12,-0.488,-0.036,0.001,0.002,12794.0,4858.0,1.0
"beta_sin[Davis, Brendon]",-0.25,0.13,-0.495,-0.002,0.001,0.002,9782.0,5506.0,1.0
"beta_sin[Contreras, Mark]",-0.253,0.128,-0.497,-0.014,0.001,0.002,9983.0,5852.0,1.0
"beta_sin[Yepez, Juan]",-0.224,0.126,-0.464,0.009,0.001,0.002,10449.0,6058.0,1.0
"beta_sin[Azócar, José]",-0.232,0.122,-0.465,0.003,0.001,0.002,11626.0,5644.0,1.0
"beta_sin[Thompson, Bubba]",-0.259,0.127,-0.502,-0.016,0.001,0.002,11648.0,5276.0,1.0
"beta_sin[Wallner, Matt]",-0.19,0.114,-0.403,0.026,0.001,0.002,12106.0,5658.0,1.0
"beta_sin[Burdick, Peyton]",-0.279,0.129,-0.518,-0.031,0.001,0.002,11868.0,5515.0,1.0
"beta_sin[Brennan, Will]",-0.217,0.098,-0.404,-0.03,0.001,0.001,13125.0,5936.0,1.0
"beta_sin[Stowers, Kyle]",-0.255,0.124,-0.497,-0.028,0.001,0.002,12040.0,6547.0,1.0
"beta_sin[Cabrera, Oswaldo]",-0.306,0.116,-0.528,-0.093,0.001,0.002,11895.0,5637.0,1.0
"beta_sin[Anderson, Brian]",-0.295,0.117,-0.505,-0.064,0.001,0.001,11457.0,6081.0,1.0
"beta_sin[McNeil, Jeff]",-0.381,0.122,-0.61,-0.152,0.001,0.001,8276.0,5429.0,1.0
"beta_sin[Mathias, Mark]",-0.237,0.13,-0.489,0.001,0.001,0.002,13275.0,5624.0,1.0
"beta_sin[Friedl, TJ]",-0.237,0.122,-0.461,0.002,0.001,0.001,12156.0,6239.0,1.0
"beta_sin[Mastrobuoni, Miles]",-0.247,0.127,-0.497,-0.01,0.001,0.002,13675.0,5035.0,1.0
"beta_sin[Toglia, Michael]",-0.255,0.119,-0.467,-0.016,0.001,0.002,10303.0,5938.0,1.0
"beta_sin[Benson, Will]",-0.266,0.107,-0.474,-0.065,0.001,0.001,11491.0,5564.0,1.0
"beta_sin[Mitchell, Cal]",-0.235,0.117,-0.448,-0.007,0.001,0.001,12597.0,6304.0,1.0
"beta_sin[Burleson, Alec]",-0.3,0.117,-0.538,-0.092,0.001,0.001,11625.0,6017.0,1.0
"beta_sin[Waters, Drew]",-0.15,0.117,-0.358,0.076,0.001,0.001,10201.0,6427.0,1.0
"beta_sin[Castro, Willi]",-0.24,0.113,-0.456,-0.033,0.001,0.001,12051.0,6365.0,1.0
"beta_sin[Carpenter, Kerry]",-0.174,0.108,-0.378,0.027,0.001,0.001,9982.0,5379.0,1.0
"beta_sin[Encarnacion, Jerar]",-0.226,0.127,-0.475,0.007,0.001,0.002,11687.0,5265.0,1.0
"beta_sin[Maton, Nick]",-0.239,0.124,-0.473,-0.006,0.001,0.002,11060.0,6191.0,1.0
"beta_sin[Velázquez, Nelson]",-0.322,0.117,-0.553,-0.111,0.001,0.001,9380.0,6067.0,1.0
"beta_sin[Mancini, Trey]",-0.226,0.123,-0.463,-0.0,0.001,0.001,11533.0,6014.0,1.0
"beta_sin[Bleday, JJ]",-0.233,0.126,-0.464,0.008,0.001,0.002,13029.0,5714.0,1.0
"beta_sin[McCutchen, Andrew]",-0.228,0.12,-0.45,0.004,0.001,0.001,12725.0,6323.0,1.0
"beta_sin[Call, Alex]",-0.268,0.115,-0.48,-0.047,0.001,0.001,11412.0,5851.0,1.0
"beta_sin[Ramos, Heliot]",-0.191,0.125,-0.416,0.051,0.001,0.002,9177.0,5392.0,1.0
"beta_sin[Castillo, Diego]",-0.201,0.124,-0.443,0.026,0.001,0.002,11725.0,6048.0,1.0
"beta_sin[Meneses, Joey]",-0.249,0.12,-0.483,-0.028,0.001,0.002,12111.0,5689.0,1.0
"beta_sin[Trammell, Taylor]",-0.227,0.125,-0.459,0.016,0.001,0.002,12844.0,5750.0,1.0
"beta_sin[Donovan, Brendan]",-0.239,0.122,-0.47,-0.01,0.001,0.002,11305.0,6088.0,1.0
"beta_sin[Johnson, Bryce]",-0.262,0.124,-0.503,-0.031,0.001,0.002,12720.0,5929.0,1.0
"beta_sin[Rosario, Eddie]",-0.314,0.118,-0.528,-0.083,0.001,0.002,9829.0,5542.0,1.0
"beta_sin[Aguilar, Ryan]",-0.247,0.13,-0.498,0.003,0.001,0.002,11466.0,5543.0,1.0
"beta_sin[Carroll, Corbin]",-0.179,0.102,-0.377,0.01,0.001,0.001,10176.0,5512.0,1.0
"beta_sin[Stevenson, Cal]",-0.246,0.127,-0.494,-0.018,0.001,0.002,11525.0,5476.0,1.0
"beta_sin[Heredia, Guillermo]",-0.216,0.123,-0.461,0.004,0.001,0.002,11642.0,6258.0,1.0
"beta_sin[Pollock, AJ]",-0.212,0.124,-0.449,0.025,0.001,0.002,14183.0,5886.0,1.0
"beta_sin[Madris, Bligh]",-0.205,0.126,-0.443,0.028,0.001,0.002,12409.0,5216.0,1.0
"beta_sin[Duran, Jarren]",-0.263,0.125,-0.496,-0.028,0.001,0.002,14432.0,5651.0,1.0
"beta_sin[Dubón, Mauricio]",-0.256,0.126,-0.499,-0.021,0.001,0.002,13061.0,5621.0,1.0
"beta_sin[Muñoz, Yairo]",-0.237,0.128,-0.475,0.012,0.001,0.002,11050.0,5959.0,1.0
"beta_sin[Bernard, Wynton]",-0.244,0.126,-0.495,-0.018,0.001,0.002,10210.0,5557.0,1.0
"beta_sin[Vavra, Terrin]",-0.254,0.128,-0.489,-0.008,0.001,0.002,9702.0,6052.0,1.0
"beta_sin[Melendez, MJ]",-0.247,0.104,-0.45,-0.061,0.001,0.001,12959.0,6551.0,1.0
"beta_sin[Jones, Nolan]",-0.186,0.114,-0.4,0.029,0.001,0.001,11655.0,6429.0,1.0
"beta_sin[Carpenter, Matt]",-0.289,0.126,-0.523,-0.051,0.001,0.002,12925.0,5951.0,1.0
"beta_sin[Díaz, Yusniel]",-0.242,0.128,-0.483,0.001,0.001,0.002,12351.0,5755.0,1.0
"beta_sin[Pratto, Nick]",-0.235,0.127,-0.474,0.005,0.001,0.002,11932.0,5841.0,1.0
"beta_sin[Ruiz, Esteury]",-0.244,0.128,-0.487,0.005,0.001,0.002,11844.0,5693.0,1.0
"beta_sin[Reynolds, Matt]",-0.256,0.129,-0.5,-0.013,0.001,0.002,11550.0,5716.0,1.0
"beta_sin[Lewis, Kyle]",-0.247,0.129,-0.507,-0.017,0.001,0.002,11715.0,5219.0,1.0
"beta_sin[Joe, Connor]",-0.231,0.105,-0.431,-0.04,0.001,0.001,11632.0,6067.0,1.0
"beta_sin[Hernandez, Elier]",-0.246,0.131,-0.494,0.004,0.001,0.002,11653.0,5870.0,1.0
"beta_sin[Hicklen, Brewer]",-0.251,0.125,-0.495,-0.019,0.001,0.002,11431.0,5565.0,1.0
"beta_sin[Inciarte, Ender]",-0.24,0.128,-0.48,0.003,0.001,0.002,11072.0,5620.0,1.0
"beta_sin[Arroyo, Christian]",-0.204,0.125,-0.43,0.045,0.001,0.002,11441.0,6098.0,1.0
"beta_sin[Kwan, Steven]",-0.276,0.125,-0.511,-0.043,0.001,0.002,12365.0,5675.0,1.0
"beta_sin[Wilson, Marcus]",-0.227,0.127,-0.468,0.011,0.001,0.002,12208.0,6005.0,1.0
"beta_sin[Crook, Narciso]",-0.25,0.128,-0.491,-0.009,0.001,0.002,13737.0,5717.0,1.0
"beta_sin[Upton, Justin]",-0.242,0.131,-0.483,0.006,0.001,0.002,14284.0,5520.0,1.0
"beta_sin[Alvarez, Eddy]",-0.222,0.129,-0.464,0.02,0.001,0.002,10540.0,5152.0,1.0
"beta_sin[Haseley, Adam]",-0.235,0.128,-0.474,0.003,0.001,0.002,8981.0,6248.0,1.0
"beta_sin[Plummer, Nick]",-0.245,0.127,-0.488,-0.007,0.001,0.002,12008.0,6063.0,1.0
"beta_sin[Walker, Steele]",-0.227,0.13,-0.468,0.025,0.001,0.002,11191.0,5363.0,1.0
"beta_sin[Demeritte, Travis]",-0.264,0.124,-0.493,-0.022,0.001,0.002,11627.0,5936.0,1.0
"beta_sin[Alberto, Hanser]",-0.245,0.13,-0.484,0.004,0.001,0.002,11713.0,4978.0,1.0
"beta_sin[Whitefield, Aaron]",-0.271,0.13,-0.516,-0.029,0.001,0.002,11542.0,5568.0,1.0
"beta_sin[Mayfield, Jack]",-0.219,0.13,-0.465,0.022,0.001,0.002,10772.0,6204.0,1.0
"beta_sin[Abrams, CJ]",-0.238,0.128,-0.471,0.017,0.001,0.002,12596.0,6277.0,1.0
"beta_sin[Nevin, Tyler]",-0.201,0.121,-0.429,0.029,0.001,0.002,12509.0,5528.0,1.0
"beta_sin[Marsh, Brandon]",-0.256,0.125,-0.502,-0.022,0.001,0.002,11419.0,5056.0,1.0
"beta_sin[McDonald, Mickey]",-0.251,0.132,-0.506,-0.002,0.001,0.002,12152.0,5626.0,1.0
"beta_sin[Lopes, Christian]",-0.244,0.131,-0.502,-0.004,0.001,0.002,9613.0,5559.0,1.0
"beta_sin[Jackson, Drew]",-0.241,0.128,-0.476,0.006,0.001,0.002,10524.0,6058.0,1.0
"beta_sin[Dickerson, Alex]",-0.242,0.13,-0.473,0.019,0.001,0.002,11925.0,5692.0,1.0
"beta_sin[Hicks, Aaron]",-0.228,0.124,-0.46,0.005,0.001,0.002,12931.0,5330.0,1.0
"beta_sin[Canario, Alexander]",-0.257,0.128,-0.496,-0.006,0.001,0.002,10973.0,5641.0,1.0
"beta_sin[Perkins, Blake]",-0.23,0.121,-0.468,-0.007,0.001,0.002,10124.0,6230.0,1.0
"beta_sin[Pache, Cristian]",-0.244,0.129,-0.498,-0.005,0.001,0.002,11831.0,5129.0,1.0
"beta_sin[Andujar, Miguel]",-0.228,0.121,-0.448,0.008,0.001,0.002,13513.0,5712.0,1.0
"beta_sin[Basabe, Osleivis]",-0.244,0.13,-0.493,-0.0,0.001,0.002,9810.0,5912.0,1.0
"beta_sin[Walker, Jordan]",-0.212,0.105,-0.405,-0.015,0.001,0.001,13474.0,6084.0,1.0
"beta_sin[Steer, Spencer]",-0.261,0.129,-0.517,-0.031,0.001,0.002,12136.0,6050.0,1.0
"beta_sin[Matos, Luis]",-0.235,0.119,-0.457,-0.006,0.001,0.002,11513.0,5926.0,1.0
"beta_sin[Senzel, Nick]",-0.214,0.125,-0.452,0.024,0.001,0.002,12870.0,5348.0,1.0
"beta_sin[Bouchard, Sean]",-0.232,0.116,-0.443,-0.003,0.001,0.001,11443.0,6000.0,1.0
"beta_sin[Kjerstad, Heston]",-0.234,0.127,-0.471,0.01,0.001,0.002,14377.0,6074.0,1.0
"beta_sin[Frelick, Sal]",-0.23,0.106,-0.419,-0.017,0.001,0.001,10063.0,5936.0,1.0
"beta_sin[Hernández, Enrique]",-0.246,0.127,-0.482,0.004,0.001,0.002,12123.0,6498.0,1.0
"beta_sin[Goodman, Hunter]",-0.249,0.118,-0.472,-0.025,0.001,0.002,12000.0,5988.0,1.0
"beta_sin[Davis, Henry]",-0.166,0.118,-0.384,0.056,0.001,0.001,11444.0,6053.0,1.0
"beta_sin[Hampson, Garrett]",-0.296,0.129,-0.552,-0.058,0.001,0.002,9564.0,5513.0,1.0
"beta_sin[Blanco, Dairon]",-0.307,0.126,-0.55,-0.075,0.001,0.002,10176.0,5737.0,1.0
"beta_sin[Morel, Christopher]",-0.223,0.126,-0.463,0.014,0.001,0.002,12445.0,5675.0,1.0
"beta_sin[Palacios, Richie]",-0.24,0.12,-0.479,-0.027,0.001,0.002,14919.0,5712.0,1.0
"beta_sin[Adams, Jordyn]",-0.207,0.129,-0.456,0.03,0.001,0.002,12440.0,5766.0,1.0
"beta_sin[Colás, Oscar]",-0.163,0.112,-0.373,0.047,0.001,0.001,10917.0,5955.0,1.0
"beta_sin[Encarnacion-Strand, Christian]",-0.244,0.128,-0.484,-0.007,0.001,0.002,11146.0,6071.0,1.0
"beta_sin[Cabbage, Trey]",-0.268,0.124,-0.504,-0.039,0.001,0.002,11111.0,6246.0,1.0
"beta_sin[Carter, Evan]",-0.218,0.124,-0.458,0.011,0.001,0.002,11353.0,5650.0,1.0
"beta_sin[Ibáñez, Andy]",-0.24,0.126,-0.475,-0.001,0.001,0.002,10567.0,5838.0,1.0
"beta_sin[Noda, Ryan]",-0.251,0.126,-0.498,-0.021,0.001,0.002,13150.0,6246.0,1.0
"beta_sin[Martínez, J.P.]",-0.229,0.13,-0.484,0.013,0.001,0.002,10247.0,6232.0,1.0
"beta_sin[Abreu, Wilyer]",-0.24,0.105,-0.436,-0.034,0.001,0.001,12693.0,5946.0,1.0
"beta_sin[Canzone, Dominic]",-0.248,0.119,-0.482,-0.032,0.001,0.002,11315.0,5482.0,1.0
"beta_sin[Greene, Riley]",-0.249,0.123,-0.474,-0.009,0.001,0.002,12589.0,5849.0,1.0
"beta_sin[Marlowe, Cade]",-0.266,0.128,-0.504,-0.023,0.001,0.002,11493.0,5818.0,1.0
"beta_sin[Castro, Harold]",-0.248,0.125,-0.492,-0.017,0.001,0.002,10024.0,5733.0,1.0
"beta_sin[Garrett, Stone]",-0.249,0.128,-0.495,-0.009,0.001,0.002,12156.0,5910.0,1.0
"beta_sin[Hopkins, TJ]",-0.224,0.127,-0.468,0.019,0.001,0.002,12213.0,5725.0,1.0
"beta_sin[Peralta, David]",-0.279,0.12,-0.512,-0.063,0.001,0.001,12613.0,5689.0,1.0
"beta_sin[Thomas, Cody]",-0.255,0.129,-0.502,-0.015,0.001,0.002,12815.0,5999.0,1.0
"beta_sin[Butler, Lawrence]",-0.233,0.105,-0.42,-0.023,0.001,0.001,11659.0,5837.0,1.0
"beta_sin[Wilson, Weston]",-0.227,0.128,-0.463,0.024,0.001,0.002,12355.0,5593.0,1.0
"beta_sin[Kiner-Falefa, Isiah]",-0.237,0.128,-0.463,0.018,0.001,0.002,9742.0,5574.0,1.0
"beta_sin[Cowser, Colton]",-0.251,0.126,-0.487,-0.015,0.001,0.002,14100.0,5860.0,1.0
"beta_sin[DeLuca, Jonny]",-0.262,0.118,-0.499,-0.048,0.001,0.001,10502.0,6402.0,1.0
"beta_sin[Haase, Eric]",-0.246,0.13,-0.488,0.007,0.001,0.002,11328.0,5779.0,1.0
"beta_sin[Arias, Gabriel]",-0.213,0.122,-0.435,0.026,0.001,0.002,11402.0,5415.0,1.0
"beta_sin[Remillard, Zach]",-0.259,0.126,-0.51,-0.026,0.001,0.002,11552.0,5471.0,1.0
"beta_sin[Fry, David]",-0.227,0.126,-0.468,0.005,0.001,0.002,14147.0,5951.0,1.0
"beta_sin[Kohlwey, Taylor]",-0.247,0.13,-0.493,-0.001,0.001,0.002,11606.0,5554.0,1.0
"beta_sin[Outman, James]",-0.254,0.131,-0.495,0.002,0.001,0.002,10138.0,5871.0,1.0
"beta_sin[Fletcher, Dominic]",-0.272,0.114,-0.492,-0.061,0.001,0.001,13409.0,6006.0,1.0
"beta_sin[Jiménez, Eloy]",-0.215,0.126,-0.44,0.035,0.001,0.002,11524.0,6263.0,1.0
"beta_sin[Odor, Rougned]",-0.228,0.131,-0.476,0.028,0.001,0.002,13209.0,6104.0,1.0
"beta_sin[Davis, Jonathan]",-0.246,0.131,-0.476,0.025,0.001,0.002,13365.0,5340.0,1.0
"beta_sin[Harrison, Josh]",-0.246,0.129,-0.498,-0.005,0.001,0.002,10218.0,4863.0,1.0
"beta_sin[Clemens, Kody]",-0.239,0.13,-0.483,0.011,0.001,0.002,10974.0,5868.0,1.0
"beta_sin[Calhoun, Willie]",-0.225,0.127,-0.463,0.025,0.001,0.002,11652.0,5756.0,1.0
"beta_sin[Smith-Njigba, Canaan]",-0.219,0.127,-0.47,0.014,0.001,0.002,12368.0,6159.0,1.0
"beta_sin[Lukes, Nathan]",-0.272,0.127,-0.522,-0.041,0.001,0.002,12111.0,5899.0,1.0
"beta_sin[Julks, Corey]",-0.273,0.123,-0.51,-0.04,0.001,0.001,9903.0,5816.0,1.0
"beta_sin[Wiemer, Joey]",-0.252,0.124,-0.482,-0.009,0.001,0.002,11937.0,6149.0,1.0
"beta_sin[Miller, Owen]",-0.241,0.129,-0.485,0.002,0.001,0.002,9387.0,5698.0,1.0
"beta_sin[Pérez, Wenceel]",-0.249,0.115,-0.467,-0.032,0.001,0.001,10736.0,5661.0,1.0
"beta_sin[Noel, Jhonkensy]",-0.246,0.12,-0.481,-0.028,0.001,0.002,11094.0,5821.0,1.0
"beta_sin[Schneemann, Daniel]",-0.253,0.127,-0.489,-0.011,0.001,0.002,12066.0,6074.0,1.0
"beta_sin[DeLoach, Zach]",-0.242,0.125,-0.468,-0.005,0.001,0.002,14208.0,6030.0,1.0
"beta_sin[Duran, Ezequiel]",-0.249,0.128,-0.495,-0.012,0.001,0.002,10737.0,6123.0,1.0
"beta_sin[Campero, Gustavo]",-0.277,0.127,-0.521,-0.041,0.001,0.002,11631.0,5801.0,1.0
"beta_sin[Chourio, Jackson]",-0.281,0.118,-0.506,-0.056,0.001,0.002,10123.0,5637.0,1.0
"beta_sin[Lockridge, Brandon]",-0.231,0.131,-0.467,0.036,0.001,0.002,10162.0,5876.0,1.0
"beta_sin[Alcántara, Kevin]",-0.244,0.129,-0.494,-0.009,0.001,0.002,10087.0,5726.0,1.0
"beta_sin[Pages, Andy]",-0.233,0.12,-0.46,-0.007,0.001,0.002,14386.0,5450.0,1.0
"beta_sin[Yorke, Nick]",-0.258,0.125,-0.497,-0.025,0.001,0.002,11367.0,5254.0,1.0
"beta_sin[Robles, Victor]",-0.197,0.123,-0.421,0.04,0.001,0.002,11490.0,5846.0,1.0
"beta_sin[Berroa, Steward]",-0.246,0.128,-0.494,0.002,0.001,0.002,15169.0,5649.0,1.0
"beta_sin[Crews, Dylan]",-0.283,0.123,-0.525,-0.06,0.001,0.002,11390.0,5183.0,1.0
"beta_sin[O'Neill, Tyler]",-0.247,0.122,-0.472,-0.013,0.001,0.002,10531.0,5941.0,1.0
"beta_sin[Mitchell, Garrett]",-0.241,0.127,-0.475,0.003,0.001,0.002,10537.0,5921.0,1.0
"beta_sin[Beck, Jordan]",-0.239,0.122,-0.476,-0.016,0.001,0.002,11443.0,5661.0,1.0
"beta_sin[Scott II, Victor]",-0.244,0.127,-0.487,0.0,0.001,0.002,11909.0,5807.0,1.0
"beta_sin[Conine, Griffin]",-0.282,0.126,-0.519,-0.046,0.001,0.002,9722.0,6026.0,1.0
"beta_sin[Rafaela, Ceddanne]",-0.246,0.13,-0.497,-0.004,0.001,0.002,11929.0,5748.0,1.0
"beta_sin[Cook, Billy]",-0.238,0.13,-0.473,0.015,0.001,0.002,11095.0,5910.0,1.0
"beta_sin[Barger, Addison]",-0.274,0.127,-0.524,-0.04,0.001,0.002,12711.0,5381.0,1.0
"beta_sin[Rosario, Amed]",-0.208,0.124,-0.446,0.026,0.001,0.002,12331.0,5723.0,1.0
"beta_sin[Hinds, Rece]",-0.252,0.125,-0.493,-0.023,0.001,0.002,10263.0,6289.0,1.0
"beta_sin[Hensley, David]",-0.186,0.13,-0.44,0.055,0.001,0.002,11511.0,5676.0,1.0
"beta_sin[Fabian, Sandro]",-0.244,0.13,-0.49,0.005,0.001,0.002,11444.0,5408.0,1.0
"beta_sin[Helman, Michael]",-0.244,0.129,-0.489,-0.004,0.001,0.002,11792.0,5774.0,1.0
"beta_sin[Garcia, Maikel]",-0.245,0.128,-0.483,0.003,0.001,0.002,11214.0,5962.0,1.0
"beta_sin[Espinal, Santiago]",-0.264,0.131,-0.52,-0.021,0.001,0.002,15802.0,5661.0,1.0
"beta_sin[Gentry, Tyler]",-0.243,0.132,-0.512,-0.002,0.001,0.002,12074.0,6097.0,1.0
"beta_sin[Bae, Ji Hwan]",-0.262,0.127,-0.498,-0.018,0.001,0.002,11615.0,6103.0,1.0
"beta_sin[León, Pedro]",-0.242,0.128,-0.487,0.001,0.001,0.002,12017.0,5628.0,1.0
"beta_sin[Vilade, Ryan]",-0.246,0.127,-0.483,-0.003,0.001,0.002,13385.0,6120.0,1.0
"beta_sin[Wall, Forrest]",-0.247,0.13,-0.498,-0.005,0.001,0.002,9985.0,5798.0,1.0
"beta_sin[Vosler, Jason]",-0.251,0.126,-0.49,-0.012,0.001,0.002,11662.0,5667.0,1.0
"beta_sin[Triolo, Jared]",-0.238,0.125,-0.478,-0.001,0.001,0.002,10656.0,5741.0,1.0
"beta_sin[Loperfido, Joey]",-0.237,0.127,-0.473,0.006,0.001,0.002,11803.0,5596.0,1.0
"beta_sin[Martínez, Angel]",-0.247,0.128,-0.487,-0.004,0.001,0.002,9500.0,5723.0,1.0
"beta_sin[Myers, Dane]",-0.295,0.129,-0.536,-0.053,0.001,0.002,9894.0,5648.0,1.0
"beta_sin[Hill, Derek]",-0.237,0.126,-0.476,0.0,0.001,0.002,12668.0,6069.0,1.0
"beta_sin[Jones, Jahmai]",-0.244,0.13,-0.492,-0.004,0.001,0.002,12479.0,6108.0,1.0
"beta_sin[Dunn, Blake]",-0.243,0.127,-0.487,-0.005,0.001,0.002,11997.0,5245.0,1.0
"beta_sin[Rodríguez, Johnathan]",-0.285,0.126,-0.528,-0.052,0.001,0.002,10056.0,5281.0,1.0
"beta_sin[Jordan, Levi]",-0.243,0.128,-0.479,-0.004,0.001,0.002,13736.0,6013.0,1.0
"beta_sin[Jones, Greg]",-0.268,0.129,-0.508,-0.015,0.001,0.002,13264.0,5458.0,1.0
"beta_sin[Dalbec, Bobby]",-0.244,0.128,-0.498,-0.014,0.001,0.002,10040.0,6173.0,1.0
"beta_sin[Hurtubise, Jacob]",-0.251,0.131,-0.502,-0.007,0.001,0.002,11811.0,5054.0,1.0
"beta_sin[Reynolds, Bryan]",-0.302,0.123,-0.544,-0.078,0.001,0.002,12617.0,5520.0,1.0
"beta_sin[Florial, Estevan]",-0.202,0.126,-0.438,0.037,0.001,0.002,11520.0,5794.0,1.0
"beta_sin[Siani, Michael]",-0.256,0.128,-0.504,-0.023,0.001,0.002,12370.0,5681.0,1.0
"beta_dist[Renfroe, Hunter]",1.86,0.146,1.596,2.137,0.002,0.002,8776.0,5842.0,1.0
"beta_dist[Tucker, Kyle]",1.936,0.155,1.639,2.22,0.001,0.002,11835.0,5863.0,1.0
"beta_dist[Pederson, Joc]",2.282,0.239,1.804,2.718,0.002,0.003,10763.0,5090.0,1.0
"beta_dist[Betts, Mookie]",2.134,0.175,1.812,2.467,0.002,0.002,10700.0,6096.0,1.0
"beta_dist[Souza Jr., Steven]",2.405,0.344,1.763,3.046,0.003,0.004,10793.0,6007.0,1.0
"beta_dist[Slater, Austin]",2.158,0.296,1.638,2.747,0.003,0.004,13800.0,5870.0,1.0
"beta_dist[Soler, Jorge]",2.312,0.215,1.907,2.712,0.002,0.002,9431.0,5929.0,1.0
"beta_dist[Brantley, Michael]",2.115,0.351,1.45,2.762,0.003,0.004,12053.0,5917.0,1.0
"beta_dist[Duvall, Adam]",1.836,0.247,1.375,2.299,0.002,0.003,12498.0,5588.0,1.0
"beta_dist[Verdugo, Alex]",1.999,0.206,1.6,2.379,0.002,0.002,7864.0,5235.0,1.0
"beta_dist[García, Avisaíl]",2.242,0.152,1.951,2.518,0.002,0.002,9563.0,5357.0,1.0
"beta_dist[García, Leury]",1.992,0.297,1.423,2.537,0.003,0.004,10808.0,6035.0,1.0
"beta_dist[Engel, Adam]",2.076,0.294,1.524,2.616,0.003,0.003,12192.0,5953.0,1.0
"beta_dist[Wade Jr., LaMonte]",2.395,0.279,1.889,2.923,0.003,0.003,10288.0,6343.0,1.0
"beta_dist[Margot, Manuel]",2.006,0.209,1.614,2.402,0.002,0.002,11501.0,6131.0,1.0
"beta_dist[Thompson, Trayce]",2.164,0.282,1.619,2.684,0.003,0.004,10826.0,5667.0,1.0
"beta_dist[Carlson, Dylan]",2.31,0.202,1.941,2.702,0.002,0.002,8445.0,6028.0,1.0
"beta_dist[Lagares, Juan]",2.033,0.311,1.436,2.606,0.003,0.004,10498.0,5871.0,1.0
"beta_dist[Haniger, Mitch]",2.085,0.165,1.785,2.397,0.002,0.002,9374.0,6024.0,1.0
"beta_dist[Rojas, Jose]",2.316,0.311,1.752,2.91,0.003,0.004,9866.0,5743.0,1.0
"beta_dist[Zimmer, Bradley]",2.025,0.326,1.419,2.657,0.003,0.004,12100.0,5405.0,1.0
"beta_dist[García, Adolis]",1.879,0.166,1.567,2.183,0.002,0.002,10138.0,5672.0,1.0
"beta_dist[Hernández, Teoscar]",2.222,0.162,1.911,2.523,0.002,0.002,10004.0,6255.0,1.0
"beta_dist[Yastrzemski, Mike]",1.738,0.178,1.4,2.067,0.002,0.002,10820.0,6185.0,1.0
"beta_dist[Bryant, Kris]",1.731,0.26,1.237,2.224,0.002,0.003,12643.0,5637.0,1.0
"beta_dist[Arozarena, Randy]",2.01,0.272,1.519,2.546,0.003,0.003,9354.0,4948.0,1.0
"beta_dist[Calhoun, Kole]",2.123,0.23,1.681,2.539,0.002,0.003,9991.0,5715.0,1.0
"beta_dist[Hilliard, Sam]",2.029,0.343,1.405,2.697,0.003,0.004,12078.0,5879.0,1.0
"beta_dist[Cameron, Daz]",2.212,0.297,1.656,2.768,0.003,0.003,9540.0,5910.0,1.0
"beta_dist[Vierling, Matt]",1.918,0.259,1.428,2.402,0.002,0.003,11706.0,6185.0,1.0
"beta_dist[De La Cruz, Bryan]",1.669,0.245,1.232,2.155,0.002,0.003,11463.0,6313.0,1.0
"beta_dist[Harper, Bryce]",1.726,0.199,1.354,2.094,0.002,0.002,11585.0,5975.0,1.0
"beta_dist[Barrera, Luis]",2.017,0.342,1.365,2.644,0.003,0.004,12801.0,5869.0,1.0
"beta_dist[O'Hearn, Ryan]",2.275,0.279,1.742,2.787,0.003,0.003,9152.0,6004.0,1.0
"beta_dist[Kepler, Max]",1.615,0.172,1.29,1.936,0.002,0.002,12251.0,6170.0,1.0
"beta_dist[Merrifield, Whit]",1.941,0.287,1.404,2.476,0.003,0.003,12791.0,6291.0,1.0
"beta_dist[Hays, Austin]",2.253,0.232,1.816,2.685,0.002,0.003,12893.0,6059.0,1.0
"beta_dist[Grichuk, Randal]",1.957,0.213,1.569,2.382,0.002,0.003,9827.0,5648.0,1.0
"beta_dist[Soto, Juan]",2.096,0.15,1.81,2.379,0.001,0.002,11062.0,6337.0,1.0
"beta_dist[Martinez, J.D.]",1.912,0.369,1.223,2.624,0.004,0.005,10300.0,5610.0,1.0
"beta_dist[Smith, Pavin]",1.783,0.227,1.362,2.195,0.002,0.003,12057.0,6074.0,1.0
"beta_dist[Blackmon, Charlie]",1.591,0.19,1.247,1.964,0.002,0.002,12172.0,6081.0,1.0
"beta_dist[Dozier, Hunter]",2.052,0.251,1.603,2.548,0.003,0.003,9218.0,5765.0,1.0
"beta_dist[Cave, Jake]",1.72,0.243,1.254,2.165,0.002,0.003,11574.0,6491.0,1.0
"beta_dist[Conforto, Michael]",1.903,0.211,1.524,2.322,0.002,0.002,11429.0,5969.0,1.0
"beta_dist[Myers, Wil]",2.002,0.225,1.591,2.426,0.002,0.003,10905.0,6073.0,1.0
"beta_dist[Tsutsugo, Yoshi]",2.275,0.325,1.657,2.886,0.003,0.004,9198.0,4853.0,1.0
"beta_dist[Judge, Aaron]",1.909,0.199,1.536,2.284,0.002,0.002,10026.0,6566.0,1.0
"beta_dist[Taylor, Tyrone]",3.003,0.192,2.653,3.373,0.002,0.002,8971.0,6181.0,1.0
"beta_dist[Castellanos, Nick]",2.206,0.131,1.964,2.453,0.001,0.001,9689.0,6723.0,1.0
"beta_dist[Profar, Jurickson]",1.94,0.351,1.268,2.587,0.003,0.004,10090.0,6297.0,1.0
"beta_dist[Pinder, Chad]",2.053,0.28,1.5,2.556,0.003,0.003,10987.0,6306.0,1.0
"beta_dist[Springer, George]",2.377,0.197,2.0,2.734,0.002,0.002,10214.0,6349.0,1.0
"beta_dist[Martini, Nick]",2.329,0.342,1.672,2.951,0.003,0.004,10596.0,6073.0,1.0
"beta_dist[Grossman, Robbie]",2.445,0.209,2.041,2.817,0.002,0.002,9187.0,5615.0,1.0
"beta_dist[Rondon, José]",2.089,0.358,1.411,2.746,0.003,0.005,11896.0,5451.0,1.0
"beta_dist[Ramos, Henry]",1.837,0.344,1.235,2.519,0.003,0.005,12070.0,5435.0,1.0
"beta_dist[Lux, Gavin]",2.106,0.376,1.416,2.851,0.003,0.005,11945.0,5414.0,1.0
"beta_dist[Aquino, Aristides]",2.123,0.261,1.639,2.623,0.003,0.003,9636.0,5961.0,1.0
"beta_dist[Nootbaar, Lars]",2.003,0.201,1.637,2.384,0.002,0.002,9936.0,6204.0,1.0
"beta_dist[Sánchez, Jesús]",2.012,0.198,1.647,2.39,0.002,0.002,10646.0,6173.0,1.0
"beta_dist[Pillar, Kevin]",1.998,0.306,1.44,2.587,0.003,0.004,12468.0,5610.0,1.0
"beta_dist[Isbel, Kyle]",1.817,0.296,1.261,2.369,0.003,0.004,11385.0,6118.0,1.0
"beta_dist[Gamel, Ben]",2.202,0.266,1.711,2.711,0.003,0.003,9547.0,5265.0,1.0
"beta_dist[Phillips, Brett]",1.983,0.282,1.468,2.519,0.003,0.003,10410.0,5601.0,1.0
"beta_dist[Mercado, Óscar]",1.763,0.294,1.193,2.299,0.003,0.004,11649.0,5998.0,1.0
"beta_dist[Bradley Jr., Jackie]",1.641,0.262,1.175,2.153,0.002,0.003,12489.0,5965.0,1.0
"beta_dist[Vaughn, Andrew]",1.652,0.285,1.097,2.165,0.003,0.004,10431.0,5427.0,1.0
"beta_dist[Bauers, Jake]",1.987,0.273,1.473,2.502,0.002,0.004,13689.0,6104.0,1.0
"beta_dist[Brown, Seth]",2.133,0.224,1.692,2.537,0.002,0.002,10051.0,6160.0,1.0
"beta_dist[Santander, Anthony]",2.136,0.155,1.849,2.432,0.001,0.002,10798.0,6137.0,1.0
"beta_dist[Daza, Yonathan]",1.783,0.335,1.158,2.409,0.003,0.004,9969.0,6238.0,1.0
"beta_dist[Happ, Ian]",1.994,0.361,1.286,2.632,0.003,0.004,11262.0,5930.0,1.0
"beta_dist[Tucker, Cole]",1.808,0.356,1.162,2.496,0.003,0.004,11846.0,5942.0,1.0
"beta_dist[McKenna, Ryan]",1.983,0.288,1.438,2.523,0.003,0.004,12276.0,6086.0,1.0
"beta_dist[Peters, DJ]",2.024,0.348,1.37,2.673,0.003,0.005,12414.0,5512.0,1.0
"beta_dist[Varsho, Daulton]",2.083,0.245,1.623,2.547,0.002,0.003,10178.0,5709.0,1.0
"beta_dist[McCormick, Chas]",2.229,0.277,1.728,2.767,0.003,0.003,12062.0,6413.0,1.0
"beta_dist[Rooker, Brent]",1.941,0.291,1.414,2.514,0.003,0.004,13240.0,5243.0,1.0
"beta_dist[Raley, Luke]",2.172,0.272,1.652,2.674,0.003,0.003,10522.0,6299.0,1.0
"beta_dist[Stanton, Giancarlo]",2.526,0.154,2.253,2.836,0.001,0.002,11181.0,6104.0,1.0
"beta_dist[Reyes, Franmil]",1.822,0.338,1.192,2.461,0.003,0.004,10844.0,5998.0,1.0
"beta_dist[Gordon, Nick]",2.155,0.365,1.471,2.836,0.004,0.004,10816.0,5745.0,1.0
"beta_dist[Goodwin, Brian]",2.073,0.302,1.523,2.669,0.003,0.004,12125.0,5361.0,1.0
"beta_dist[Siri, Jose]",2.028,0.358,1.35,2.699,0.003,0.005,11429.0,5263.0,1.0
"beta_dist[Canha, Mark]",2.094,0.293,1.525,2.628,0.003,0.003,10633.0,5661.0,1.0
"beta_dist[Ramírez, Harold]",1.729,0.293,1.147,2.25,0.003,0.003,9897.0,6182.0,1.0
"beta_dist[Gonzalez, Romy]",1.955,0.355,1.29,2.626,0.003,0.004,12980.0,5889.0,1.0
"beta_dist[Peterson, Jace]",1.538,0.312,0.956,2.126,0.003,0.004,12020.0,5851.0,1.0
"beta_dist[Reyes, Victor]",1.889,0.231,1.459,2.327,0.002,0.003,10659.0,5837.0,1.0
"beta_dist[Rivas III, Alfonso]",2.099,0.371,1.405,2.792,0.003,0.005,12437.0,5499.0,1.0
"beta_dist[Tatis Jr., Fernando]",1.879,0.191,1.526,2.241,0.002,0.002,13571.0,6212.0,1.0
"beta_dist[Gallo, Joey]",1.879,0.224,1.476,2.32,0.002,0.003,9998.0,6017.0,1.0
"beta_dist[Refsnyder, Rob]",1.976,0.282,1.449,2.494,0.003,0.003,10410.0,6171.0,1.0
"beta_dist[McCarthy, Jake]",2.482,0.189,2.114,2.818,0.002,0.002,8231.0,5097.0,1.0
"beta_dist[Martin, Jason]",2.045,0.365,1.35,2.721,0.003,0.005,13137.0,5612.0,1.0
"beta_dist[Stewart, DJ]",1.774,0.254,1.302,2.251,0.002,0.003,10741.0,5713.0,1.0
"beta_dist[Adell, Jo]",2.027,0.223,1.616,2.441,0.002,0.003,9880.0,5891.0,1.0
"beta_dist[Olivares, Edward]",2.196,0.243,1.756,2.666,0.002,0.003,11522.0,6290.0,1.0
"beta_dist[McKinney, Billy]",2.009,0.304,1.438,2.583,0.003,0.004,11127.0,5525.0,1.0
"beta_dist[Heyward, Jason]",1.849,0.195,1.475,2.202,0.002,0.002,9668.0,6211.0,1.0
"beta_dist[Johnson, Daniel]",2.043,0.335,1.413,2.687,0.003,0.004,12699.0,5876.0,1.0
"beta_dist[Lowe, Josh]",2.053,0.203,1.665,2.429,0.002,0.002,9993.0,6047.0,1.0
"beta_dist[Wisdom, Patrick]",2.119,0.338,1.483,2.754,0.003,0.004,10948.0,5409.0,1.0
"beta_dist[Hermosillo, Michael]",2.068,0.359,1.397,2.762,0.003,0.005,12640.0,5697.0,1.0
"beta_dist[Fairchild, Stuart]",1.922,0.302,1.349,2.486,0.003,0.004,11014.0,5536.0,1.0
"beta_dist[Rojas, Josh]",1.955,0.315,1.374,2.546,0.003,0.004,13954.0,5582.0,1.0
"beta_dist[Akiyama, Shogo]",2.033,0.37,1.32,2.71,0.004,0.004,10596.0,6225.0,1.0
"beta_dist[Tapia, Raimel]",2.217,0.309,1.624,2.79,0.003,0.004,10911.0,6298.0,1.0
"beta_dist[Dickerson, Corey]",2.131,0.359,1.466,2.819,0.003,0.004,10907.0,5978.0,1.0
"beta_dist[Taylor, Chris]",2.026,0.343,1.366,2.658,0.003,0.005,12596.0,5183.0,1.0
"beta_dist[Motter, Taylor]",2.037,0.368,1.351,2.733,0.003,0.005,12568.0,5748.0,1.0
"beta_dist[Chavis, Michael]",2.095,0.364,1.419,2.799,0.003,0.005,13070.0,5282.0,1.0
"beta_dist[Edman, Tommy]",2.224,0.284,1.69,2.755,0.003,0.004,12676.0,5902.0,1.0
"beta_dist[Polanco, Gregory]",2.071,0.25,1.598,2.535,0.002,0.003,12910.0,5885.0,1.0
"beta_dist[Dyson, Jarrod]",2.092,0.331,1.429,2.676,0.003,0.004,10438.0,6362.0,1.0
"beta_dist[Lamb, Jake]",1.748,0.354,1.057,2.375,0.003,0.004,10841.0,5810.0,1.0
"beta_dist[Piscotty, Stephen]",1.837,0.278,1.343,2.374,0.003,0.003,9997.0,5832.0,1.0
"beta_dist[Mateo, Jorge]",2.029,0.36,1.392,2.736,0.003,0.004,12559.0,5673.0,1.0
"beta_dist[Naquin, Tyler]",1.593,0.281,1.066,2.129,0.003,0.003,10099.0,6267.0,1.0
"beta_dist[Meyers, Jake]",2.162,0.347,1.513,2.82,0.003,0.004,10688.0,5853.0,1.0
"beta_dist[Difo, Wilmer]",2.368,0.35,1.701,3.016,0.004,0.004,9740.0,5447.0,1.0
"beta_dist[Larnach, Trevor]",1.923,0.307,1.345,2.497,0.003,0.004,11759.0,5562.0,1.0
"beta_dist[Eaton, Adam]",2.644,0.156,2.352,2.952,0.002,0.002,10636.0,5307.0,1.0
"beta_dist[Almora Jr., Albert]",1.891,0.327,1.286,2.521,0.003,0.004,11404.0,6020.0,1.0
"beta_dist[Deichmann, Greg]",1.957,0.362,1.278,2.648,0.004,0.004,9911.0,5918.0,1.0
"beta_dist[Bellinger, Cody]",1.997,0.297,1.457,2.56,0.003,0.004,11241.0,5756.0,1.0
"beta_dist[Fraley, Jake]",2.292,0.222,1.878,2.71,0.002,0.002,8776.0,5677.0,1.0
"beta_dist[Brinson, Lewis]",2.192,0.353,1.517,2.85,0.004,0.005,9729.0,5435.0,1.0
"beta_dist[Beaty, Matt]",2.324,0.325,1.719,2.933,0.003,0.004,11286.0,5289.0,1.0
"beta_dist[Fargas, Johneshwy]",2.043,0.368,1.349,2.741,0.003,0.005,11250.0,5491.0,1.0
"beta_dist[Bell, Josh]",2.02,0.375,1.34,2.748,0.003,0.005,13024.0,5766.0,1.0
"beta_dist[Marisnick, Jake]",2.207,0.354,1.515,2.843,0.004,0.004,9740.0,5352.0,1.0
"beta_dist[Parra, Gerardo]",2.096,0.351,1.435,2.743,0.003,0.004,12215.0,5396.0,1.0
"beta_dist[Estrada, Thairo]",2.053,0.364,1.35,2.714,0.003,0.004,12879.0,6067.0,1.0
"beta_dist[Park, Hoy]",2.186,0.361,1.526,2.872,0.004,0.004,10034.0,5898.0,1.0
"beta_dist[Laureano, Ramón]",2.212,0.186,1.871,2.57,0.002,0.002,10755.0,5698.0,1.0
"beta_dist[Schrock, Max]",1.995,0.365,1.328,2.675,0.003,0.004,11668.0,6025.0,1.0
"beta_dist[Sheets, Gavin]",2.213,0.21,1.819,2.613,0.002,0.002,9900.0,6211.0,1.0
"beta_dist[Drury, Brandon]",2.005,0.355,1.316,2.639,0.003,0.004,15000.0,6365.0,1.0
"beta_dist[Reddick, Josh]",1.845,0.305,1.272,2.416,0.003,0.004,10925.0,5948.0,1.0
"beta_dist[Williams, Luke]",2.041,0.378,1.37,2.792,0.003,0.005,14492.0,5980.0,1.0
"beta_dist[Dahl, David]",2.186,0.323,1.582,2.812,0.003,0.004,12730.0,6053.0,1.0
"beta_dist[Miller, Brad]",2.011,0.344,1.368,2.67,0.003,0.004,10675.0,5956.0,1.0
"beta_dist[Cordero, Franchy]",1.833,0.322,1.235,2.416,0.003,0.004,12381.0,6014.0,1.0
"beta_dist[White, Eli]",2.214,0.345,1.564,2.848,0.003,0.004,12956.0,5713.0,1.0
"beta_dist[Moore, Dylan]",2.055,0.311,1.482,2.644,0.003,0.004,12244.0,5827.0,1.0
"beta_dist[Allen, Greg]",1.887,0.34,1.262,2.535,0.003,0.004,11558.0,5937.0,1.0
"beta_dist[Pham, Tommy]",1.948,0.275,1.445,2.477,0.003,0.003,11529.0,5799.0,1.0
"beta_dist[Adrianza, Ehire]",2.061,0.352,1.4,2.714,0.003,0.004,10734.0,6231.0,1.0
"beta_dist[Oliva, Jared]",1.963,0.347,1.292,2.603,0.003,0.004,11251.0,5588.0,1.0
"beta_dist[Lowe, Brandon]",2.186,0.357,1.538,2.894,0.004,0.004,9902.0,5477.0,1.0
"beta_dist[McKinstry, Zach]",2.489,0.186,2.125,2.833,0.002,0.002,10560.0,5929.0,1.0
"beta_dist[Ortega, Rafael]",2.092,0.317,1.51,2.705,0.003,0.004,10933.0,5847.0,1.0
"beta_dist[Reks, Zach]",2.046,0.364,1.335,2.705,0.004,0.004,10597.0,5859.0,1.0
"beta_dist[Evans, Phillip]",2.154,0.337,1.528,2.771,0.003,0.004,10322.0,5487.0,1.0
"beta_dist[Harrison, Monte]",2.062,0.371,1.394,2.785,0.003,0.006,12608.0,4529.0,1.0
"beta_dist[Wade, Tyler]",2.268,0.349,1.611,2.92,0.003,0.004,10071.0,5754.0,1.0
"beta_dist[O'Grady, Brian]",1.866,0.356,1.205,2.536,0.003,0.004,11022.0,5857.0,1.0
"beta_dist[LaMarre, Ryan]",2.124,0.367,1.442,2.809,0.003,0.005,12909.0,5768.0,1.0
"beta_dist[Amburgey, Trey]",2.002,0.37,1.29,2.668,0.003,0.005,12361.0,5102.0,1.0
"beta_dist[Lorenzen, Michael]",2.047,0.367,1.375,2.761,0.004,0.004,10092.0,6023.0,1.0
"beta_dist[Cooper, Garrett]",2.042,0.336,1.394,2.652,0.003,0.004,9775.0,5995.0,1.0
"beta_dist[Almonte, Abraham]",1.946,0.351,1.31,2.623,0.003,0.004,12097.0,6195.0,1.0
"beta_dist[Bruján, Vidal]",2.175,0.326,1.554,2.775,0.003,0.004,11263.0,6230.0,1.0
"beta_dist[Ward, Taylor]",1.85,0.221,1.455,2.275,0.002,0.003,11463.0,6034.0,1.0
"beta_dist[Kirilloff, Alex]",2.214,0.329,1.636,2.864,0.003,0.004,11430.0,6063.0,1.0
"beta_dist[Mazara, Nomar]",1.973,0.265,1.472,2.47,0.003,0.003,10055.0,5382.0,1.0
"beta_dist[Jankowski, Travis]",1.717,0.298,1.157,2.272,0.003,0.004,10759.0,6147.0,1.0
"beta_dist[Rengifo, Luis]",2.121,0.325,1.516,2.737,0.003,0.004,10169.0,6338.0,1.0
"beta_dist[Acuña Jr., Ronald]",2.143,0.177,1.821,2.489,0.002,0.002,10732.0,6094.0,1.0
"beta_dist[Davis, Jaylin]",2.066,0.364,1.397,2.771,0.003,0.005,11401.0,5788.0,1.0
"beta_dist[Owings, Chris]",1.985,0.363,1.333,2.696,0.003,0.005,12625.0,5749.0,1.0
"beta_dist[Celestino, Gilberto]",1.936,0.361,1.26,2.617,0.003,0.004,13264.0,5661.0,1.0
"beta_dist[Bolt, Skye]",2.123,0.352,1.447,2.771,0.003,0.004,12114.0,5787.0,1.0
"beta_dist[Tauchman, Mike]",2.126,0.293,1.571,2.671,0.003,0.003,11431.0,6291.0,1.0
"beta_dist[Frazier, Clint]",1.965,0.301,1.391,2.527,0.003,0.004,11997.0,5913.0,1.0
"beta_dist[Biggio, Cavan]",1.882,0.296,1.324,2.431,0.003,0.004,13525.0,5765.0,1.0
"beta_dist[González, Luis]",2.034,0.276,1.52,2.56,0.002,0.003,13301.0,5648.0,1.0
"beta_dist[Naylor, Josh]",1.99,0.28,1.471,2.519,0.003,0.003,11453.0,6076.0,1.0
"beta_dist[Blankenhorn, Travis]",2.028,0.36,1.338,2.696,0.003,0.005,13470.0,5986.0,1.0
"beta_dist[Fisher, Derek]",2.013,0.379,1.316,2.747,0.004,0.005,11559.0,5242.0,1.0
"beta_dist[Berti, Jon]",2.11,0.367,1.388,2.792,0.003,0.005,14188.0,5471.0,1.0
"beta_dist[Thomas, Lane]",2.021,0.179,1.681,2.351,0.002,0.002,10437.0,6241.0,1.0
"beta_dist[Locastro, Tim]",1.931,0.356,1.235,2.581,0.003,0.004,11311.0,5866.0,1.0
"beta_dist[Payton, Mark]",2.048,0.37,1.34,2.75,0.003,0.005,13238.0,6133.0,1.0
"beta_dist[Wong, Kean]",2.065,0.363,1.399,2.766,0.003,0.004,11139.0,5800.0,1.0
"beta_dist[Thomas, Dillon]",1.98,0.356,1.301,2.629,0.003,0.004,12703.0,5635.0,1.0
"beta_dist[Garlick, Kyle]",2.251,0.314,1.656,2.846,0.003,0.004,11095.0,5803.0,1.0
"beta_dist[Wilkerson, Stevie]",2.036,0.368,1.339,2.705,0.003,0.005,11910.0,5543.0,1.0
"beta_dist[Mendick, Danny]",2.127,0.366,1.431,2.81,0.004,0.004,10778.0,5725.0,1.0
"beta_dist[Sierra, Magneuris]",1.997,0.372,1.307,2.695,0.004,0.004,10872.0,6299.0,1.0
"beta_dist[Williams, Justin]",2.289,0.324,1.695,2.897,0.003,0.004,11638.0,5791.0,1.0
"beta_dist[Astudillo, Willians]",2.056,0.372,1.365,2.76,0.004,0.005,9528.0,5437.0,1.0
"beta_dist[Heineman, Scott]",2.04,0.372,1.342,2.725,0.003,0.005,13180.0,6030.0,1.0
"beta_dist[Kelenic, Jarred]",2.164,0.298,1.6,2.719,0.003,0.004,9763.0,5890.0,1.0
"beta_dist[Lee, Khalil]",2.019,0.375,1.288,2.711,0.003,0.005,12978.0,5491.0,1.0
"beta_dist[Neuse, Sheldon]",2.063,0.365,1.389,2.778,0.003,0.005,13797.0,5598.0,1.0
"beta_dist[Joyce, Matt]",2.092,0.342,1.454,2.74,0.003,0.004,13528.0,5703.0,1.0
"beta_dist[Luplow, Jordan]",1.954,0.29,1.423,2.498,0.003,0.004,11266.0,5334.0,1.0
"beta_dist[Quinn, Roman]",2.057,0.368,1.373,2.755,0.004,0.005,10780.0,5935.0,1.0
"beta_dist[Maybin, Cameron]",2.031,0.366,1.31,2.684,0.004,0.005,10257.0,5531.0,1.0
"beta_dist[Culberson, Charlie]",2.05,0.361,1.414,2.772,0.003,0.005,12910.0,6089.0,1.0
"beta_dist[Haggerty, Sam]",2.235,0.326,1.641,2.864,0.003,0.004,10799.0,5959.0,1.0
"beta_dist[Gonzalez, Marwin]",1.881,0.352,1.218,2.563,0.003,0.005,11951.0,5643.0,1.0
"beta_dist[Stokes Jr., Troy]",2.029,0.363,1.353,2.711,0.003,0.004,11166.0,6106.0,1.0
"beta_dist[Ruf, Darin]",2.034,0.334,1.391,2.641,0.003,0.004,11638.0,5725.0,1.0
"beta_dist[Kingery, Scott]",2.026,0.369,1.311,2.709,0.003,0.006,12671.0,5181.0,1.0
"beta_dist[Riley, Austin]",2.09,0.366,1.366,2.749,0.003,0.005,11978.0,5705.0,1.0
"beta_dist[Hager, Jake]",2.093,0.368,1.423,2.8,0.004,0.004,10212.0,5588.0,1.0
"beta_dist[Winker, Jesse]",2.264,0.349,1.643,2.952,0.003,0.005,12332.0,5281.0,1.0
"beta_dist[Marcano, Tucupita]",2.087,0.367,1.409,2.765,0.003,0.005,14070.0,5900.0,1.0
"beta_dist[Kivlehan, Patrick]",2.051,0.37,1.319,2.717,0.003,0.005,14260.0,5938.0,1.0
"beta_dist[Hernandez, Yadiel]",1.958,0.364,1.269,2.628,0.003,0.005,15134.0,5972.0,1.0
"beta_dist[Marmolejos, José]",2.044,0.362,1.396,2.738,0.003,0.005,13896.0,6476.0,1.0
"beta_dist[Owen, Hunter]",2.115,0.363,1.417,2.767,0.003,0.005,11313.0,5578.0,1.0
"beta_dist[Díaz, Aledmys]",2.043,0.371,1.374,2.753,0.003,0.005,12939.0,5817.0,1.0
"beta_dist[Stevenson, Andrew]",1.902,0.352,1.242,2.567,0.003,0.005,11576.0,5672.0,1.0
"beta_dist[Duggar, Steven]",2.045,0.374,1.325,2.721,0.003,0.005,11896.0,5624.0,1.0
"beta_dist[Walsh, Jared]",2.047,0.326,1.427,2.641,0.003,0.004,9706.0,5709.0,1.0
"beta_dist[Schebler, Scott]",1.98,0.362,1.304,2.65,0.003,0.005,11385.0,5992.0,1.0
"beta_dist[Pérez, Hernán]",2.066,0.367,1.389,2.771,0.004,0.005,10984.0,5925.0,1.0
"beta_dist[Palacios, Joshua]",1.949,0.283,1.429,2.488,0.002,0.004,13627.0,5770.0,1.0
"beta_dist[Ray, Corey]",2.022,0.364,1.353,2.727,0.003,0.005,13777.0,5335.0,1.0
"beta_dist[Baddoo, Akil]",2.099,0.354,1.434,2.758,0.003,0.005,10948.0,4982.0,1.0
"beta_dist[Moniak, Mickey]",2.009,0.311,1.436,2.595,0.003,0.004,11559.0,5558.0,1.0
"beta_dist[Alford, Anthony]",2.01,0.368,1.321,2.71,0.003,0.005,12988.0,5483.0,1.0
"beta_dist[Tom, Ka'ai]",2.041,0.37,1.374,2.767,0.003,0.005,14811.0,6117.0,1.0
"beta_dist[VanMeter, Josh]",2.057,0.37,1.343,2.732,0.003,0.005,14014.0,5344.0,1.0
"beta_dist[Fowler, Dexter]",2.043,0.364,1.356,2.729,0.003,0.005,13480.0,5790.0,1.0
"beta_dist[Brosseau, Mike]",2.16,0.37,1.449,2.847,0.004,0.004,10280.0,5720.0,1.0
"beta_dist[Fowler, Dustin]",2.051,0.364,1.36,2.742,0.003,0.005,12250.0,5779.0,1.0
"beta_dist[Meadows, Austin]",2.182,0.324,1.571,2.781,0.003,0.004,10634.0,5847.0,1.0
"beta_dist[Dean, Austin]",2.025,0.363,1.32,2.667,0.003,0.005,11498.0,5663.0,1.0
"beta_dist[Herrera, Odúbel]",2.108,0.353,1.454,2.762,0.003,0.005,13483.0,5729.0,1.0
"beta_dist[Hamilton, Billy]",2.045,0.371,1.359,2.752,0.003,0.005,11493.0,5733.0,1.0
"beta_dist[Gonzalez, Oscar]",2.52,0.224,2.115,2.948,0.002,0.003,9909.0,5970.0,1.0
"beta_dist[Marte, Starling]",2.188,0.192,1.83,2.543,0.002,0.002,11407.0,6607.0,1.0
"beta_dist[Suzuki, Seiya]",2.012,0.181,1.662,2.343,0.002,0.002,10280.0,6022.0,1.0
"beta_dist[Eaton, Nate]",1.61,0.313,1.018,2.207,0.003,0.004,10704.0,6190.0,1.0
"beta_dist[Guthrie, Dalton]",2.028,0.364,1.354,2.719,0.003,0.004,11810.0,6058.0,1.0
"beta_dist[Capel, Conner]",1.782,0.296,1.225,2.315,0.003,0.004,11850.0,6024.0,1.0
"beta_dist[Suwinski, Jack]",1.954,0.295,1.41,2.519,0.003,0.004,13014.0,5532.0,1.0
"beta_dist[Dixon, Brandon]",2.079,0.348,1.436,2.764,0.003,0.004,10314.0,5260.0,1.0
"beta_dist[Frazier, Adam]",1.952,0.312,1.381,2.555,0.003,0.004,11779.0,5860.0,1.0
"beta_dist[Davis, Brendon]",2.093,0.368,1.395,2.78,0.003,0.005,11763.0,5858.0,1.0
"beta_dist[Contreras, Mark]",2.1,0.348,1.454,2.765,0.003,0.004,11770.0,6465.0,1.0
"beta_dist[Yepez, Juan]",1.983,0.342,1.316,2.615,0.003,0.004,10621.0,6177.0,1.0
"beta_dist[Azócar, José]",2.114,0.295,1.561,2.653,0.002,0.003,14534.0,6180.0,1.0
"beta_dist[Thompson, Bubba]",2.069,0.354,1.414,2.73,0.003,0.004,13301.0,5750.0,1.0
"beta_dist[Wallner, Matt]",1.998,0.266,1.496,2.482,0.002,0.003,12405.0,5823.0,1.0
"beta_dist[Burdick, Peyton]",2.109,0.349,1.462,2.779,0.003,0.005,13494.0,5892.0,1.0
"beta_dist[Brennan, Will]",2.323,0.21,1.927,2.71,0.002,0.002,9368.0,5763.0,1.0
"beta_dist[Stowers, Kyle]",2.441,0.312,1.852,3.018,0.003,0.004,9186.0,5454.0,1.0
"beta_dist[Cabrera, Oswaldo]",2.118,0.296,1.572,2.692,0.003,0.004,11627.0,5332.0,1.0
"beta_dist[Anderson, Brian]",1.401,0.297,0.846,1.954,0.003,0.003,8072.0,5338.0,1.0
"beta_dist[McNeil, Jeff]",2.127,0.303,1.547,2.69,0.003,0.004,9657.0,5945.0,1.0
"beta_dist[Mathias, Mark]",2.107,0.363,1.435,2.781,0.003,0.005,13832.0,5114.0,1.0
"beta_dist[Friedl, TJ]",1.994,0.331,1.401,2.64,0.003,0.004,11688.0,5609.0,1.0
"beta_dist[Mastrobuoni, Miles]",1.94,0.361,1.251,2.612,0.003,0.005,13463.0,5748.0,1.0
"beta_dist[Toglia, Michael]",1.926,0.278,1.411,2.444,0.003,0.003,10538.0,6097.0,1.0
"beta_dist[Benson, Will]",2.267,0.234,1.833,2.7,0.002,0.003,11451.0,5452.0,1.0
"beta_dist[Mitchell, Cal]",1.864,0.293,1.29,2.386,0.003,0.004,13475.0,5914.0,1.0
"beta_dist[Burleson, Alec]",1.983,0.273,1.485,2.509,0.003,0.003,11846.0,5798.0,1.0
"beta_dist[Waters, Drew]",2.233,0.28,1.7,2.751,0.003,0.003,10965.0,5794.0,1.0
"beta_dist[Castro, Willi]",1.81,0.276,1.284,2.31,0.003,0.003,10619.0,6003.0,1.0
"beta_dist[Carpenter, Kerry]",2.156,0.235,1.714,2.599,0.002,0.003,9706.0,5763.0,1.0
"beta_dist[Encarnacion, Jerar]",1.898,0.358,1.24,2.568,0.003,0.004,12057.0,5643.0,1.0
"beta_dist[Maton, Nick]",2.013,0.357,1.352,2.686,0.003,0.005,10808.0,5823.0,1.0
"beta_dist[Velázquez, Nelson]",1.884,0.294,1.339,2.437,0.003,0.003,10200.0,5791.0,1.0
"beta_dist[Mancini, Trey]",2.127,0.335,1.505,2.774,0.003,0.004,11067.0,5830.0,1.0
"beta_dist[Bleday, JJ]",1.871,0.34,1.255,2.518,0.003,0.004,13414.0,6115.0,1.0
"beta_dist[McCutchen, Andrew]",1.79,0.317,1.211,2.406,0.003,0.004,11337.0,6325.0,1.0
"beta_dist[Call, Alex]",2.229,0.289,1.683,2.759,0.003,0.003,12551.0,6604.0,1.0
"beta_dist[Ramos, Heliot]",2.399,0.343,1.721,3.02,0.003,0.004,9738.0,6364.0,1.0
"beta_dist[Castillo, Diego]",1.801,0.333,1.204,2.441,0.003,0.004,11745.0,5610.0,1.0
"beta_dist[Meneses, Joey]",1.879,0.317,1.287,2.476,0.003,0.004,12462.0,5557.0,1.0
"beta_dist[Trammell, Taylor]",1.895,0.329,1.293,2.512,0.003,0.004,12034.0,6138.0,1.0
"beta_dist[Donovan, Brendan]",1.92,0.326,1.313,2.53,0.003,0.004,12437.0,5933.0,1.0
"beta_dist[Johnson, Bryce]",1.882,0.332,1.247,2.506,0.003,0.004,11980.0,5480.0,1.0
"beta_dist[Rosario, Eddie]",3.265,0.294,2.682,3.781,0.004,0.003,6333.0,5768.0,1.0
"beta_dist[Aguilar, Ryan]",2.04,0.366,1.351,2.716,0.003,0.005,13448.0,5709.0,1.0
"beta_dist[Carroll, Corbin]",2.051,0.218,1.629,2.451,0.002,0.003,9550.0,6296.0,1.0
"beta_dist[Stevenson, Cal]",2.056,0.366,1.368,2.733,0.003,0.004,11310.0,5922.0,1.0
"beta_dist[Heredia, Guillermo]",2.036,0.352,1.354,2.67,0.003,0.004,11303.0,5894.0,1.0
"beta_dist[Pollock, AJ]",2.234,0.348,1.583,2.882,0.003,0.004,14421.0,5654.0,1.0
"beta_dist[Madris, Bligh]",2.006,0.312,1.428,2.599,0.003,0.004,10128.0,5778.0,1.0
"beta_dist[Duran, Jarren]",2.17,0.347,1.535,2.842,0.003,0.004,11412.0,5961.0,1.0
"beta_dist[Dubón, Mauricio]",2.175,0.337,1.533,2.819,0.003,0.004,10727.0,5411.0,1.0
"beta_dist[Muñoz, Yairo]",2.02,0.365,1.32,2.691,0.003,0.005,13859.0,4371.0,1.0
"beta_dist[Bernard, Wynton]",2.035,0.361,1.344,2.706,0.003,0.004,14627.0,5833.0,1.0
"beta_dist[Vavra, Terrin]",2.072,0.351,1.401,2.726,0.003,0.004,11022.0,5970.0,1.0
"beta_dist[Melendez, MJ]",2.805,0.212,2.394,3.193,0.002,0.002,10032.0,5973.0,1.0
"beta_dist[Jones, Nolan]",2.071,0.278,1.553,2.586,0.003,0.003,10928.0,6333.0,1.0
"beta_dist[Carpenter, Matt]",2.112,0.343,1.486,2.778,0.003,0.004,14039.0,6060.0,1.0
"beta_dist[Díaz, Yusniel]",2.044,0.37,1.351,2.727,0.003,0.005,13594.0,5548.0,1.0
"beta_dist[Pratto, Nick]",1.971,0.345,1.343,2.631,0.003,0.004,11296.0,6140.0,1.0
"beta_dist[Ruiz, Esteury]",1.979,0.352,1.329,2.66,0.003,0.004,10718.0,5929.0,1.0
"beta_dist[Reynolds, Matt]",1.931,0.353,1.269,2.603,0.003,0.004,12247.0,6070.0,1.0
"beta_dist[Lewis, Kyle]",2.0,0.369,1.288,2.666,0.003,0.004,11289.0,6152.0,1.0
"beta_dist[Joe, Connor]",2.014,0.245,1.556,2.472,0.002,0.003,10544.0,5884.0,1.0
"beta_dist[Hernandez, Elier]",2.051,0.376,1.337,2.729,0.003,0.005,12152.0,5648.0,1.0
"beta_dist[Hicklen, Brewer]",2.015,0.361,1.343,2.701,0.003,0.005,10968.0,5658.0,1.0
"beta_dist[Inciarte, Ender]",2.048,0.37,1.346,2.742,0.003,0.005,12282.0,5407.0,1.0
"beta_dist[Arroyo, Christian]",1.834,0.346,1.207,2.505,0.004,0.004,9425.0,5814.0,1.0
"beta_dist[Kwan, Steven]",2.353,0.341,1.692,2.972,0.003,0.004,12684.0,5558.0,1.0
"beta_dist[Wilson, Marcus]",2.098,0.367,1.428,2.808,0.003,0.005,12635.0,5661.0,1.0
"beta_dist[Crook, Narciso]",2.027,0.362,1.318,2.689,0.003,0.005,12396.0,5517.0,1.0
"beta_dist[Upton, Justin]",2.031,0.374,1.311,2.714,0.003,0.005,12971.0,5723.0,1.0
"beta_dist[Alvarez, Eddy]",1.983,0.349,1.329,2.633,0.003,0.004,10284.0,6083.0,1.0
"beta_dist[Haseley, Adam]",2.006,0.359,1.331,2.691,0.004,0.004,9955.0,5690.0,1.0
"beta_dist[Plummer, Nick]",2.22,0.348,1.568,2.857,0.003,0.004,11918.0,5578.0,1.0
"beta_dist[Walker, Steele]",2.01,0.363,1.333,2.706,0.003,0.005,12126.0,5526.0,1.0
"beta_dist[Demeritte, Travis]",2.132,0.328,1.523,2.764,0.003,0.005,12970.0,5808.0,1.0
"beta_dist[Alberto, Hanser]",2.06,0.367,1.395,2.784,0.003,0.005,11241.0,5714.0,1.0
"beta_dist[Whitefield, Aaron]",2.136,0.367,1.429,2.799,0.004,0.004,10543.0,6000.0,1.0
"beta_dist[Mayfield, Jack]",1.988,0.37,1.316,2.698,0.003,0.004,12775.0,5989.0,1.0
"beta_dist[Abrams, CJ]",2.048,0.371,1.362,2.743,0.003,0.005,11964.0,6164.0,1.0
"beta_dist[Nevin, Tyler]",1.932,0.343,1.281,2.559,0.003,0.005,11298.0,5468.0,1.0
"beta_dist[Marsh, Brandon]",1.975,0.342,1.316,2.605,0.003,0.005,12497.0,5876.0,1.0
"beta_dist[McDonald, Mickey]",2.037,0.367,1.356,2.753,0.003,0.005,11638.0,5688.0,1.0
"beta_dist[Lopes, Christian]",2.031,0.371,1.315,2.698,0.004,0.004,10689.0,6097.0,1.0
"beta_dist[Jackson, Drew]",2.015,0.368,1.332,2.709,0.003,0.005,13475.0,6188.0,1.0
"beta_dist[Dickerson, Alex]",2.046,0.368,1.38,2.754,0.003,0.005,14072.0,5503.0,1.0
"beta_dist[Hicks, Aaron]",2.249,0.324,1.649,2.884,0.003,0.004,13445.0,5551.0,1.0
"beta_dist[Canario, Alexander]",2.12,0.346,1.465,2.763,0.003,0.004,10848.0,5849.0,1.0
"beta_dist[Perkins, Blake]",1.692,0.339,1.063,2.331,0.004,0.004,9360.0,5382.0,1.0
"beta_dist[Pache, Cristian]",2.044,0.365,1.342,2.713,0.003,0.005,13755.0,5881.0,1.0
"beta_dist[Andujar, Miguel]",1.698,0.325,1.104,2.307,0.003,0.004,11649.0,5981.0,1.0
"beta_dist[Basabe, Osleivis]",2.0,0.376,1.304,2.718,0.003,0.005,12368.0,5600.0,1.0
"beta_dist[Walker, Jordan]",2.069,0.243,1.6,2.508,0.002,0.003,10172.0,5650.0,1.0
"beta_dist[Steer, Spencer]",2.036,0.377,1.341,2.769,0.003,0.005,11631.0,5333.0,1.0
"beta_dist[Matos, Luis]",2.032,0.316,1.414,2.6,0.003,0.004,10674.0,6042.0,1.0
"beta_dist[Senzel, Nick]",1.917,0.356,1.245,2.586,0.004,0.005,10000.0,5469.0,1.0
"beta_dist[Bouchard, Sean]",1.855,0.3,1.293,2.428,0.003,0.004,10699.0,5801.0,1.0
"beta_dist[Kjerstad, Heston]",1.949,0.363,1.239,2.611,0.003,0.005,11546.0,5741.0,1.0
"beta_dist[Frelick, Sal]",2.012,0.243,1.553,2.469,0.002,0.003,11474.0,6053.0,1.0
"beta_dist[Hernández, Enrique]",2.043,0.365,1.341,2.709,0.003,0.005,14085.0,5519.0,1.0
"beta_dist[Goodman, Hunter]",2.196,0.307,1.62,2.761,0.003,0.004,10648.0,5040.0,1.0
"beta_dist[Davis, Henry]",2.208,0.292,1.681,2.776,0.003,0.003,9343.0,5491.0,1.0
"beta_dist[Hampson, Garrett]",2.101,0.349,1.426,2.758,0.003,0.005,13430.0,5312.0,1.0
"beta_dist[Blanco, Dairon]",2.31,0.304,1.756,2.88,0.003,0.003,10310.0,6381.0,1.0
"beta_dist[Morel, Christopher]",2.122,0.348,1.475,2.79,0.003,0.005,12848.0,5628.0,1.0
"beta_dist[Palacios, Richie]",2.004,0.321,1.413,2.622,0.003,0.004,10621.0,6139.0,1.0
"beta_dist[Adams, Jordyn]",2.173,0.357,1.53,2.867,0.004,0.005,9882.0,5531.0,1.0
"beta_dist[Colás, Oscar]",2.308,0.265,1.806,2.805,0.003,0.003,9878.0,5983.0,1.0
"beta_dist[Encarnacion-Strand, Christian]",2.045,0.369,1.353,2.741,0.004,0.005,10363.0,5328.0,1.0
"beta_dist[Cabbage, Trey]",1.934,0.346,1.297,2.593,0.003,0.004,14970.0,5546.0,1.0
"beta_dist[Carter, Evan]",2.024,0.354,1.367,2.708,0.003,0.004,10954.0,5927.0,1.0
"beta_dist[Ibáñez, Andy]",2.201,0.361,1.557,2.907,0.003,0.005,11943.0,5822.0,1.0
"beta_dist[Noda, Ryan]",2.029,0.365,1.36,2.73,0.003,0.005,14131.0,5455.0,1.0
"beta_dist[Martínez, J.P.]",1.926,0.354,1.245,2.581,0.003,0.004,11846.0,5928.0,1.0
"beta_dist[Abreu, Wilyer]",2.143,0.26,1.666,2.644,0.002,0.003,11269.0,6131.0,1.0
"beta_dist[Canzone, Dominic]",1.915,0.306,1.326,2.468,0.003,0.004,9938.0,5945.0,1.0
"beta_dist[Greene, Riley]",2.155,0.352,1.473,2.812,0.003,0.004,12226.0,5689.0,1.0
"beta_dist[Marlowe, Cade]",2.16,0.36,1.504,2.859,0.003,0.005,11093.0,5649.0,1.0
"beta_dist[Castro, Harold]",2.157,0.376,1.456,2.867,0.003,0.004,13300.0,5595.0,1.0
"beta_dist[Garrett, Stone]",2.001,0.356,1.312,2.635,0.003,0.005,13139.0,6326.0,1.0
"beta_dist[Hopkins, TJ]",1.897,0.341,1.254,2.54,0.003,0.005,11267.0,5515.0,1.0
"beta_dist[Peralta, David]",2.175,0.323,1.572,2.77,0.003,0.004,10472.0,5438.0,1.0
"beta_dist[Thomas, Cody]",2.101,0.354,1.458,2.777,0.003,0.005,12865.0,5383.0,1.0
"beta_dist[Butler, Lawrence]",1.632,0.259,1.152,2.124,0.003,0.003,10641.0,6458.0,1.0
"beta_dist[Wilson, Weston]",2.021,0.362,1.35,2.726,0.003,0.005,12238.0,5421.0,1.0
"beta_dist[Kiner-Falefa, Isiah]",2.115,0.347,1.486,2.779,0.003,0.005,12200.0,5529.0,1.0
"beta_dist[Cowser, Colton]",2.255,0.344,1.6,2.912,0.003,0.004,11775.0,5961.0,1.0
"beta_dist[DeLuca, Jonny]",2.592,0.197,2.222,2.965,0.002,0.003,9404.0,4852.0,1.0
"beta_dist[Haase, Eric]",2.046,0.365,1.392,2.784,0.004,0.005,10733.0,4871.0,1.0
"beta_dist[Arias, Gabriel]",1.936,0.326,1.32,2.545,0.003,0.004,12068.0,5864.0,1.0
"beta_dist[Remillard, Zach]",2.055,0.363,1.389,2.755,0.003,0.004,11268.0,6145.0,1.0
"beta_dist[Fry, David]",1.965,0.345,1.33,2.623,0.003,0.004,13382.0,5529.0,1.0
"beta_dist[Kohlwey, Taylor]",2.047,0.371,1.369,2.768,0.003,0.005,12961.0,5843.0,1.0
"beta_dist[Outman, James]",2.005,0.357,1.379,2.713,0.004,0.004,10163.0,6036.0,1.0
"beta_dist[Fletcher, Dominic]",2.02,0.268,1.519,2.527,0.002,0.003,12088.0,6008.0,1.0
"beta_dist[Jiménez, Eloy]",2.011,0.355,1.335,2.682,0.003,0.005,11963.0,5605.0,1.0
"beta_dist[Odor, Rougned]",1.964,0.361,1.273,2.614,0.004,0.004,9569.0,5863.0,1.0
"beta_dist[Davis, Jonathan]",2.048,0.376,1.367,2.765,0.004,0.005,11475.0,5941.0,1.0
"beta_dist[Harrison, Josh]",2.143,0.364,1.479,2.839,0.003,0.006,14340.0,5149.0,1.0
"beta_dist[Clemens, Kody]",1.89,0.366,1.216,2.601,0.004,0.004,9475.0,5914.0,1.0
"beta_dist[Calhoun, Willie]",2.216,0.366,1.51,2.893,0.003,0.005,13105.0,5327.0,1.0
"beta_dist[Smith-Njigba, Canaan]",2.306,0.339,1.69,2.963,0.003,0.004,11102.0,6568.0,1.0
"beta_dist[Lukes, Nathan]",2.1,0.353,1.426,2.751,0.003,0.004,15208.0,6208.0,1.0
"beta_dist[Julks, Corey]",2.122,0.344,1.466,2.753,0.003,0.004,10487.0,5686.0,1.0
"beta_dist[Wiemer, Joey]",1.928,0.325,1.311,2.536,0.003,0.004,12368.0,5736.0,1.0
"beta_dist[Miller, Owen]",2.045,0.368,1.401,2.765,0.003,0.005,13588.0,6039.0,1.0
"beta_dist[Pérez, Wenceel]",1.78,0.294,1.237,2.336,0.003,0.003,8268.0,5802.0,1.0
"beta_dist[Noel, Jhonkensy]",2.094,0.328,1.469,2.693,0.003,0.004,10587.0,5525.0,1.0
"beta_dist[Schneemann, Daniel]",2.051,0.342,1.41,2.683,0.004,0.004,9534.0,5779.0,1.0
"beta_dist[DeLoach, Zach]",1.83,0.348,1.188,2.482,0.003,0.005,10633.0,4931.0,1.0
"beta_dist[Duran, Ezequiel]",2.037,0.373,1.34,2.743,0.003,0.004,12432.0,5743.0,1.0
"beta_dist[Campero, Gustavo]",2.054,0.353,1.411,2.736,0.003,0.005,12538.0,5961.0,1.0
"beta_dist[Chourio, Jackson]",1.868,0.313,1.294,2.467,0.003,0.004,10071.0,6149.0,1.0
"beta_dist[Lockridge, Brandon]",2.024,0.371,1.324,2.714,0.004,0.004,9618.0,6102.0,1.0
"beta_dist[Alcántara, Kevin]",2.031,0.363,1.372,2.744,0.003,0.004,13830.0,6158.0,1.0
"beta_dist[Pages, Andy]",2.049,0.331,1.4,2.655,0.003,0.004,9974.0,5668.0,1.0
"beta_dist[Yorke, Nick]",2.007,0.37,1.316,2.688,0.003,0.005,11882.0,5994.0,1.0
"beta_dist[Robles, Victor]",2.009,0.324,1.368,2.593,0.003,0.004,11425.0,5976.0,1.0
"beta_dist[Berroa, Steward]",1.955,0.34,1.331,2.617,0.003,0.004,12419.0,5332.0,1.0
"beta_dist[Crews, Dylan]",2.096,0.316,1.509,2.691,0.003,0.004,13703.0,6255.0,1.0
"beta_dist[O'Neill, Tyler]",1.986,0.315,1.392,2.576,0.003,0.004,11681.0,5725.0,1.0
"beta_dist[Mitchell, Garrett]",2.193,0.338,1.578,2.84,0.003,0.004,11020.0,5705.0,1.0
"beta_dist[Beck, Jordan]",2.044,0.336,1.392,2.651,0.003,0.004,11280.0,5885.0,1.0
"beta_dist[Scott II, Victor]",2.047,0.368,1.331,2.726,0.003,0.004,11632.0,6037.0,1.0
"beta_dist[Conine, Griffin]",1.77,0.34,1.145,2.401,0.003,0.004,13151.0,5513.0,1.0
"beta_dist[Rafaela, Ceddanne]",2.05,0.375,1.336,2.735,0.003,0.005,12094.0,5861.0,1.0
"beta_dist[Cook, Billy]",2.034,0.355,1.372,2.707,0.003,0.004,13022.0,5986.0,1.0
"beta_dist[Barger, Addison]",1.862,0.334,1.235,2.492,0.003,0.004,11400.0,5738.0,1.0
"beta_dist[Rosario, Amed]",2.04,0.323,1.414,2.63,0.003,0.004,12207.0,6076.0,1.0
"beta_dist[Hinds, Rece]",2.263,0.332,1.622,2.873,0.003,0.004,13036.0,5217.0,1.0
"beta_dist[Hensley, David]",2.239,0.36,1.557,2.918,0.004,0.004,9873.0,5831.0,1.0
"beta_dist[Fabian, Sandro]",2.049,0.374,1.35,2.762,0.003,0.005,12100.0,5578.0,1.0
"beta_dist[Helman, Michael]",2.049,0.364,1.369,2.739,0.004,0.005,10234.0,5372.0,1.0
"beta_dist[Garcia, Maikel]",2.046,0.373,1.302,2.706,0.003,0.005,11663.0,5934.0,1.0
"beta_dist[Espinal, Santiago]",2.088,0.358,1.439,2.783,0.004,0.004,10182.0,6094.0,1.0
"beta_dist[Gentry, Tyler]",2.055,0.367,1.361,2.726,0.004,0.004,10944.0,6630.0,1.0
"beta_dist[Bae, Ji Hwan]",2.381,0.338,1.767,3.038,0.003,0.004,11447.0,5790.0,1.0
"beta_dist[León, Pedro]",2.007,0.359,1.344,2.71,0.003,0.005,11324.0,5813.0,1.0
"beta_dist[Vilade, Ryan]",1.978,0.356,1.302,2.645,0.003,0.004,11467.0,5903.0,1.0
"beta_dist[Wall, Forrest]",2.044,0.355,1.344,2.692,0.003,0.005,13510.0,5581.0,1.0
"beta_dist[Vosler, Jason]",2.06,0.37,1.397,2.778,0.003,0.004,11419.0,5911.0,1.0
"beta_dist[Triolo, Jared]",2.041,0.375,1.314,2.73,0.004,0.004,10613.0,5698.0,1.0
"beta_dist[Loperfido, Joey]",1.998,0.345,1.36,2.648,0.003,0.004,12501.0,5609.0,1.0
"beta_dist[Martínez, Angel]",2.047,0.364,1.35,2.714,0.003,0.004,11057.0,5818.0,1.0
"beta_dist[Myers, Dane]",2.16,0.325,1.56,2.779,0.003,0.004,9451.0,5890.0,1.0
"beta_dist[Hill, Derek]",2.013,0.364,1.338,2.711,0.004,0.004,9250.0,5890.0,1.0
"beta_dist[Jones, Jahmai]",2.09,0.358,1.438,2.791,0.003,0.004,11029.0,5592.0,1.0
"beta_dist[Dunn, Blake]",2.057,0.37,1.316,2.709,0.003,0.005,12722.0,5755.0,1.0
"beta_dist[Rodríguez, Johnathan]",2.061,0.349,1.426,2.723,0.003,0.004,12019.0,5897.0,1.0
"beta_dist[Jordan, Levi]",2.042,0.374,1.325,2.743,0.003,0.005,12369.0,6182.0,1.0
"beta_dist[Jones, Greg]",1.989,0.361,1.301,2.657,0.004,0.005,9769.0,5479.0,1.0
"beta_dist[Dalbec, Bobby]",2.045,0.368,1.33,2.729,0.003,0.005,11157.0,5392.0,1.0
"beta_dist[Hurtubise, Jacob]",2.062,0.373,1.393,2.797,0.003,0.005,13087.0,5221.0,1.0
"beta_dist[Reynolds, Bryan]",1.865,0.336,1.241,2.519,0.003,0.004,10827.0,5889.0,1.0
"beta_dist[Florial, Estevan]",1.972,0.34,1.373,2.639,0.003,0.005,12095.0,5808.0,1.0
"beta_dist[Siani, Michael]",2.073,0.36,1.4,2.761,0.003,0.004,12205.0,6130.0,1.0
