,mean,sd,hdi_3%,hdi_97%,mcse_mean,mcse_sd,ess_bulk,ess_tail,r_hat
"alpha[Siri, Jose]",-0.603,0.115,-0.821,-0.391,0.001,0.001,9778.0,6476.0,1.0
"alpha[Tucker, Kyle]",-0.899,0.204,-1.27,-0.496,0.002,0.003,15282.0,5631.0,1.0
"alpha[Duvall, Adam]",-0.964,0.148,-1.222,-0.66,0.001,0.002,12777.0,6194.0,1.0
"alpha[Heredia, Guillermo]",-0.873,0.162,-1.178,-0.571,0.001,0.002,14496.0,5979.0,1.0
"alpha[McCormick, Chas]",-0.83,0.139,-1.1,-0.574,0.001,0.002,10890.0,5920.0,1.0
"alpha[Bellinger, Cody]",-0.901,0.11,-1.104,-0.687,0.001,0.001,11175.0,6315.0,1.0
"alpha[Hernández, Enrique]",-0.922,0.124,-1.155,-0.685,0.001,0.001,9760.0,5494.0,1.0
"alpha[Verdugo, Alex]",-1.158,0.186,-1.505,-0.801,0.002,0.002,10727.0,5784.0,1.0
"alpha[Betts, Mookie]",-0.878,0.189,-1.221,-0.515,0.002,0.003,13703.0,5560.0,1.0
"alpha[Taylor, Chris]",-0.827,0.178,-1.181,-0.501,0.001,0.002,14270.0,5798.0,1.0
"alpha[Lux, Gavin]",-0.85,0.201,-1.238,-0.489,0.002,0.003,17368.0,5907.0,1.0
"alpha[Daza, Yonathan]",-1.145,0.137,-1.4,-0.89,0.001,0.002,11786.0,6093.0,1.0
"alpha[McCarthy, Jake]",-0.992,0.152,-1.278,-0.705,0.001,0.002,11397.0,6026.0,1.0
"alpha[Engel, Adam]",-0.981,0.163,-1.293,-0.683,0.001,0.002,12848.0,6049.0,1.0
"alpha[Baddoo, Akil]",-0.992,0.159,-1.29,-0.698,0.001,0.002,11884.0,5853.0,1.0
"alpha[Sierra, Magneuris]",-0.763,0.17,-1.081,-0.443,0.001,0.002,14684.0,6143.0,1.0
"alpha[Jankowski, Travis]",-0.696,0.177,-1.019,-0.355,0.002,0.002,13441.0,5320.0,1.0
"alpha[Herrera, Odúbel]",-0.82,0.137,-1.082,-0.562,0.001,0.002,14274.0,6076.0,1.0
"alpha[Marte, Starling]",-0.94,0.144,-1.218,-0.683,0.001,0.002,15003.0,6580.0,1.0
"alpha[Bolt, Skye]",-0.96,0.179,-1.3,-0.632,0.001,0.002,15701.0,5819.0,1.0
"alpha[Taylor, Michael A.]",-0.705,0.098,-0.887,-0.519,0.001,0.001,11286.0,6535.0,1.0
"alpha[Robert Jr., Luis]",-0.82,0.103,-1.012,-0.627,0.001,0.001,11324.0,7129.0,1.0
"alpha[Meyers, Jake]",-0.657,0.121,-0.881,-0.431,0.001,0.001,9670.0,5514.0,1.0
"alpha[Slater, Austin]",-0.92,0.141,-1.183,-0.66,0.001,0.002,15086.0,6633.0,1.0
"alpha[Yastrzemski, Mike]",-0.793,0.148,-1.06,-0.505,0.001,0.002,11948.0,6075.0,1.0
"alpha[Pache, Cristian]",-0.685,0.134,-0.931,-0.43,0.001,0.002,12617.0,6323.0,1.0
"alpha[Cain, Lorenzo]",-0.647,0.164,-0.966,-0.35,0.001,0.002,13088.0,5131.0,1.0
"alpha[Kiermaier, Kevin]",-0.629,0.109,-0.84,-0.43,0.001,0.001,9093.0,5744.0,1.0
"alpha[Duggar, Steven]",-0.775,0.164,-1.093,-0.482,0.001,0.002,13282.0,5996.0,1.0
"alpha[Bryant, Kris]",-0.835,0.205,-1.213,-0.439,0.002,0.003,16973.0,5572.0,1.0
"alpha[Ortega, Rafael]",-1.106,0.145,-1.364,-0.832,0.001,0.002,11543.0,6379.0,1.0
"alpha[Marsh, Brandon]",-0.98,0.122,-1.203,-0.748,0.001,0.001,10791.0,6595.0,1.0
"alpha[Kelenic, Jarred]",-0.962,0.134,-1.221,-0.71,0.001,0.002,14030.0,6303.0,1.0
"alpha[Lagares, Juan]",-0.886,0.177,-1.217,-0.561,0.001,0.002,16795.0,5816.0,1.0
"alpha[Straw, Myles]",-0.896,0.1,-1.087,-0.713,0.001,0.001,10817.0,6618.0,1.0
"alpha[Peters, DJ]",-0.935,0.188,-1.287,-0.587,0.002,0.002,14910.0,5955.0,1.0
"alpha[McKenna, Ryan]",-0.944,0.174,-1.285,-0.637,0.001,0.002,13725.0,5406.0,1.0
"alpha[Springer, George]",-0.754,0.155,-1.058,-0.471,0.001,0.002,14442.0,5908.0,1.0
"alpha[Mullins, Cedric]",-0.823,0.092,-0.999,-0.653,0.001,0.001,10914.0,7180.0,1.0
"alpha[Thomas, Lane]",-1.018,0.142,-1.285,-0.757,0.001,0.002,12449.0,6330.0,1.0
"alpha[Renfroe, Hunter]",-0.939,0.211,-1.332,-0.534,0.002,0.003,14304.0,5771.0,1.0
"alpha[Hilliard, Sam]",-1.231,0.163,-1.533,-0.927,0.002,0.002,9660.0,5556.0,1.0
"alpha[Varsho, Daulton]",-0.766,0.123,-0.993,-0.535,0.001,0.001,12907.0,6783.0,1.0
"alpha[Buxton, Byron]",-0.828,0.13,-1.081,-0.593,0.001,0.002,12147.0,6195.0,1.0
"alpha[Bader, Harrison]",-0.634,0.11,-0.843,-0.43,0.001,0.001,10301.0,6161.0,1.0
"alpha[Gardner, Brett]",-0.95,0.155,-1.228,-0.65,0.001,0.002,15662.0,5782.0,1.0
"alpha[Bradley Jr., Jackie]",-0.881,0.143,-1.156,-0.617,0.001,0.002,14412.0,6281.0,1.0
"alpha[Grisham, Trent]",-0.581,0.103,-0.769,-0.385,0.001,0.001,11941.0,6623.0,1.0
"alpha[Friedl, TJ]",-0.936,0.131,-1.189,-0.695,0.001,0.002,11877.0,6250.0,1.0
"alpha[Gamel, Ben]",-1.054,0.203,-1.44,-0.674,0.002,0.003,13165.0,6066.0,1.0
"alpha[Phillips, Brett]",-0.819,0.152,-1.091,-0.513,0.001,0.002,13706.0,5901.0,1.0
"alpha[Vierling, Matt]",-0.991,0.143,-1.259,-0.719,0.001,0.002,11830.0,5683.0,1.0
"alpha[Nimmo, Brandon]",-0.944,0.112,-1.156,-0.741,0.001,0.001,9814.0,6321.0,1.0
"alpha[Stevenson, Andrew]",-0.84,0.19,-1.194,-0.492,0.002,0.002,14975.0,5774.0,1.0
"alpha[Taylor, Tyrone]",-0.909,0.146,-1.17,-0.635,0.001,0.002,13571.0,6395.0,1.0
"alpha[Margot, Manuel]",-0.808,0.157,-1.112,-0.522,0.001,0.002,13874.0,6550.0,1.0
"alpha[DeShields, Delino]",-0.935,0.199,-1.313,-0.555,0.002,0.002,13398.0,5643.0,1.0
"alpha[Reynolds, Bryan]",-1.031,0.123,-1.255,-0.796,0.001,0.001,10292.0,6270.0,1.0
"alpha[Fargas, Johneshwy]",-0.894,0.209,-1.286,-0.499,0.002,0.003,14228.0,5147.0,1.0
"alpha[Taveras, Leody]",-0.99,0.097,-1.172,-0.811,0.001,0.001,10220.0,5644.0,1.0
"alpha[Tatis Jr., Fernando]",-1.039,0.209,-1.442,-0.653,0.002,0.003,14220.0,5454.0,1.0
"alpha[Ward, Taylor]",-0.929,0.199,-1.315,-0.564,0.002,0.003,16858.0,5702.0,1.0
"alpha[Barrero, José]",-0.959,0.199,-1.311,-0.568,0.002,0.002,12990.0,5902.0,1.0
"alpha[De La Cruz, Bryan]",-0.998,0.172,-1.315,-0.674,0.002,0.002,12904.0,5671.0,1.0
"alpha[Isbel, Kyle]",-0.676,0.117,-0.883,-0.443,0.001,0.001,11311.0,6631.0,1.0
"alpha[Carlson, Dylan]",-0.986,0.132,-1.239,-0.741,0.001,0.002,12459.0,6275.0,1.0
"alpha[Hampson, Garrett]",-1.016,0.138,-1.272,-0.755,0.001,0.002,11486.0,5993.0,1.0
"alpha[Thompson, Trayce]",-0.856,0.172,-1.175,-0.535,0.001,0.002,13895.0,5449.0,1.0
"alpha[Olivares, Edward]",-0.962,0.211,-1.339,-0.558,0.002,0.003,14527.0,5888.0,1.0
"alpha[Reyes, Victor]",-1.099,0.186,-1.452,-0.763,0.002,0.002,12446.0,5491.0,1.0
"alpha[Cameron, Daz]",-0.989,0.191,-1.368,-0.65,0.002,0.002,12558.0,5802.0,1.0
"alpha[Brown, Seth]",-0.934,0.196,-1.298,-0.562,0.002,0.003,13498.0,5979.0,1.0
"alpha[Pederson, Joc]",-0.877,0.199,-1.241,-0.489,0.002,0.003,15068.0,5268.0,1.0
"alpha[Hamilton, Billy]",-0.786,0.192,-1.146,-0.43,0.002,0.002,14070.0,5900.0,1.0
"alpha[Grichuk, Randal]",-1.218,0.147,-1.492,-0.945,0.001,0.002,10739.0,6327.0,1.0
"alpha[Zimmer, Bradley]",-0.709,0.164,-1.021,-0.405,0.002,0.002,11470.0,5312.0,1.0
"alpha[Gordon, Nick]",-1.102,0.163,-1.41,-0.8,0.001,0.002,11999.0,6171.0,1.0
"alpha[Dyson, Jarrod]",-0.804,0.189,-1.171,-0.46,0.002,0.002,15172.0,5724.0,1.0
"alpha[Florial, Estevan]",-0.878,0.177,-1.225,-0.559,0.001,0.002,15329.0,5416.0,1.0
"alpha[Dickerson, Corey]",-0.898,0.207,-1.294,-0.512,0.002,0.003,14042.0,6149.0,1.0
"alpha[García, Leury]",-0.901,0.189,-1.263,-0.554,0.002,0.002,13448.0,5501.0,1.0
"alpha[Judge, Aaron]",-0.944,0.125,-1.19,-0.719,0.001,0.001,12671.0,6337.0,1.0
"alpha[Hill, Derek]",-0.938,0.146,-1.215,-0.671,0.001,0.002,12095.0,6257.0,1.0
"alpha[Akiyama, Shogo]",-0.985,0.183,-1.342,-0.649,0.001,0.002,17004.0,5719.0,1.0
"alpha[Hays, Austin]",-0.898,0.199,-1.261,-0.516,0.002,0.002,14787.0,6098.0,1.0
"alpha[Pillar, Kevin]",-1.026,0.16,-1.321,-0.715,0.001,0.002,15216.0,5354.0,1.0
"alpha[Winker, Jesse]",-0.905,0.212,-1.31,-0.516,0.002,0.003,14380.0,5640.0,1.0
"alpha[Brinson, Lewis]",-1.157,0.194,-1.521,-0.794,0.002,0.002,11470.0,5359.0,1.0
"alpha[Happ, Ian]",-0.88,0.174,-1.207,-0.56,0.002,0.002,11948.0,5534.0,1.0
"alpha[Marte, Ketel]",-1.073,0.159,-1.362,-0.769,0.001,0.002,13013.0,6167.0,1.0
"alpha[Aquino, Aristides]",-0.883,0.205,-1.267,-0.509,0.002,0.002,13804.0,6055.0,1.0
"alpha[Almora Jr., Albert]",-0.882,0.183,-1.237,-0.547,0.002,0.002,13643.0,5501.0,1.0
"alpha[Naquin, Tyler]",-1.081,0.167,-1.397,-0.768,0.002,0.002,12283.0,5886.0,1.0
"alpha[Cave, Jake]",-1.039,0.188,-1.382,-0.678,0.002,0.002,12538.0,6032.0,1.0
"alpha[Wade, Tyler]",-0.923,0.209,-1.324,-0.536,0.002,0.003,13156.0,5837.0,1.0
"alpha[Dubón, Mauricio]",-0.742,0.156,-1.029,-0.446,0.001,0.002,12695.0,5583.0,1.0
"alpha[Tucker, Cole]",-0.976,0.208,-1.359,-0.58,0.002,0.003,12766.0,5479.0,1.0
"alpha[Hermosillo, Michael]",-0.896,0.189,-1.257,-0.549,0.001,0.002,17476.0,5710.0,1.0
"alpha[Santana, Danny]",-0.93,0.199,-1.291,-0.547,0.002,0.003,13421.0,5580.0,1.0
"alpha[Duran, Jarren]",-1.102,0.125,-1.335,-0.869,0.001,0.001,11702.0,6103.0,1.0
"alpha[Bonifacio, Jorge]",-0.931,0.213,-1.313,-0.524,0.002,0.003,15053.0,5815.0,1.0
"alpha[Robles, Victor]",-0.95,0.117,-1.165,-0.729,0.001,0.001,10263.0,6520.0,1.0
"alpha[Palacios, Joshua]",-0.952,0.205,-1.331,-0.562,0.002,0.003,14546.0,5620.0,1.0
"alpha[Williams, Luke]",-0.873,0.204,-1.269,-0.505,0.002,0.003,15114.0,5663.0,1.0
"alpha[Goodwin, Brian]",-0.99,0.193,-1.367,-0.642,0.002,0.002,13365.0,5542.0,1.0
"alpha[Fraley, Jake]",-0.976,0.193,-1.345,-0.624,0.002,0.002,13756.0,5671.0,1.0
"alpha[Refsnyder, Rob]",-0.915,0.174,-1.24,-0.589,0.001,0.002,14307.0,5422.0,1.0
"alpha[Davis, Jonathan]",-0.831,0.162,-1.134,-0.525,0.001,0.002,13558.0,6653.0,1.0
"alpha[Moniak, Mickey]",-0.814,0.142,-1.082,-0.552,0.001,0.002,9382.0,5883.0,1.0
"alpha[Martin, Jason]",-0.879,0.212,-1.269,-0.472,0.002,0.003,15267.0,5768.0,1.0
"alpha[Park, Hoy]",-0.908,0.215,-1.309,-0.504,0.002,0.003,13025.0,5702.0,1.0
"alpha[García, Adolis]",-0.879,0.136,-1.133,-0.627,0.001,0.002,13775.0,5939.0,1.0
"alpha[Goodrum, Niko]",-0.961,0.21,-1.356,-0.554,0.002,0.003,16158.0,5989.0,1.0
"alpha[Smith, Pavin]",-0.938,0.188,-1.286,-0.585,0.002,0.003,12555.0,5381.0,1.0
"alpha[Marisnick, Jake]",-0.824,0.168,-1.148,-0.511,0.001,0.002,14111.0,6060.0,1.0
"alpha[Kepler, Max]",-0.957,0.194,-1.318,-0.589,0.002,0.003,12994.0,5696.0,1.0
"alpha[White, Eli]",-0.803,0.178,-1.128,-0.469,0.002,0.002,13108.0,5986.0,1.0
"alpha[Allen, Greg]",-1.012,0.2,-1.401,-0.653,0.002,0.003,13297.0,5785.0,1.0
"alpha[Tapia, Raimel]",-0.878,0.18,-1.21,-0.532,0.001,0.002,17588.0,5942.0,1.0
"alpha[Profar, Jurickson]",-0.937,0.201,-1.34,-0.572,0.002,0.003,14348.0,5504.0,1.0
"alpha[Laureano, Ramón]",-1.035,0.143,-1.316,-0.777,0.001,0.002,11717.0,5909.0,1.0
"alpha[Pollock, AJ]",-0.817,0.183,-1.177,-0.485,0.002,0.002,14439.0,6282.0,1.0
"alpha[Oliva, Jared]",-0.883,0.216,-1.282,-0.473,0.002,0.003,14442.0,5694.0,1.0
"alpha[Mercado, Óscar]",-0.949,0.2,-1.327,-0.58,0.002,0.002,11468.0,6034.0,1.0
"alpha[Celestino, Gilberto]",-0.902,0.155,-1.193,-0.613,0.001,0.002,12445.0,5935.0,1.0
"alpha[Tauchman, Mike]",-0.92,0.159,-1.217,-0.625,0.001,0.002,13502.0,5788.0,1.0
"alpha[Harrison, Monte]",-0.911,0.207,-1.309,-0.53,0.002,0.003,16111.0,5833.0,1.0
"alpha[Reddick, Josh]",-0.872,0.208,-1.257,-0.475,0.002,0.003,14939.0,5795.0,1.0
"alpha[Fairchild, Stuart]",-0.798,0.163,-1.092,-0.478,0.001,0.002,13402.0,6011.0,1.0
"alpha[Bruján, Vidal]",-0.934,0.205,-1.32,-0.55,0.002,0.003,12510.0,5771.0,1.0
"alpha[Freeman, Mike]",-0.901,0.212,-1.313,-0.508,0.002,0.003,14657.0,5409.0,1.0
"alpha[O'Grady, Brian]",-0.903,0.212,-1.285,-0.489,0.002,0.003,13258.0,5877.0,1.0
"alpha[Parra, Gerardo]",-0.898,0.205,-1.294,-0.521,0.002,0.003,13808.0,5767.0,1.0
"alpha[Inciarte, Ender]",-0.877,0.191,-1.256,-0.528,0.002,0.002,15158.0,6013.0,1.0
"alpha[Trammell, Taylor]",-0.912,0.179,-1.247,-0.574,0.002,0.002,12530.0,5966.0,1.0
"alpha[Locastro, Tim]",-1.013,0.195,-1.413,-0.667,0.002,0.002,14105.0,5631.0,1.0
"alpha[Heath, Nick]",-0.833,0.204,-1.226,-0.455,0.002,0.003,15571.0,5455.0,1.0
"alpha[Heineman, Scott]",-0.885,0.216,-1.3,-0.483,0.002,0.003,14625.0,5147.0,1.0
"alpha[Ramírez, Harold]",-1.061,0.197,-1.422,-0.689,0.002,0.003,12886.0,6054.0,1.0
"alpha[Canha, Mark]",-0.966,0.196,-1.341,-0.604,0.002,0.003,15044.0,5926.0,1.0
"alpha[Williams, Mason]",-0.887,0.207,-1.288,-0.508,0.002,0.003,15142.0,5322.0,1.0
"alpha[García, Avisaíl]",-0.907,0.208,-1.307,-0.527,0.002,0.003,13761.0,5858.0,1.0
"alpha[Mateo, Jorge]",-0.928,0.205,-1.303,-0.537,0.002,0.003,14841.0,6074.0,1.0
"alpha[Thomas, Dillon]",-0.894,0.212,-1.307,-0.512,0.002,0.003,16319.0,5566.0,1.0
"alpha[Garlick, Kyle]",-0.945,0.209,-1.345,-0.553,0.002,0.003,14809.0,5900.0,1.0
"alpha[Lewis, Kyle]",-0.836,0.187,-1.18,-0.487,0.002,0.002,14943.0,5609.0,1.0
"alpha[Maybin, Cameron]",-0.934,0.213,-1.337,-0.54,0.002,0.003,15016.0,5440.0,1.0
"alpha[Harrison, Josh]",-0.902,0.216,-1.297,-0.485,0.002,0.003,13955.0,5329.0,1.0
"alpha[Luplow, Jordan]",-0.948,0.202,-1.318,-0.558,0.002,0.003,17022.0,5593.0,1.0
"alpha[Jones, JaCoby]",-0.83,0.186,-1.197,-0.493,0.002,0.002,15205.0,5618.0,1.0
"alpha[Torreyes, Ronald]",-0.89,0.217,-1.289,-0.471,0.002,0.003,15860.0,5601.0,1.0
"alpha[Hoerner, Nico]",-0.888,0.213,-1.296,-0.5,0.002,0.003,14651.0,6250.0,1.0
"alpha[Castro, Harold]",-0.91,0.203,-1.284,-0.518,0.002,0.003,15315.0,5504.0,1.0
"alpha[Barrera, Luis]",-0.853,0.214,-1.263,-0.463,0.002,0.003,13734.0,5821.0,1.0
"alpha[Andreoli, John]",-0.869,0.208,-1.241,-0.46,0.002,0.003,16325.0,5828.0,1.0
"alpha[Berti, Jon]",-0.947,0.212,-1.346,-0.548,0.002,0.003,12908.0,5811.0,1.0
"alpha[Trout, Mike]",-0.906,0.123,-1.131,-0.667,0.001,0.001,11908.0,6609.0,1.0
"alpha[LaMarre, Ryan]",-0.899,0.209,-1.291,-0.507,0.002,0.003,13645.0,6169.0,1.0
"alpha[Senzel, Nick]",-0.939,0.145,-1.21,-0.663,0.001,0.002,14520.0,6146.0,1.0
"alpha[Rosario, Amed]",-0.881,0.205,-1.249,-0.48,0.002,0.003,15057.0,4624.0,1.0
"alpha[Adrianza, Ehire]",-0.941,0.211,-1.335,-0.546,0.002,0.003,14847.0,5901.0,1.0
"alpha[Acuña Jr., Ronald]",-0.88,0.217,-1.28,-0.474,0.002,0.003,12377.0,5201.0,1.0
"alpha[Dahl, David]",-0.875,0.209,-1.271,-0.495,0.002,0.003,15021.0,6141.0,1.0
"alpha[Hicks, Aaron]",-1.14,0.146,-1.402,-0.867,0.001,0.002,9772.0,6200.0,1.0
"alpha[Difo, Wilmer]",-0.932,0.207,-1.336,-0.559,0.002,0.002,14602.0,5754.0,1.0
"alpha[Quinn, Roman]",-0.853,0.181,-1.186,-0.509,0.002,0.002,13649.0,6041.0,1.0
"alpha[Pham, Tommy]",-0.809,0.183,-1.141,-0.453,0.001,0.002,15367.0,5943.0,1.0
"alpha[Schebler, Scott]",-0.899,0.206,-1.3,-0.531,0.002,0.003,13503.0,5922.0,1.0
"alpha[Kingery, Scott]",-0.859,0.214,-1.26,-0.457,0.002,0.003,15364.0,5753.0,1.0
"alpha[Fowler, Dustin]",-0.855,0.207,-1.232,-0.45,0.002,0.003,14651.0,5311.0,1.0
"alpha[Hurst, Scott]",-0.905,0.21,-1.307,-0.524,0.002,0.003,13746.0,5863.0,1.0
"alpha[Alford, Anthony]",-1.079,0.205,-1.462,-0.685,0.002,0.003,11126.0,6024.0,1.0
"alpha[Haggerty, Sam]",-0.816,0.207,-1.197,-0.423,0.002,0.003,14694.0,5898.0,1.0
"alpha[Haseley, Adam]",-1.043,0.195,-1.406,-0.672,0.002,0.002,12381.0,6168.0,1.0
"alpha[Wade Jr., LaMonte]",-0.93,0.214,-1.35,-0.545,0.002,0.003,15976.0,5219.0,1.0
"alpha[Arozarena, Randy]",-0.856,0.202,-1.24,-0.483,0.002,0.003,12997.0,5743.0,1.0
"alpha[Owings, Chris]",-0.919,0.209,-1.293,-0.502,0.002,0.003,13608.0,5276.0,1.0
"alpha[Robson, Jacob]",-0.902,0.216,-1.29,-0.488,0.002,0.003,13531.0,5734.0,1.0
"alpha[Harris II, Michael]",-0.82,0.109,-1.028,-0.617,0.001,0.001,12040.0,6772.0,1.0
"alpha[Rodríguez, Julio]",-0.621,0.11,-0.83,-0.419,0.001,0.001,7374.0,5973.0,1.0
"alpha[DeLuzio, Ben]",-0.843,0.204,-1.228,-0.461,0.002,0.003,14226.0,6134.0,1.0
"alpha[Morel, Christopher]",-1.117,0.176,-1.439,-0.78,0.002,0.002,12457.0,5461.0,1.0
"alpha[Siani, Michael]",-0.787,0.147,-1.061,-0.513,0.001,0.002,13812.0,6255.0,1.0
"alpha[Waters, Drew]",-1.055,0.168,-1.374,-0.745,0.002,0.002,12478.0,6026.0,1.0
"alpha[Bae, Ji Hwan]",-0.789,0.17,-1.104,-0.463,0.001,0.002,14631.0,5928.0,1.0
"alpha[Greene, Riley]",-0.753,0.134,-1.009,-0.505,0.001,0.002,13959.0,6440.0,1.0
"alpha[Nootbaar, Lars]",-0.904,0.157,-1.197,-0.603,0.001,0.002,13755.0,6320.0,1.0
"alpha[Gore, Terrance]",-0.895,0.208,-1.293,-0.515,0.002,0.003,15875.0,5796.0,1.0
"alpha[Call, Alex]",-0.894,0.161,-1.198,-0.592,0.001,0.002,13356.0,5963.0,1.0
"alpha[Bleday, JJ]",-1.09,0.122,-1.329,-0.868,0.001,0.001,11240.0,6101.0,1.0
"alpha[Mitchell, Garrett]",-0.878,0.169,-1.188,-0.546,0.001,0.002,16071.0,5843.0,1.0
"alpha[Almonte, Abraham]",-0.961,0.212,-1.371,-0.578,0.002,0.003,16875.0,5815.0,1.0
"alpha[Thompson, Bubba]",-0.843,0.196,-1.207,-0.466,0.002,0.003,13858.0,5455.0,1.0
"alpha[Velázquez, Nelson]",-1.155,0.201,-1.527,-0.77,0.002,0.002,9362.0,5721.0,1.0
"alpha[Benson, Will]",-0.978,0.175,-1.324,-0.668,0.002,0.002,12987.0,5408.0,1.0
"alpha[Contreras, Mark]",-0.853,0.205,-1.262,-0.494,0.002,0.003,16445.0,5776.0,1.0
"alpha[Azócar, José]",-0.809,0.173,-1.119,-0.467,0.001,0.002,14549.0,5740.0,1.0
"alpha[Payton, Mark]",-0.918,0.214,-1.321,-0.518,0.002,0.003,15666.0,5159.0,1.0
"alpha[Carroll, Corbin]",-0.954,0.143,-1.229,-0.69,0.001,0.002,14284.0,5970.0,1.0
"alpha[Kreidler, Ryan]",-0.915,0.214,-1.32,-0.498,0.002,0.003,16075.0,5782.0,1.0
"alpha[Brennan, Will]",-0.957,0.2,-1.342,-0.594,0.002,0.002,15762.0,5977.0,1.0
"alpha[Thomas, Alek]",-1.067,0.121,-1.289,-0.844,0.001,0.001,9017.0,6014.0,1.0
"alpha[Suwinski, Jack]",-0.994,0.132,-1.241,-0.751,0.001,0.002,11731.0,6009.0,1.0
"alpha[Moore, Dylan]",-0.907,0.202,-1.3,-0.545,0.002,0.003,13483.0,6329.0,1.0
"alpha[O'Neill, Tyler]",-0.931,0.192,-1.296,-0.576,0.002,0.003,14504.0,6100.0,1.0
"alpha[Wisdom, Patrick]",-0.933,0.207,-1.316,-0.536,0.002,0.003,16181.0,5855.0,1.0
"alpha[Castro, Willi]",-1.169,0.164,-1.476,-0.858,0.002,0.002,10437.0,6662.0,1.0
"alpha[Aguilar, Ryan]",-0.877,0.21,-1.276,-0.485,0.002,0.003,15418.0,5670.0,1.0
"alpha[Merrifield, Whit]",-0.929,0.19,-1.279,-0.582,0.002,0.003,15641.0,5640.0,1.0
"alpha[Burdick, Peyton]",-0.95,0.207,-1.342,-0.56,0.002,0.003,15219.0,5511.0,1.0
"alpha[Stevenson, Cal]",-0.841,0.19,-1.187,-0.479,0.002,0.003,15288.0,5254.0,1.0
"alpha[Cordero, Franchy]",-0.902,0.215,-1.293,-0.49,0.002,0.003,15327.0,5552.0,1.0
"alpha[Myers, Wil]",-0.983,0.212,-1.38,-0.586,0.002,0.003,14993.0,6047.0,1.0
"alpha[Bernard, Wynton]",-0.988,0.208,-1.4,-0.608,0.002,0.003,15384.0,6146.0,1.0
"alpha[Eaton, Nate]",-0.888,0.203,-1.27,-0.502,0.002,0.003,13746.0,5356.0,1.0
"alpha[Davis, Jaylin]",-0.888,0.209,-1.275,-0.495,0.002,0.003,13593.0,5698.0,1.0
"alpha[Johnson, Bryce]",-0.924,0.199,-1.302,-0.553,0.002,0.003,13517.0,5733.0,1.0
"alpha[Frazier, Adam]",-0.899,0.213,-1.279,-0.488,0.002,0.003,17729.0,5824.0,1.0
"alpha[Lowe, Josh]",-1.009,0.196,-1.392,-0.657,0.002,0.002,13294.0,5924.0,1.0
"alpha[Ruiz, Esteury]",-0.754,0.15,-1.043,-0.478,0.001,0.002,14889.0,5988.0,1.0
"alpha[Sánchez, Jesús]",-0.978,0.167,-1.298,-0.67,0.001,0.002,13855.0,6124.0,1.0
"alpha[Gallo, Joey]",-0.87,0.209,-1.253,-0.465,0.002,0.003,13342.0,5895.0,1.0
"alpha[McCutchen, Andrew]",-0.878,0.206,-1.266,-0.496,0.002,0.003,12749.0,5858.0,1.0
"alpha[Madris, Bligh]",-0.916,0.211,-1.312,-0.523,0.002,0.003,13638.0,6140.0,1.0
"alpha[Crook, Narciso]",-0.925,0.208,-1.299,-0.522,0.002,0.003,16518.0,5880.0,1.0
"alpha[Kwan, Steven]",-0.958,0.21,-1.345,-0.552,0.002,0.003,15084.0,5314.0,1.0
"alpha[Lopez, Otto]",-0.914,0.216,-1.326,-0.493,0.002,0.003,15501.0,5925.0,1.0
"alpha[Lee, Khalil]",-0.902,0.212,-1.296,-0.493,0.002,0.003,14994.0,5729.0,1.0
"alpha[Swaggerty, Travis]",-0.926,0.21,-1.347,-0.544,0.002,0.003,13561.0,5573.0,1.0
"alpha[Strange-Gordon, Dee]",-0.89,0.215,-1.315,-0.494,0.002,0.003,14414.0,5495.0,1.0
"alpha[Lewis, Royce]",-0.896,0.216,-1.32,-0.498,0.002,0.003,16261.0,5345.0,1.0
"alpha[Hicklen, Brewer]",-0.897,0.21,-1.301,-0.498,0.002,0.003,15254.0,5770.0,1.0
"alpha[Blanco, Dairon]",-0.983,0.19,-1.363,-0.646,0.002,0.002,13504.0,5830.0,1.0
"alpha[Edman, Tommy]",-0.799,0.163,-1.114,-0.504,0.001,0.002,12552.0,5882.0,1.0
"alpha[Heyward, Jason]",-0.797,0.186,-1.156,-0.461,0.002,0.002,14068.0,5364.0,1.0
"alpha[Whitefield, Aaron]",-0.877,0.209,-1.28,-0.487,0.002,0.003,17257.0,5692.0,1.0
"alpha[González, Luis]",-0.819,0.214,-1.214,-0.406,0.002,0.003,16392.0,5225.0,1.0
"alpha[McDonald, Mickey]",-0.905,0.214,-1.303,-0.498,0.002,0.003,14458.0,5402.0,1.0
"alpha[Muzziotti, Símon]",-0.851,0.207,-1.242,-0.462,0.002,0.003,13682.0,5417.0,1.0
"alpha[Rojas, Johan]",-0.658,0.136,-0.911,-0.4,0.001,0.001,11441.0,6502.0,1.0
"alpha[Frelick, Sal]",-0.783,0.183,-1.138,-0.449,0.001,0.002,15746.0,5671.0,1.0
"alpha[Chisholm Jr., Jazz]",-0.804,0.131,-1.04,-0.543,0.001,0.001,11800.0,5477.0,1.0
"alpha[Outman, James]",-0.879,0.135,-1.132,-0.62,0.001,0.002,13983.0,6298.0,1.0
"alpha[Fitzgerald, Tyler]",-0.862,0.194,-1.233,-0.494,0.001,0.003,16987.0,5780.0,1.0
"alpha[Meadows, Parker]",-0.44,0.161,-0.75,-0.153,0.002,0.002,8844.0,5008.0,1.0
"alpha[Doyle, Brenton]",-0.785,0.116,-1.011,-0.573,0.001,0.001,11832.0,6552.0,1.0
"alpha[Rafaela, Ceddanne]",-0.975,0.154,-1.262,-0.688,0.001,0.002,13789.0,5789.0,1.0
"alpha[Abreu, Wilyer]",-0.963,0.201,-1.349,-0.595,0.002,0.002,13773.0,6235.0,1.0
"alpha[Butler, Lawrence]",-0.902,0.184,-1.252,-0.56,0.001,0.002,17723.0,5289.0,1.0
"alpha[Wall, Forrest]",-0.906,0.218,-1.326,-0.505,0.002,0.003,15069.0,5578.0,1.0
"alpha[Young, Jacob]",-0.577,0.136,-0.84,-0.332,0.001,0.002,12135.0,6201.0,1.0
"alpha[Perkins, Blake]",-0.727,0.155,-1.01,-0.433,0.001,0.002,14747.0,5938.0,1.0
"alpha[Adell, Jo]",-0.881,0.203,-1.26,-0.504,0.002,0.003,14021.0,5997.0,1.0
"alpha[McNeil, Jeff]",-0.89,0.21,-1.282,-0.489,0.002,0.003,15910.0,5750.0,1.0
"alpha[Crow-Armstrong, Pete]",-0.722,0.146,-0.986,-0.442,0.001,0.002,11323.0,6178.0,1.0
"alpha[Canario, Alexander]",-0.9,0.212,-1.311,-0.514,0.002,0.003,15572.0,5768.0,1.0
"alpha[Kiner-Falefa, Isiah]",-0.808,0.183,-1.152,-0.469,0.001,0.002,15869.0,6404.0,1.0
"alpha[Matos, Luis]",-1.087,0.169,-1.41,-0.779,0.001,0.002,12947.0,5496.0,1.0
"alpha[Carter, Evan]",-0.842,0.21,-1.244,-0.455,0.002,0.003,12137.0,5366.0,1.0
"alpha[Paris, Kyren]",-0.905,0.211,-1.304,-0.51,0.002,0.003,11441.0,5794.0,1.0
"alpha[Wiemer, Joey]",-0.822,0.152,-1.107,-0.542,0.001,0.002,13835.0,5653.0,1.0
"alpha[Raley, Luke]",-0.934,0.204,-1.314,-0.556,0.002,0.003,14787.0,5756.0,1.0
"alpha[Myers, Dane]",-0.886,0.189,-1.233,-0.52,0.001,0.002,16648.0,6246.0,1.0
"alpha[Domínguez, Jasson]",-0.908,0.21,-1.301,-0.507,0.002,0.003,15047.0,5850.0,1.0
"alpha[Jones, Nolan]",-1.003,0.206,-1.4,-0.624,0.002,0.003,13687.0,5731.0,1.0
"alpha[Meckler, Wade]",-0.858,0.197,-1.228,-0.488,0.002,0.003,15344.0,5298.0,1.0
"alpha[Colás, Oscar]",-0.895,0.196,-1.267,-0.522,0.002,0.002,14821.0,5764.0,1.0
"alpha[Velazquez, Andrew]",-0.906,0.212,-1.307,-0.509,0.002,0.003,14040.0,5938.0,1.0
"alpha[Rengifo, Luis]",-0.869,0.212,-1.268,-0.475,0.002,0.003,12388.0,6077.0,1.0
"alpha[Palacios, Richie]",-0.896,0.203,-1.282,-0.515,0.002,0.003,13638.0,5995.0,1.0
"alpha[Marlowe, Cade]",-0.9,0.212,-1.295,-0.489,0.002,0.003,15595.0,5755.0,1.0
"alpha[Adams, Jordyn]",-0.903,0.198,-1.264,-0.525,0.002,0.002,15608.0,6071.0,1.0
"alpha[McKinstry, Zach]",-0.821,0.209,-1.199,-0.419,0.002,0.003,12943.0,5938.0,1.0
"alpha[Martínez, J.P.]",-0.9,0.213,-1.288,-0.505,0.002,0.003,14714.0,5915.0,1.0
"alpha[Ramos, Heliot]",-1.073,0.172,-1.394,-0.746,0.002,0.002,11447.0,6362.0,1.0
"alpha[Cowser, Colton]",-0.973,0.179,-1.308,-0.637,0.001,0.002,15154.0,6030.0,1.0
"alpha[McKinney, Billy]",-0.945,0.205,-1.335,-0.557,0.002,0.003,15184.0,5907.0,1.0
"alpha[Cabbage, Trey]",-0.896,0.211,-1.287,-0.497,0.002,0.003,14614.0,5831.0,1.0
"alpha[DeLuca, Jonny]",-0.873,0.177,-1.202,-0.538,0.001,0.002,14659.0,5930.0,1.0
"alpha[Fletcher, Dominic]",-1.036,0.175,-1.367,-0.706,0.002,0.002,12877.0,5838.0,1.0
"alpha[Frazier, Clint]",-0.939,0.21,-1.347,-0.552,0.002,0.003,15620.0,5707.0,1.0
"alpha[Guthrie, Dalton]",-0.907,0.206,-1.288,-0.509,0.002,0.003,14871.0,5275.0,1.0
"alpha[Wisely, Brett]",-1.04,0.21,-1.434,-0.637,0.002,0.003,13955.0,5493.0,1.0
"alpha[Short, Zack]",-0.945,0.209,-1.349,-0.556,0.002,0.003,14361.0,5406.0,1.0
"alpha[Edwards, Xavier]",-0.961,0.216,-1.367,-0.561,0.002,0.003,15381.0,5570.0,1.0
"alpha[Cabrera, Oswaldo]",-0.931,0.209,-1.333,-0.546,0.002,0.003,12756.0,5473.0,1.0
"alpha[Lukes, Nathan]",-0.876,0.207,-1.259,-0.482,0.002,0.003,12390.0,6121.0,1.0
"alpha[Sosa, Edmundo]",-0.886,0.215,-1.312,-0.505,0.002,0.003,13405.0,5945.0,1.0
"alpha[Pages, Andy]",-0.767,0.169,-1.082,-0.443,0.002,0.002,11658.0,5584.0,1.0
"alpha[Merrill, Jackson]",-0.757,0.143,-1.026,-0.491,0.001,0.002,11271.0,6236.0,1.0
"alpha[Keirsey Jr., DaShawn]",-0.916,0.212,-1.311,-0.513,0.002,0.003,16430.0,6120.0,1.0
"alpha[Cruz, Oneil]",-0.839,0.193,-1.206,-0.479,0.002,0.003,13835.0,5801.0,1.0
"alpha[McCray, Grant]",-0.902,0.176,-1.221,-0.562,0.001,0.002,14392.0,5987.0,1.0
"alpha[Pérez, Wenceel]",-0.854,0.199,-1.214,-0.469,0.001,0.003,18534.0,5444.0,1.0
"alpha[Clase, Jonatan]",-0.961,0.208,-1.375,-0.584,0.002,0.003,16887.0,5702.0,1.0
"alpha[Lockridge, Brandon]",-0.868,0.212,-1.299,-0.487,0.002,0.003,13508.0,5904.0,1.0
"alpha[Cook, Billy]",-0.847,0.212,-1.234,-0.443,0.002,0.003,13289.0,5222.0,1.0
"alpha[Sanoja, Javier]",-0.87,0.216,-1.274,-0.466,0.002,0.003,15302.0,5609.0,1.0
"alpha[Stowers, Kyle]",-0.908,0.204,-1.308,-0.543,0.002,0.002,13551.0,5853.0,1.0
"alpha[Martin, Austin]",-1.089,0.188,-1.439,-0.739,0.002,0.002,12279.0,5775.0,1.0
"alpha[Loperfido, Joey]",-0.938,0.201,-1.314,-0.561,0.002,0.003,14927.0,5619.0,1.0
"alpha[Wilson, Weston]",-0.924,0.208,-1.306,-0.524,0.002,0.003,15815.0,5705.0,1.0
"alpha[Scott II, Victor]",-0.823,0.178,-1.154,-0.489,0.001,0.002,15266.0,5333.0,1.0
"alpha[Langford, Wyatt]",-0.931,0.203,-1.309,-0.543,0.002,0.003,13736.0,5568.0,1.0
"alpha[Dunn, Blake]",-0.92,0.214,-1.329,-0.52,0.002,0.003,12618.0,5332.0,1.0
"alpha[Crews, Dylan]",-0.858,0.21,-1.232,-0.451,0.002,0.003,17105.0,6182.0,1.0
"alpha[DeLoach, Zach]",-0.887,0.212,-1.29,-0.485,0.002,0.003,15000.0,5885.0,1.0
"alpha[Teodosio, Bryce]",-0.961,0.21,-1.357,-0.573,0.002,0.003,13317.0,5651.0,1.0
"alpha[Helman, Michael]",-0.899,0.214,-1.315,-0.499,0.002,0.003,13232.0,5915.0,1.0
"alpha[Schneemann, Daniel]",-0.836,0.199,-1.215,-0.459,0.002,0.002,13781.0,5955.0,1.0
"alpha[Freeman, Tyler]",-0.994,0.171,-1.31,-0.667,0.001,0.002,13556.0,6256.0,1.0
"alpha[Hinds, Rece]",-0.891,0.212,-1.277,-0.479,0.002,0.003,12022.0,5869.0,1.0
"alpha[Barrosa, Jorge]",-0.889,0.211,-1.26,-0.473,0.002,0.003,14471.0,6165.0,1.0
"alpha[Beck, Jordan]",-0.895,0.21,-1.309,-0.503,0.002,0.003,13834.0,5450.0,1.0
"alpha[Misner, Kameron]",-0.875,0.213,-1.275,-0.481,0.002,0.003,15248.0,5700.0,1.0
"alpha[Martínez, Angel]",-0.933,0.203,-1.303,-0.539,0.002,0.003,13801.0,6115.0,1.0
"alpha[Vilade, Ryan]",-0.89,0.211,-1.275,-0.491,0.002,0.003,15422.0,5841.0,1.0
"alpha[Julks, Corey]",-0.953,0.211,-1.348,-0.545,0.002,0.003,12482.0,6138.0,1.0
"alpha[Gonzalez, Romy]",-0.909,0.22,-1.3,-0.472,0.002,0.003,16319.0,5626.0,1.0
"alpha[Ellis, Duke]",-0.892,0.212,-1.301,-0.503,0.002,0.003,12796.0,6001.0,1.0
"alpha[Lee, Jung Hoo]",-0.905,0.187,-1.26,-0.559,0.002,0.002,14404.0,5834.0,1.0
"alpha[Arias, Gabriel]",-0.957,0.211,-1.346,-0.561,0.002,0.003,15045.0,5769.0,1.0
"alpha[Rosario, Eddie]",-0.943,0.213,-1.327,-0.532,0.002,0.003,14963.0,5931.0,1.0
"alpha[Schuemann, Max]",-0.934,0.215,-1.354,-0.528,0.002,0.003,16058.0,4930.0,1.0
"alpha[Taylor, Samad]",-0.9,0.214,-1.288,-0.492,0.002,0.003,12977.0,5847.0,1.0
"alpha[Berroa, Steward]",-0.903,0.215,-1.289,-0.48,0.002,0.003,12197.0,5454.0,1.0
"beta_speed[Siri, Jose]",-15.039,0.586,-16.114,-13.954,0.009,0.007,4720.0,5925.0,1.0
"beta_speed[Tucker, Kyle]",-14.492,0.661,-15.803,-13.227,0.006,0.01,13931.0,5438.0,1.0
"beta_speed[Duvall, Adam]",-14.552,0.597,-15.691,-13.45,0.005,0.008,12954.0,5516.0,1.0
"beta_speed[Heredia, Guillermo]",-14.645,0.602,-15.81,-13.529,0.006,0.008,11539.0,5318.0,1.0
"beta_speed[McCormick, Chas]",-14.08,0.586,-15.161,-12.963,0.008,0.007,6134.0,6391.0,1.0
"beta_speed[Bellinger, Cody]",-14.767,0.529,-15.866,-13.851,0.006,0.006,7799.0,6378.0,1.0
"beta_speed[Hernández, Enrique]",-14.082,0.567,-15.148,-13.021,0.008,0.006,4616.0,5905.0,1.0
"beta_speed[Verdugo, Alex]",-14.271,0.64,-15.379,-12.936,0.006,0.01,10614.0,5421.0,1.0
"beta_speed[Betts, Mookie]",-14.432,0.63,-15.579,-13.199,0.006,0.009,13213.0,6031.0,1.0
"beta_speed[Taylor, Chris]",-14.403,0.626,-15.544,-13.171,0.005,0.009,13420.0,5770.0,1.0
"beta_speed[Lux, Gavin]",-14.525,0.679,-15.79,-13.186,0.005,0.011,17487.0,5674.0,1.0
"beta_speed[Daza, Yonathan]",-14.253,0.561,-15.272,-13.142,0.007,0.007,7298.0,6058.0,1.0
"beta_speed[McCarthy, Jake]",-14.769,0.625,-16.006,-13.646,0.007,0.009,8600.0,5240.0,1.0
"beta_speed[Engel, Adam]",-14.377,0.607,-15.472,-13.139,0.005,0.008,12402.0,6090.0,1.0
"beta_speed[Baddoo, Akil]",-14.234,0.613,-15.419,-13.067,0.007,0.008,8985.0,6003.0,1.0
"beta_speed[Sierra, Magneuris]",-14.408,0.62,-15.659,-13.28,0.005,0.008,12938.0,6108.0,1.0
"beta_speed[Jankowski, Travis]",-14.814,0.641,-16.098,-13.676,0.007,0.009,8521.0,5640.0,1.0
"beta_speed[Herrera, Odúbel]",-14.108,0.613,-15.184,-12.876,0.007,0.008,7654.0,6185.0,1.0
"beta_speed[Marte, Starling]",-14.332,0.581,-15.379,-13.164,0.006,0.007,9894.0,6316.0,1.0
"beta_speed[Bolt, Skye]",-14.608,0.624,-15.814,-13.438,0.005,0.01,14715.0,5461.0,1.0
"beta_speed[Taylor, Michael A.]",-14.48,0.491,-15.405,-13.536,0.005,0.006,9059.0,5524.0,1.0
"beta_speed[Robert Jr., Luis]",-14.436,0.489,-15.332,-13.462,0.005,0.005,10235.0,6929.0,1.0
"beta_speed[Meyers, Jake]",-14.893,0.562,-15.972,-13.894,0.008,0.006,5595.0,6524.0,1.0
"beta_speed[Slater, Austin]",-14.121,0.599,-15.22,-12.976,0.007,0.007,7340.0,6326.0,1.0
"beta_speed[Yastrzemski, Mike]",-14.394,0.604,-15.562,-13.239,0.006,0.009,11725.0,5444.0,1.0
"beta_speed[Pache, Cristian]",-14.084,0.585,-15.154,-12.941,0.008,0.007,6173.0,6197.0,1.0
"beta_speed[Cain, Lorenzo]",-14.589,0.621,-15.825,-13.41,0.005,0.009,13482.0,6078.0,1.0
"beta_speed[Kiermaier, Kevin]",-13.929,0.547,-14.895,-12.884,0.01,0.005,3323.0,5031.0,1.0
"beta_speed[Duggar, Steven]",-14.176,0.643,-15.368,-12.927,0.007,0.008,8289.0,5655.0,1.0
"beta_speed[Bryant, Kris]",-14.654,0.648,-15.856,-13.404,0.006,0.009,12655.0,5508.0,1.0
"beta_speed[Ortega, Rafael]",-14.731,0.588,-15.891,-13.666,0.006,0.008,9795.0,6017.0,1.0
"beta_speed[Marsh, Brandon]",-14.884,0.571,-15.968,-13.828,0.007,0.006,6617.0,6653.0,1.0
"beta_speed[Kelenic, Jarred]",-14.556,0.561,-15.608,-13.451,0.005,0.008,12282.0,5647.0,1.0
"beta_speed[Lagares, Juan]",-14.719,0.635,-15.953,-13.524,0.006,0.009,11094.0,5470.0,1.0
"beta_speed[Straw, Myles]",-14.327,0.494,-15.27,-13.41,0.005,0.006,8411.0,6327.0,1.0
"beta_speed[Peters, DJ]",-14.608,0.646,-15.869,-13.376,0.005,0.01,15228.0,5212.0,1.0
"beta_speed[McKenna, Ryan]",-14.546,0.63,-15.716,-13.318,0.005,0.008,14263.0,6078.0,1.0
"beta_speed[Springer, George]",-14.262,0.611,-15.421,-13.073,0.006,0.008,10167.0,5875.0,1.0
"beta_speed[Mullins, Cedric]",-14.391,0.482,-15.331,-13.495,0.005,0.006,9917.0,6641.0,1.0
"beta_speed[Thomas, Lane]",-14.352,0.584,-15.488,-13.265,0.006,0.008,11397.0,6380.0,1.0
"beta_speed[Renfroe, Hunter]",-14.301,0.675,-15.524,-12.961,0.007,0.01,10390.0,5377.0,1.0
"beta_speed[Hilliard, Sam]",-14.253,0.596,-15.332,-13.09,0.006,0.008,9479.0,6349.0,1.0
"beta_speed[Varsho, Daulton]",-14.594,0.563,-15.715,-13.553,0.005,0.007,11453.0,6688.0,1.0
"beta_speed[Buxton, Byron]",-14.846,0.584,-15.991,-13.775,0.006,0.007,8739.0,5995.0,1.0
"beta_speed[Bader, Harrison]",-15.068,0.567,-16.174,-14.059,0.009,0.006,4187.0,5667.0,1.0
"beta_speed[Gardner, Brett]",-14.298,0.597,-15.388,-13.077,0.006,0.008,10904.0,6200.0,1.0
"beta_speed[Bradley Jr., Jackie]",-14.843,0.598,-16.041,-13.775,0.007,0.007,8226.0,6654.0,1.0
"beta_speed[Grisham, Trent]",-14.276,0.509,-15.174,-13.247,0.006,0.006,8327.0,6160.0,1.0
"beta_speed[Friedl, TJ]",-14.407,0.548,-15.407,-13.297,0.006,0.006,9141.0,6463.0,1.0
"beta_speed[Gamel, Ben]",-14.409,0.624,-15.597,-13.181,0.006,0.01,12830.0,5451.0,1.0
"beta_speed[Phillips, Brett]",-14.823,0.628,-16.065,-13.677,0.007,0.008,8718.0,5648.0,1.0
"beta_speed[Vierling, Matt]",-14.643,0.576,-15.766,-13.59,0.005,0.008,11138.0,6246.0,1.0
"beta_speed[Nimmo, Brandon]",-15.117,0.574,-16.22,-14.135,0.009,0.006,4011.0,6454.0,1.0
"beta_speed[Stevenson, Andrew]",-14.439,0.638,-15.668,-13.208,0.006,0.009,12927.0,5659.0,1.0
"beta_speed[Taylor, Tyrone]",-14.333,0.571,-15.389,-13.178,0.005,0.008,13017.0,5867.0,1.0
"beta_speed[Margot, Manuel]",-14.663,0.6,-15.839,-13.557,0.006,0.008,11062.0,5759.0,1.0
"beta_speed[DeShields, Delino]",-14.563,0.664,-15.886,-13.317,0.006,0.011,13281.0,4726.0,1.0
"beta_speed[Reynolds, Bryan]",-14.67,0.552,-15.779,-13.683,0.006,0.007,9408.0,6270.0,1.0
"beta_speed[Fargas, Johneshwy]",-14.534,0.659,-15.8,-13.285,0.006,0.01,14271.0,5839.0,1.0
"beta_speed[Taveras, Leody]",-14.356,0.48,-15.242,-13.439,0.005,0.005,7839.0,6579.0,1.0
"beta_speed[Tatis Jr., Fernando]",-14.228,0.68,-15.477,-12.908,0.007,0.011,8967.0,5362.0,1.0
"beta_speed[Ward, Taylor]",-14.388,0.674,-15.68,-13.107,0.006,0.011,12247.0,5247.0,1.0
"beta_speed[Barrero, José]",-14.114,0.673,-15.334,-12.792,0.008,0.01,8526.0,5611.0,1.0
"beta_speed[De La Cruz, Bryan]",-14.436,0.612,-15.613,-13.234,0.006,0.008,11448.0,6143.0,1.0
"beta_speed[Isbel, Kyle]",-13.935,0.586,-15.011,-12.838,0.009,0.006,4584.0,5946.0,1.0
"beta_speed[Carlson, Dylan]",-14.52,0.558,-15.546,-13.422,0.006,0.007,9632.0,6112.0,1.0
"beta_speed[Hampson, Garrett]",-14.562,0.575,-15.712,-13.495,0.005,0.008,12887.0,6283.0,1.0
"beta_speed[Thompson, Trayce]",-14.474,0.604,-15.668,-13.351,0.005,0.009,12807.0,5541.0,1.0
"beta_speed[Olivares, Edward]",-14.486,0.684,-15.848,-13.218,0.006,0.01,14239.0,5900.0,1.0
"beta_speed[Reyes, Victor]",-14.314,0.657,-15.551,-13.028,0.006,0.01,11844.0,5657.0,1.0
"beta_speed[Cameron, Daz]",-14.134,0.651,-15.327,-12.879,0.008,0.009,7337.0,5535.0,1.0
"beta_speed[Brown, Seth]",-14.571,0.658,-15.849,-13.299,0.006,0.011,13397.0,5195.0,1.0
"beta_speed[Pederson, Joc]",-14.408,0.645,-15.635,-13.166,0.006,0.009,13519.0,5335.0,1.0
"beta_speed[Hamilton, Billy]",-14.585,0.637,-15.83,-13.372,0.006,0.009,12861.0,6223.0,1.0
"beta_speed[Grichuk, Randal]",-14.241,0.581,-15.311,-13.116,0.006,0.008,8393.0,6084.0,1.0
"beta_speed[Zimmer, Bradley]",-14.553,0.602,-15.735,-13.434,0.005,0.008,12809.0,5836.0,1.0
"beta_speed[Gordon, Nick]",-14.326,0.608,-15.402,-13.065,0.006,0.008,9268.0,5499.0,1.0
"beta_speed[Dyson, Jarrod]",-14.31,0.659,-15.491,-12.975,0.006,0.009,11638.0,5977.0,1.0
"beta_speed[Florial, Estevan]",-14.384,0.63,-15.589,-13.155,0.005,0.009,13993.0,5594.0,1.0
"beta_speed[Dickerson, Corey]",-14.522,0.662,-15.788,-13.265,0.006,0.011,13867.0,4893.0,1.0
"beta_speed[García, Leury]",-14.088,0.676,-15.36,-12.835,0.009,0.009,6665.0,5719.0,1.0
"beta_speed[Judge, Aaron]",-14.734,0.558,-15.828,-13.708,0.006,0.006,8400.0,6484.0,1.0
"beta_speed[Hill, Derek]",-14.504,0.582,-15.667,-13.442,0.006,0.007,10709.0,6358.0,1.0
"beta_speed[Akiyama, Shogo]",-14.558,0.634,-15.824,-13.368,0.005,0.01,13720.0,5601.0,1.0
"beta_speed[Hays, Austin]",-14.431,0.645,-15.631,-13.155,0.006,0.01,13814.0,5667.0,1.0
"beta_speed[Pillar, Kevin]",-14.424,0.593,-15.556,-13.297,0.005,0.008,12534.0,6233.0,1.0
"beta_speed[Winker, Jesse]",-14.473,0.678,-15.782,-13.145,0.006,0.011,13287.0,5384.0,1.0
"beta_speed[Brinson, Lewis]",-14.297,0.647,-15.479,-12.976,0.006,0.01,11638.0,5672.0,1.0
"beta_speed[Happ, Ian]",-13.641,0.737,-14.833,-12.185,0.014,0.009,2689.0,5201.0,1.0
"beta_speed[Marte, Ketel]",-14.223,0.613,-15.37,-13.051,0.007,0.008,7687.0,5546.0,1.0
"beta_speed[Aquino, Aristides]",-14.574,0.661,-15.861,-13.32,0.006,0.01,11326.0,5389.0,1.0
"beta_speed[Almora Jr., Albert]",-14.436,0.629,-15.604,-13.209,0.006,0.009,13164.0,5406.0,1.0
"beta_speed[Naquin, Tyler]",-14.217,0.617,-15.336,-12.994,0.007,0.008,8706.0,5525.0,1.0
"beta_speed[Cave, Jake]",-14.341,0.637,-15.598,-13.123,0.006,0.009,11041.0,5301.0,1.0
"beta_speed[Wade, Tyler]",-14.429,0.673,-15.683,-13.064,0.006,0.011,13913.0,5173.0,1.0
"beta_speed[Dubón, Mauricio]",-14.29,0.59,-15.387,-13.115,0.006,0.008,10107.0,6458.0,1.0
"beta_speed[Tucker, Cole]",-14.34,0.654,-15.55,-13.051,0.006,0.01,12673.0,5248.0,1.0
"beta_speed[Hermosillo, Michael]",-14.409,0.658,-15.708,-13.19,0.006,0.01,13866.0,5406.0,1.0
"beta_speed[Santana, Danny]",-14.526,0.655,-15.788,-13.278,0.006,0.011,13804.0,5051.0,1.0
"beta_speed[Duran, Jarren]",-14.405,0.543,-15.464,-13.384,0.005,0.007,10373.0,6261.0,1.0
"beta_speed[Bonifacio, Jorge]",-14.441,0.674,-15.73,-13.112,0.006,0.011,14328.0,5846.0,1.0
"beta_speed[Robles, Victor]",-14.418,0.524,-15.409,-13.39,0.005,0.006,9281.0,6021.0,1.0
"beta_speed[Palacios, Joshua]",-14.476,0.663,-15.719,-13.206,0.006,0.01,11547.0,5408.0,1.0
"beta_speed[Williams, Luke]",-14.169,0.68,-15.412,-12.826,0.007,0.01,8942.0,5680.0,1.0
"beta_speed[Goodwin, Brian]",-14.532,0.639,-15.74,-13.249,0.005,0.009,13857.0,5785.0,1.0
"beta_speed[Fraley, Jake]",-14.255,0.65,-15.528,-13.043,0.007,0.009,9360.0,6083.0,1.0
"beta_speed[Refsnyder, Rob]",-14.224,0.627,-15.346,-12.991,0.006,0.009,10022.0,5642.0,1.0
"beta_speed[Davis, Jonathan]",-14.03,0.644,-15.212,-12.789,0.009,0.008,4919.0,5638.0,1.0
"beta_speed[Moniak, Mickey]",-15.307,0.687,-16.619,-14.14,0.012,0.008,3116.0,5190.0,1.0
"beta_speed[Martin, Jason]",-14.51,0.684,-15.793,-13.131,0.006,0.011,14506.0,5126.0,1.0
"beta_speed[Park, Hoy]",-14.483,0.681,-15.783,-13.169,0.005,0.01,18014.0,5758.0,1.0
"beta_speed[García, Adolis]",-14.181,0.599,-15.286,-13.021,0.007,0.007,8107.0,6473.0,1.0
"beta_speed[Goodrum, Niko]",-14.299,0.684,-15.609,-13.017,0.006,0.013,12390.0,5486.0,1.0
"beta_speed[Smith, Pavin]",-14.296,0.641,-15.5,-13.042,0.006,0.009,10774.0,5375.0,1.0
"beta_speed[Marisnick, Jake]",-14.858,0.638,-16.131,-13.731,0.007,0.009,8723.0,5446.0,1.0
"beta_speed[Kepler, Max]",-14.534,0.652,-15.792,-13.301,0.005,0.01,15338.0,5725.0,1.0
"beta_speed[White, Eli]",-14.481,0.625,-15.685,-13.284,0.005,0.009,14905.0,5906.0,1.0
"beta_speed[Allen, Greg]",-14.208,0.664,-15.415,-12.904,0.007,0.009,9411.0,5535.0,1.0
"beta_speed[Tapia, Raimel]",-14.44,0.63,-15.713,-13.297,0.005,0.009,13566.0,5599.0,1.0
"beta_speed[Profar, Jurickson]",-14.376,0.658,-15.648,-13.092,0.006,0.01,11689.0,5216.0,1.0
"beta_speed[Laureano, Ramón]",-14.63,0.592,-15.818,-13.532,0.005,0.007,12888.0,6606.0,1.0
"beta_speed[Pollock, AJ]",-14.822,0.667,-16.144,-13.605,0.007,0.01,10022.0,5716.0,1.0
"beta_speed[Oliva, Jared]",-14.505,0.677,-15.81,-13.179,0.006,0.011,13122.0,4850.0,1.0
"beta_speed[Mercado, Óscar]",-14.431,0.652,-15.698,-13.212,0.006,0.01,13947.0,5701.0,1.0
"beta_speed[Celestino, Gilberto]",-14.714,0.602,-15.896,-13.596,0.007,0.008,8492.0,5388.0,1.0
"beta_speed[Tauchman, Mike]",-14.566,0.589,-15.679,-13.417,0.005,0.008,12716.0,6626.0,1.0
"beta_speed[Harrison, Monte]",-14.562,0.666,-15.788,-13.266,0.006,0.011,13035.0,5402.0,1.0
"beta_speed[Reddick, Josh]",-14.5,0.658,-15.767,-13.224,0.005,0.009,15807.0,5746.0,1.0
"beta_speed[Fairchild, Stuart]",-14.805,0.613,-15.961,-13.632,0.007,0.008,9046.0,5794.0,1.0
"beta_speed[Bruján, Vidal]",-14.486,0.647,-15.692,-13.222,0.006,0.011,12648.0,4786.0,1.0
"beta_speed[Freeman, Mike]",-14.481,0.662,-15.724,-13.206,0.006,0.011,13645.0,5714.0,1.0
"beta_speed[O'Grady, Brian]",-14.474,0.674,-15.784,-13.156,0.005,0.011,15705.0,5048.0,1.0
"beta_speed[Parra, Gerardo]",-14.534,0.647,-15.84,-13.305,0.005,0.01,14728.0,5430.0,1.0
"beta_speed[Inciarte, Ender]",-14.457,0.642,-15.664,-13.198,0.006,0.009,12518.0,6123.0,1.0
"beta_speed[Trammell, Taylor]",-14.524,0.626,-15.731,-13.356,0.005,0.009,13488.0,5810.0,1.0
"beta_speed[Locastro, Tim]",-14.486,0.647,-15.675,-13.164,0.006,0.01,13386.0,5230.0,1.0
"beta_speed[Heath, Nick]",-14.59,0.679,-15.988,-13.336,0.006,0.011,11955.0,4789.0,1.0
"beta_speed[Heineman, Scott]",-14.518,0.661,-15.795,-13.257,0.006,0.01,13575.0,5771.0,1.0
"beta_speed[Ramírez, Harold]",-14.467,0.657,-15.719,-13.216,0.006,0.009,14207.0,5649.0,1.0
"beta_speed[Canha, Mark]",-14.728,0.666,-15.992,-13.473,0.006,0.011,12315.0,5538.0,1.0
"beta_speed[Williams, Mason]",-14.636,0.652,-15.966,-13.461,0.006,0.01,12016.0,5436.0,1.0
"beta_speed[García, Avisaíl]",-14.491,0.658,-15.799,-13.276,0.006,0.01,13830.0,5206.0,1.0
"beta_speed[Mateo, Jorge]",-14.487,0.674,-15.78,-13.218,0.006,0.011,11717.0,5523.0,1.0
"beta_speed[Thomas, Dillon]",-14.49,0.677,-15.792,-13.184,0.006,0.01,14229.0,5734.0,1.0
"beta_speed[Garlick, Kyle]",-14.477,0.661,-15.812,-13.249,0.006,0.011,12877.0,5676.0,1.0
"beta_speed[Lewis, Kyle]",-14.539,0.613,-15.78,-13.412,0.005,0.009,15130.0,5309.0,1.0
"beta_speed[Maybin, Cameron]",-14.411,0.669,-15.738,-13.152,0.006,0.011,13234.0,4913.0,1.0
"beta_speed[Harrison, Josh]",-14.486,0.669,-15.824,-13.242,0.005,0.011,15629.0,5382.0,1.0
"beta_speed[Luplow, Jordan]",-14.639,0.658,-15.985,-13.454,0.006,0.01,13655.0,5297.0,1.0
"beta_speed[Jones, JaCoby]",-14.202,0.631,-15.322,-12.918,0.008,0.008,6572.0,5908.0,1.0
"beta_speed[Torreyes, Ronald]",-14.47,0.675,-15.779,-13.177,0.006,0.011,14228.0,5538.0,1.0
"beta_speed[Hoerner, Nico]",-14.471,0.66,-15.685,-13.172,0.006,0.01,14095.0,5288.0,1.0
"beta_speed[Castro, Harold]",-14.53,0.663,-15.747,-13.21,0.006,0.01,13558.0,5708.0,1.0
"beta_speed[Barrera, Luis]",-14.55,0.681,-15.865,-13.287,0.006,0.011,14482.0,5322.0,1.0
"beta_speed[Andreoli, John]",-14.494,0.673,-15.772,-13.207,0.005,0.01,15865.0,6243.0,1.0
"beta_speed[Berti, Jon]",-14.497,0.657,-15.805,-13.274,0.005,0.011,15537.0,5183.0,1.0
"beta_speed[Trout, Mike]",-14.632,0.532,-15.674,-13.65,0.005,0.006,9799.0,6638.0,1.0
"beta_speed[LaMarre, Ryan]",-14.484,0.672,-15.811,-13.243,0.006,0.011,13050.0,5343.0,1.0
"beta_speed[Senzel, Nick]",-14.525,0.584,-15.648,-13.394,0.005,0.008,12296.0,6310.0,1.0
"beta_speed[Rosario, Amed]",-14.486,0.683,-15.807,-13.148,0.005,0.011,16884.0,4665.0,1.0
"beta_speed[Adrianza, Ehire]",-14.387,0.668,-15.639,-13.079,0.006,0.01,13831.0,5857.0,1.0
"beta_speed[Acuña Jr., Ronald]",-14.495,0.674,-15.824,-13.218,0.006,0.011,12000.0,5780.0,1.0
"beta_speed[Dahl, David]",-14.495,0.653,-15.74,-13.23,0.006,0.011,13685.0,5205.0,1.0
"beta_speed[Hicks, Aaron]",-14.366,0.575,-15.454,-13.244,0.006,0.008,9983.0,6356.0,1.0
"beta_speed[Difo, Wilmer]",-14.465,0.673,-15.767,-13.169,0.006,0.01,14094.0,5630.0,1.0
"beta_speed[Quinn, Roman]",-14.723,0.655,-15.998,-13.49,0.006,0.01,12329.0,5591.0,1.0
"beta_speed[Pham, Tommy]",-14.606,0.637,-15.899,-13.451,0.006,0.01,13242.0,5572.0,1.0
"beta_speed[Schebler, Scott]",-14.447,0.664,-15.698,-13.166,0.006,0.01,13325.0,5572.0,1.0
"beta_speed[Kingery, Scott]",-14.55,0.676,-15.888,-13.241,0.006,0.011,12957.0,5216.0,1.0
"beta_speed[Fowler, Dustin]",-14.131,0.662,-15.323,-12.828,0.008,0.009,7463.0,5562.0,1.0
"beta_speed[Hurst, Scott]",-14.481,0.665,-15.807,-13.249,0.005,0.01,15460.0,5455.0,1.0
"beta_speed[Alford, Anthony]",-13.965,0.715,-15.32,-12.586,0.01,0.011,5194.0,5460.0,1.0
"beta_speed[Haggerty, Sam]",-14.636,0.675,-15.927,-13.334,0.005,0.01,15780.0,5942.0,1.0
"beta_speed[Haseley, Adam]",-14.164,0.658,-15.359,-12.862,0.007,0.009,9361.0,6078.0,1.0
"beta_speed[Wade Jr., LaMonte]",-14.488,0.665,-15.816,-13.267,0.006,0.01,13408.0,5363.0,1.0
"beta_speed[Arozarena, Randy]",-14.535,0.653,-15.758,-13.271,0.005,0.01,15167.0,6294.0,1.0
"beta_speed[Owings, Chris]",-14.49,0.662,-15.781,-13.234,0.005,0.011,15488.0,5130.0,1.0
"beta_speed[Robson, Jacob]",-14.48,0.681,-15.751,-13.124,0.006,0.011,14214.0,5519.0,1.0
"beta_speed[Harris II, Michael]",-14.476,0.516,-15.475,-13.51,0.005,0.006,11055.0,6363.0,1.0
"beta_speed[Rodríguez, Julio]",-15.308,0.621,-16.506,-14.252,0.012,0.006,2675.0,4963.0,1.0
"beta_speed[DeLuzio, Ben]",-14.621,0.662,-15.898,-13.349,0.006,0.01,12305.0,5530.0,1.0
"beta_speed[Morel, Christopher]",-14.398,0.629,-15.599,-13.151,0.005,0.009,14323.0,5357.0,1.0
"beta_speed[Siani, Michael]",-14.553,0.587,-15.699,-13.458,0.005,0.008,12685.0,6216.0,1.0
"beta_speed[Waters, Drew]",-14.514,0.61,-15.699,-13.362,0.005,0.009,13440.0,5538.0,1.0
"beta_speed[Bae, Ji Hwan]",-14.795,0.641,-16.028,-13.58,0.007,0.01,8809.0,5105.0,1.0
"beta_speed[Greene, Riley]",-14.365,0.56,-15.451,-13.301,0.006,0.007,10218.0,6141.0,1.0
"beta_speed[Nootbaar, Lars]",-14.762,0.598,-15.902,-13.645,0.006,0.008,9894.0,5815.0,1.0
"beta_speed[Gore, Terrance]",-14.482,0.674,-15.796,-13.214,0.006,0.01,14341.0,5677.0,1.0
"beta_speed[Call, Alex]",-14.667,0.605,-15.894,-13.581,0.006,0.008,12397.0,5931.0,1.0
"beta_speed[Bleday, JJ]",-14.509,0.536,-15.533,-13.469,0.005,0.007,10257.0,6576.0,1.0
"beta_speed[Mitchell, Garrett]",-14.492,0.602,-15.633,-13.307,0.005,0.009,14964.0,5817.0,1.0
"beta_speed[Almonte, Abraham]",-14.427,0.681,-15.692,-13.059,0.005,0.012,15385.0,4842.0,1.0
"beta_speed[Thompson, Bubba]",-14.358,0.638,-15.605,-13.138,0.005,0.009,14080.0,5918.0,1.0
"beta_speed[Velázquez, Nelson]",-14.143,0.649,-15.339,-12.887,0.008,0.008,5876.0,5571.0,1.0
"beta_speed[Benson, Will]",-14.458,0.624,-15.646,-13.282,0.005,0.01,14248.0,5651.0,1.0
"beta_speed[Contreras, Mark]",-14.512,0.69,-15.928,-13.26,0.006,0.011,15378.0,5090.0,1.0
"beta_speed[Azócar, José]",-14.607,0.612,-15.781,-13.449,0.005,0.009,13700.0,5623.0,1.0
"beta_speed[Payton, Mark]",-14.448,0.674,-15.758,-13.141,0.006,0.011,14266.0,5148.0,1.0
"beta_speed[Carroll, Corbin]",-14.589,0.595,-15.719,-13.46,0.005,0.008,11764.0,6442.0,1.0
"beta_speed[Kreidler, Ryan]",-14.478,0.675,-15.833,-13.214,0.006,0.01,14486.0,5841.0,1.0
"beta_speed[Brennan, Will]",-14.232,0.649,-15.415,-12.922,0.007,0.009,9780.0,5132.0,1.0
"beta_speed[Thomas, Alek]",-15.027,0.578,-16.198,-14.045,0.009,0.006,4221.0,6352.0,1.0
"beta_speed[Suwinski, Jack]",-14.423,0.563,-15.569,-13.406,0.006,0.007,9114.0,6302.0,1.0
"beta_speed[Moore, Dylan]",-14.471,0.657,-15.709,-13.16,0.006,0.01,13159.0,5582.0,1.0
"beta_speed[O'Neill, Tyler]",-14.507,0.656,-15.82,-13.291,0.006,0.011,13280.0,4779.0,1.0
"beta_speed[Wisdom, Patrick]",-14.446,0.677,-15.761,-13.156,0.005,0.011,18259.0,5845.0,1.0
"beta_speed[Castro, Willi]",-14.3,0.604,-15.507,-13.183,0.006,0.008,10916.0,6559.0,1.0
"beta_speed[Aguilar, Ryan]",-14.493,0.678,-15.854,-13.221,0.006,0.01,14804.0,5510.0,1.0
"beta_speed[Merrifield, Whit]",-14.228,0.663,-15.377,-12.871,0.006,0.009,10799.0,6082.0,1.0
"beta_speed[Burdick, Peyton]",-14.456,0.667,-15.762,-13.205,0.005,0.01,14916.0,5836.0,1.0
"beta_speed[Stevenson, Cal]",-14.689,0.662,-15.91,-13.377,0.006,0.01,12496.0,5540.0,1.0
"beta_speed[Cordero, Franchy]",-14.483,0.67,-15.744,-13.174,0.006,0.01,13310.0,5240.0,1.0
"beta_speed[Myers, Wil]",-14.457,0.667,-15.703,-13.129,0.006,0.01,12150.0,5996.0,1.0
"beta_speed[Bernard, Wynton]",-14.47,0.662,-15.791,-13.237,0.006,0.011,14554.0,5428.0,1.0
"beta_speed[Eaton, Nate]",-14.576,0.656,-15.794,-13.275,0.006,0.01,14026.0,5470.0,1.0
"beta_speed[Davis, Jaylin]",-14.466,0.665,-15.805,-13.224,0.006,0.01,14068.0,5771.0,1.0
"beta_speed[Johnson, Bryce]",-14.517,0.644,-15.683,-13.192,0.005,0.01,14479.0,4649.0,1.0
"beta_speed[Frazier, Adam]",-14.492,0.667,-15.811,-13.244,0.005,0.01,15405.0,5181.0,1.0
"beta_speed[Lowe, Josh]",-14.517,0.655,-15.743,-13.207,0.005,0.012,15653.0,4538.0,1.0
"beta_speed[Ruiz, Esteury]",-14.69,0.6,-15.89,-13.628,0.006,0.008,9974.0,5762.0,1.0
"beta_speed[Sánchez, Jesús]",-14.346,0.599,-15.462,-13.156,0.005,0.008,12826.0,5779.0,1.0
"beta_speed[Gallo, Joey]",-14.556,0.674,-15.829,-13.208,0.006,0.01,14134.0,5856.0,1.0
"beta_speed[McCutchen, Andrew]",-14.505,0.665,-15.815,-13.227,0.006,0.011,13757.0,5464.0,1.0
"beta_speed[Madris, Bligh]",-14.452,0.672,-15.789,-13.181,0.006,0.012,14009.0,5275.0,1.0
"beta_speed[Crook, Narciso]",-14.487,0.676,-15.808,-13.173,0.006,0.011,14264.0,5238.0,1.0
"beta_speed[Kwan, Steven]",-14.475,0.672,-15.739,-13.184,0.006,0.011,11472.0,6006.0,1.0
"beta_speed[Lopez, Otto]",-14.475,0.682,-15.74,-13.115,0.006,0.012,14704.0,5035.0,1.0
"beta_speed[Lee, Khalil]",-14.472,0.68,-15.827,-13.186,0.006,0.012,13053.0,5276.0,1.0
"beta_speed[Swaggerty, Travis]",-14.464,0.67,-15.754,-13.16,0.006,0.01,10439.0,4984.0,1.0
"beta_speed[Strange-Gordon, Dee]",-14.494,0.663,-15.766,-13.214,0.006,0.011,13285.0,4982.0,1.0
"beta_speed[Lewis, Royce]",-14.487,0.666,-15.767,-13.217,0.006,0.01,12895.0,5545.0,1.0
"beta_speed[Hicklen, Brewer]",-14.492,0.674,-15.725,-13.131,0.006,0.01,12536.0,5910.0,1.0
"beta_speed[Blanco, Dairon]",-14.241,0.651,-15.451,-12.968,0.007,0.01,9171.0,5276.0,1.0
"beta_speed[Edman, Tommy]",-14.405,0.613,-15.53,-13.188,0.006,0.009,12299.0,5567.0,1.0
"beta_speed[Heyward, Jason]",-14.248,0.656,-15.43,-12.917,0.007,0.009,9206.0,5870.0,1.0
"beta_speed[Whitefield, Aaron]",-14.517,0.684,-15.842,-13.236,0.006,0.012,12536.0,5291.0,1.0
"beta_speed[González, Luis]",-14.54,0.654,-15.833,-13.318,0.005,0.01,17181.0,5489.0,1.0
"beta_speed[McDonald, Mickey]",-14.472,0.675,-15.742,-13.129,0.006,0.01,14689.0,5815.0,1.0
"beta_speed[Muzziotti, Símon]",-14.446,0.667,-15.71,-13.151,0.006,0.011,12804.0,4662.0,1.0
"beta_speed[Rojas, Johan]",-14.719,0.575,-15.844,-13.649,0.006,0.007,9265.0,5714.0,1.0
"beta_speed[Frelick, Sal]",-14.399,0.623,-15.567,-13.169,0.005,0.01,13282.0,5409.0,1.0
"beta_speed[Chisholm Jr., Jazz]",-14.26,0.563,-15.324,-13.192,0.007,0.007,7384.0,5677.0,1.0
"beta_speed[Outman, James]",-14.713,0.576,-15.764,-13.569,0.006,0.007,10048.0,6135.0,1.0
"beta_speed[Fitzgerald, Tyler]",-14.711,0.653,-15.992,-13.485,0.006,0.009,10583.0,6028.0,1.0
"beta_speed[Meadows, Parker]",-13.841,0.659,-14.963,-12.519,0.012,0.007,3210.0,6040.0,1.0
"beta_speed[Doyle, Brenton]",-15.056,0.584,-16.186,-14.017,0.009,0.007,4696.0,6388.0,1.0
"beta_speed[Rafaela, Ceddanne]",-14.196,0.601,-15.232,-12.958,0.007,0.008,7629.0,5994.0,1.0
"beta_speed[Abreu, Wilyer]",-14.519,0.661,-15.777,-13.227,0.006,0.01,13931.0,4868.0,1.0
"beta_speed[Butler, Lawrence]",-14.418,0.623,-15.659,-13.247,0.006,0.009,11007.0,5938.0,1.0
"beta_speed[Wall, Forrest]",-14.478,0.665,-15.744,-13.188,0.005,0.011,16692.0,5352.0,1.0
"beta_speed[Young, Jacob]",-14.815,0.575,-15.911,-13.758,0.006,0.007,8447.0,5958.0,1.0
"beta_speed[Perkins, Blake]",-14.828,0.618,-16.082,-13.727,0.007,0.009,8362.0,5306.0,1.0
"beta_speed[Adell, Jo]",-14.516,0.642,-15.755,-13.283,0.006,0.01,13601.0,5626.0,1.0
"beta_speed[McNeil, Jeff]",-14.511,0.667,-15.829,-13.249,0.006,0.011,13522.0,5174.0,1.0
"beta_speed[Crow-Armstrong, Pete]",-14.693,0.58,-15.839,-13.608,0.006,0.007,9756.0,6429.0,1.0
"beta_speed[Canario, Alexander]",-14.471,0.648,-15.74,-13.219,0.006,0.01,12766.0,5448.0,1.0
"beta_speed[Kiner-Falefa, Isiah]",-14.616,0.633,-15.814,-13.401,0.005,0.009,14075.0,6248.0,1.0
"beta_speed[Matos, Luis]",-14.492,0.609,-15.626,-13.31,0.005,0.009,14856.0,5880.0,1.0
"beta_speed[Carter, Evan]",-14.565,0.668,-15.89,-13.305,0.006,0.01,12740.0,5481.0,1.0
"beta_speed[Paris, Kyren]",-14.471,0.671,-15.749,-13.15,0.006,0.01,12841.0,5660.0,1.0
"beta_speed[Wiemer, Joey]",-14.293,0.606,-15.397,-13.05,0.006,0.008,9953.0,5481.0,1.0
"beta_speed[Raley, Luke]",-14.498,0.653,-15.752,-13.252,0.006,0.01,13079.0,5477.0,1.0
"beta_speed[Myers, Dane]",-14.503,0.631,-15.701,-13.247,0.006,0.009,12026.0,5308.0,1.0
"beta_speed[Domínguez, Jasson]",-14.501,0.669,-15.805,-13.231,0.005,0.012,14761.0,5277.0,1.0
"beta_speed[Jones, Nolan]",-14.292,0.681,-15.526,-12.931,0.007,0.012,10495.0,4796.0,1.0
"beta_speed[Meckler, Wade]",-14.531,0.66,-15.808,-13.265,0.005,0.01,14852.0,5597.0,1.0
"beta_speed[Colás, Oscar]",-14.647,0.66,-15.913,-13.394,0.005,0.009,14959.0,5877.0,1.0
"beta_speed[Velazquez, Andrew]",-14.475,0.67,-15.769,-13.178,0.005,0.01,15051.0,5843.0,1.0
"beta_speed[Rengifo, Luis]",-14.529,0.667,-15.883,-13.295,0.006,0.01,12962.0,5546.0,1.0
"beta_speed[Palacios, Richie]",-14.345,0.66,-15.58,-13.049,0.007,0.009,10218.0,6228.0,1.0
"beta_speed[Marlowe, Cade]",-14.494,0.667,-15.81,-13.248,0.006,0.011,14456.0,5766.0,1.0
"beta_speed[Adams, Jordyn]",-14.633,0.653,-15.831,-13.331,0.006,0.009,12234.0,5940.0,1.0
"beta_speed[McKinstry, Zach]",-14.479,0.678,-15.783,-13.175,0.006,0.011,13300.0,5161.0,1.0
"beta_speed[Martínez, J.P.]",-14.481,0.665,-15.76,-13.214,0.005,0.01,15489.0,5685.0,1.0
"beta_speed[Ramos, Heliot]",-13.945,0.664,-15.128,-12.675,0.01,0.008,4958.0,5747.0,1.0
"beta_speed[Cowser, Colton]",-14.632,0.616,-15.863,-13.501,0.006,0.009,11901.0,5498.0,1.0
"beta_speed[McKinney, Billy]",-14.212,0.687,-15.457,-12.856,0.007,0.01,9687.0,5677.0,1.0
"beta_speed[Cabbage, Trey]",-14.486,0.669,-15.732,-13.171,0.006,0.01,14550.0,6048.0,1.0
"beta_speed[DeLuca, Jonny]",-14.738,0.641,-16.02,-13.577,0.006,0.009,10092.0,5011.0,1.0
"beta_speed[Fletcher, Dominic]",-14.622,0.628,-15.771,-13.388,0.005,0.01,13641.0,5578.0,1.0
"beta_speed[Frazier, Clint]",-14.463,0.669,-15.807,-13.219,0.005,0.01,14752.0,5780.0,1.0
"beta_speed[Guthrie, Dalton]",-14.462,0.661,-15.734,-13.191,0.006,0.01,14039.0,5406.0,1.0
"beta_speed[Wisely, Brett]",-14.374,0.656,-15.644,-13.117,0.006,0.01,13217.0,5207.0,1.0
"beta_speed[Short, Zack]",-14.333,0.681,-15.679,-13.091,0.006,0.01,12894.0,5400.0,1.0
"beta_speed[Edwards, Xavier]",-14.391,0.677,-15.651,-13.052,0.006,0.01,13429.0,5463.0,1.0
"beta_speed[Cabrera, Oswaldo]",-14.434,0.663,-15.72,-13.195,0.006,0.01,13741.0,5352.0,1.0
"beta_speed[Lukes, Nathan]",-14.391,0.667,-15.65,-13.098,0.006,0.01,13864.0,5517.0,1.0
"beta_speed[Sosa, Edmundo]",-14.494,0.661,-15.806,-13.234,0.006,0.01,14347.0,5292.0,1.0
"beta_speed[Pages, Andy]",-14.919,0.648,-16.127,-13.675,0.009,0.009,6021.0,5569.0,1.0
"beta_speed[Merrill, Jackson]",-15.112,0.657,-16.359,-13.914,0.01,0.008,4749.0,5736.0,1.0
"beta_speed[Keirsey Jr., DaShawn]",-14.525,0.684,-15.884,-13.256,0.006,0.011,13997.0,5659.0,1.0
"beta_speed[Cruz, Oneil]",-14.474,0.648,-15.685,-13.162,0.006,0.01,12921.0,5394.0,1.0
"beta_speed[McCray, Grant]",-14.42,0.622,-15.604,-13.239,0.005,0.009,15165.0,5421.0,1.0
"beta_speed[Pérez, Wenceel]",-14.588,0.657,-15.878,-13.351,0.005,0.012,15520.0,5083.0,1.0
"beta_speed[Clase, Jonatan]",-14.446,0.668,-15.647,-13.064,0.006,0.011,13612.0,5074.0,1.0
"beta_speed[Lockridge, Brandon]",-14.524,0.656,-15.883,-13.333,0.005,0.011,16210.0,5721.0,1.0
"beta_speed[Cook, Billy]",-14.531,0.645,-15.737,-13.269,0.005,0.01,16129.0,6199.0,1.0
"beta_speed[Sanoja, Javier]",-14.457,0.684,-15.742,-13.124,0.006,0.011,14822.0,5257.0,1.0
"beta_speed[Stowers, Kyle]",-14.247,0.672,-15.497,-12.929,0.007,0.01,9917.0,5445.0,1.0
"beta_speed[Martin, Austin]",-14.601,0.641,-15.831,-13.347,0.005,0.009,14000.0,5836.0,1.0
"beta_speed[Loperfido, Joey]",-14.26,0.643,-15.45,-12.96,0.006,0.01,10513.0,5705.0,1.0
"beta_speed[Wilson, Weston]",-14.474,0.669,-15.817,-13.25,0.006,0.01,12734.0,5631.0,1.0
"beta_speed[Scott II, Victor]",-14.48,0.635,-15.672,-13.217,0.005,0.009,13247.0,5553.0,1.0
"beta_speed[Langford, Wyatt]",-14.364,0.657,-15.629,-13.096,0.006,0.01,11267.0,5096.0,1.0
"beta_speed[Dunn, Blake]",-14.459,0.681,-15.769,-13.131,0.006,0.011,12440.0,5595.0,1.0
"beta_speed[Crews, Dylan]",-14.425,0.671,-15.659,-13.064,0.006,0.01,13699.0,5051.0,1.0
"beta_speed[DeLoach, Zach]",-14.469,0.675,-15.803,-13.176,0.006,0.011,12671.0,5313.0,1.0
"beta_speed[Teodosio, Bryce]",-14.438,0.657,-15.721,-13.198,0.006,0.011,13973.0,4502.0,1.0
"beta_speed[Helman, Michael]",-14.492,0.664,-15.792,-13.227,0.005,0.01,15127.0,5603.0,1.0
"beta_speed[Schneemann, Daniel]",-14.578,0.662,-15.918,-13.356,0.006,0.01,13732.0,5550.0,1.0
"beta_speed[Freeman, Tyler]",-14.205,0.612,-15.313,-12.977,0.006,0.008,9974.0,5490.0,1.0
"beta_speed[Hinds, Rece]",-14.497,0.679,-15.768,-13.144,0.006,0.01,12932.0,5231.0,1.0
"beta_speed[Barrosa, Jorge]",-14.527,0.666,-15.823,-13.264,0.005,0.01,15446.0,5906.0,1.0
"beta_speed[Beck, Jordan]",-14.52,0.686,-15.914,-13.24,0.005,0.012,15686.0,5023.0,1.0
"beta_speed[Misner, Kameron]",-14.497,0.661,-15.738,-13.201,0.006,0.01,11639.0,5506.0,1.0
"beta_speed[Martínez, Angel]",-14.488,0.659,-15.783,-13.188,0.005,0.01,15085.0,5290.0,1.0
"beta_speed[Vilade, Ryan]",-14.24,0.688,-15.521,-12.888,0.007,0.011,9470.0,5351.0,1.0
"beta_speed[Julks, Corey]",-14.381,0.669,-15.708,-13.14,0.006,0.01,11442.0,5668.0,1.0
"beta_speed[Gonzalez, Romy]",-14.476,0.674,-15.748,-13.162,0.006,0.01,12959.0,5775.0,1.0
"beta_speed[Ellis, Duke]",-14.523,0.684,-15.843,-13.21,0.005,0.011,16538.0,4499.0,1.0
"beta_speed[Lee, Jung Hoo]",-14.356,0.646,-15.578,-13.101,0.006,0.01,12820.0,5897.0,1.0
"beta_speed[Arias, Gabriel]",-14.383,0.67,-15.703,-13.102,0.005,0.011,15229.0,4759.0,1.0
"beta_speed[Rosario, Eddie]",-14.518,0.655,-15.774,-13.263,0.005,0.01,15080.0,5224.0,1.0
"beta_speed[Schuemann, Max]",-14.424,0.682,-15.661,-13.051,0.006,0.011,11966.0,5618.0,1.0
"beta_speed[Taylor, Samad]",-14.487,0.679,-15.833,-13.22,0.005,0.011,16606.0,5294.0,1.0
"beta_speed[Berroa, Steward]",-14.471,0.675,-15.734,-13.152,0.005,0.011,15948.0,5491.0,1.0
"beta_cos[Siri, Jose]",-0.57,0.125,-0.813,-0.343,0.001,0.001,13094.0,6437.0,1.0
"beta_cos[Tucker, Kyle]",-0.336,0.224,-0.74,0.102,0.002,0.003,16465.0,5300.0,1.0
"beta_cos[Duvall, Adam]",-0.338,0.162,-0.645,-0.032,0.001,0.002,16035.0,5468.0,1.0
"beta_cos[Heredia, Guillermo]",-0.309,0.164,-0.622,-0.012,0.001,0.002,15256.0,5651.0,1.0
"beta_cos[McCormick, Chas]",-0.518,0.142,-0.764,-0.224,0.001,0.002,13008.0,6129.0,1.0
"beta_cos[Bellinger, Cody]",-0.36,0.108,-0.57,-0.163,0.001,0.001,14633.0,5751.0,1.0
"beta_cos[Hernández, Enrique]",0.074,0.132,-0.164,0.327,0.001,0.002,12453.0,6331.0,1.0
"beta_cos[Verdugo, Alex]",-0.359,0.183,-0.691,-0.007,0.002,0.002,14086.0,5353.0,1.0
"beta_cos[Betts, Mookie]",-0.347,0.21,-0.716,0.072,0.002,0.003,14600.0,5782.0,1.0
"beta_cos[Taylor, Chris]",-0.604,0.19,-0.961,-0.238,0.002,0.002,15429.0,5982.0,1.0
"beta_cos[Lux, Gavin]",-0.398,0.226,-0.839,0.007,0.002,0.003,16729.0,5267.0,1.0
"beta_cos[Daza, Yonathan]",-0.375,0.14,-0.628,-0.104,0.001,0.002,16969.0,6054.0,1.0
"beta_cos[McCarthy, Jake]",-0.367,0.163,-0.67,-0.056,0.001,0.002,13763.0,6164.0,1.0
"beta_cos[Engel, Adam]",-0.398,0.169,-0.714,-0.08,0.002,0.002,12217.0,5687.0,1.0
"beta_cos[Baddoo, Akil]",-0.384,0.161,-0.687,-0.082,0.001,0.002,16555.0,5064.0,1.0
"beta_cos[Sierra, Magneuris]",-0.211,0.184,-0.543,0.132,0.002,0.002,13589.0,5554.0,1.0
"beta_cos[Jankowski, Travis]",-0.62,0.197,-1.002,-0.258,0.002,0.002,12373.0,5937.0,1.0
"beta_cos[Herrera, Odúbel]",-0.21,0.151,-0.489,0.074,0.001,0.002,15823.0,5469.0,1.0
"beta_cos[Marte, Starling]",-0.339,0.152,-0.618,-0.05,0.001,0.002,15148.0,6273.0,1.0
"beta_cos[Bolt, Skye]",-0.378,0.191,-0.752,-0.034,0.002,0.002,13287.0,6106.0,1.0
"beta_cos[Taylor, Michael A.]",-0.527,0.099,-0.716,-0.343,0.001,0.001,15690.0,6042.0,1.0
"beta_cos[Robert Jr., Luis]",-0.4,0.105,-0.591,-0.2,0.001,0.001,15367.0,5841.0,1.0
"beta_cos[Meyers, Jake]",-0.731,0.134,-0.985,-0.483,0.001,0.002,14052.0,5786.0,1.0
"beta_cos[Slater, Austin]",-0.21,0.155,-0.493,0.085,0.001,0.002,13729.0,5287.0,1.0
"beta_cos[Yastrzemski, Mike]",-0.449,0.158,-0.751,-0.149,0.001,0.002,15045.0,6070.0,1.0
"beta_cos[Pache, Cristian]",-0.132,0.138,-0.381,0.138,0.001,0.002,12129.0,5835.0,1.0
"beta_cos[Cain, Lorenzo]",-0.538,0.174,-0.865,-0.21,0.001,0.002,15224.0,5967.0,1.0
"beta_cos[Kiermaier, Kevin]",-0.325,0.111,-0.535,-0.117,0.001,0.001,13648.0,6233.0,1.0
"beta_cos[Duggar, Steven]",-0.092,0.181,-0.444,0.237,0.002,0.002,13338.0,5962.0,1.0
"beta_cos[Bryant, Kris]",-0.384,0.211,-0.785,0.006,0.002,0.003,16045.0,5535.0,1.0
"beta_cos[Ortega, Rafael]",-0.282,0.151,-0.558,0.014,0.001,0.002,15064.0,6261.0,1.0
"beta_cos[Marsh, Brandon]",-0.536,0.125,-0.768,-0.298,0.001,0.002,15331.0,6097.0,1.0
"beta_cos[Kelenic, Jarred]",-0.267,0.136,-0.526,-0.014,0.001,0.002,15377.0,5607.0,1.0
"beta_cos[Lagares, Juan]",-0.247,0.189,-0.609,0.107,0.002,0.002,13199.0,5632.0,1.0
"beta_cos[Straw, Myles]",-0.311,0.097,-0.5,-0.133,0.001,0.001,14172.0,6098.0,1.0
"beta_cos[Peters, DJ]",-0.321,0.2,-0.679,0.065,0.002,0.003,16629.0,5879.0,1.0
"beta_cos[McKenna, Ryan]",-0.538,0.186,-0.899,-0.191,0.002,0.002,14757.0,5996.0,1.0
"beta_cos[Springer, George]",-0.523,0.166,-0.846,-0.229,0.001,0.002,15281.0,5832.0,1.0
"beta_cos[Mullins, Cedric]",-0.554,0.093,-0.725,-0.374,0.001,0.001,16033.0,5600.0,1.0
"beta_cos[Thomas, Lane]",-0.247,0.147,-0.523,0.031,0.001,0.002,14073.0,5466.0,1.0
"beta_cos[Renfroe, Hunter]",-0.393,0.225,-0.814,0.038,0.002,0.003,16536.0,5440.0,1.0
"beta_cos[Hilliard, Sam]",-0.418,0.163,-0.733,-0.123,0.001,0.002,15423.0,5612.0,1.0
"beta_cos[Varsho, Daulton]",-0.698,0.137,-0.951,-0.438,0.001,0.002,14028.0,5854.0,1.0
"beta_cos[Buxton, Byron]",-0.499,0.139,-0.753,-0.236,0.001,0.002,15374.0,6101.0,1.0
"beta_cos[Bader, Harrison]",-0.453,0.11,-0.665,-0.252,0.001,0.001,14805.0,5811.0,1.0
"beta_cos[Gardner, Brett]",-0.767,0.168,-1.103,-0.472,0.001,0.002,13549.0,6050.0,1.0
"beta_cos[Bradley Jr., Jackie]",-0.483,0.151,-0.772,-0.213,0.001,0.002,13527.0,5688.0,1.0
"beta_cos[Grisham, Trent]",-0.121,0.102,-0.313,0.068,0.001,0.001,12511.0,6233.0,1.0
"beta_cos[Friedl, TJ]",-0.359,0.127,-0.59,-0.121,0.001,0.002,14354.0,5789.0,1.0
"beta_cos[Gamel, Ben]",-0.306,0.213,-0.691,0.113,0.002,0.003,13321.0,5575.0,1.0
"beta_cos[Phillips, Brett]",-0.31,0.163,-0.616,-0.011,0.001,0.002,13925.0,5883.0,1.0
"beta_cos[Vierling, Matt]",-0.507,0.15,-0.779,-0.213,0.001,0.002,15624.0,5505.0,1.0
"beta_cos[Nimmo, Brandon]",-0.349,0.112,-0.565,-0.14,0.001,0.001,12503.0,5525.0,1.0
"beta_cos[Stevenson, Andrew]",-0.462,0.206,-0.851,-0.069,0.002,0.003,14402.0,6005.0,1.0
"beta_cos[Taylor, Tyrone]",-0.463,0.146,-0.74,-0.192,0.001,0.002,14895.0,5279.0,1.0
"beta_cos[Margot, Manuel]",-0.565,0.165,-0.885,-0.267,0.001,0.002,12905.0,6192.0,1.0
"beta_cos[DeShields, Delino]",-0.446,0.218,-0.866,-0.051,0.002,0.003,16290.0,5657.0,1.0
"beta_cos[Reynolds, Bryan]",-0.026,0.124,-0.264,0.199,0.001,0.001,12980.0,6138.0,1.0
"beta_cos[Fargas, Johneshwy]",-0.416,0.224,-0.837,-0.002,0.002,0.003,17016.0,5995.0,1.0
"beta_cos[Taveras, Leody]",-0.471,0.094,-0.646,-0.297,0.001,0.001,14119.0,6028.0,1.0
"beta_cos[Tatis Jr., Fernando]",-0.587,0.219,-1.006,-0.183,0.002,0.003,13662.0,6168.0,1.0
"beta_cos[Ward, Taylor]",-0.363,0.213,-0.776,0.024,0.002,0.003,17054.0,5444.0,1.0
"beta_cos[Barrero, José]",-0.261,0.217,-0.667,0.149,0.002,0.003,14770.0,5774.0,1.0
"beta_cos[De La Cruz, Bryan]",-0.095,0.186,-0.445,0.256,0.002,0.002,12492.0,5697.0,1.0
"beta_cos[Isbel, Kyle]",-0.526,0.126,-0.751,-0.282,0.001,0.001,14219.0,6276.0,1.0
"beta_cos[Carlson, Dylan]",-0.207,0.132,-0.455,0.037,0.001,0.002,13436.0,5933.0,1.0
"beta_cos[Hampson, Garrett]",-0.442,0.146,-0.73,-0.178,0.001,0.002,13568.0,5356.0,1.0
"beta_cos[Thompson, Trayce]",-0.309,0.195,-0.665,0.051,0.002,0.002,15447.0,6070.0,1.0
"beta_cos[Olivares, Edward]",-0.289,0.223,-0.709,0.127,0.002,0.003,17320.0,5232.0,1.0
"beta_cos[Reyes, Victor]",-0.366,0.203,-0.767,-0.011,0.002,0.003,15549.0,5904.0,1.0
"beta_cos[Cameron, Daz]",-0.379,0.2,-0.761,-0.013,0.002,0.003,15163.0,5784.0,1.0
"beta_cos[Brown, Seth]",-0.383,0.208,-0.77,0.008,0.002,0.003,12537.0,5948.0,1.0
"beta_cos[Pederson, Joc]",-0.353,0.21,-0.764,0.031,0.002,0.003,14944.0,5771.0,1.0
"beta_cos[Hamilton, Billy]",-0.49,0.201,-0.862,-0.102,0.002,0.003,16614.0,5471.0,1.0
"beta_cos[Grichuk, Randal]",-0.579,0.148,-0.85,-0.299,0.001,0.002,13130.0,5593.0,1.0
"beta_cos[Zimmer, Bradley]",-0.481,0.179,-0.828,-0.16,0.001,0.002,15366.0,6065.0,1.0
"beta_cos[Gordon, Nick]",-0.296,0.172,-0.626,0.028,0.002,0.002,13050.0,5385.0,1.0
"beta_cos[Dyson, Jarrod]",-0.504,0.201,-0.898,-0.141,0.002,0.003,15197.0,5678.0,1.0
"beta_cos[Florial, Estevan]",-0.407,0.197,-0.776,-0.044,0.002,0.002,15782.0,5879.0,1.0
"beta_cos[Dickerson, Corey]",-0.301,0.231,-0.723,0.148,0.002,0.003,13997.0,5491.0,1.0
"beta_cos[García, Leury]",-0.209,0.206,-0.583,0.187,0.002,0.003,13746.0,5754.0,1.0
"beta_cos[Judge, Aaron]",-0.481,0.128,-0.719,-0.245,0.001,0.001,15685.0,5898.0,1.0
"beta_cos[Hill, Derek]",-0.615,0.15,-0.9,-0.34,0.001,0.002,13855.0,5884.0,1.0
"beta_cos[Akiyama, Shogo]",-0.529,0.199,-0.913,-0.169,0.002,0.002,12744.0,5744.0,1.0
"beta_cos[Hays, Austin]",-0.422,0.218,-0.821,0.011,0.002,0.003,16064.0,5544.0,1.0
"beta_cos[Pillar, Kevin]",-0.402,0.161,-0.702,-0.095,0.001,0.002,14984.0,5848.0,1.0
"beta_cos[Winker, Jesse]",-0.39,0.23,-0.84,0.029,0.002,0.003,15657.0,5876.0,1.0
"beta_cos[Brinson, Lewis]",-0.413,0.198,-0.791,-0.048,0.002,0.003,12489.0,5815.0,1.0
"beta_cos[Happ, Ian]",-0.289,0.189,-0.653,0.068,0.002,0.002,13863.0,5943.0,1.0
"beta_cos[Marte, Ketel]",-0.349,0.164,-0.655,-0.039,0.001,0.002,12248.0,6382.0,1.0
"beta_cos[Aquino, Aristides]",-0.397,0.22,-0.796,0.016,0.002,0.003,13589.0,5444.0,1.0
"beta_cos[Almora Jr., Albert]",-0.179,0.202,-0.55,0.203,0.002,0.002,13067.0,5710.0,1.0
"beta_cos[Naquin, Tyler]",-0.329,0.176,-0.647,0.016,0.001,0.002,14101.0,5868.0,1.0
"beta_cos[Cave, Jake]",-0.502,0.197,-0.859,-0.123,0.002,0.003,15859.0,6066.0,1.0
"beta_cos[Wade, Tyler]",-0.346,0.226,-0.762,0.081,0.002,0.003,15124.0,5689.0,1.0
"beta_cos[Dubón, Mauricio]",-0.608,0.165,-0.915,-0.293,0.001,0.002,15233.0,5956.0,1.0
"beta_cos[Tucker, Cole]",-0.459,0.225,-0.896,-0.048,0.002,0.003,13555.0,5324.0,1.0
"beta_cos[Hermosillo, Michael]",-0.57,0.213,-0.992,-0.186,0.002,0.003,13254.0,5469.0,1.0
"beta_cos[Santana, Danny]",-0.305,0.222,-0.736,0.116,0.002,0.003,15645.0,5747.0,1.0
"beta_cos[Duran, Jarren]",-0.139,0.126,-0.387,0.087,0.001,0.002,13838.0,5744.0,1.0
"beta_cos[Bonifacio, Jorge]",-0.375,0.23,-0.81,0.049,0.002,0.003,12152.0,6090.0,1.0
"beta_cos[Robles, Victor]",-0.044,0.115,-0.264,0.165,0.001,0.001,13357.0,5757.0,1.0
"beta_cos[Palacios, Joshua]",-0.328,0.215,-0.742,0.059,0.002,0.003,13991.0,5825.0,1.0
"beta_cos[Williams, Luke]",-0.248,0.225,-0.661,0.184,0.002,0.003,14746.0,6142.0,1.0
"beta_cos[Goodwin, Brian]",-0.242,0.211,-0.643,0.149,0.002,0.003,14213.0,5109.0,1.0
"beta_cos[Fraley, Jake]",-0.444,0.2,-0.807,-0.05,0.002,0.002,14498.0,6128.0,1.0
"beta_cos[Refsnyder, Rob]",-0.309,0.182,-0.642,0.031,0.002,0.002,13619.0,6157.0,1.0
"beta_cos[Davis, Jonathan]",-0.291,0.17,-0.617,0.019,0.001,0.002,14366.0,5669.0,1.0
"beta_cos[Moniak, Mickey]",-0.488,0.155,-0.774,-0.193,0.001,0.002,15698.0,5150.0,1.0
"beta_cos[Martin, Jason]",-0.401,0.228,-0.813,0.033,0.002,0.003,12325.0,6219.0,1.0
"beta_cos[Park, Hoy]",-0.389,0.224,-0.813,0.029,0.002,0.003,15006.0,5684.0,1.0
"beta_cos[García, Adolis]",-0.411,0.144,-0.683,-0.148,0.001,0.002,15295.0,4948.0,1.0
"beta_cos[Goodrum, Niko]",-0.415,0.219,-0.827,-0.009,0.002,0.003,15969.0,6245.0,1.0
"beta_cos[Smith, Pavin]",-0.388,0.193,-0.763,-0.036,0.002,0.002,15595.0,5545.0,1.0
"beta_cos[Marisnick, Jake]",-0.312,0.172,-0.635,0.008,0.001,0.002,15244.0,5847.0,1.0
"beta_cos[Kepler, Max]",-0.459,0.203,-0.86,-0.099,0.002,0.003,13257.0,5946.0,1.0
"beta_cos[White, Eli]",-0.362,0.194,-0.747,-0.008,0.002,0.002,14181.0,5607.0,1.0
"beta_cos[Allen, Greg]",-0.424,0.209,-0.802,-0.016,0.002,0.003,15287.0,6024.0,1.0
"beta_cos[Tapia, Raimel]",-0.437,0.198,-0.815,-0.073,0.002,0.002,17075.0,6270.0,1.0
"beta_cos[Profar, Jurickson]",-0.334,0.223,-0.768,0.082,0.002,0.003,15758.0,5614.0,1.0
"beta_cos[Laureano, Ramón]",-0.103,0.154,-0.39,0.187,0.001,0.002,14598.0,5386.0,1.0
"beta_cos[Pollock, AJ]",-0.451,0.2,-0.838,-0.085,0.002,0.002,17341.0,6395.0,1.0
"beta_cos[Oliva, Jared]",-0.378,0.228,-0.785,0.066,0.002,0.003,16116.0,5637.0,1.0
"beta_cos[Mercado, Óscar]",-0.449,0.21,-0.838,-0.054,0.002,0.003,16026.0,5559.0,1.0
"beta_cos[Celestino, Gilberto]",-0.393,0.162,-0.705,-0.1,0.001,0.002,14308.0,5887.0,1.0
"beta_cos[Tauchman, Mike]",-0.52,0.17,-0.846,-0.204,0.001,0.002,15397.0,6266.0,1.0
"beta_cos[Harrison, Monte]",-0.368,0.224,-0.796,0.043,0.002,0.003,15300.0,6000.0,1.0
"beta_cos[Reddick, Josh]",-0.426,0.225,-0.848,-0.016,0.002,0.003,14664.0,6322.0,1.0
"beta_cos[Fairchild, Stuart]",-0.479,0.166,-0.797,-0.169,0.001,0.002,17489.0,5438.0,1.0
"beta_cos[Bruján, Vidal]",-0.333,0.222,-0.744,0.1,0.002,0.003,16524.0,5962.0,1.0
"beta_cos[Freeman, Mike]",-0.392,0.228,-0.811,0.062,0.002,0.003,13572.0,6187.0,1.0
"beta_cos[O'Grady, Brian]",-0.388,0.234,-0.812,0.067,0.002,0.003,16013.0,6074.0,1.0
"beta_cos[Parra, Gerardo]",-0.431,0.223,-0.849,-0.025,0.002,0.003,13336.0,5838.0,1.0
"beta_cos[Inciarte, Ender]",-0.447,0.204,-0.813,-0.032,0.002,0.003,15083.0,5277.0,1.0
"beta_cos[Trammell, Taylor]",-0.354,0.191,-0.699,0.019,0.001,0.003,18772.0,5867.0,1.0
"beta_cos[Locastro, Tim]",-0.467,0.205,-0.849,-0.081,0.002,0.003,13334.0,5112.0,1.0
"beta_cos[Heath, Nick]",-0.461,0.221,-0.891,-0.05,0.002,0.003,12729.0,5219.0,1.0
"beta_cos[Heineman, Scott]",-0.394,0.228,-0.801,0.056,0.002,0.003,17482.0,6117.0,1.0
"beta_cos[Ramírez, Harold]",-0.401,0.21,-0.804,-0.017,0.002,0.003,15811.0,6254.0,1.0
"beta_cos[Canha, Mark]",-0.476,0.211,-0.866,-0.071,0.002,0.003,14916.0,5960.0,1.0
"beta_cos[Williams, Mason]",-0.4,0.227,-0.844,0.015,0.002,0.003,17031.0,5303.0,1.0
"beta_cos[García, Avisaíl]",-0.315,0.225,-0.717,0.113,0.002,0.003,15347.0,5543.0,1.0
"beta_cos[Mateo, Jorge]",-0.351,0.217,-0.76,0.055,0.002,0.003,15325.0,6041.0,1.0
"beta_cos[Thomas, Dillon]",-0.421,0.23,-0.866,0.0,0.002,0.003,15352.0,5512.0,1.0
"beta_cos[Garlick, Kyle]",-0.378,0.223,-0.79,0.042,0.002,0.003,15705.0,6195.0,1.0
"beta_cos[Lewis, Kyle]",-0.261,0.194,-0.629,0.094,0.002,0.003,15578.0,5740.0,1.0
"beta_cos[Maybin, Cameron]",-0.443,0.232,-0.875,-0.009,0.002,0.003,16806.0,5185.0,1.0
"beta_cos[Harrison, Josh]",-0.396,0.231,-0.834,0.04,0.002,0.003,15204.0,5661.0,1.0
"beta_cos[Luplow, Jordan]",-0.353,0.206,-0.743,0.035,0.002,0.003,18777.0,5677.0,1.0
"beta_cos[Jones, JaCoby]",-0.6,0.193,-0.952,-0.228,0.002,0.002,13702.0,5767.0,1.0
"beta_cos[Torreyes, Ronald]",-0.396,0.229,-0.842,0.014,0.002,0.003,15580.0,5341.0,1.0
"beta_cos[Hoerner, Nico]",-0.406,0.231,-0.838,0.031,0.002,0.003,12780.0,6073.0,1.0
"beta_cos[Castro, Harold]",-0.412,0.211,-0.803,-0.015,0.002,0.003,14280.0,6444.0,1.0
"beta_cos[Barrera, Luis]",-0.381,0.226,-0.811,0.042,0.002,0.003,16071.0,5864.0,1.0
"beta_cos[Andreoli, John]",-0.374,0.229,-0.803,0.06,0.002,0.003,13682.0,5076.0,1.0
"beta_cos[Berti, Jon]",-0.35,0.223,-0.756,0.068,0.002,0.003,15814.0,6134.0,1.0
"beta_cos[Trout, Mike]",-0.536,0.125,-0.771,-0.301,0.001,0.001,17868.0,5831.0,1.0
"beta_cos[LaMarre, Ryan]",-0.39,0.227,-0.841,0.015,0.002,0.003,14919.0,6072.0,1.0
"beta_cos[Senzel, Nick]",-0.249,0.156,-0.541,0.049,0.001,0.002,14065.0,4984.0,1.0
"beta_cos[Rosario, Amed]",-0.509,0.223,-0.93,-0.082,0.002,0.003,15670.0,5152.0,1.0
"beta_cos[Adrianza, Ehire]",-0.37,0.228,-0.793,0.064,0.002,0.003,17656.0,5698.0,1.0
"beta_cos[Acuña Jr., Ronald]",-0.379,0.23,-0.794,0.056,0.002,0.003,13308.0,5717.0,1.0
"beta_cos[Dahl, David]",-0.388,0.23,-0.825,0.035,0.002,0.003,14866.0,5627.0,1.0
"beta_cos[Hicks, Aaron]",-0.477,0.15,-0.763,-0.201,0.001,0.002,17392.0,6002.0,1.0
"beta_cos[Difo, Wilmer]",-0.343,0.227,-0.773,0.076,0.002,0.003,14591.0,5602.0,1.0
"beta_cos[Quinn, Roman]",-0.427,0.205,-0.813,-0.049,0.002,0.003,15838.0,5439.0,1.0
"beta_cos[Pham, Tommy]",-0.345,0.2,-0.722,0.039,0.002,0.003,15236.0,5709.0,1.0
"beta_cos[Schebler, Scott]",-0.432,0.224,-0.86,-0.023,0.002,0.003,17119.0,5664.0,1.0
"beta_cos[Kingery, Scott]",-0.401,0.23,-0.828,0.041,0.002,0.003,15060.0,5628.0,1.0
"beta_cos[Fowler, Dustin]",-0.444,0.216,-0.836,-0.019,0.002,0.003,16030.0,5749.0,1.0
"beta_cos[Hurst, Scott]",-0.389,0.233,-0.807,0.065,0.002,0.003,15912.0,6068.0,1.0
"beta_cos[Alford, Anthony]",-0.36,0.218,-0.784,0.032,0.002,0.003,17767.0,5684.0,1.0
"beta_cos[Haggerty, Sam]",-0.356,0.221,-0.783,0.047,0.002,0.003,14785.0,5673.0,1.0
"beta_cos[Haseley, Adam]",-0.311,0.212,-0.698,0.103,0.002,0.003,14284.0,6022.0,1.0
"beta_cos[Wade Jr., LaMonte]",-0.382,0.225,-0.817,0.033,0.002,0.003,13851.0,5756.0,1.0
"beta_cos[Arozarena, Randy]",-0.438,0.228,-0.878,-0.015,0.002,0.003,12203.0,5104.0,1.0
"beta_cos[Owings, Chris]",-0.374,0.228,-0.786,0.057,0.002,0.003,15084.0,5894.0,1.0
"beta_cos[Robson, Jacob]",-0.393,0.221,-0.803,0.026,0.002,0.003,14599.0,5969.0,1.0
"beta_cos[Harris II, Michael]",-0.627,0.118,-0.856,-0.414,0.001,0.001,14175.0,5682.0,1.0
"beta_cos[Rodríguez, Julio]",-0.586,0.117,-0.802,-0.37,0.001,0.001,16951.0,6215.0,1.0
"beta_cos[DeLuzio, Ben]",-0.443,0.217,-0.845,-0.028,0.002,0.003,13950.0,5893.0,1.0
"beta_cos[Morel, Christopher]",-0.076,0.186,-0.435,0.259,0.002,0.002,11032.0,5761.0,1.0
"beta_cos[Siani, Michael]",-0.525,0.161,-0.83,-0.228,0.001,0.002,14840.0,6191.0,1.0
"beta_cos[Waters, Drew]",-0.305,0.175,-0.632,0.024,0.002,0.002,12293.0,5691.0,1.0
"beta_cos[Bae, Ji Hwan]",-0.303,0.188,-0.678,0.03,0.002,0.003,15454.0,5236.0,1.0
"beta_cos[Greene, Riley]",-0.521,0.143,-0.784,-0.25,0.001,0.002,13058.0,5340.0,1.0
"beta_cos[Nootbaar, Lars]",-0.449,0.164,-0.77,-0.156,0.001,0.002,15995.0,5816.0,1.0
"beta_cos[Gore, Terrance]",-0.368,0.225,-0.809,0.039,0.002,0.003,13648.0,6233.0,1.0
"beta_cos[Call, Alex]",-0.455,0.178,-0.776,-0.113,0.002,0.002,12045.0,5968.0,1.0
"beta_cos[Bleday, JJ]",-0.195,0.122,-0.419,0.043,0.001,0.002,13805.0,5789.0,1.0
"beta_cos[Mitchell, Garrett]",-0.595,0.187,-0.972,-0.268,0.002,0.002,15107.0,6068.0,1.0
"beta_cos[Almonte, Abraham]",-0.27,0.227,-0.697,0.153,0.002,0.003,11643.0,5366.0,1.0
"beta_cos[Thompson, Bubba]",-0.307,0.206,-0.702,0.065,0.002,0.003,12469.0,5941.0,1.0
"beta_cos[Velázquez, Nelson]",-0.356,0.198,-0.745,-0.002,0.002,0.003,14536.0,5345.0,1.0
"beta_cos[Benson, Will]",-0.403,0.184,-0.746,-0.047,0.002,0.003,14196.0,5518.0,1.0
"beta_cos[Contreras, Mark]",-0.355,0.218,-0.762,0.062,0.002,0.003,15542.0,5694.0,1.0
"beta_cos[Azócar, José]",-0.569,0.193,-0.924,-0.201,0.002,0.002,13249.0,6203.0,1.0
"beta_cos[Payton, Mark]",-0.409,0.225,-0.83,0.012,0.002,0.003,15748.0,4841.0,1.0
"beta_cos[Carroll, Corbin]",-0.237,0.145,-0.512,0.032,0.001,0.002,14303.0,6490.0,1.0
"beta_cos[Kreidler, Ryan]",-0.391,0.229,-0.825,0.036,0.002,0.003,14257.0,5734.0,1.0
"beta_cos[Brennan, Will]",-0.378,0.214,-0.755,0.04,0.002,0.003,12496.0,5852.0,1.0
"beta_cos[Thomas, Alek]",-0.543,0.117,-0.772,-0.332,0.001,0.001,13207.0,6282.0,1.0
"beta_cos[Suwinski, Jack]",-0.457,0.133,-0.7,-0.206,0.001,0.002,15619.0,5845.0,1.0
"beta_cos[Moore, Dylan]",-0.39,0.214,-0.772,0.031,0.002,0.003,15370.0,5859.0,1.0
"beta_cos[O'Neill, Tyler]",-0.513,0.204,-0.909,-0.143,0.002,0.003,16614.0,5624.0,1.0
"beta_cos[Wisdom, Patrick]",-0.421,0.226,-0.84,-0.0,0.002,0.003,12723.0,5574.0,1.0
"beta_cos[Castro, Willi]",-0.34,0.175,-0.661,0.004,0.001,0.002,14437.0,5784.0,1.0
"beta_cos[Aguilar, Ryan]",-0.402,0.229,-0.831,0.023,0.002,0.003,15209.0,5437.0,1.0
"beta_cos[Merrifield, Whit]",-0.4,0.205,-0.785,-0.01,0.002,0.003,16646.0,5991.0,1.0
"beta_cos[Burdick, Peyton]",-0.274,0.219,-0.692,0.14,0.002,0.003,13618.0,5705.0,1.0
"beta_cos[Stevenson, Cal]",-0.472,0.202,-0.86,-0.103,0.002,0.002,15632.0,6610.0,1.0
"beta_cos[Cordero, Franchy]",-0.39,0.228,-0.83,0.032,0.002,0.003,16103.0,5220.0,1.0
"beta_cos[Myers, Wil]",-0.461,0.225,-0.876,-0.036,0.002,0.003,14921.0,6003.0,1.0
"beta_cos[Bernard, Wynton]",-0.258,0.216,-0.654,0.147,0.002,0.003,14777.0,5586.0,1.0
"beta_cos[Eaton, Nate]",-0.413,0.212,-0.808,-0.021,0.002,0.003,13432.0,6212.0,1.0
"beta_cos[Davis, Jaylin]",-0.435,0.228,-0.901,-0.031,0.002,0.003,16336.0,5678.0,1.0
"beta_cos[Johnson, Bryce]",-0.435,0.212,-0.833,-0.024,0.002,0.003,12613.0,5997.0,1.0
"beta_cos[Frazier, Adam]",-0.389,0.232,-0.845,0.037,0.002,0.003,16395.0,5822.0,1.0
"beta_cos[Lowe, Josh]",-0.426,0.213,-0.838,-0.042,0.002,0.003,14540.0,5903.0,1.0
"beta_cos[Ruiz, Esteury]",-0.385,0.16,-0.687,-0.081,0.001,0.002,16225.0,5839.0,1.0
"beta_cos[Sánchez, Jesús]",-0.213,0.17,-0.525,0.106,0.002,0.002,11553.0,6283.0,1.0
"beta_cos[Gallo, Joey]",-0.404,0.221,-0.828,0.012,0.002,0.003,14969.0,6338.0,1.0
"beta_cos[McCutchen, Andrew]",-0.396,0.226,-0.829,0.017,0.002,0.003,14228.0,6017.0,1.0
"beta_cos[Madris, Bligh]",-0.409,0.227,-0.842,0.016,0.002,0.003,12786.0,5966.0,1.0
"beta_cos[Crook, Narciso]",-0.371,0.227,-0.792,0.073,0.002,0.003,15438.0,5329.0,1.0
"beta_cos[Kwan, Steven]",-0.383,0.222,-0.803,0.031,0.002,0.003,14242.0,6023.0,1.0
"beta_cos[Lopez, Otto]",-0.401,0.225,-0.81,0.033,0.002,0.003,17818.0,5352.0,1.0
"beta_cos[Lee, Khalil]",-0.388,0.225,-0.832,0.021,0.002,0.003,13842.0,5807.0,1.0
"beta_cos[Swaggerty, Travis]",-0.352,0.227,-0.778,0.07,0.002,0.003,14611.0,5630.0,1.0
"beta_cos[Strange-Gordon, Dee]",-0.396,0.23,-0.816,0.054,0.002,0.003,12735.0,5145.0,1.0
"beta_cos[Lewis, Royce]",-0.401,0.226,-0.826,0.034,0.002,0.003,16067.0,5241.0,1.0
"beta_cos[Hicklen, Brewer]",-0.393,0.225,-0.836,0.02,0.002,0.003,16763.0,6083.0,1.0
"beta_cos[Blanco, Dairon]",-0.246,0.197,-0.626,0.113,0.002,0.003,14777.0,5636.0,1.0
"beta_cos[Edman, Tommy]",-0.149,0.173,-0.46,0.187,0.002,0.002,12486.0,5534.0,1.0
"beta_cos[Heyward, Jason]",-0.445,0.194,-0.801,-0.071,0.002,0.003,14258.0,5675.0,1.0
"beta_cos[Whitefield, Aaron]",-0.393,0.23,-0.803,0.065,0.002,0.003,11644.0,6302.0,1.0
"beta_cos[González, Luis]",-0.38,0.223,-0.797,0.028,0.002,0.003,13585.0,6301.0,1.0
"beta_cos[McDonald, Mickey]",-0.389,0.228,-0.791,0.065,0.002,0.003,16537.0,5348.0,1.0
"beta_cos[Muzziotti, Símon]",-0.354,0.225,-0.77,0.081,0.002,0.003,13790.0,5315.0,1.0
"beta_cos[Rojas, Johan]",-0.359,0.145,-0.621,-0.073,0.001,0.002,15053.0,5672.0,1.0
"beta_cos[Frelick, Sal]",-0.457,0.194,-0.841,-0.104,0.002,0.003,15855.0,5725.0,1.0
"beta_cos[Chisholm Jr., Jazz]",-0.297,0.136,-0.557,-0.054,0.001,0.002,13375.0,6017.0,1.0
"beta_cos[Outman, James]",-0.426,0.136,-0.682,-0.173,0.001,0.002,14703.0,5994.0,1.0
"beta_cos[Fitzgerald, Tyler]",-0.339,0.21,-0.745,0.044,0.002,0.003,14542.0,5378.0,1.0
"beta_cos[Meadows, Parker]",-0.633,0.172,-0.963,-0.315,0.002,0.002,11887.0,5446.0,1.0
"beta_cos[Doyle, Brenton]",-0.84,0.127,-1.083,-0.608,0.001,0.001,12962.0,6640.0,1.0
"beta_cos[Rafaela, Ceddanne]",-0.004,0.161,-0.302,0.304,0.002,0.002,11410.0,6135.0,1.0
"beta_cos[Abreu, Wilyer]",-0.275,0.213,-0.673,0.124,0.002,0.003,13385.0,5699.0,1.0
"beta_cos[Butler, Lawrence]",-0.477,0.201,-0.848,-0.093,0.002,0.003,13769.0,6012.0,1.0
"beta_cos[Wall, Forrest]",-0.391,0.227,-0.81,0.051,0.002,0.003,14885.0,5457.0,1.0
"beta_cos[Young, Jacob]",-0.211,0.142,-0.467,0.065,0.001,0.002,14857.0,5476.0,1.0
"beta_cos[Perkins, Blake]",-0.484,0.161,-0.781,-0.186,0.001,0.002,14450.0,6548.0,1.0
"beta_cos[Adell, Jo]",-0.462,0.224,-0.876,-0.03,0.002,0.003,15883.0,5796.0,1.0
"beta_cos[McNeil, Jeff]",-0.382,0.228,-0.831,0.039,0.002,0.003,14064.0,5820.0,1.0
"beta_cos[Crow-Armstrong, Pete]",-0.417,0.157,-0.706,-0.12,0.001,0.002,13860.0,5867.0,1.0
"beta_cos[Canario, Alexander]",-0.39,0.233,-0.819,0.064,0.002,0.003,13702.0,5600.0,1.0
"beta_cos[Kiner-Falefa, Isiah]",-0.416,0.206,-0.828,-0.048,0.002,0.003,16259.0,5468.0,1.0
"beta_cos[Matos, Luis]",-0.409,0.175,-0.73,-0.077,0.001,0.002,15019.0,5608.0,1.0
"beta_cos[Carter, Evan]",-0.274,0.224,-0.672,0.174,0.002,0.003,16369.0,5522.0,1.0
"beta_cos[Paris, Kyren]",-0.391,0.228,-0.833,0.029,0.002,0.003,12685.0,5940.0,1.0
"beta_cos[Wiemer, Joey]",-0.417,0.162,-0.72,-0.116,0.001,0.002,17319.0,5841.0,1.0
"beta_cos[Raley, Luke]",-0.321,0.213,-0.71,0.091,0.002,0.003,17689.0,5805.0,1.0
"beta_cos[Myers, Dane]",-0.343,0.204,-0.732,0.038,0.002,0.002,13846.0,5962.0,1.0
"beta_cos[Domínguez, Jasson]",-0.363,0.225,-0.788,0.059,0.002,0.003,14923.0,5383.0,1.0
"beta_cos[Jones, Nolan]",-0.358,0.221,-0.784,0.051,0.002,0.003,17134.0,5345.0,1.0
"beta_cos[Meckler, Wade]",-0.342,0.226,-0.756,0.086,0.002,0.003,15951.0,5778.0,1.0
"beta_cos[Colás, Oscar]",-0.376,0.223,-0.789,0.058,0.002,0.003,12102.0,5764.0,1.0
"beta_cos[Velazquez, Andrew]",-0.393,0.227,-0.806,0.035,0.002,0.003,16015.0,5899.0,1.0
"beta_cos[Rengifo, Luis]",-0.387,0.219,-0.794,0.024,0.002,0.003,14170.0,6133.0,1.0
"beta_cos[Palacios, Richie]",-0.491,0.223,-0.923,-0.095,0.002,0.003,14033.0,5033.0,1.0
"beta_cos[Marlowe, Cade]",-0.383,0.224,-0.817,0.017,0.002,0.003,12617.0,5826.0,1.0
"beta_cos[Adams, Jordyn]",-0.387,0.218,-0.8,0.021,0.002,0.003,13155.0,6108.0,1.0
"beta_cos[McKinstry, Zach]",-0.41,0.225,-0.853,-0.012,0.002,0.003,15488.0,5239.0,1.0
"beta_cos[Martínez, J.P.]",-0.389,0.222,-0.814,0.025,0.002,0.003,12608.0,5582.0,1.0
"beta_cos[Ramos, Heliot]",-0.258,0.178,-0.603,0.074,0.002,0.002,11610.0,5515.0,1.0
"beta_cos[Cowser, Colton]",-0.434,0.195,-0.782,-0.053,0.002,0.002,11712.0,5668.0,1.0
"beta_cos[McKinney, Billy]",-0.331,0.227,-0.754,0.104,0.002,0.003,16278.0,6066.0,1.0
"beta_cos[Cabbage, Trey]",-0.393,0.23,-0.831,0.024,0.002,0.003,16885.0,6174.0,1.0
"beta_cos[DeLuca, Jonny]",-0.48,0.193,-0.833,-0.104,0.002,0.003,13825.0,5621.0,1.0
"beta_cos[Fletcher, Dominic]",-0.401,0.185,-0.746,-0.054,0.001,0.002,18620.0,5626.0,1.0
"beta_cos[Frazier, Clint]",-0.361,0.222,-0.761,0.068,0.002,0.003,15526.0,5642.0,1.0
"beta_cos[Guthrie, Dalton]",-0.374,0.21,-0.781,0.007,0.002,0.003,14021.0,5990.0,1.0
"beta_cos[Wisely, Brett]",-0.317,0.212,-0.735,0.069,0.002,0.003,13552.0,5883.0,1.0
"beta_cos[Short, Zack]",-0.426,0.225,-0.841,-0.004,0.002,0.003,14760.0,6230.0,1.0
"beta_cos[Edwards, Xavier]",-0.466,0.224,-0.893,-0.056,0.002,0.003,15298.0,6159.0,1.0
"beta_cos[Cabrera, Oswaldo]",-0.331,0.228,-0.77,0.085,0.002,0.003,14997.0,6081.0,1.0
"beta_cos[Lukes, Nathan]",-0.369,0.225,-0.8,0.046,0.002,0.003,12637.0,5964.0,1.0
"beta_cos[Sosa, Edmundo]",-0.396,0.231,-0.853,0.01,0.002,0.003,13770.0,4822.0,1.0
"beta_cos[Pages, Andy]",-0.348,0.177,-0.684,-0.032,0.001,0.002,14224.0,5849.0,1.0
"beta_cos[Merrill, Jackson]",-0.485,0.152,-0.768,-0.203,0.001,0.002,14675.0,5586.0,1.0
"beta_cos[Keirsey Jr., DaShawn]",-0.342,0.221,-0.755,0.088,0.002,0.003,15621.0,5410.0,1.0
"beta_cos[Cruz, Oneil]",-0.419,0.216,-0.82,-0.016,0.002,0.003,17095.0,5882.0,1.0
"beta_cos[McCray, Grant]",-0.44,0.192,-0.798,-0.077,0.002,0.002,15703.0,5500.0,1.0
"beta_cos[Pérez, Wenceel]",-0.403,0.213,-0.811,-0.012,0.002,0.003,16967.0,5134.0,1.0
"beta_cos[Clase, Jonatan]",-0.335,0.226,-0.753,0.09,0.002,0.003,13139.0,5942.0,1.0
"beta_cos[Lockridge, Brandon]",-0.408,0.228,-0.832,0.023,0.002,0.003,13995.0,5844.0,1.0
"beta_cos[Cook, Billy]",-0.388,0.226,-0.803,0.048,0.002,0.003,13893.0,5515.0,1.0
"beta_cos[Sanoja, Javier]",-0.396,0.228,-0.822,0.019,0.002,0.003,13046.0,5831.0,1.0
"beta_cos[Stowers, Kyle]",-0.395,0.217,-0.79,0.018,0.002,0.003,15610.0,5412.0,1.0
"beta_cos[Martin, Austin]",-0.411,0.19,-0.759,-0.039,0.002,0.002,15838.0,5525.0,1.0
"beta_cos[Loperfido, Joey]",-0.369,0.214,-0.785,0.025,0.002,0.003,14080.0,5739.0,1.0
"beta_cos[Wilson, Weston]",-0.412,0.229,-0.832,0.029,0.002,0.003,17150.0,5474.0,1.0
"beta_cos[Scott II, Victor]",-0.503,0.189,-0.854,-0.144,0.001,0.002,16935.0,5861.0,1.0
"beta_cos[Langford, Wyatt]",-0.515,0.218,-0.926,-0.104,0.002,0.003,15387.0,6104.0,1.0
"beta_cos[Dunn, Blake]",-0.406,0.228,-0.835,0.033,0.002,0.003,15988.0,6265.0,1.0
"beta_cos[Crews, Dylan]",-0.436,0.225,-0.857,-0.008,0.002,0.003,12449.0,5550.0,1.0
"beta_cos[DeLoach, Zach]",-0.427,0.224,-0.86,-0.021,0.002,0.003,14644.0,5716.0,1.0
"beta_cos[Teodosio, Bryce]",-0.331,0.233,-0.781,0.09,0.002,0.003,15733.0,5480.0,1.0
"beta_cos[Helman, Michael]",-0.386,0.233,-0.836,0.043,0.002,0.003,16795.0,5426.0,1.0
"beta_cos[Schneemann, Daniel]",-0.304,0.219,-0.718,0.102,0.002,0.003,17264.0,5842.0,1.0
"beta_cos[Freeman, Tyler]",-0.337,0.174,-0.645,0.012,0.002,0.002,13417.0,5166.0,1.0
"beta_cos[Hinds, Rece]",-0.391,0.227,-0.82,0.044,0.002,0.003,12975.0,5626.0,1.0
"beta_cos[Barrosa, Jorge]",-0.369,0.228,-0.802,0.062,0.002,0.003,16150.0,4702.0,1.0
"beta_cos[Beck, Jordan]",-0.4,0.229,-0.817,0.039,0.002,0.003,13862.0,5726.0,1.0
"beta_cos[Misner, Kameron]",-0.42,0.224,-0.848,0.001,0.002,0.003,16094.0,5843.0,1.0
"beta_cos[Martínez, Angel]",-0.471,0.222,-0.891,-0.064,0.002,0.003,15391.0,6207.0,1.0
"beta_cos[Vilade, Ryan]",-0.422,0.223,-0.855,-0.014,0.002,0.003,15632.0,5769.0,1.0
"beta_cos[Julks, Corey]",-0.425,0.229,-0.857,-0.001,0.002,0.003,14993.0,5130.0,1.0
"beta_cos[Gonzalez, Romy]",-0.397,0.235,-0.831,0.043,0.002,0.003,14028.0,6397.0,1.0
"beta_cos[Ellis, Duke]",-0.4,0.23,-0.839,0.035,0.002,0.003,15151.0,6060.0,1.0
"beta_cos[Lee, Jung Hoo]",-0.568,0.205,-0.971,-0.205,0.002,0.003,15548.0,5384.0,1.0
"beta_cos[Arias, Gabriel]",-0.292,0.231,-0.718,0.151,0.002,0.003,13389.0,5196.0,1.0
"beta_cos[Rosario, Eddie]",-0.327,0.226,-0.748,0.103,0.002,0.003,15011.0,5202.0,1.0
"beta_cos[Schuemann, Max]",-0.369,0.222,-0.796,0.04,0.002,0.003,12030.0,5565.0,1.0
"beta_cos[Taylor, Samad]",-0.393,0.23,-0.832,0.027,0.002,0.003,16049.0,6172.0,1.0
"beta_cos[Berroa, Steward]",-0.388,0.232,-0.829,0.052,0.002,0.003,12786.0,6198.0,1.0
"beta_sin[Siri, Jose]",-0.25,0.08,-0.406,-0.114,0.001,0.001,3848.0,2399.0,1.0
"beta_sin[Tucker, Kyle]",-0.131,0.092,-0.306,0.048,0.001,0.001,13809.0,6132.0,1.0
"beta_sin[Duvall, Adam]",-0.122,0.08,-0.276,0.032,0.001,0.001,12434.0,5801.0,1.0
"beta_sin[Heredia, Guillermo]",-0.15,0.088,-0.327,0.009,0.001,0.001,16567.0,5634.0,1.0
"beta_sin[McCormick, Chas]",-0.206,0.082,-0.37,-0.061,0.001,0.001,8821.0,5927.0,1.0
"beta_sin[Bellinger, Cody]",-0.048,0.072,-0.178,0.089,0.001,0.001,6836.0,6026.0,1.0
"beta_sin[Hernández, Enrique]",-0.103,0.073,-0.24,0.034,0.001,0.001,14394.0,5199.0,1.0
"beta_sin[Verdugo, Alex]",-0.133,0.091,-0.301,0.049,0.001,0.001,14344.0,6004.0,1.0
"beta_sin[Betts, Mookie]",-0.145,0.092,-0.325,0.024,0.001,0.001,13818.0,6290.0,1.0
"beta_sin[Taylor, Chris]",-0.132,0.09,-0.303,0.04,0.001,0.001,13998.0,5636.0,1.0
"beta_sin[Lux, Gavin]",-0.152,0.095,-0.336,0.027,0.001,0.001,14819.0,5503.0,1.0
"beta_sin[Daza, Yonathan]",-0.122,0.077,-0.261,0.028,0.001,0.001,15950.0,5816.0,1.0
"beta_sin[McCarthy, Jake]",-0.075,0.084,-0.224,0.09,0.001,0.001,9663.0,5596.0,1.0
"beta_sin[Engel, Adam]",-0.173,0.09,-0.348,-0.004,0.001,0.001,9604.0,5330.0,1.0
"beta_sin[Baddoo, Akil]",-0.131,0.085,-0.295,0.029,0.001,0.001,14115.0,5679.0,1.0
"beta_sin[Sierra, Magneuris]",-0.119,0.087,-0.279,0.053,0.001,0.001,12888.0,5709.0,1.0
"beta_sin[Jankowski, Travis]",-0.167,0.089,-0.349,-0.008,0.001,0.001,12102.0,5960.0,1.0
"beta_sin[Herrera, Odúbel]",-0.125,0.078,-0.265,0.032,0.001,0.001,15025.0,5448.0,1.0
"beta_sin[Marte, Starling]",-0.074,0.084,-0.227,0.087,0.001,0.001,10054.0,5847.0,1.0
"beta_sin[Bolt, Skye]",-0.155,0.09,-0.325,0.019,0.001,0.001,12085.0,5850.0,1.0
"beta_sin[Taylor, Michael A.]",-0.103,0.062,-0.226,0.01,0.001,0.001,14052.0,5467.0,1.0
"beta_sin[Robert Jr., Luis]",-0.189,0.068,-0.308,-0.053,0.001,0.001,10711.0,5592.0,1.0
"beta_sin[Meyers, Jake]",-0.119,0.07,-0.249,0.013,0.001,0.001,16932.0,5294.0,1.0
"beta_sin[Slater, Austin]",-0.126,0.08,-0.28,0.026,0.001,0.001,15144.0,6133.0,1.0
"beta_sin[Yastrzemski, Mike]",-0.117,0.079,-0.269,0.035,0.001,0.001,15450.0,5877.0,1.0
"beta_sin[Pache, Cristian]",-0.089,0.081,-0.237,0.065,0.001,0.001,14018.0,5752.0,1.0
"beta_sin[Cain, Lorenzo]",-0.112,0.085,-0.282,0.044,0.001,0.001,11822.0,5338.0,1.0
"beta_sin[Kiermaier, Kevin]",-0.111,0.066,-0.23,0.02,0.001,0.001,11581.0,6417.0,1.0
"beta_sin[Duggar, Steven]",-0.141,0.086,-0.307,0.021,0.001,0.001,14842.0,5643.0,1.0
"beta_sin[Bryant, Kris]",-0.132,0.094,-0.307,0.049,0.001,0.001,14328.0,5283.0,1.0
"beta_sin[Ortega, Rafael]",-0.114,0.08,-0.26,0.045,0.001,0.001,16350.0,5655.0,1.0
"beta_sin[Marsh, Brandon]",-0.216,0.079,-0.365,-0.076,0.001,0.001,5667.0,6069.0,1.0
"beta_sin[Kelenic, Jarred]",-0.076,0.077,-0.219,0.069,0.001,0.001,10061.0,5457.0,1.0
"beta_sin[Lagares, Juan]",-0.132,0.089,-0.302,0.032,0.001,0.001,16333.0,5876.0,1.0
"beta_sin[Straw, Myles]",-0.212,0.067,-0.339,-0.091,0.001,0.001,6597.0,5815.0,1.0
"beta_sin[Peters, DJ]",-0.12,0.092,-0.29,0.062,0.001,0.001,13048.0,5692.0,1.0
"beta_sin[McKenna, Ryan]",-0.159,0.09,-0.327,0.016,0.001,0.001,11155.0,5728.0,1.0
"beta_sin[Springer, George]",-0.06,0.087,-0.213,0.114,0.001,0.001,9127.0,5563.0,1.0
"beta_sin[Mullins, Cedric]",-0.162,0.059,-0.276,-0.052,0.001,0.001,12233.0,6066.0,1.0
"beta_sin[Thomas, Lane]",-0.078,0.081,-0.223,0.085,0.001,0.001,12616.0,5937.0,1.0
"beta_sin[Renfroe, Hunter]",-0.113,0.095,-0.288,0.07,0.001,0.001,15504.0,6146.0,1.0
"beta_sin[Hilliard, Sam]",-0.153,0.086,-0.32,0.005,0.001,0.001,13021.0,5378.0,1.0
"beta_sin[Varsho, Daulton]",-0.123,0.075,-0.263,0.02,0.001,0.001,14793.0,6018.0,1.0
"beta_sin[Buxton, Byron]",-0.16,0.073,-0.299,-0.02,0.001,0.001,12677.0,6142.0,1.0
"beta_sin[Bader, Harrison]",-0.09,0.066,-0.214,0.033,0.001,0.001,13653.0,5760.0,1.0
"beta_sin[Gardner, Brett]",-0.171,0.087,-0.339,-0.009,0.001,0.001,10064.0,6350.0,1.0
"beta_sin[Bradley Jr., Jackie]",-0.227,0.087,-0.385,-0.06,0.001,0.001,5873.0,5831.0,1.0
"beta_sin[Grisham, Trent]",-0.158,0.066,-0.281,-0.031,0.001,0.001,11977.0,6128.0,1.0
"beta_sin[Friedl, TJ]",-0.165,0.076,-0.314,-0.025,0.001,0.001,14165.0,6283.0,1.0
"beta_sin[Gamel, Ben]",-0.095,0.093,-0.265,0.087,0.001,0.001,12601.0,5541.0,1.0
"beta_sin[Phillips, Brett]",-0.107,0.083,-0.266,0.054,0.001,0.001,14234.0,6669.0,1.0
"beta_sin[Vierling, Matt]",-0.112,0.079,-0.262,0.039,0.001,0.001,15040.0,6205.0,1.0
"beta_sin[Nimmo, Brandon]",-0.14,0.068,-0.27,-0.012,0.001,0.001,15228.0,5744.0,1.0
"beta_sin[Stevenson, Andrew]",-0.13,0.09,-0.304,0.039,0.001,0.001,14253.0,6228.0,1.0
"beta_sin[Taylor, Tyrone]",-0.106,0.081,-0.259,0.05,0.001,0.001,13785.0,5563.0,1.0
"beta_sin[Margot, Manuel]",-0.155,0.083,-0.315,0.005,0.001,0.001,15678.0,5708.0,1.0
"beta_sin[DeShields, Delino]",-0.124,0.092,-0.293,0.064,0.001,0.001,16114.0,4955.0,1.0
"beta_sin[Reynolds, Bryan]",0.027,0.089,-0.14,0.187,0.001,0.001,3592.0,1967.0,1.0
"beta_sin[Fargas, Johneshwy]",-0.133,0.096,-0.321,0.045,0.001,0.001,15589.0,5632.0,1.0
"beta_sin[Taveras, Leody]",-0.026,0.068,-0.15,0.099,0.001,0.001,5553.0,5375.0,1.0
"beta_sin[Tatis Jr., Fernando]",-0.135,0.097,-0.316,0.054,0.001,0.002,15306.0,5563.0,1.0
"beta_sin[Ward, Taylor]",-0.108,0.094,-0.29,0.074,0.001,0.001,14644.0,5780.0,1.0
"beta_sin[Barrero, José]",-0.106,0.093,-0.289,0.068,0.001,0.001,14105.0,5870.0,1.0
"beta_sin[De La Cruz, Bryan]",-0.171,0.089,-0.348,-0.008,0.001,0.001,11055.0,6134.0,1.0
"beta_sin[Isbel, Kyle]",-0.126,0.069,-0.261,0.001,0.001,0.001,16996.0,6193.0,1.0
"beta_sin[Carlson, Dylan]",-0.15,0.075,-0.294,-0.01,0.001,0.001,14697.0,6483.0,1.0
"beta_sin[Hampson, Garrett]",-0.156,0.077,-0.303,-0.016,0.001,0.001,13938.0,6424.0,1.0
"beta_sin[Thompson, Trayce]",-0.103,0.087,-0.268,0.065,0.001,0.001,15280.0,5629.0,1.0
"beta_sin[Olivares, Edward]",-0.122,0.095,-0.307,0.06,0.001,0.002,15273.0,5383.0,1.0
"beta_sin[Reyes, Victor]",-0.149,0.091,-0.334,0.013,0.001,0.001,12620.0,5861.0,1.0
"beta_sin[Cameron, Daz]",-0.106,0.091,-0.272,0.073,0.001,0.001,11753.0,6020.0,1.0
"beta_sin[Brown, Seth]",-0.125,0.092,-0.295,0.06,0.001,0.001,17833.0,5924.0,1.0
"beta_sin[Pederson, Joc]",-0.122,0.09,-0.298,0.048,0.001,0.001,15356.0,5361.0,1.0
"beta_sin[Hamilton, Billy]",-0.089,0.093,-0.257,0.095,0.001,0.001,12541.0,6034.0,1.0
"beta_sin[Grichuk, Randal]",-0.136,0.081,-0.295,0.014,0.001,0.001,13511.0,5745.0,1.0
"beta_sin[Zimmer, Bradley]",-0.145,0.086,-0.311,0.016,0.001,0.001,14445.0,6315.0,1.0
"beta_sin[Gordon, Nick]",-0.088,0.087,-0.25,0.083,0.001,0.001,14335.0,5629.0,1.0
"beta_sin[Dyson, Jarrod]",-0.167,0.095,-0.348,0.019,0.001,0.001,11762.0,6092.0,1.0
"beta_sin[Florial, Estevan]",-0.14,0.09,-0.316,0.03,0.001,0.001,16351.0,5751.0,1.0
"beta_sin[Dickerson, Corey]",-0.136,0.093,-0.316,0.039,0.001,0.001,13818.0,5539.0,1.0
"beta_sin[García, Leury]",-0.156,0.093,-0.344,0.012,0.001,0.001,12627.0,5934.0,1.0
"beta_sin[Judge, Aaron]",-0.121,0.072,-0.255,0.017,0.001,0.001,17076.0,6164.0,1.0
"beta_sin[Hill, Derek]",-0.127,0.079,-0.282,0.02,0.001,0.001,16672.0,5603.0,1.0
"beta_sin[Akiyama, Shogo]",-0.147,0.093,-0.328,0.03,0.001,0.001,14619.0,5299.0,1.0
"beta_sin[Hays, Austin]",-0.133,0.092,-0.308,0.041,0.001,0.001,12351.0,5901.0,1.0
"beta_sin[Pillar, Kevin]",-0.109,0.087,-0.277,0.055,0.001,0.001,14410.0,5381.0,1.0
"beta_sin[Winker, Jesse]",-0.126,0.093,-0.302,0.055,0.001,0.001,16300.0,5969.0,1.0
"beta_sin[Brinson, Lewis]",-0.111,0.092,-0.277,0.074,0.001,0.001,11986.0,5141.0,1.0
"beta_sin[Happ, Ian]",-0.145,0.089,-0.319,0.02,0.001,0.001,14226.0,5763.0,1.0
"beta_sin[Marte, Ketel]",-0.173,0.085,-0.341,-0.021,0.001,0.001,11725.0,4877.0,1.0
"beta_sin[Aquino, Aristides]",-0.108,0.095,-0.293,0.069,0.001,0.001,13090.0,5733.0,1.0
"beta_sin[Almora Jr., Albert]",-0.136,0.089,-0.308,0.035,0.001,0.001,18022.0,5901.0,1.0
"beta_sin[Naquin, Tyler]",-0.143,0.086,-0.308,0.019,0.001,0.001,12042.0,6057.0,1.0
"beta_sin[Cave, Jake]",-0.125,0.093,-0.291,0.065,0.001,0.001,18494.0,4890.0,1.0
"beta_sin[Wade, Tyler]",-0.127,0.094,-0.315,0.044,0.001,0.001,14333.0,6011.0,1.0
"beta_sin[Dubón, Mauricio]",-0.138,0.084,-0.292,0.03,0.001,0.001,13820.0,5889.0,1.0
"beta_sin[Tucker, Cole]",-0.119,0.094,-0.291,0.074,0.001,0.001,13848.0,5901.0,1.0
"beta_sin[Hermosillo, Michael]",-0.104,0.096,-0.282,0.088,0.001,0.001,14157.0,6013.0,1.0
"beta_sin[Santana, Danny]",-0.11,0.093,-0.287,0.067,0.001,0.001,15312.0,5511.0,1.0
"beta_sin[Duran, Jarren]",-0.204,0.076,-0.35,-0.066,0.001,0.001,6616.0,5856.0,1.0
"beta_sin[Bonifacio, Jorge]",-0.134,0.094,-0.302,0.059,0.001,0.001,14048.0,5722.0,1.0
"beta_sin[Robles, Victor]",-0.046,0.075,-0.181,0.101,0.001,0.001,7745.0,5523.0,1.0
"beta_sin[Palacios, Joshua]",-0.145,0.094,-0.329,0.029,0.001,0.001,13658.0,5588.0,1.0
"beta_sin[Williams, Luke]",-0.142,0.095,-0.33,0.033,0.001,0.001,14478.0,5744.0,1.0
"beta_sin[Goodwin, Brian]",-0.121,0.091,-0.287,0.062,0.001,0.001,13671.0,5916.0,1.0
"beta_sin[Fraley, Jake]",-0.129,0.094,-0.3,0.06,0.001,0.001,12558.0,5865.0,1.0
"beta_sin[Refsnyder, Rob]",-0.131,0.09,-0.307,0.033,0.001,0.001,12418.0,6303.0,1.0
"beta_sin[Davis, Jonathan]",-0.12,0.083,-0.277,0.04,0.001,0.001,12836.0,5652.0,1.0
"beta_sin[Moniak, Mickey]",-0.129,0.077,-0.281,0.013,0.001,0.001,13694.0,5228.0,1.0
"beta_sin[Martin, Jason]",-0.129,0.095,-0.311,0.055,0.001,0.001,14790.0,5779.0,1.0
"beta_sin[Park, Hoy]",-0.124,0.093,-0.305,0.051,0.001,0.001,14182.0,5426.0,1.0
"beta_sin[García, Adolis]",-0.103,0.079,-0.251,0.05,0.001,0.001,13735.0,6141.0,1.0
"beta_sin[Goodrum, Niko]",-0.146,0.095,-0.333,0.027,0.001,0.001,12893.0,6166.0,1.0
"beta_sin[Smith, Pavin]",-0.097,0.094,-0.28,0.082,0.001,0.001,13366.0,6132.0,1.0
"beta_sin[Marisnick, Jake]",-0.131,0.087,-0.299,0.034,0.001,0.001,17361.0,5959.0,1.0
"beta_sin[Kepler, Max]",-0.136,0.09,-0.307,0.037,0.001,0.001,14302.0,6268.0,1.0
"beta_sin[White, Eli]",-0.11,0.087,-0.271,0.069,0.001,0.001,14524.0,5747.0,1.0
"beta_sin[Allen, Greg]",-0.101,0.093,-0.281,0.076,0.001,0.001,12446.0,5077.0,1.0
"beta_sin[Tapia, Raimel]",-0.119,0.091,-0.286,0.058,0.001,0.001,13525.0,5665.0,1.0
"beta_sin[Profar, Jurickson]",-0.149,0.094,-0.332,0.026,0.001,0.001,13464.0,5568.0,1.0
"beta_sin[Laureano, Ramón]",-0.122,0.081,-0.28,0.03,0.001,0.001,15522.0,5780.0,1.0
"beta_sin[Pollock, AJ]",-0.165,0.094,-0.347,0.012,0.001,0.001,13994.0,4676.0,1.0
"beta_sin[Oliva, Jared]",-0.123,0.096,-0.3,0.062,0.001,0.001,16278.0,5708.0,1.0
"beta_sin[Mercado, Óscar]",-0.138,0.093,-0.328,0.03,0.001,0.001,13258.0,6437.0,1.0
"beta_sin[Celestino, Gilberto]",-0.052,0.088,-0.207,0.121,0.001,0.001,7999.0,6351.0,1.0
"beta_sin[Tauchman, Mike]",-0.111,0.086,-0.272,0.058,0.001,0.001,14774.0,5966.0,1.0
"beta_sin[Harrison, Monte]",-0.111,0.094,-0.287,0.075,0.001,0.001,14686.0,5605.0,1.0
"beta_sin[Reddick, Josh]",-0.118,0.095,-0.296,0.063,0.001,0.001,13464.0,6023.0,1.0
"beta_sin[Fairchild, Stuart]",-0.183,0.088,-0.359,-0.025,0.001,0.001,10028.0,5523.0,1.0
"beta_sin[Bruján, Vidal]",-0.129,0.095,-0.311,0.05,0.001,0.001,15402.0,5789.0,1.0
"beta_sin[Freeman, Mike]",-0.124,0.095,-0.308,0.052,0.001,0.002,14802.0,5445.0,1.0
"beta_sin[O'Grady, Brian]",-0.126,0.096,-0.31,0.06,0.001,0.001,12124.0,5514.0,1.0
"beta_sin[Parra, Gerardo]",-0.119,0.095,-0.297,0.068,0.001,0.001,14868.0,5093.0,1.0
"beta_sin[Inciarte, Ender]",-0.138,0.092,-0.308,0.041,0.001,0.001,13683.0,5237.0,1.0
"beta_sin[Trammell, Taylor]",-0.099,0.091,-0.268,0.079,0.001,0.001,14156.0,5303.0,1.0
"beta_sin[Locastro, Tim]",-0.097,0.094,-0.274,0.079,0.001,0.001,13397.0,5857.0,1.0
"beta_sin[Heath, Nick]",-0.1,0.093,-0.268,0.089,0.001,0.001,13193.0,6087.0,1.0
"beta_sin[Heineman, Scott]",-0.126,0.094,-0.308,0.055,0.001,0.001,14427.0,5765.0,1.0
"beta_sin[Ramírez, Harold]",-0.15,0.094,-0.338,0.02,0.001,0.001,13594.0,6253.0,1.0
"beta_sin[Canha, Mark]",-0.12,0.091,-0.303,0.047,0.001,0.002,14343.0,4805.0,1.0
"beta_sin[Williams, Mason]",-0.121,0.095,-0.305,0.053,0.001,0.001,15045.0,5719.0,1.0
"beta_sin[García, Avisaíl]",-0.121,0.093,-0.295,0.059,0.001,0.001,14340.0,6207.0,1.0
"beta_sin[Mateo, Jorge]",-0.131,0.094,-0.31,0.044,0.001,0.001,14776.0,5930.0,1.0
"beta_sin[Thomas, Dillon]",-0.131,0.095,-0.311,0.052,0.001,0.001,15545.0,6069.0,1.0
"beta_sin[Garlick, Kyle]",-0.116,0.096,-0.297,0.07,0.001,0.001,14699.0,5484.0,1.0
"beta_sin[Lewis, Kyle]",-0.12,0.089,-0.288,0.048,0.001,0.001,13303.0,6043.0,1.0
"beta_sin[Maybin, Cameron]",-0.128,0.095,-0.312,0.048,0.001,0.001,16058.0,5614.0,1.0
"beta_sin[Harrison, Josh]",-0.128,0.094,-0.307,0.05,0.001,0.001,14537.0,5790.0,1.0
"beta_sin[Luplow, Jordan]",-0.129,0.092,-0.314,0.039,0.001,0.001,16143.0,5644.0,1.0
"beta_sin[Jones, JaCoby]",-0.098,0.091,-0.27,0.082,0.001,0.001,15497.0,5585.0,1.0
"beta_sin[Torreyes, Ronald]",-0.13,0.095,-0.313,0.053,0.001,0.001,14645.0,6045.0,1.0
"beta_sin[Hoerner, Nico]",-0.131,0.093,-0.309,0.044,0.001,0.002,15097.0,5620.0,1.0
"beta_sin[Castro, Harold]",-0.13,0.095,-0.306,0.059,0.001,0.001,13578.0,6079.0,1.0
"beta_sin[Barrera, Luis]",-0.126,0.094,-0.313,0.052,0.001,0.001,13900.0,5208.0,1.0
"beta_sin[Andreoli, John]",-0.117,0.094,-0.291,0.072,0.001,0.001,13841.0,5559.0,1.0
"beta_sin[Berti, Jon]",-0.128,0.096,-0.313,0.054,0.001,0.001,15440.0,5791.0,1.0
"beta_sin[Trout, Mike]",-0.191,0.077,-0.345,-0.056,0.001,0.001,10319.0,5619.0,1.0
"beta_sin[LaMarre, Ryan]",-0.124,0.095,-0.301,0.065,0.001,0.001,13630.0,5750.0,1.0
"beta_sin[Senzel, Nick]",-0.197,0.083,-0.362,-0.051,0.001,0.001,8828.0,5598.0,1.0
"beta_sin[Rosario, Amed]",-0.135,0.094,-0.319,0.046,0.001,0.001,13330.0,6193.0,1.0
"beta_sin[Adrianza, Ehire]",-0.118,0.096,-0.298,0.069,0.001,0.001,15220.0,6190.0,1.0
"beta_sin[Acuña Jr., Ronald]",-0.123,0.096,-0.301,0.069,0.001,0.001,16450.0,5880.0,1.0
"beta_sin[Dahl, David]",-0.134,0.096,-0.316,0.052,0.001,0.001,14813.0,6173.0,1.0
"beta_sin[Hicks, Aaron]",-0.142,0.083,-0.299,0.013,0.001,0.001,15482.0,5565.0,1.0
"beta_sin[Difo, Wilmer]",-0.135,0.094,-0.32,0.039,0.001,0.001,14390.0,5086.0,1.0
"beta_sin[Quinn, Roman]",-0.114,0.091,-0.293,0.056,0.001,0.001,12744.0,6342.0,1.0
"beta_sin[Pham, Tommy]",-0.101,0.089,-0.268,0.073,0.001,0.001,14664.0,6144.0,1.0
"beta_sin[Schebler, Scott]",-0.138,0.095,-0.319,0.039,0.001,0.001,14450.0,5995.0,1.0
"beta_sin[Kingery, Scott]",-0.127,0.095,-0.321,0.043,0.001,0.001,16167.0,6038.0,1.0
"beta_sin[Fowler, Dustin]",-0.11,0.092,-0.285,0.062,0.001,0.001,14867.0,5109.0,1.0
"beta_sin[Hurst, Scott]",-0.127,0.096,-0.303,0.062,0.001,0.001,16305.0,5728.0,1.0
"beta_sin[Alford, Anthony]",-0.099,0.094,-0.282,0.079,0.001,0.001,11884.0,5994.0,1.0
"beta_sin[Haggerty, Sam]",-0.12,0.092,-0.291,0.058,0.001,0.001,13738.0,5169.0,1.0
"beta_sin[Haseley, Adam]",-0.098,0.092,-0.27,0.079,0.001,0.001,17969.0,5433.0,1.0
"beta_sin[Wade Jr., LaMonte]",-0.123,0.095,-0.302,0.061,0.001,0.001,15711.0,5661.0,1.0
"beta_sin[Arozarena, Randy]",-0.138,0.093,-0.314,0.045,0.001,0.001,14144.0,5860.0,1.0
"beta_sin[Owings, Chris]",-0.12,0.092,-0.294,0.053,0.001,0.001,14545.0,6267.0,1.0
"beta_sin[Robson, Jacob]",-0.126,0.093,-0.3,0.052,0.001,0.001,14704.0,5952.0,1.0
"beta_sin[Harris II, Michael]",-0.113,0.067,-0.237,0.019,0.001,0.001,17113.0,5833.0,1.0
"beta_sin[Rodríguez, Julio]",-0.101,0.066,-0.224,0.023,0.001,0.001,15408.0,5493.0,1.0
"beta_sin[DeLuzio, Ben]",-0.129,0.095,-0.308,0.056,0.001,0.001,14900.0,5333.0,1.0
"beta_sin[Morel, Christopher]",-0.16,0.091,-0.341,0.006,0.001,0.001,11357.0,5885.0,1.0
"beta_sin[Siani, Michael]",-0.157,0.083,-0.32,-0.005,0.001,0.001,13714.0,5962.0,1.0
"beta_sin[Waters, Drew]",-0.093,0.087,-0.259,0.072,0.001,0.001,14158.0,5787.0,1.0
"beta_sin[Bae, Ji Hwan]",-0.109,0.089,-0.279,0.062,0.001,0.001,14705.0,6417.0,1.0
"beta_sin[Greene, Riley]",-0.112,0.078,-0.259,0.038,0.001,0.001,15150.0,6358.0,1.0
"beta_sin[Nootbaar, Lars]",-0.148,0.086,-0.312,0.007,0.001,0.001,16961.0,5821.0,1.0
"beta_sin[Gore, Terrance]",-0.121,0.094,-0.297,0.059,0.001,0.001,15715.0,5575.0,1.0
"beta_sin[Call, Alex]",-0.058,0.089,-0.21,0.118,0.001,0.001,8194.0,6278.0,1.0
"beta_sin[Bleday, JJ]",-0.146,0.073,-0.29,-0.012,0.001,0.001,13230.0,6199.0,1.0
"beta_sin[Mitchell, Garrett]",-0.14,0.088,-0.308,0.034,0.001,0.001,13849.0,5465.0,1.0
"beta_sin[Almonte, Abraham]",-0.116,0.094,-0.299,0.061,0.001,0.001,16008.0,5690.0,1.0
"beta_sin[Thompson, Bubba]",-0.112,0.093,-0.286,0.073,0.001,0.001,12635.0,6085.0,1.0
"beta_sin[Velázquez, Nelson]",-0.106,0.095,-0.285,0.071,0.001,0.001,15384.0,5470.0,1.0
"beta_sin[Benson, Will]",-0.166,0.089,-0.334,0.009,0.001,0.001,13724.0,5917.0,1.0
"beta_sin[Contreras, Mark]",-0.165,0.096,-0.357,0.01,0.001,0.001,13122.0,5168.0,1.0
"beta_sin[Azócar, José]",-0.181,0.092,-0.352,-0.008,0.001,0.001,11427.0,5779.0,1.0
"beta_sin[Payton, Mark]",-0.127,0.098,-0.303,0.073,0.001,0.001,13894.0,5209.0,1.0
"beta_sin[Carroll, Corbin]",-0.066,0.084,-0.222,0.093,0.001,0.001,9553.0,5569.0,1.0
"beta_sin[Kreidler, Ryan]",-0.122,0.098,-0.304,0.074,0.001,0.001,16562.0,5597.0,1.0
"beta_sin[Brennan, Will]",-0.086,0.094,-0.265,0.086,0.001,0.001,11556.0,6236.0,1.0
"beta_sin[Thomas, Alek]",-0.029,0.076,-0.17,0.111,0.001,0.001,7140.0,5330.0,1.0
"beta_sin[Suwinski, Jack]",-0.124,0.074,-0.275,0.01,0.001,0.001,13957.0,6318.0,1.0
"beta_sin[Moore, Dylan]",-0.116,0.097,-0.304,0.07,0.001,0.001,15405.0,5909.0,1.0
"beta_sin[O'Neill, Tyler]",-0.141,0.09,-0.307,0.04,0.001,0.001,16112.0,5991.0,1.0
"beta_sin[Wisdom, Patrick]",-0.122,0.094,-0.297,0.063,0.001,0.001,12784.0,5954.0,1.0
"beta_sin[Castro, Willi]",-0.122,0.085,-0.29,0.036,0.001,0.001,16170.0,6227.0,1.0
"beta_sin[Aguilar, Ryan]",-0.132,0.095,-0.325,0.038,0.001,0.001,15388.0,5481.0,1.0
"beta_sin[Merrifield, Whit]",-0.123,0.092,-0.297,0.051,0.001,0.001,14439.0,5209.0,1.0
"beta_sin[Burdick, Peyton]",-0.126,0.092,-0.303,0.05,0.001,0.001,12167.0,5812.0,1.0
"beta_sin[Stevenson, Cal]",-0.11,0.092,-0.279,0.069,0.001,0.001,16630.0,6141.0,1.0
"beta_sin[Cordero, Franchy]",-0.127,0.095,-0.318,0.046,0.001,0.002,14986.0,4941.0,1.0
"beta_sin[Myers, Wil]",-0.131,0.095,-0.319,0.051,0.001,0.001,14657.0,5842.0,1.0
"beta_sin[Bernard, Wynton]",-0.107,0.093,-0.289,0.068,0.001,0.001,16026.0,5630.0,1.0
"beta_sin[Eaton, Nate]",-0.139,0.094,-0.327,0.033,0.001,0.001,14758.0,6334.0,1.0
"beta_sin[Davis, Jaylin]",-0.122,0.094,-0.313,0.052,0.001,0.001,16935.0,6091.0,1.0
"beta_sin[Johnson, Bryce]",-0.107,0.092,-0.286,0.063,0.001,0.001,12696.0,6122.0,1.0
"beta_sin[Frazier, Adam]",-0.127,0.094,-0.303,0.052,0.001,0.001,13436.0,5647.0,1.0
"beta_sin[Lowe, Josh]",-0.122,0.091,-0.289,0.059,0.001,0.001,15643.0,6208.0,1.0
"beta_sin[Ruiz, Esteury]",-0.126,0.081,-0.285,0.027,0.001,0.001,18203.0,5317.0,1.0
"beta_sin[Sánchez, Jesús]",-0.083,0.087,-0.233,0.097,0.001,0.001,12022.0,6122.0,1.0
"beta_sin[Gallo, Joey]",-0.121,0.094,-0.294,0.069,0.001,0.002,16332.0,5319.0,1.0
"beta_sin[McCutchen, Andrew]",-0.12,0.094,-0.292,0.067,0.001,0.001,14951.0,6399.0,1.0
"beta_sin[Madris, Bligh]",-0.13,0.093,-0.308,0.049,0.001,0.001,12556.0,6467.0,1.0
"beta_sin[Crook, Narciso]",-0.12,0.098,-0.291,0.083,0.001,0.001,15478.0,5678.0,1.0
"beta_sin[Kwan, Steven]",-0.134,0.093,-0.317,0.04,0.001,0.001,14464.0,6509.0,1.0
"beta_sin[Lopez, Otto]",-0.127,0.092,-0.3,0.055,0.001,0.001,13525.0,5754.0,1.0
"beta_sin[Lee, Khalil]",-0.127,0.097,-0.301,0.07,0.001,0.001,16559.0,5481.0,1.0
"beta_sin[Swaggerty, Travis]",-0.123,0.094,-0.308,0.049,0.001,0.001,12515.0,6056.0,1.0
"beta_sin[Strange-Gordon, Dee]",-0.124,0.096,-0.305,0.064,0.001,0.002,16998.0,5021.0,1.0
"beta_sin[Lewis, Royce]",-0.129,0.096,-0.308,0.057,0.001,0.001,16196.0,5705.0,1.0
"beta_sin[Hicklen, Brewer]",-0.127,0.095,-0.309,0.058,0.001,0.001,12939.0,6077.0,1.0
"beta_sin[Blanco, Dairon]",-0.151,0.092,-0.331,0.019,0.001,0.001,13278.0,5795.0,1.0
"beta_sin[Edman, Tommy]",-0.081,0.087,-0.235,0.093,0.001,0.001,13583.0,5238.0,1.0
"beta_sin[Heyward, Jason]",-0.069,0.091,-0.237,0.112,0.001,0.001,12923.0,6196.0,1.0
"beta_sin[Whitefield, Aaron]",-0.134,0.096,-0.313,0.051,0.001,0.001,14632.0,6405.0,1.0
"beta_sin[González, Luis]",-0.127,0.094,-0.304,0.058,0.001,0.001,14473.0,6004.0,1.0
"beta_sin[McDonald, Mickey]",-0.126,0.095,-0.305,0.059,0.001,0.001,15033.0,5368.0,1.0
"beta_sin[Muzziotti, Símon]",-0.147,0.095,-0.336,0.031,0.001,0.001,14060.0,5371.0,1.0
"beta_sin[Rojas, Johan]",-0.197,0.08,-0.352,-0.054,0.001,0.001,8333.0,5663.0,1.0
"beta_sin[Frelick, Sal]",-0.072,0.094,-0.252,0.103,0.001,0.001,10749.0,5995.0,1.0
"beta_sin[Chisholm Jr., Jazz]",-0.149,0.078,-0.298,-0.009,0.001,0.001,12675.0,6313.0,1.0
"beta_sin[Outman, James]",-0.155,0.079,-0.304,-0.005,0.001,0.001,13911.0,5656.0,1.0
"beta_sin[Fitzgerald, Tyler]",-0.137,0.092,-0.315,0.036,0.001,0.001,16465.0,6334.0,1.0
"beta_sin[Meadows, Parker]",-0.114,0.082,-0.269,0.043,0.001,0.001,13380.0,5909.0,1.0
"beta_sin[Doyle, Brenton]",-0.068,0.07,-0.197,0.067,0.001,0.001,9905.0,6622.0,1.0
"beta_sin[Rafaela, Ceddanne]",-0.198,0.087,-0.366,-0.039,0.001,0.001,7223.0,5790.0,1.0
"beta_sin[Abreu, Wilyer]",-0.125,0.094,-0.314,0.046,0.001,0.001,15279.0,6069.0,1.0
"beta_sin[Butler, Lawrence]",-0.15,0.092,-0.331,0.021,0.001,0.001,15463.0,5668.0,1.0
"beta_sin[Wall, Forrest]",-0.127,0.097,-0.306,0.065,0.001,0.001,16952.0,5576.0,1.0
"beta_sin[Young, Jacob]",-0.116,0.076,-0.258,0.034,0.001,0.001,15123.0,6144.0,1.0
"beta_sin[Perkins, Blake]",-0.155,0.082,-0.314,-0.005,0.001,0.001,12449.0,5924.0,1.0
"beta_sin[Adell, Jo]",-0.127,0.093,-0.317,0.041,0.001,0.001,15787.0,5907.0,1.0
"beta_sin[McNeil, Jeff]",-0.125,0.094,-0.312,0.051,0.001,0.001,14768.0,5616.0,1.0
"beta_sin[Crow-Armstrong, Pete]",-0.118,0.08,-0.269,0.036,0.001,0.001,13510.0,6051.0,1.0
"beta_sin[Canario, Alexander]",-0.126,0.096,-0.309,0.057,0.001,0.001,16372.0,6489.0,1.0
"beta_sin[Kiner-Falefa, Isiah]",-0.146,0.092,-0.321,0.03,0.001,0.001,15305.0,6412.0,1.0
"beta_sin[Matos, Luis]",-0.114,0.085,-0.28,0.046,0.001,0.001,11979.0,6324.0,1.0
"beta_sin[Carter, Evan]",-0.134,0.095,-0.324,0.037,0.001,0.001,14699.0,5929.0,1.0
"beta_sin[Paris, Kyren]",-0.126,0.094,-0.305,0.059,0.001,0.001,15804.0,5797.0,1.0
"beta_sin[Wiemer, Joey]",-0.189,0.089,-0.357,-0.026,0.001,0.001,9667.0,5585.0,1.0
"beta_sin[Raley, Luke]",-0.149,0.092,-0.332,0.02,0.001,0.001,12601.0,6002.0,1.0
"beta_sin[Myers, Dane]",-0.091,0.096,-0.268,0.098,0.001,0.001,14111.0,5425.0,1.0
"beta_sin[Domínguez, Jasson]",-0.141,0.097,-0.329,0.037,0.001,0.001,14778.0,6108.0,1.0
"beta_sin[Jones, Nolan]",-0.124,0.093,-0.308,0.053,0.001,0.001,14749.0,5417.0,1.0
"beta_sin[Meckler, Wade]",-0.123,0.092,-0.299,0.054,0.001,0.001,16199.0,5919.0,1.0
"beta_sin[Colás, Oscar]",-0.149,0.094,-0.33,0.029,0.001,0.001,14862.0,5331.0,1.0
"beta_sin[Velazquez, Andrew]",-0.125,0.096,-0.306,0.055,0.001,0.001,11836.0,5508.0,1.0
"beta_sin[Rengifo, Luis]",-0.131,0.093,-0.304,0.054,0.001,0.001,16433.0,6075.0,1.0
"beta_sin[Palacios, Richie]",-0.131,0.093,-0.319,0.041,0.001,0.001,11551.0,6051.0,1.0
"beta_sin[Marlowe, Cade]",-0.117,0.095,-0.305,0.06,0.001,0.001,15920.0,5770.0,1.0
"beta_sin[Adams, Jordyn]",-0.139,0.095,-0.324,0.037,0.001,0.001,13276.0,5533.0,1.0
"beta_sin[McKinstry, Zach]",-0.131,0.094,-0.314,0.047,0.001,0.001,15054.0,5384.0,1.0
"beta_sin[Martínez, J.P.]",-0.125,0.094,-0.314,0.05,0.001,0.001,13645.0,6332.0,1.0
"beta_sin[Ramos, Heliot]",-0.116,0.085,-0.277,0.046,0.001,0.001,16694.0,6159.0,1.0
"beta_sin[Cowser, Colton]",-0.11,0.089,-0.271,0.067,0.001,0.001,15721.0,5872.0,1.0
"beta_sin[McKinney, Billy]",-0.139,0.092,-0.316,0.037,0.001,0.001,12776.0,5087.0,1.0
"beta_sin[Cabbage, Trey]",-0.126,0.095,-0.31,0.052,0.001,0.002,15882.0,5628.0,1.0
"beta_sin[DeLuca, Jonny]",-0.119,0.089,-0.28,0.065,0.001,0.001,14491.0,5715.0,1.0
"beta_sin[Fletcher, Dominic]",-0.159,0.092,-0.336,0.017,0.001,0.001,12298.0,6103.0,1.0
"beta_sin[Frazier, Clint]",-0.125,0.094,-0.312,0.043,0.001,0.001,15026.0,6476.0,1.0
"beta_sin[Guthrie, Dalton]",-0.116,0.094,-0.291,0.064,0.001,0.001,12677.0,5581.0,1.0
"beta_sin[Wisely, Brett]",-0.121,0.092,-0.296,0.058,0.001,0.001,14767.0,5312.0,1.0
"beta_sin[Short, Zack]",-0.133,0.095,-0.321,0.041,0.001,0.001,12559.0,6236.0,1.0
"beta_sin[Edwards, Xavier]",-0.128,0.094,-0.3,0.057,0.001,0.001,15334.0,5897.0,1.0
"beta_sin[Cabrera, Oswaldo]",-0.127,0.093,-0.313,0.046,0.001,0.001,13427.0,5470.0,1.0
"beta_sin[Lukes, Nathan]",-0.14,0.098,-0.33,0.046,0.001,0.001,14046.0,5635.0,1.0
"beta_sin[Sosa, Edmundo]",-0.124,0.096,-0.311,0.058,0.001,0.001,16056.0,5988.0,1.0
"beta_sin[Pages, Andy]",-0.107,0.086,-0.278,0.053,0.001,0.001,14160.0,5297.0,1.0
"beta_sin[Merrill, Jackson]",-0.165,0.081,-0.323,-0.017,0.001,0.001,13860.0,6255.0,1.0
"beta_sin[Keirsey Jr., DaShawn]",-0.124,0.094,-0.308,0.049,0.001,0.001,16754.0,5994.0,1.0
"beta_sin[Cruz, Oneil]",-0.143,0.092,-0.317,0.034,0.001,0.001,11913.0,5904.0,1.0
"beta_sin[McCray, Grant]",-0.109,0.091,-0.28,0.065,0.001,0.001,14483.0,5675.0,1.0
"beta_sin[Pérez, Wenceel]",-0.118,0.093,-0.291,0.06,0.001,0.001,15445.0,5863.0,1.0
"beta_sin[Clase, Jonatan]",-0.122,0.096,-0.303,0.064,0.001,0.002,16477.0,5741.0,1.0
"beta_sin[Lockridge, Brandon]",-0.129,0.095,-0.309,0.052,0.001,0.001,17148.0,5471.0,1.0
"beta_sin[Cook, Billy]",-0.12,0.094,-0.3,0.06,0.001,0.001,16377.0,5795.0,1.0
"beta_sin[Sanoja, Javier]",-0.136,0.096,-0.319,0.052,0.001,0.001,16851.0,5222.0,1.0
"beta_sin[Stowers, Kyle]",-0.147,0.093,-0.33,0.027,0.001,0.001,12864.0,5639.0,1.0
"beta_sin[Martin, Austin]",-0.124,0.093,-0.301,0.056,0.001,0.001,17773.0,5871.0,1.0
"beta_sin[Loperfido, Joey]",-0.101,0.093,-0.272,0.079,0.001,0.001,12997.0,5798.0,1.0
"beta_sin[Wilson, Weston]",-0.126,0.095,-0.305,0.055,0.001,0.001,14605.0,5704.0,1.0
"beta_sin[Scott II, Victor]",-0.139,0.088,-0.306,0.031,0.001,0.001,15133.0,6061.0,1.0
"beta_sin[Langford, Wyatt]",-0.114,0.093,-0.305,0.053,0.001,0.001,15165.0,6044.0,1.0
"beta_sin[Dunn, Blake]",-0.129,0.093,-0.307,0.05,0.001,0.001,14820.0,5647.0,1.0
"beta_sin[Crews, Dylan]",-0.116,0.096,-0.296,0.075,0.001,0.002,16945.0,5084.0,1.0
"beta_sin[DeLoach, Zach]",-0.134,0.094,-0.311,0.051,0.001,0.001,14407.0,5745.0,1.0
"beta_sin[Teodosio, Bryce]",-0.125,0.094,-0.306,0.053,0.001,0.001,12976.0,5697.0,1.0
"beta_sin[Helman, Michael]",-0.126,0.096,-0.32,0.05,0.001,0.001,14631.0,5901.0,1.0
"beta_sin[Schneemann, Daniel]",-0.116,0.093,-0.297,0.058,0.001,0.001,15290.0,6409.0,1.0
"beta_sin[Freeman, Tyler]",-0.026,0.096,-0.195,0.158,0.001,0.001,7048.0,5287.0,1.0
"beta_sin[Hinds, Rece]",-0.124,0.095,-0.309,0.055,0.001,0.001,13517.0,5647.0,1.0
"beta_sin[Barrosa, Jorge]",-0.124,0.095,-0.299,0.064,0.001,0.001,15925.0,5585.0,1.0
"beta_sin[Beck, Jordan]",-0.126,0.095,-0.31,0.054,0.001,0.002,15684.0,5790.0,1.0
"beta_sin[Misner, Kameron]",-0.131,0.094,-0.315,0.046,0.001,0.001,14650.0,6207.0,1.0
"beta_sin[Martínez, Angel]",-0.145,0.093,-0.325,0.029,0.001,0.001,13158.0,5846.0,1.0
"beta_sin[Vilade, Ryan]",-0.152,0.098,-0.338,0.031,0.001,0.001,11599.0,5621.0,1.0
"beta_sin[Julks, Corey]",-0.116,0.093,-0.296,0.057,0.001,0.001,14641.0,5764.0,1.0
"beta_sin[Gonzalez, Romy]",-0.129,0.094,-0.309,0.049,0.001,0.001,13398.0,5744.0,1.0
"beta_sin[Ellis, Duke]",-0.125,0.095,-0.317,0.045,0.001,0.001,15085.0,5453.0,1.0
"beta_sin[Lee, Jung Hoo]",-0.1,0.091,-0.281,0.069,0.001,0.001,16396.0,6285.0,1.0
"beta_sin[Arias, Gabriel]",-0.148,0.096,-0.331,0.033,0.001,0.001,13779.0,5442.0,1.0
"beta_sin[Rosario, Eddie]",-0.119,0.095,-0.295,0.072,0.001,0.001,13904.0,5592.0,1.0
"beta_sin[Schuemann, Max]",-0.136,0.095,-0.325,0.04,0.001,0.002,14035.0,5378.0,1.0
"beta_sin[Taylor, Samad]",-0.126,0.094,-0.307,0.054,0.001,0.002,14622.0,5580.0,1.0
"beta_sin[Berroa, Steward]",-0.127,0.093,-0.311,0.047,0.001,0.001,15724.0,5878.0,1.0
"beta_dist[Siri, Jose]",1.208,0.185,0.876,1.564,0.002,0.002,10049.0,6583.0,1.0
"beta_dist[Tucker, Kyle]",1.406,0.327,0.781,2.01,0.003,0.004,13048.0,5286.0,1.0
"beta_dist[Duvall, Adam]",1.294,0.22,0.891,1.706,0.002,0.003,13679.0,5134.0,1.0
"beta_dist[Heredia, Guillermo]",1.325,0.263,0.821,1.811,0.002,0.003,13359.0,5939.0,1.0
"beta_dist[McCormick, Chas]",1.733,0.208,1.351,2.13,0.002,0.002,8693.0,5640.0,1.0
"beta_dist[Bellinger, Cody]",1.66,0.165,1.337,1.955,0.002,0.002,11382.0,5912.0,1.0
"beta_dist[Hernández, Enrique]",1.811,0.191,1.454,2.169,0.002,0.002,9836.0,5981.0,1.0
"beta_dist[Verdugo, Alex]",0.806,0.286,0.244,1.328,0.003,0.004,11732.0,5900.0,1.0
"beta_dist[Betts, Mookie]",1.424,0.317,0.839,2.03,0.003,0.004,14714.0,6101.0,1.0
"beta_dist[Taylor, Chris]",1.378,0.284,0.818,1.888,0.002,0.004,14134.0,5826.0,1.0
"beta_dist[Lux, Gavin]",1.448,0.33,0.805,2.051,0.003,0.004,13112.0,5138.0,1.0
"beta_dist[Daza, Yonathan]",1.554,0.198,1.188,1.928,0.002,0.002,11218.0,6348.0,1.0
"beta_dist[McCarthy, Jake]",1.164,0.249,0.689,1.625,0.002,0.003,11263.0,6157.0,1.0
"beta_dist[Engel, Adam]",1.484,0.252,1.0,1.938,0.002,0.003,12369.0,6141.0,1.0
"beta_dist[Baddoo, Akil]",1.506,0.241,1.068,1.977,0.002,0.003,13873.0,6146.0,1.0
"beta_dist[Sierra, Magneuris]",1.589,0.259,1.105,2.073,0.002,0.003,16190.0,6473.0,1.0
"beta_dist[Jankowski, Travis]",1.202,0.279,0.655,1.699,0.002,0.003,12747.0,6134.0,1.0
"beta_dist[Herrera, Odúbel]",1.303,0.219,0.891,1.718,0.002,0.003,13227.0,6275.0,1.0
"beta_dist[Marte, Starling]",1.587,0.224,1.177,2.025,0.002,0.003,13117.0,6081.0,1.0
"beta_dist[Bolt, Skye]",1.412,0.297,0.872,1.967,0.002,0.004,15989.0,5806.0,1.0
"beta_dist[Taylor, Michael A.]",1.857,0.15,1.584,2.138,0.002,0.002,9706.0,6450.0,1.0
"beta_dist[Robert Jr., Luis]",1.618,0.158,1.323,1.918,0.002,0.002,10771.0,6372.0,1.0
"beta_dist[Meyers, Jake]",1.65,0.18,1.324,2.0,0.002,0.002,9140.0,6690.0,1.0
"beta_dist[Slater, Austin]",1.314,0.218,0.901,1.711,0.002,0.003,12493.0,6398.0,1.0
"beta_dist[Yastrzemski, Mike]",1.004,0.23,0.581,1.437,0.002,0.003,12677.0,6040.0,1.0
"beta_dist[Pache, Cristian]",1.505,0.194,1.139,1.864,0.002,0.002,9939.0,6616.0,1.0
"beta_dist[Cain, Lorenzo]",1.323,0.267,0.853,1.852,0.002,0.003,13082.0,5755.0,1.0
"beta_dist[Kiermaier, Kevin]",1.724,0.16,1.428,2.025,0.002,0.002,6742.0,6834.0,1.0
"beta_dist[Duggar, Steven]",1.331,0.249,0.875,1.8,0.002,0.003,12566.0,6104.0,1.0
"beta_dist[Bryant, Kris]",1.148,0.332,0.535,1.773,0.003,0.004,13271.0,5717.0,1.0
"beta_dist[Ortega, Rafael]",1.337,0.236,0.865,1.757,0.002,0.003,11949.0,6011.0,1.0
"beta_dist[Marsh, Brandon]",1.118,0.19,0.749,1.46,0.002,0.002,10244.0,5998.0,1.0
"beta_dist[Kelenic, Jarred]",1.47,0.203,1.087,1.849,0.002,0.002,13410.0,6502.0,1.0
"beta_dist[Lagares, Juan]",1.024,0.288,0.489,1.565,0.003,0.004,13035.0,5537.0,1.0
"beta_dist[Straw, Myles]",1.021,0.153,0.73,1.304,0.001,0.002,10807.0,6635.0,1.0
"beta_dist[Peters, DJ]",1.253,0.306,0.66,1.812,0.002,0.004,17303.0,5728.0,1.0
"beta_dist[McKenna, Ryan]",1.517,0.26,1.027,2.007,0.002,0.003,14960.0,6034.0,1.0
"beta_dist[Springer, George]",1.547,0.222,1.13,1.969,0.002,0.003,11608.0,5869.0,1.0
"beta_dist[Mullins, Cedric]",1.387,0.143,1.128,1.66,0.001,0.002,11435.0,6493.0,1.0
"beta_dist[Thomas, Lane]",1.4,0.232,0.957,1.824,0.002,0.003,12742.0,6436.0,1.0
"beta_dist[Renfroe, Hunter]",1.529,0.355,0.9,2.222,0.003,0.005,15389.0,5448.0,1.0
"beta_dist[Hilliard, Sam]",1.578,0.238,1.133,2.021,0.002,0.003,9565.0,6375.0,1.0
"beta_dist[Varsho, Daulton]",1.697,0.19,1.33,2.041,0.002,0.002,11369.0,6135.0,1.0
"beta_dist[Buxton, Byron]",0.93,0.199,0.561,1.303,0.002,0.002,9814.0,6423.0,1.0
"beta_dist[Bader, Harrison]",1.49,0.157,1.205,1.8,0.002,0.002,8253.0,6447.0,1.0
"beta_dist[Gardner, Brett]",1.414,0.221,1.011,1.838,0.002,0.003,14336.0,6120.0,1.0
"beta_dist[Bradley Jr., Jackie]",1.421,0.225,1.009,1.857,0.002,0.003,13366.0,6279.0,1.0
"beta_dist[Grisham, Trent]",1.666,0.16,1.383,1.977,0.002,0.002,9789.0,6007.0,1.0
"beta_dist[Friedl, TJ]",1.374,0.198,1.002,1.745,0.002,0.002,11532.0,5957.0,1.0
"beta_dist[Gamel, Ben]",1.313,0.314,0.691,1.889,0.003,0.004,14228.0,5629.0,1.0
"beta_dist[Phillips, Brett]",1.181,0.248,0.734,1.667,0.002,0.003,13781.0,5409.0,1.0
"beta_dist[Vierling, Matt]",1.445,0.204,1.046,1.817,0.002,0.002,13090.0,6387.0,1.0
"beta_dist[Nimmo, Brandon]",1.327,0.183,0.995,1.68,0.002,0.002,9903.0,6473.0,1.0
"beta_dist[Stevenson, Andrew]",1.429,0.304,0.871,2.018,0.002,0.004,15590.0,5573.0,1.0
"beta_dist[Taylor, Tyrone]",1.408,0.237,0.938,1.834,0.002,0.003,14999.0,5906.0,1.0
"beta_dist[Margot, Manuel]",1.472,0.239,1.037,1.923,0.002,0.003,13176.0,5757.0,1.0
"beta_dist[DeShields, Delino]",1.234,0.341,0.593,1.867,0.003,0.004,13451.0,5757.0,1.0
"beta_dist[Reynolds, Bryan]",1.229,0.186,0.876,1.574,0.002,0.002,12969.0,6276.0,1.0
"beta_dist[Fargas, Johneshwy]",1.404,0.343,0.765,2.045,0.003,0.005,14228.0,5608.0,1.0
"beta_dist[Taveras, Leody]",1.814,0.156,1.528,2.116,0.002,0.002,8937.0,6709.0,1.0
"beta_dist[Tatis Jr., Fernando]",1.457,0.343,0.778,2.086,0.003,0.005,14920.0,5429.0,1.0
"beta_dist[Ward, Taylor]",1.439,0.332,0.836,2.073,0.003,0.004,13104.0,5905.0,1.0
"beta_dist[Barrero, José]",1.269,0.308,0.698,1.845,0.003,0.004,14703.0,5734.0,1.0
"beta_dist[De La Cruz, Bryan]",1.363,0.274,0.868,1.906,0.002,0.003,14504.0,5452.0,1.0
"beta_dist[Isbel, Kyle]",1.658,0.184,1.302,1.995,0.002,0.002,9548.0,6314.0,1.0
"beta_dist[Carlson, Dylan]",1.78,0.153,1.495,2.074,0.002,0.002,10519.0,6800.0,1.0
"beta_dist[Hampson, Garrett]",1.221,0.212,0.82,1.623,0.002,0.002,13155.0,6514.0,1.0
"beta_dist[Thompson, Trayce]",1.884,0.273,1.368,2.394,0.003,0.003,11580.0,5967.0,1.0
"beta_dist[Olivares, Edward]",1.284,0.334,0.629,1.893,0.003,0.004,13573.0,5696.0,1.0
"beta_dist[Reyes, Victor]",1.276,0.308,0.711,1.863,0.003,0.003,12475.0,6396.0,1.0
"beta_dist[Cameron, Daz]",1.937,0.188,1.612,2.311,0.002,0.002,9389.0,5796.0,1.0
"beta_dist[Brown, Seth]",1.195,0.309,0.627,1.776,0.003,0.004,13249.0,5925.0,1.0
"beta_dist[Pederson, Joc]",1.493,0.309,0.891,2.054,0.002,0.004,16403.0,5941.0,1.0
"beta_dist[Hamilton, Billy]",1.455,0.309,0.872,2.017,0.003,0.004,14429.0,5451.0,1.0
"beta_dist[Grichuk, Randal]",1.276,0.205,0.887,1.659,0.002,0.002,11415.0,6155.0,1.0
"beta_dist[Zimmer, Bradley]",1.53,0.252,1.078,2.021,0.002,0.003,15123.0,6632.0,1.0
"beta_dist[Gordon, Nick]",1.151,0.261,0.663,1.642,0.002,0.003,14717.0,5851.0,1.0
"beta_dist[Dyson, Jarrod]",1.607,0.293,1.044,2.143,0.002,0.004,14456.0,5772.0,1.0
"beta_dist[Florial, Estevan]",1.488,0.284,0.952,2.016,0.002,0.004,14942.0,5363.0,1.0
"beta_dist[Dickerson, Corey]",1.306,0.339,0.692,1.961,0.003,0.004,13552.0,5830.0,1.0
"beta_dist[García, Leury]",1.738,0.294,1.168,2.271,0.003,0.004,13517.0,6075.0,1.0
"beta_dist[Judge, Aaron]",1.72,0.143,1.447,1.992,0.001,0.002,9862.0,6656.0,1.0
"beta_dist[Hill, Derek]",1.418,0.218,0.997,1.814,0.002,0.003,13375.0,6190.0,1.0
"beta_dist[Akiyama, Shogo]",1.217,0.299,0.651,1.78,0.002,0.004,15660.0,5196.0,1.0
"beta_dist[Hays, Austin]",1.337,0.297,0.799,1.911,0.002,0.004,15124.0,6129.0,1.0
"beta_dist[Pillar, Kevin]",1.43,0.268,0.934,1.934,0.002,0.003,14096.0,6380.0,1.0
"beta_dist[Winker, Jesse]",1.399,0.341,0.749,2.028,0.003,0.004,15104.0,6146.0,1.0
"beta_dist[Brinson, Lewis]",1.445,0.284,0.917,1.99,0.002,0.004,13223.0,5727.0,1.0
"beta_dist[Happ, Ian]",1.718,0.298,1.165,2.283,0.003,0.003,11733.0,5590.0,1.0
"beta_dist[Marte, Ketel]",1.754,0.237,1.312,2.196,0.002,0.003,12652.0,5606.0,1.0
"beta_dist[Aquino, Aristides]",1.299,0.337,0.664,1.927,0.003,0.004,17533.0,5806.0,1.0
"beta_dist[Almora Jr., Albert]",1.515,0.281,0.999,2.051,0.002,0.004,15293.0,6125.0,1.0
"beta_dist[Naquin, Tyler]",1.63,0.257,1.159,2.124,0.002,0.003,15157.0,5636.0,1.0
"beta_dist[Cave, Jake]",1.378,0.297,0.85,1.957,0.003,0.004,12761.0,6226.0,1.0
"beta_dist[Wade, Tyler]",1.445,0.318,0.843,2.03,0.003,0.004,14160.0,5904.0,1.0
"beta_dist[Dubón, Mauricio]",1.562,0.253,1.1,2.056,0.002,0.003,12841.0,6203.0,1.0
"beta_dist[Tucker, Cole]",1.406,0.352,0.726,2.063,0.003,0.005,15614.0,5536.0,1.0
"beta_dist[Hermosillo, Michael]",1.468,0.317,0.859,2.048,0.003,0.004,15598.0,5871.0,1.0
"beta_dist[Santana, Danny]",1.438,0.33,0.835,2.074,0.003,0.004,14874.0,6119.0,1.0
"beta_dist[Duran, Jarren]",1.156,0.185,0.815,1.503,0.002,0.002,13272.0,6390.0,1.0
"beta_dist[Bonifacio, Jorge]",1.425,0.345,0.767,2.055,0.003,0.004,12740.0,5231.0,1.0
"beta_dist[Robles, Victor]",1.035,0.186,0.681,1.383,0.002,0.002,12309.0,6178.0,1.0
"beta_dist[Palacios, Joshua]",1.347,0.334,0.726,1.971,0.003,0.004,12165.0,6183.0,1.0
"beta_dist[Williams, Luke]",1.464,0.333,0.797,2.056,0.003,0.004,13242.0,6337.0,1.0
"beta_dist[Goodwin, Brian]",1.206,0.308,0.628,1.792,0.002,0.004,15609.0,6126.0,1.0
"beta_dist[Fraley, Jake]",1.633,0.309,1.06,2.206,0.003,0.004,13405.0,5438.0,1.0
"beta_dist[Refsnyder, Rob]",1.48,0.282,0.953,2.017,0.002,0.004,13684.0,5685.0,1.0
"beta_dist[Davis, Jonathan]",1.854,0.253,1.378,2.324,0.003,0.003,8170.0,5719.0,1.0
"beta_dist[Moniak, Mickey]",1.257,0.234,0.821,1.692,0.002,0.003,12270.0,5754.0,1.0
"beta_dist[Martin, Jason]",1.406,0.347,0.733,2.031,0.003,0.005,16165.0,5413.0,1.0
"beta_dist[Park, Hoy]",1.391,0.352,0.78,2.103,0.003,0.005,15597.0,5748.0,1.0
"beta_dist[García, Adolis]",1.685,0.217,1.277,2.084,0.002,0.002,10745.0,5870.0,1.0
"beta_dist[Goodrum, Niko]",1.602,0.337,0.973,2.233,0.003,0.004,12987.0,5724.0,1.0
"beta_dist[Smith, Pavin]",1.656,0.313,1.042,2.227,0.003,0.004,11977.0,5756.0,1.0
"beta_dist[Marisnick, Jake]",1.145,0.258,0.661,1.633,0.002,0.003,12150.0,5077.0,1.0
"beta_dist[Kepler, Max]",1.397,0.304,0.833,1.975,0.003,0.004,13681.0,5951.0,1.0
"beta_dist[White, Eli]",1.325,0.302,0.771,1.896,0.003,0.004,11228.0,6127.0,1.0
"beta_dist[Allen, Greg]",1.51,0.323,0.908,2.11,0.003,0.004,15595.0,6292.0,1.0
"beta_dist[Tapia, Raimel]",1.631,0.299,1.068,2.199,0.003,0.004,12448.0,6094.0,1.0
"beta_dist[Profar, Jurickson]",1.487,0.326,0.891,2.119,0.003,0.004,15136.0,5717.0,1.0
"beta_dist[Laureano, Ramón]",1.213,0.221,0.8,1.617,0.002,0.003,12554.0,5574.0,1.0
"beta_dist[Pollock, AJ]",1.145,0.259,0.679,1.663,0.002,0.003,14060.0,6133.0,1.0
"beta_dist[Oliva, Jared]",1.364,0.348,0.708,2.009,0.003,0.005,15248.0,5344.0,1.0
"beta_dist[Mercado, Óscar]",1.416,0.326,0.766,1.995,0.002,0.004,17199.0,5277.0,1.0
"beta_dist[Celestino, Gilberto]",1.19,0.239,0.74,1.638,0.002,0.003,12661.0,6467.0,1.0
"beta_dist[Tauchman, Mike]",1.462,0.258,0.999,1.96,0.002,0.003,14262.0,6265.0,1.0
"beta_dist[Harrison, Monte]",1.327,0.335,0.668,1.915,0.003,0.004,13566.0,5962.0,1.0
"beta_dist[Reddick, Josh]",1.426,0.345,0.82,2.106,0.003,0.005,14728.0,5153.0,1.0
"beta_dist[Fairchild, Stuart]",1.262,0.26,0.758,1.724,0.002,0.003,14478.0,6087.0,1.0
"beta_dist[Bruján, Vidal]",1.35,0.341,0.706,1.984,0.003,0.004,14896.0,6023.0,1.0
"beta_dist[Freeman, Mike]",1.398,0.346,0.733,2.04,0.003,0.005,16345.0,5727.0,1.0
"beta_dist[O'Grady, Brian]",1.4,0.354,0.712,2.049,0.003,0.005,12554.0,4867.0,1.0
"beta_dist[Parra, Gerardo]",1.35,0.34,0.692,1.975,0.003,0.004,15042.0,5932.0,1.0
"beta_dist[Inciarte, Ender]",1.576,0.3,1.012,2.135,0.002,0.004,14975.0,6306.0,1.0
"beta_dist[Trammell, Taylor]",1.365,0.295,0.81,1.928,0.002,0.004,16614.0,5419.0,1.0
"beta_dist[Locastro, Tim]",1.459,0.305,0.879,2.03,0.002,0.004,15443.0,6332.0,1.0
"beta_dist[Heath, Nick]",1.41,0.338,0.753,2.037,0.003,0.005,14964.0,5501.0,1.0
"beta_dist[Heineman, Scott]",1.385,0.336,0.753,2.018,0.003,0.004,15858.0,5847.0,1.0
"beta_dist[Ramírez, Harold]",1.133,0.326,0.511,1.735,0.003,0.004,11833.0,5492.0,1.0
"beta_dist[Canha, Mark]",1.022,0.306,0.419,1.581,0.003,0.004,12960.0,5422.0,1.0
"beta_dist[Williams, Mason]",1.263,0.321,0.656,1.863,0.003,0.004,13903.0,5613.0,1.0
"beta_dist[García, Avisaíl]",1.329,0.341,0.682,1.947,0.003,0.005,15948.0,6214.0,1.0
"beta_dist[Mateo, Jorge]",1.387,0.334,0.771,2.018,0.003,0.004,13326.0,6097.0,1.0
"beta_dist[Thomas, Dillon]",1.318,0.345,0.655,1.957,0.003,0.005,15182.0,4949.0,1.0
"beta_dist[Garlick, Kyle]",1.28,0.343,0.627,1.919,0.003,0.005,17364.0,5345.0,1.0
"beta_dist[Lewis, Kyle]",1.29,0.292,0.761,1.861,0.002,0.004,14169.0,5858.0,1.0
"beta_dist[Maybin, Cameron]",1.337,0.349,0.68,2.009,0.003,0.004,15163.0,6143.0,1.0
"beta_dist[Harrison, Josh]",1.389,0.353,0.695,2.018,0.003,0.005,13810.0,5585.0,1.0
"beta_dist[Luplow, Jordan]",1.247,0.332,0.616,1.859,0.003,0.005,14347.0,5649.0,1.0
"beta_dist[Jones, JaCoby]",2.2,0.17,1.873,2.513,0.002,0.002,7277.0,5705.0,1.0
"beta_dist[Torreyes, Ronald]",1.419,0.342,0.782,2.075,0.003,0.004,18542.0,5649.0,1.0
"beta_dist[Hoerner, Nico]",1.415,0.348,0.776,2.075,0.003,0.004,12227.0,5633.0,1.0
"beta_dist[Castro, Harold]",1.374,0.317,0.761,1.952,0.003,0.004,14361.0,5927.0,1.0
"beta_dist[Barrera, Luis]",1.339,0.338,0.698,1.976,0.003,0.004,11470.0,6179.0,1.0
"beta_dist[Andreoli, John]",1.32,0.351,0.648,1.976,0.003,0.004,14860.0,5729.0,1.0
"beta_dist[Berti, Jon]",1.27,0.335,0.647,1.919,0.003,0.005,15161.0,5196.0,1.0
"beta_dist[Trout, Mike]",1.628,0.2,1.238,1.985,0.002,0.002,12091.0,6619.0,1.0
"beta_dist[LaMarre, Ryan]",1.399,0.343,0.73,2.042,0.003,0.004,14116.0,5541.0,1.0
"beta_dist[Senzel, Nick]",1.014,0.224,0.599,1.432,0.002,0.003,12764.0,5990.0,1.0
"beta_dist[Rosario, Amed]",1.272,0.346,0.628,1.925,0.003,0.005,16719.0,5218.0,1.0
"beta_dist[Adrianza, Ehire]",1.488,0.35,0.791,2.118,0.003,0.005,15525.0,5000.0,1.0
"beta_dist[Acuña Jr., Ronald]",1.431,0.341,0.771,2.048,0.003,0.004,11930.0,5567.0,1.0
"beta_dist[Dahl, David]",1.35,0.338,0.728,1.977,0.003,0.004,13716.0,5787.0,1.0
"beta_dist[Hicks, Aaron]",1.432,0.228,1.008,1.863,0.002,0.003,13835.0,5801.0,1.0
"beta_dist[Difo, Wilmer]",1.36,0.353,0.704,2.022,0.003,0.004,14730.0,6301.0,1.0
"beta_dist[Quinn, Roman]",1.327,0.296,0.783,1.878,0.002,0.004,15995.0,5369.0,1.0
"beta_dist[Pham, Tommy]",1.259,0.288,0.734,1.812,0.002,0.004,15722.0,5410.0,1.0
"beta_dist[Schebler, Scott]",1.393,0.347,0.735,2.039,0.003,0.005,16994.0,5668.0,1.0
"beta_dist[Kingery, Scott]",1.346,0.341,0.712,1.996,0.003,0.005,15025.0,5554.0,1.0
"beta_dist[Fowler, Dustin]",1.874,0.319,1.257,2.457,0.003,0.004,10782.0,6265.0,1.0
"beta_dist[Hurst, Scott]",1.401,0.35,0.718,2.055,0.003,0.005,17078.0,5949.0,1.0
"beta_dist[Alford, Anthony]",1.431,0.321,0.824,2.045,0.003,0.004,14343.0,5325.0,1.0
"beta_dist[Haggerty, Sam]",1.328,0.336,0.682,1.942,0.003,0.005,15577.0,5883.0,1.0
"beta_dist[Haseley, Adam]",1.432,0.306,0.867,2.013,0.003,0.004,14060.0,5768.0,1.0
"beta_dist[Wade Jr., LaMonte]",1.366,0.343,0.727,2.031,0.003,0.005,14877.0,5509.0,1.0
"beta_dist[Arozarena, Randy]",1.204,0.339,0.561,1.837,0.003,0.004,14476.0,5154.0,1.0
"beta_dist[Owings, Chris]",1.34,0.332,0.685,1.933,0.003,0.005,17546.0,5832.0,1.0
"beta_dist[Robson, Jacob]",1.398,0.339,0.773,2.049,0.003,0.004,14390.0,5768.0,1.0
"beta_dist[Harris II, Michael]",1.198,0.177,0.863,1.527,0.002,0.002,12786.0,6593.0,1.0
"beta_dist[Rodríguez, Julio]",1.444,0.175,1.122,1.783,0.002,0.002,7717.0,6004.0,1.0
"beta_dist[DeLuzio, Ben]",1.332,0.336,0.659,1.917,0.003,0.005,15756.0,5198.0,1.0
"beta_dist[Morel, Christopher]",1.105,0.274,0.575,1.613,0.002,0.003,15465.0,5975.0,1.0
"beta_dist[Siani, Michael]",1.648,0.229,1.205,2.063,0.002,0.003,13377.0,6429.0,1.0
"beta_dist[Waters, Drew]",1.137,0.26,0.649,1.626,0.002,0.003,11676.0,5807.0,1.0
"beta_dist[Bae, Ji Hwan]",1.403,0.28,0.874,1.922,0.002,0.003,14674.0,6336.0,1.0
"beta_dist[Greene, Riley]",1.531,0.205,1.16,1.929,0.002,0.002,12863.0,5845.0,1.0
"beta_dist[Nootbaar, Lars]",1.274,0.239,0.839,1.735,0.002,0.003,14062.0,5529.0,1.0
"beta_dist[Gore, Terrance]",1.445,0.344,0.813,2.101,0.003,0.004,13067.0,6039.0,1.0
"beta_dist[Call, Alex]",1.258,0.239,0.815,1.715,0.002,0.003,13688.0,5677.0,1.0
"beta_dist[Bleday, JJ]",1.29,0.2,0.913,1.657,0.002,0.002,12664.0,6175.0,1.0
"beta_dist[Mitchell, Garrett]",1.502,0.268,0.994,2.002,0.002,0.003,12309.0,6050.0,1.0
"beta_dist[Almonte, Abraham]",1.337,0.348,0.695,2.003,0.003,0.005,15844.0,4957.0,1.0
"beta_dist[Thompson, Bubba]",1.756,0.305,1.184,2.318,0.003,0.004,12904.0,5817.0,1.0
"beta_dist[Velázquez, Nelson]",1.7,0.314,1.095,2.272,0.003,0.004,10790.0,5930.0,1.0
"beta_dist[Benson, Will]",1.093,0.274,0.598,1.633,0.002,0.003,12924.0,5592.0,1.0
"beta_dist[Contreras, Mark]",1.278,0.318,0.67,1.869,0.002,0.005,16592.0,5021.0,1.0
"beta_dist[Azócar, José]",1.721,0.277,1.19,2.228,0.002,0.004,13935.0,5640.0,1.0
"beta_dist[Payton, Mark]",1.443,0.334,0.843,2.086,0.003,0.004,14954.0,5960.0,1.0
"beta_dist[Carroll, Corbin]",1.37,0.226,0.94,1.783,0.002,0.003,13733.0,5468.0,1.0
"beta_dist[Kreidler, Ryan]",1.385,0.352,0.715,2.038,0.003,0.005,16325.0,5623.0,1.0
"beta_dist[Brennan, Will]",1.652,0.325,1.047,2.277,0.003,0.004,12468.0,5840.0,1.0
"beta_dist[Thomas, Alek]",1.372,0.176,1.03,1.689,0.002,0.002,10334.0,6709.0,1.0
"beta_dist[Suwinski, Jack]",1.321,0.191,0.968,1.68,0.002,0.002,11233.0,5847.0,1.0
"beta_dist[Moore, Dylan]",1.336,0.331,0.711,1.937,0.002,0.004,18484.0,5764.0,1.0
"beta_dist[O'Neill, Tyler]",1.559,0.318,0.978,2.176,0.003,0.004,13827.0,5779.0,1.0
"beta_dist[Wisdom, Patrick]",1.399,0.345,0.781,2.083,0.003,0.005,14399.0,5728.0,1.0
"beta_dist[Castro, Willi]",1.144,0.24,0.685,1.579,0.002,0.003,13986.0,5812.0,1.0
"beta_dist[Aguilar, Ryan]",1.374,0.351,0.689,2.008,0.003,0.005,14863.0,5619.0,1.0
"beta_dist[Merrifield, Whit]",1.438,0.3,0.895,2.033,0.002,0.004,14482.0,5657.0,1.0
"beta_dist[Burdick, Peyton]",1.242,0.318,0.646,1.843,0.003,0.004,16061.0,5887.0,1.0
"beta_dist[Stevenson, Cal]",1.032,0.275,0.515,1.537,0.002,0.004,12735.0,5893.0,1.0
"beta_dist[Cordero, Franchy]",1.397,0.35,0.729,2.04,0.003,0.004,13247.0,5834.0,1.0
"beta_dist[Myers, Wil]",1.37,0.336,0.696,1.969,0.003,0.004,16225.0,5597.0,1.0
"beta_dist[Bernard, Wynton]",1.212,0.329,0.63,1.88,0.003,0.004,16805.0,5686.0,1.0
"beta_dist[Eaton, Nate]",1.349,0.342,0.721,2.014,0.003,0.004,13847.0,5586.0,1.0
"beta_dist[Davis, Jaylin]",1.483,0.336,0.855,2.119,0.003,0.004,13699.0,5734.0,1.0
"beta_dist[Johnson, Bryce]",1.201,0.322,0.587,1.8,0.003,0.004,13998.0,5555.0,1.0
"beta_dist[Frazier, Adam]",1.385,0.354,0.696,2.012,0.003,0.005,17830.0,5292.0,1.0
"beta_dist[Lowe, Josh]",1.2,0.309,0.613,1.785,0.002,0.004,15601.0,5546.0,1.0
"beta_dist[Ruiz, Esteury]",1.408,0.245,0.937,1.863,0.002,0.003,13072.0,6009.0,1.0
"beta_dist[Sánchez, Jesús]",1.468,0.248,0.985,1.922,0.002,0.003,14549.0,6214.0,1.0
"beta_dist[Gallo, Joey]",1.426,0.336,0.809,2.079,0.003,0.005,15427.0,5889.0,1.0
"beta_dist[McCutchen, Andrew]",1.427,0.342,0.799,2.081,0.003,0.004,14065.0,5788.0,1.0
"beta_dist[Madris, Bligh]",1.411,0.342,0.785,2.072,0.003,0.004,12910.0,5733.0,1.0
"beta_dist[Crook, Narciso]",1.358,0.344,0.735,2.025,0.003,0.004,13207.0,5480.0,1.0
"beta_dist[Kwan, Steven]",1.309,0.34,0.688,1.946,0.003,0.005,14299.0,5837.0,1.0
"beta_dist[Lopez, Otto]",1.403,0.345,0.728,2.032,0.003,0.004,13724.0,5786.0,1.0
"beta_dist[Lee, Khalil]",1.399,0.341,0.782,2.035,0.003,0.005,17496.0,5900.0,1.0
"beta_dist[Swaggerty, Travis]",1.381,0.353,0.73,2.045,0.003,0.005,13155.0,5288.0,1.0
"beta_dist[Strange-Gordon, Dee]",1.407,0.341,0.74,2.034,0.003,0.005,14904.0,5755.0,1.0
"beta_dist[Lewis, Royce]",1.392,0.349,0.745,2.074,0.003,0.004,13664.0,6037.0,1.0
"beta_dist[Hicklen, Brewer]",1.39,0.345,0.715,2.025,0.003,0.005,15288.0,5773.0,1.0
"beta_dist[Blanco, Dairon]",1.233,0.315,0.663,1.834,0.003,0.004,11750.0,5760.0,1.0
"beta_dist[Edman, Tommy]",1.501,0.278,0.972,2.013,0.002,0.004,13948.0,5671.0,1.0
"beta_dist[Heyward, Jason]",1.465,0.296,0.898,1.998,0.002,0.004,14960.0,5957.0,1.0
"beta_dist[Whitefield, Aaron]",1.39,0.35,0.748,2.068,0.003,0.004,12532.0,5190.0,1.0
"beta_dist[González, Luis]",1.339,0.342,0.681,1.971,0.003,0.004,15052.0,5798.0,1.0
"beta_dist[McDonald, Mickey]",1.394,0.34,0.754,2.043,0.003,0.004,17061.0,5601.0,1.0
"beta_dist[Muzziotti, Símon]",1.456,0.34,0.783,2.08,0.003,0.004,16745.0,6052.0,1.0
"beta_dist[Rojas, Johan]",1.449,0.218,1.043,1.863,0.002,0.003,12803.0,6286.0,1.0
"beta_dist[Frelick, Sal]",1.552,0.306,0.977,2.121,0.002,0.004,16072.0,5435.0,1.0
"beta_dist[Chisholm Jr., Jazz]",1.779,0.206,1.405,2.164,0.002,0.002,9694.0,6679.0,1.0
"beta_dist[Outman, James]",1.486,0.215,1.087,1.894,0.002,0.003,13961.0,6399.0,1.0
"beta_dist[Fitzgerald, Tyler]",1.207,0.319,0.608,1.81,0.003,0.004,13076.0,5399.0,1.0
"beta_dist[Meadows, Parker]",1.755,0.237,1.305,2.192,0.002,0.003,11161.0,5379.0,1.0
"beta_dist[Doyle, Brenton]",1.32,0.173,1.0,1.641,0.002,0.002,9976.0,6522.0,1.0
"beta_dist[Rafaela, Ceddanne]",0.809,0.247,0.337,1.252,0.002,0.003,11494.0,5910.0,1.0
"beta_dist[Abreu, Wilyer]",1.289,0.333,0.67,1.943,0.003,0.005,15052.0,5082.0,1.0
"beta_dist[Butler, Lawrence]",1.522,0.285,0.988,2.055,0.002,0.004,15088.0,5761.0,1.0
"beta_dist[Wall, Forrest]",1.394,0.345,0.721,2.032,0.003,0.005,14647.0,5753.0,1.0
"beta_dist[Young, Jacob]",1.402,0.206,0.996,1.776,0.002,0.003,12881.0,6105.0,1.0
"beta_dist[Perkins, Blake]",1.259,0.247,0.814,1.743,0.002,0.003,13103.0,5865.0,1.0
"beta_dist[Adell, Jo]",1.458,0.329,0.854,2.072,0.003,0.005,16367.0,5790.0,1.0
"beta_dist[McNeil, Jeff]",1.383,0.356,0.711,2.06,0.003,0.005,16666.0,4557.0,1.0
"beta_dist[Crow-Armstrong, Pete]",1.473,0.213,1.082,1.882,0.002,0.003,13706.0,5439.0,1.0
"beta_dist[Canario, Alexander]",1.394,0.353,0.749,2.087,0.003,0.005,17349.0,5357.0,1.0
"beta_dist[Kiner-Falefa, Isiah]",1.21,0.3,0.632,1.753,0.003,0.004,12929.0,6006.0,1.0
"beta_dist[Matos, Luis]",1.394,0.265,0.863,1.87,0.002,0.003,14838.0,6194.0,1.0
"beta_dist[Carter, Evan]",1.304,0.34,0.687,1.995,0.003,0.004,13399.0,5292.0,1.0
"beta_dist[Paris, Kyren]",1.395,0.346,0.73,2.04,0.003,0.004,14437.0,5614.0,1.0
"beta_dist[Wiemer, Joey]",1.587,0.236,1.157,2.032,0.002,0.003,14192.0,6712.0,1.0
"beta_dist[Raley, Luke]",1.392,0.343,0.736,2.027,0.003,0.005,12970.0,6416.0,1.0
"beta_dist[Myers, Dane]",1.492,0.302,0.928,2.049,0.003,0.004,12933.0,5789.0,1.0
"beta_dist[Domínguez, Jasson]",1.3,0.334,0.668,1.928,0.003,0.004,14240.0,5923.0,1.0
"beta_dist[Jones, Nolan]",1.356,0.348,0.71,2.015,0.003,0.005,15481.0,5321.0,1.0
"beta_dist[Meckler, Wade]",1.514,0.327,0.891,2.118,0.003,0.004,14861.0,5913.0,1.0
"beta_dist[Colás, Oscar]",1.134,0.323,0.521,1.728,0.003,0.004,14388.0,5929.0,1.0
"beta_dist[Velazquez, Andrew]",1.396,0.357,0.736,2.084,0.003,0.005,13513.0,5480.0,1.0
"beta_dist[Rengifo, Luis]",1.403,0.336,0.746,2.008,0.003,0.004,15403.0,6096.0,1.0
"beta_dist[Palacios, Richie]",1.555,0.305,0.979,2.12,0.003,0.004,14612.0,5557.0,1.0
"beta_dist[Marlowe, Cade]",1.427,0.343,0.772,2.069,0.003,0.004,12493.0,5631.0,1.0
"beta_dist[Adams, Jordyn]",1.329,0.329,0.718,1.963,0.003,0.004,15107.0,5967.0,1.0
"beta_dist[McKinstry, Zach]",1.39,0.34,0.739,2.021,0.003,0.005,12996.0,5886.0,1.0
"beta_dist[Martínez, J.P.]",1.402,0.351,0.763,2.087,0.003,0.005,16674.0,5529.0,1.0
"beta_dist[Ramos, Heliot]",1.363,0.239,0.934,1.83,0.002,0.003,13393.0,5851.0,1.0
"beta_dist[Cowser, Colton]",1.273,0.29,0.696,1.791,0.002,0.004,15230.0,6078.0,1.0
"beta_dist[McKinney, Billy]",1.422,0.321,0.806,2.005,0.003,0.004,12584.0,5655.0,1.0
"beta_dist[Cabbage, Trey]",1.395,0.339,0.755,2.031,0.003,0.004,15321.0,6016.0,1.0
"beta_dist[DeLuca, Jonny]",1.31,0.289,0.761,1.835,0.002,0.004,15399.0,5808.0,1.0
"beta_dist[Fletcher, Dominic]",1.369,0.272,0.879,1.902,0.002,0.003,14034.0,6347.0,1.0
"beta_dist[Frazier, Clint]",1.384,0.346,0.713,2.006,0.003,0.004,13464.0,5683.0,1.0
"beta_dist[Guthrie, Dalton]",1.306,0.327,0.671,1.918,0.003,0.004,11176.0,5523.0,1.0
"beta_dist[Wisely, Brett]",1.331,0.327,0.737,1.965,0.003,0.004,15379.0,6119.0,1.0
"beta_dist[Short, Zack]",1.496,0.346,0.828,2.132,0.003,0.005,16127.0,5905.0,1.0
"beta_dist[Edwards, Xavier]",1.386,0.34,0.779,2.069,0.003,0.004,17151.0,6061.0,1.0
"beta_dist[Cabrera, Oswaldo]",1.411,0.352,0.757,2.078,0.003,0.005,17213.0,5893.0,1.0
"beta_dist[Lukes, Nathan]",1.397,0.342,0.74,2.048,0.003,0.005,15609.0,5560.0,1.0
"beta_dist[Sosa, Edmundo]",1.435,0.339,0.819,2.107,0.003,0.004,15077.0,5792.0,1.0
"beta_dist[Pages, Andy]",1.184,0.274,0.66,1.692,0.002,0.003,14780.0,5752.0,1.0
"beta_dist[Merrill, Jackson]",1.077,0.242,0.619,1.532,0.002,0.003,12443.0,5731.0,1.0
"beta_dist[Keirsey Jr., DaShawn]",1.286,0.34,0.669,1.949,0.003,0.004,14348.0,5590.0,1.0
"beta_dist[Cruz, Oneil]",1.416,0.313,0.833,1.997,0.003,0.004,15402.0,5379.0,1.0
"beta_dist[McCray, Grant]",1.568,0.303,0.997,2.141,0.003,0.004,12717.0,5654.0,1.0
"beta_dist[Pérez, Wenceel]",1.483,0.325,0.905,2.136,0.003,0.004,14179.0,6240.0,1.0
"beta_dist[Clase, Jonatan]",1.337,0.341,0.691,1.979,0.003,0.004,11667.0,5764.0,1.0
"beta_dist[Lockridge, Brandon]",1.383,0.341,0.733,2.023,0.003,0.005,17195.0,5449.0,1.0
"beta_dist[Cook, Billy]",1.319,0.33,0.686,1.934,0.003,0.004,15147.0,6193.0,1.0
"beta_dist[Sanoja, Javier]",1.445,0.349,0.837,2.154,0.003,0.004,14286.0,6082.0,1.0
"beta_dist[Stowers, Kyle]",1.404,0.332,0.766,2.009,0.003,0.004,15003.0,6025.0,1.0
"beta_dist[Martin, Austin]",0.888,0.305,0.315,1.451,0.003,0.004,10656.0,5683.0,1.0
"beta_dist[Loperfido, Joey]",1.657,0.297,1.095,2.214,0.003,0.004,13591.0,6139.0,1.0
"beta_dist[Wilson, Weston]",1.379,0.339,0.748,2.031,0.003,0.004,13473.0,5618.0,1.0
"beta_dist[Scott II, Victor]",1.556,0.283,1.054,2.112,0.002,0.004,13514.0,6066.0,1.0
"beta_dist[Langford, Wyatt]",1.478,0.321,0.885,2.091,0.003,0.004,12617.0,5694.0,1.0
"beta_dist[Dunn, Blake]",1.411,0.343,0.743,2.02,0.003,0.004,12332.0,6086.0,1.0
"beta_dist[Crews, Dylan]",1.518,0.341,0.877,2.146,0.003,0.005,15022.0,6104.0,1.0
"beta_dist[DeLoach, Zach]",1.448,0.34,0.79,2.088,0.003,0.005,14267.0,5082.0,1.0
"beta_dist[Teodosio, Bryce]",1.294,0.337,0.67,1.925,0.003,0.004,15424.0,5717.0,1.0
"beta_dist[Helman, Michael]",1.397,0.34,0.764,2.029,0.003,0.005,18143.0,5947.0,1.0
"beta_dist[Schneemann, Daniel]",1.226,0.336,0.594,1.858,0.003,0.004,13889.0,6003.0,1.0
"beta_dist[Freeman, Tyler]",1.604,0.263,1.11,2.106,0.002,0.003,12283.0,5845.0,1.0
"beta_dist[Hinds, Rece]",1.399,0.352,0.724,2.043,0.003,0.005,15779.0,5943.0,1.0
"beta_dist[Barrosa, Jorge]",1.357,0.343,0.734,2.026,0.003,0.005,15422.0,5558.0,1.0
"beta_dist[Beck, Jordan]",1.377,0.345,0.722,2.022,0.003,0.005,16470.0,5692.0,1.0
"beta_dist[Misner, Kameron]",1.416,0.348,0.771,2.079,0.003,0.005,15269.0,4406.0,1.0
"beta_dist[Martínez, Angel]",1.25,0.319,0.662,1.856,0.003,0.004,14733.0,5536.0,1.0
"beta_dist[Vilade, Ryan]",1.572,0.345,0.918,2.199,0.003,0.004,12245.0,5724.0,1.0
"beta_dist[Julks, Corey]",1.511,0.351,0.87,2.19,0.003,0.005,14755.0,5340.0,1.0
"beta_dist[Gonzalez, Romy]",1.416,0.345,0.747,2.059,0.003,0.005,11802.0,5238.0,1.0
"beta_dist[Ellis, Duke]",1.374,0.346,0.724,2.022,0.003,0.004,16319.0,5978.0,1.0
"beta_dist[Lee, Jung Hoo]",1.447,0.291,0.902,1.996,0.002,0.004,14356.0,5725.0,1.0
"beta_dist[Arias, Gabriel]",1.423,0.345,0.761,2.074,0.003,0.005,13996.0,5251.0,1.0
"beta_dist[Rosario, Eddie]",1.316,0.33,0.687,1.936,0.003,0.004,15793.0,5252.0,1.0
"beta_dist[Schuemann, Max]",1.446,0.345,0.824,2.125,0.003,0.005,13523.0,5630.0,1.0
"beta_dist[Taylor, Samad]",1.399,0.356,0.762,2.091,0.003,0.004,14434.0,5402.0,1.0
"beta_dist[Berroa, Steward]",1.401,0.351,0.736,2.05,0.003,0.005,12220.0,5746.0,1.0
