,mean,sd,hdi_3%,hdi_97%,mcse_mean,mcse_sd,ess_bulk,ess_tail,r_hat
"alpha[Brantley, Michael]",-2.301,0.2,-2.67,-1.919,0.003,0.002,6107.0,6275.0,1.0
"alpha[Arozarena, Randy]",-2.386,0.157,-2.675,-2.082,0.002,0.002,6087.0,5950.0,1.0
"alpha[Tucker, Kyle]",-2.303,0.148,-2.586,-2.03,0.002,0.002,5782.0,5731.0,1.0
"alpha[Markakis, Nick]",-2.403,0.293,-2.962,-1.87,0.003,0.003,9009.0,6491.0,1.0
"alpha[Taylor, Chris]",-2.068,0.176,-2.396,-1.741,0.002,0.002,5784.0,5803.0,1.0
"alpha[Margot, Manuel]",-1.488,0.155,-1.79,-1.207,0.002,0.002,6846.0,6502.0,1.0
"alpha[Gardner, Brett]",-1.834,0.178,-2.162,-1.493,0.002,0.002,7067.0,5753.0,1.0
"alpha[Grossman, Robbie]",-2.302,0.152,-2.573,-2.005,0.002,0.001,5583.0,5903.0,1.0
"alpha[Pollock, AJ]",-2.045,0.165,-2.348,-1.728,0.002,0.002,6606.0,6016.0,1.0
"alpha[Pederson, Joc]",-2.445,0.177,-2.766,-2.102,0.002,0.002,7108.0,5858.0,1.0
"alpha[Meadows, Austin]",-1.917,0.196,-2.275,-1.54,0.002,0.002,7025.0,6354.0,1.0
"alpha[Phillips, Brett]",-1.613,0.18,-1.944,-1.268,0.002,0.002,7722.0,6283.0,1.0
"alpha[Frazier, Clint]",-2.505,0.232,-2.934,-2.063,0.002,0.003,8776.0,6197.0,1.0
"alpha[Sierra, Magneuris]",-1.472,0.228,-1.897,-1.045,0.003,0.002,7805.0,6206.0,1.0
"alpha[Dickerson, Corey]",-2.101,0.189,-2.467,-1.753,0.002,0.002,5940.0,5365.0,1.0
"alpha[Schwarber, Kyle]",-2.394,0.158,-2.682,-2.091,0.002,0.002,5309.0,5975.0,1.0
"alpha[Pham, Tommy]",-2.386,0.155,-2.678,-2.098,0.002,0.002,6656.0,6287.0,1.0
"alpha[Carlson, Dylan]",-2.034,0.149,-2.323,-1.763,0.002,0.002,5858.0,5889.0,1.0
"alpha[Engel, Adam]",-1.875,0.194,-2.244,-1.523,0.003,0.002,5890.0,5890.0,1.0
"alpha[Duvall, Adam]",-2.029,0.153,-2.308,-1.736,0.002,0.002,5823.0,6119.0,1.0
"alpha[Akiyama, Shogo]",-1.859,0.237,-2.297,-1.423,0.003,0.003,7829.0,5534.0,1.0
"alpha[Yelich, Christian]",-2.407,0.165,-2.728,-2.109,0.002,0.002,5955.0,6132.0,1.0
"alpha[Aquino, Aristides]",-2.118,0.217,-2.521,-1.71,0.003,0.002,5845.0,6027.0,1.0
"alpha[Gurriel Jr., Lourdes]",-2.229,0.156,-2.53,-1.946,0.002,0.002,6165.0,5798.0,1.0
"alpha[Naylor, Josh]",-2.505,0.245,-2.953,-2.03,0.003,0.003,6785.0,5749.0,1.0
"alpha[Riddle, JT]",-2.126,0.444,-2.934,-1.272,0.004,0.005,10284.0,6073.0,1.0
"alpha[Lowe, Brandon]",-2.396,0.356,-3.078,-1.748,0.004,0.004,10224.0,5969.0,1.0
"alpha[Beaty, Matt]",-2.395,0.289,-2.926,-1.838,0.003,0.003,7882.0,6094.0,1.0
"alpha[Riley, Austin]",-2.497,0.446,-3.354,-1.709,0.005,0.005,9160.0,6227.0,1.0
"alpha[Profar, Jurickson]",-2.499,0.167,-2.833,-2.202,0.002,0.002,5575.0,6417.0,1.0
"alpha[Canha, Mark]",-2.446,0.158,-2.746,-2.157,0.002,0.002,5062.0,5570.0,1.0
"alpha[Cave, Jake]",-2.271,0.193,-2.644,-1.923,0.002,0.002,6673.0,6181.0,1.0
"alpha[Rosario, Eddie]",-1.869,0.15,-2.144,-1.584,0.002,0.002,6392.0,6119.0,1.0
"alpha[Stevenson, Andrew]",-1.577,0.262,-2.059,-1.092,0.003,0.003,8818.0,5684.0,1.0
"alpha[Davis, Jonathan]",-1.467,0.222,-1.881,-1.044,0.003,0.002,6500.0,5727.0,1.0
"alpha[Hays, Austin]",-2.202,0.144,-2.471,-1.939,0.002,0.002,6334.0,6350.0,1.0
"alpha[Tapia, Raimel]",-2.243,0.16,-2.539,-1.938,0.002,0.002,4883.0,5811.0,1.0
"alpha[Peralta, David]",-2.428,0.155,-2.725,-2.15,0.002,0.002,5177.0,5160.0,1.0
"alpha[Happ, Ian]",-1.94,0.139,-2.194,-1.678,0.002,0.001,5594.0,5602.0,1.0
"alpha[McCutchen, Andrew]",-2.506,0.19,-2.864,-2.154,0.002,0.002,6318.0,6089.0,1.0
"alpha[White, Eli]",-1.572,0.223,-1.976,-1.155,0.003,0.002,7394.0,6520.0,1.0
"alpha[Solak, Nick]",-2.626,0.268,-3.113,-2.116,0.003,0.003,6304.0,5984.0,1.0
"alpha[Díaz, Aledmys]",-2.074,0.314,-2.634,-1.46,0.004,0.003,7949.0,6173.0,1.0
"alpha[Nimmo, Brandon]",-1.637,0.134,-1.889,-1.389,0.002,0.001,5933.0,5997.0,1.0
"alpha[Chavis, Michael]",-2.406,0.403,-3.169,-1.64,0.004,0.005,10570.0,6429.0,1.0
"alpha[Locastro, Tim]",-1.964,0.244,-2.415,-1.493,0.003,0.002,6252.0,6195.0,1.0
"alpha[Mercado, Óscar]",-2.048,0.196,-2.424,-1.692,0.002,0.002,8100.0,5907.0,1.0
"alpha[Luplow, Jordan]",-2.448,0.22,-2.853,-2.022,0.003,0.002,7224.0,6223.0,1.0
"alpha[Osuna, José]",-1.92,0.427,-2.762,-1.165,0.004,0.005,9691.0,5516.0,1.0
"alpha[Edman, Tommy]",-1.779,0.213,-2.195,-1.387,0.003,0.002,7066.0,5843.0,1.0
"alpha[Bonifacio, Jorge]",-2.213,0.308,-2.802,-1.643,0.003,0.004,7938.0,4995.0,1.0
"alpha[Gordon, Alex]",-2.369,0.308,-2.945,-1.787,0.003,0.003,8415.0,6463.0,1.0
"alpha[Upton, Justin]",-2.391,0.24,-2.833,-1.941,0.003,0.002,6895.0,5923.0,1.0
"alpha[Lopes, Tim]",-2.705,0.344,-3.349,-2.062,0.004,0.004,6311.0,5701.0,1.0
"alpha[Duggar, Steven]",-1.548,0.212,-1.933,-1.14,0.002,0.002,7436.0,5980.0,1.0
"alpha[Dickerson, Alex]",-2.406,0.236,-2.842,-1.959,0.003,0.002,6768.0,5833.0,1.0
"alpha[Reyes, Victor]",-1.992,0.181,-2.343,-1.659,0.002,0.002,7246.0,6223.0,1.0
"alpha[Ward, Taylor]",-2.347,0.161,-2.645,-2.048,0.002,0.002,5120.0,5541.0,1.0
"alpha[Bishop, Braden]",-2.079,0.403,-2.863,-1.348,0.004,0.005,8606.0,5777.0,1.0
"alpha[Kemp, Tony]",-2.134,0.193,-2.504,-1.775,0.002,0.002,6774.0,5740.0,1.0
"alpha[Marmolejos, José]",-2.299,0.331,-2.9,-1.662,0.003,0.004,9172.0,6230.0,1.0
"alpha[Puello, César]",-2.16,0.461,-3.018,-1.292,0.005,0.005,9821.0,5990.0,1.0
"alpha[Lin, Tzu-Wei]",-2.312,0.396,-3.039,-1.56,0.004,0.005,9761.0,5958.0,1.0
"alpha[Stewart, Christin]",-2.287,0.352,-2.948,-1.632,0.004,0.004,8977.0,6035.0,1.0
"alpha[O'Neill, Tyler]",-2.362,0.171,-2.686,-2.049,0.002,0.002,5622.0,5410.0,1.0
"alpha[Taylor, Michael A.]",-1.339,0.124,-1.573,-1.105,0.002,0.001,6324.0,6292.0,1.0
"alpha[Smith, Dominic]",-2.566,0.256,-3.039,-2.083,0.003,0.003,6070.0,5904.0,1.0
"alpha[Stewart, DJ]",-2.837,0.213,-3.232,-2.435,0.003,0.002,6513.0,6219.0,1.0
"alpha[Jiménez, Eloy]",-2.098,0.23,-2.541,-1.68,0.003,0.002,7327.0,6245.0,1.0
"alpha[Heath, Nick]",-1.327,0.379,-2.097,-0.671,0.004,0.004,8849.0,6122.0,1.0
"alpha[Castro, Harold]",-1.961,0.341,-2.581,-1.302,0.004,0.004,8607.0,6175.0,1.0
"alpha[Maybin, Cameron]",-2.259,0.352,-2.931,-1.627,0.004,0.004,7675.0,6099.0,1.0
"alpha[Hilliard, Sam]",-2.317,0.186,-2.666,-1.963,0.002,0.002,7128.0,6518.0,1.0
"alpha[Fraley, Jake]",-2.017,0.18,-2.356,-1.677,0.002,0.002,5413.0,5858.0,1.0
"alpha[Smith, Pavin]",-2.418,0.204,-2.797,-2.029,0.003,0.002,6221.0,6316.0,1.0
"alpha[Mountcastle, Ryan]",-2.643,0.318,-3.282,-2.087,0.004,0.003,7149.0,5433.0,1.0
"alpha[Dixon, Brandon]",-1.765,0.421,-2.539,-0.938,0.004,0.005,9920.0,5939.0,1.0
"alpha[Oliva, Jared]",-2.311,0.36,-2.978,-1.62,0.004,0.004,7636.0,5679.0,1.0
"alpha[Olivares, Edward]",-2.514,0.205,-2.893,-2.127,0.003,0.002,6462.0,6118.0,1.0
"alpha[Ozuna, Marcell]",-2.218,0.22,-2.633,-1.806,0.002,0.002,7965.0,6553.0,1.0
"alpha[Robertson, Daniel]",-2.116,0.489,-3.013,-1.186,0.005,0.006,11397.0,6164.0,1.0
"alpha[Ruf, Darin]",-2.368,0.266,-2.86,-1.857,0.003,0.003,7455.0,5860.0,1.0
"alpha[Soto, Juan]",-2.46,0.143,-2.736,-2.192,0.002,0.001,5581.0,5858.0,1.0
"alpha[Moniak, Mickey]",-1.493,0.21,-1.894,-1.114,0.003,0.002,6444.0,5752.0,1.0
"alpha[McNeil, Jeff]",-2.098,0.208,-2.471,-1.686,0.003,0.002,6516.0,6204.0,1.0
"alpha[Frazier, Adam]",-2.197,0.279,-2.718,-1.671,0.003,0.003,8331.0,5817.0,1.0
"alpha[Moore, Dylan]",-2.048,0.21,-2.426,-1.633,0.003,0.002,6990.0,6462.0,1.0
"alpha[Calhoun, Willie]",-2.396,0.299,-2.986,-1.853,0.003,0.003,8095.0,6050.0,1.0
"alpha[Haseley, Adam]",-1.985,0.275,-2.5,-1.467,0.003,0.003,8769.0,6124.0,1.0
"alpha[Martinez, J.D.]",-2.717,0.304,-3.301,-2.16,0.004,0.003,7463.0,5890.0,1.0
"alpha[Tsutsugo, Yoshi]",-2.49,0.321,-3.09,-1.86,0.004,0.003,6644.0,5646.0,1.0
"alpha[Wade Jr., LaMonte]",-2.093,0.234,-2.542,-1.661,0.003,0.003,8485.0,5975.0,1.0
"alpha[Winker, Jesse]",-2.551,0.189,-2.905,-2.19,0.002,0.002,6177.0,5832.0,1.0
"alpha[Brinson, Lewis]",-2.418,0.225,-2.856,-2.016,0.003,0.002,7514.0,6252.0,1.0
"alpha[Fuentes, Joshua]",-2.102,0.489,-2.991,-1.168,0.005,0.006,9419.0,6383.0,1.0
"alpha[Dahl, David]",-2.537,0.248,-3.009,-2.076,0.003,0.003,6816.0,6054.0,1.0
"alpha[Demeritte, Travis]",-2.03,0.294,-2.579,-1.474,0.003,0.003,8898.0,5940.0,1.0
"alpha[Rodríguez, Sean]",-2.15,0.47,-3.048,-1.293,0.004,0.006,12570.0,5944.0,1.0
"alpha[Muñoz, Yairo]",-2.33,0.387,-3.06,-1.601,0.004,0.005,8869.0,5631.0,1.0
"alpha[Reynolds, Bryan]",-1.828,0.134,-2.075,-1.581,0.002,0.001,5764.0,5955.0,1.0
"alpha[Hernández, Enrique]",-1.491,0.165,-1.794,-1.164,0.002,0.002,6133.0,5598.0,1.0
"alpha[Dean, Austin]",-2.572,0.409,-3.378,-1.841,0.004,0.005,10733.0,6248.0,1.0
"alpha[Ravelo, Rangel]",-2.483,0.436,-3.321,-1.69,0.005,0.005,8422.0,5876.0,1.0
"alpha[Taylor, Tyrone]",-1.703,0.166,-2.004,-1.383,0.002,0.002,6689.0,5719.0,1.0
"alpha[Garlick, Kyle]",-2.766,0.263,-3.256,-2.274,0.003,0.003,6518.0,5951.0,1.0
"alpha[Peterson, Jace]",-2.558,0.295,-3.106,-2.002,0.003,0.003,8519.0,5496.0,1.0
"alpha[Andujar, Miguel]",-2.354,0.245,-2.826,-1.911,0.003,0.003,6640.0,6044.0,1.0
"alpha[Holt, Brock]",-2.337,0.404,-3.083,-1.576,0.004,0.005,9302.0,6073.0,1.0
"alpha[Joyce, Matt]",-2.406,0.292,-2.967,-1.867,0.003,0.003,8077.0,6540.0,1.0
"alpha[Tauchman, Mike]",-1.843,0.196,-2.216,-1.485,0.002,0.002,6904.0,5117.0,1.0
"alpha[Martin, Jason]",-2.179,0.276,-2.702,-1.668,0.003,0.003,8778.0,6188.0,1.0
"alpha[Basabe, Luis Alexander]",-2.081,0.43,-2.855,-1.254,0.004,0.005,9185.0,5565.0,1.0
"alpha[Peraza, José]",-2.529,0.443,-3.339,-1.678,0.005,0.005,9233.0,5357.0,1.0
"alpha[Long Jr., Shed]",-2.366,0.351,-3.008,-1.7,0.004,0.004,8072.0,4870.0,1.0
"alpha[Rojas, Josh]",-2.305,0.303,-2.861,-1.722,0.003,0.003,8767.0,5943.0,1.0
"alpha[Thaiss, Matt]",-2.19,0.469,-3.055,-1.284,0.005,0.005,8467.0,5993.0,1.0
"alpha[Varsho, Daulton]",-1.781,0.147,-2.059,-1.505,0.002,0.001,5868.0,5968.0,1.0
"alpha[Strange-Gordon, Dee]",-2.097,0.409,-2.852,-1.318,0.004,0.005,9370.0,5826.0,1.0
"alpha[Heineman, Scott]",-1.744,0.354,-2.403,-1.084,0.004,0.004,8052.0,5527.0,1.0
"alpha[Choo, Shin-Soo]",-2.191,0.374,-2.912,-1.512,0.004,0.005,9164.0,5477.0,1.0
"alpha[Fisher, Derek]",-2.499,0.412,-3.287,-1.755,0.004,0.005,8710.0,5962.0,1.0
"alpha[Souza Jr., Steven]",-2.334,0.384,-3.077,-1.636,0.004,0.004,8078.0,5117.0,1.0
"alpha[Merrifield, Whit]",-2.208,0.19,-2.576,-1.863,0.002,0.002,6217.0,6324.0,1.0
"alpha[Ramírez, Harold]",-2.569,0.217,-2.972,-2.156,0.003,0.002,6786.0,5942.0,1.0
"alpha[Bruce, Jay]",-1.788,0.405,-2.536,-1.013,0.004,0.005,9364.0,5249.0,1.0
"alpha[Walker, Neil]",-2.21,0.482,-3.082,-1.263,0.005,0.006,10332.0,5744.0,1.0
"alpha[Barreto, Franklin]",-2.117,0.466,-2.999,-1.244,0.005,0.005,9458.0,6214.0,1.0
"alpha[Rooker, Brent]",-2.694,0.227,-3.128,-2.281,0.003,0.002,7189.0,5913.0,1.0
"alpha[Gosselin, Phil]",-2.406,0.283,-2.922,-1.865,0.003,0.003,9133.0,6330.0,1.0
"alpha[Haggerty, Sam]",-1.421,0.223,-1.84,-1.005,0.003,0.002,7115.0,5031.0,1.0
"alpha[Harrison, Josh]",-2.843,0.328,-3.446,-2.228,0.004,0.003,7894.0,6130.0,1.0
"alpha[Dozier, Hunter]",-2.676,0.221,-3.095,-2.273,0.003,0.002,6328.0,5552.0,1.0
"alpha[Alford, Anthony]",-2.279,0.269,-2.783,-1.774,0.003,0.003,7760.0,6051.0,1.0
"alpha[Verdugo, Alex]",-2.416,0.146,-2.698,-2.151,0.002,0.002,5650.0,5806.0,1.0
"alpha[Payton, Mark]",-2.301,0.407,-3.057,-1.553,0.004,0.005,9306.0,6301.0,1.0
"alpha[Goodwin, Brian]",-2.326,0.214,-2.706,-1.898,0.003,0.002,6623.0,5928.0,1.0
"alpha[Jay, Jon]",-1.993,0.367,-2.714,-1.333,0.004,0.004,10076.0,5864.0,1.0
"alpha[Santana, Domingo]",-2.191,0.373,-2.923,-1.526,0.004,0.004,8692.0,5562.0,1.0
"alpha[Mathias, Mark]",-2.024,0.397,-2.757,-1.247,0.004,0.004,9328.0,5924.0,1.0
"alpha[Pillar, Kevin]",-2.03,0.176,-2.367,-1.708,0.002,0.002,6882.0,6000.0,1.0
"alpha[Allen, Greg]",-2.133,0.25,-2.589,-1.665,0.003,0.003,7405.0,5746.0,1.0
"alpha[Williams, Mason]",-2.015,0.383,-2.707,-1.273,0.004,0.004,8463.0,6053.0,1.0
"alpha[Pache, Cristian]",-1.219,0.186,-1.561,-0.859,0.002,0.002,8586.0,6010.0,1.0
"alpha[Freeman, Mike]",-1.977,0.478,-2.857,-1.061,0.005,0.006,10440.0,5732.0,1.0
"alpha[Stubbs, Garrett]",-2.066,0.478,-2.937,-1.146,0.005,0.005,9940.0,6154.0,1.0
"alpha[González, Luis]",-2.396,0.24,-2.872,-1.97,0.003,0.003,7015.0,6234.0,1.0
"alpha[Pérez, Hernán]",-2.046,0.45,-2.862,-1.212,0.005,0.005,8912.0,5771.0,1.0
"alpha[Pence, Hunter]",-1.9,0.425,-2.745,-1.146,0.004,0.005,10419.0,5661.0,1.0
"alpha[Biggio, Cavan]",-2.273,0.283,-2.803,-1.741,0.003,0.003,10054.0,6271.0,1.0
"alpha[Smith Jr., Dwight]",-2.476,0.36,-3.2,-1.856,0.004,0.004,9052.0,6041.0,1.0
"alpha[Valaika, Pat]",-2.113,0.454,-3.018,-1.31,0.005,0.005,8788.0,5645.0,1.0
"alpha[Yastrzemski, Mike]",-1.968,0.143,-2.235,-1.702,0.002,0.002,6373.0,6302.0,1.0
"alpha[Zimmer, Bradley]",-1.273,0.2,-1.635,-0.892,0.002,0.002,8367.0,6724.0,1.0
"alpha[Bryant, Kris]",-2.679,0.205,-3.05,-2.284,0.003,0.002,4587.0,5831.0,1.0
"alpha[Velazquez, Andrew]",-2.082,0.455,-2.948,-1.24,0.005,0.005,7017.0,5138.0,1.0
"alpha[Mateo, Jorge]",-2.013,0.37,-2.716,-1.315,0.004,0.004,10138.0,5907.0,1.0
"alpha[Hampson, Garrett]",-1.847,0.187,-2.201,-1.501,0.002,0.002,7449.0,5806.0,1.0
"alpha[Benintendi, Andrew]",-2.219,0.153,-2.504,-1.932,0.002,0.002,6315.0,6687.0,1.0
"alpha[Refsnyder, Rob]",-2.159,0.205,-2.546,-1.773,0.002,0.002,6852.0,6348.0,1.0
"alpha[Kemp, Matt]",-2.099,0.478,-2.983,-1.218,0.005,0.006,10872.0,5553.0,1.0
"alpha[Slater, Austin]",-1.431,0.17,-1.75,-1.116,0.002,0.002,6178.0,6267.0,1.0
"alpha[Almonte, Abraham]",-2.337,0.287,-2.862,-1.79,0.004,0.003,6696.0,5871.0,1.0
"alpha[Brosseau, Mike]",-2.3,0.453,-3.081,-1.394,0.005,0.005,9141.0,5971.0,1.0
"alpha[Evans, Phillip]",-2.057,0.351,-2.739,-1.416,0.004,0.004,8629.0,5947.0,1.0
"alpha[Owings, Chris]",-2.328,0.378,-3.067,-1.65,0.004,0.005,10468.0,5010.0,1.0
"alpha[Mullins, Cedric]",-1.326,0.122,-1.547,-1.091,0.002,0.001,6592.0,6185.0,1.0
"alpha[García, Adolis]",-1.956,0.141,-2.219,-1.69,0.002,0.001,5943.0,5959.0,1.0
"alpha[Ervin, Phillip]",-1.948,0.338,-2.569,-1.305,0.004,0.004,9119.0,5865.0,1.0
"alpha[Hermosillo, Michael]",-1.747,0.299,-2.315,-1.193,0.003,0.003,8782.0,6225.0,1.0
"alpha[Davis, J.D.]",-2.754,0.417,-3.561,-1.989,0.005,0.005,7322.0,5324.0,1.0
"alpha[Mejia, Erick]",-2.215,0.47,-3.071,-1.315,0.005,0.005,8832.0,6376.0,1.0
"alpha[Johnson, Daniel]",-2.104,0.328,-2.726,-1.501,0.004,0.004,8281.0,6134.0,1.0
"alpha[Cordero, Franchy]",-2.352,0.237,-2.786,-1.898,0.003,0.003,8696.0,6308.0,1.0
"alpha[Delmonico, Nicky]",-2.426,0.445,-3.27,-1.59,0.005,0.005,9541.0,5905.0,1.0
"alpha[Marte, Starling]",-2.027,0.143,-2.281,-1.748,0.002,0.001,5738.0,6336.0,1.0
"alpha[Bonifácio, Emilio]",-2.102,0.477,-2.995,-1.196,0.004,0.006,11451.0,6184.0,1.0
"alpha[Hoerner, Nico]",-2.172,0.454,-3.044,-1.339,0.004,0.005,10290.0,5836.0,1.0
"alpha[Santander, Anthony]",-2.568,0.157,-2.866,-2.28,0.002,0.002,5615.0,6058.0,1.0
"alpha[Gamel, Ben]",-2.732,0.187,-3.064,-2.361,0.002,0.002,6132.0,5938.0,1.0
"alpha[McBroom, Ryan]",-2.264,0.482,-3.175,-1.375,0.005,0.006,8613.0,5935.0,1.0
"alpha[Reyes, Franmil]",-2.611,0.336,-3.229,-1.974,0.004,0.004,6930.0,5843.0,1.0
"alpha[McCarthy, Joe]",-2.388,0.447,-3.202,-1.536,0.005,0.005,9605.0,6118.0,1.0
"alpha[Alvarez, Yordan]",-2.806,0.228,-3.238,-2.385,0.003,0.002,6332.0,5427.0,1.0
"alpha[Santana, Danny]",-1.912,0.363,-2.571,-1.225,0.004,0.004,8166.0,6126.0,1.0
"alpha[Ramos, Henry]",-2.133,0.344,-2.768,-1.501,0.004,0.004,9306.0,5857.0,1.0
"alpha[Haase, Eric]",-2.05,0.316,-2.659,-1.473,0.004,0.004,6594.0,5931.0,1.0
"alpha[Miller, Brian]",-2.048,0.482,-2.928,-1.118,0.005,0.006,10640.0,6079.0,1.0
"alpha[Gallo, Joey]",-2.279,0.159,-2.583,-1.986,0.002,0.002,5984.0,5960.0,1.0
"alpha[Deichmann, Greg]",-2.206,0.449,-3.059,-1.355,0.004,0.005,10831.0,6048.0,1.0
"alpha[Rondon, José]",-2.246,0.42,-3.01,-1.442,0.004,0.005,9483.0,6290.0,1.0
"alpha[Nevin, Tyler]",-2.214,0.388,-2.935,-1.478,0.004,0.004,9138.0,6021.0,1.0
"alpha[Bell, Josh]",-2.371,0.436,-3.21,-1.568,0.004,0.005,9785.0,5609.0,1.0
"alpha[Hernández, Teoscar]",-2.235,0.149,-2.513,-1.949,0.002,0.001,5935.0,5768.0,1.0
"alpha[McKenna, Ryan]",-1.562,0.194,-1.941,-1.222,0.002,0.002,6508.0,6240.0,1.0
"alpha[Gordon, Nick]",-2.011,0.206,-2.41,-1.637,0.002,0.002,7136.0,5451.0,1.0
"alpha[Isbel, Kyle]",-1.257,0.162,-1.547,-0.942,0.002,0.002,7955.0,6329.0,1.0
"alpha[Marisnick, Jake]",-1.454,0.216,-1.85,-1.039,0.002,0.002,8528.0,5947.0,1.0
"alpha[Schrock, Max]",-2.217,0.365,-2.934,-1.561,0.004,0.004,9772.0,5493.0,1.0
"alpha[Friedl, TJ]",-1.569,0.18,-1.906,-1.23,0.002,0.002,7111.0,6424.0,1.0
"alpha[Ortega, Rafael]",-1.981,0.181,-2.317,-1.637,0.002,0.002,6185.0,5345.0,1.0
"alpha[Brown, Seth]",-2.068,0.177,-2.416,-1.753,0.002,0.002,6071.0,5872.0,1.0
"alpha[Herrera, Odúbel]",-1.443,0.176,-1.761,-1.098,0.002,0.002,7880.0,6364.0,1.0
"alpha[Stephenson, Tyler]",-2.331,0.478,-3.215,-1.441,0.005,0.005,8958.0,6473.0,1.0
"alpha[Peters, DJ]",-1.918,0.254,-2.38,-1.429,0.003,0.003,7970.0,6051.0,1.0
"alpha[Lagares, Juan]",-2.163,0.22,-2.569,-1.747,0.003,0.002,7155.0,6383.0,1.0
"alpha[Hernandez, Yadiel]",-2.348,0.216,-2.739,-1.931,0.003,0.002,6719.0,6328.0,1.0
"alpha[Dyson, Jarrod]",-1.822,0.23,-2.265,-1.416,0.003,0.003,7421.0,5593.0,1.0
"alpha[Castro, Willi]",-2.19,0.192,-2.556,-1.838,0.002,0.002,6920.0,6177.0,1.0
"alpha[Stanton, Giancarlo]",-2.511,0.231,-2.97,-2.099,0.003,0.003,6708.0,5924.0,1.0
"alpha[Nootbaar, Lars]",-2.213,0.174,-2.545,-1.892,0.002,0.002,6207.0,5275.0,1.0
"alpha[Hamilton, Billy]",-1.431,0.299,-1.989,-0.857,0.003,0.003,9220.0,5612.0,1.0
"alpha[DeShields, Delino]",-1.931,0.266,-2.427,-1.428,0.003,0.003,9414.0,6066.0,1.0
"alpha[Martini, Nick]",-2.597,0.373,-3.324,-1.921,0.004,0.004,9557.0,6163.0,1.0
"alpha[Cameron, Daz]",-2.116,0.248,-2.592,-1.663,0.003,0.003,7052.0,6485.0,1.0
"alpha[Baddoo, Akil]",-1.783,0.157,-2.075,-1.488,0.002,0.002,5946.0,5923.0,1.0
"alpha[Rojas, Jose]",-2.164,0.315,-2.771,-1.592,0.003,0.003,9089.0,5976.0,1.0
"alpha[McCormick, Chas]",-1.473,0.146,-1.747,-1.196,0.002,0.001,6069.0,6462.0,1.0
"alpha[Wisdom, Patrick]",-2.73,0.31,-3.299,-2.126,0.003,0.003,9690.0,6307.0,1.0
"alpha[Bolt, Skye]",-1.796,0.268,-2.28,-1.28,0.003,0.003,8382.0,6231.0,1.0
"alpha[Wong, Kean]",-2.182,0.421,-2.961,-1.36,0.004,0.005,10033.0,5005.0,1.0
"alpha[Meyers, Jake]",-1.355,0.177,-1.684,-1.032,0.002,0.002,8082.0,6774.0,1.0
"alpha[Arraez, Luis]",-2.434,0.359,-3.087,-1.754,0.004,0.004,8627.0,5602.0,1.0
"alpha[Bauers, Jake]",-2.644,0.246,-3.087,-2.169,0.003,0.003,5563.0,6000.0,1.0
"alpha[Lux, Gavin]",-2.37,0.285,-2.919,-1.852,0.003,0.003,7180.0,5831.0,1.0
"alpha[Vilade, Ryan]",-2.297,0.491,-3.218,-1.369,0.005,0.006,8712.0,5496.0,1.0
"alpha[Wade, Tyler]",-2.09,0.338,-2.714,-1.461,0.004,0.004,8868.0,6015.0,1.0
"alpha[Siri, Jose]",-1.321,0.168,-1.62,-0.993,0.002,0.002,7816.0,5579.0,1.0
"alpha[Vierling, Matt]",-1.955,0.171,-2.284,-1.638,0.002,0.002,7085.0,6049.0,1.0
"alpha[De La Cruz, Bryan]",-2.221,0.167,-2.539,-1.913,0.002,0.002,5679.0,5515.0,1.0
"alpha[Rivas III, Alfonso]",-2.258,0.427,-3.045,-1.455,0.005,0.005,8895.0,5999.0,1.0
"alpha[Adell, Jo]",-2.321,0.197,-2.684,-1.946,0.002,0.002,7134.0,5570.0,1.0
"alpha[Lowe, Josh]",-2.264,0.211,-2.664,-1.879,0.003,0.002,6934.0,6152.0,1.0
"alpha[Myers, Wil]",-2.316,0.192,-2.684,-1.96,0.002,0.002,6578.0,5622.0,1.0
"alpha[Sheets, Gavin]",-2.613,0.222,-3.029,-2.193,0.003,0.002,7117.0,6098.0,1.0
"alpha[Gonzalez, Romy]",-1.9,0.46,-2.75,-1.026,0.005,0.005,9089.0,5869.0,1.0
"alpha[Ruiz, Rio]",-2.107,0.479,-3.029,-1.252,0.005,0.005,10187.0,6146.0,1.0
"alpha[Naquin, Tyler]",-2.381,0.181,-2.713,-2.025,0.002,0.002,5700.0,5432.0,1.0
"alpha[Vaughn, Andrew]",-2.701,0.207,-3.1,-2.317,0.003,0.002,6331.0,5928.0,1.0
"alpha[Alfaro, Jorge]",-2.436,0.403,-3.195,-1.696,0.004,0.005,8787.0,5673.0,1.0
"alpha[Fairchild, Stuart]",-1.767,0.223,-2.174,-1.335,0.002,0.002,8500.0,6160.0,1.0
"alpha[Davis, Khris]",-1.971,0.457,-2.811,-1.11,0.004,0.005,10360.0,6129.0,1.0
"alpha[Joe, Connor]",-2.457,0.204,-2.834,-2.07,0.003,0.002,6249.0,5617.0,1.0
"alpha[Reyes, Pablo]",-2.094,0.494,-2.987,-1.133,0.004,0.006,12280.0,5418.0,1.0
"alpha[Arcia, Orlando]",-2.038,0.367,-2.744,-1.391,0.004,0.004,10001.0,6405.0,1.0
"alpha[Thomas, Lane]",-2.167,0.15,-2.439,-1.88,0.002,0.002,5630.0,5753.0,1.0
"alpha[Smith, Kevin]",-2.195,0.475,-3.033,-1.27,0.005,0.005,9866.0,5693.0,1.0
"alpha[Lamb, Jake]",-2.578,0.356,-3.222,-1.89,0.004,0.004,9937.0,6058.0,1.0
"alpha[Ibáñez, Andy]",-1.91,0.397,-2.633,-1.154,0.005,0.004,7774.0,6113.0,1.0
"alpha[Jones, Taylor]",-2.934,0.417,-3.705,-2.159,0.004,0.005,9681.0,6147.0,1.0
"alpha[Drury, Brandon]",-2.014,0.432,-2.81,-1.204,0.004,0.005,10402.0,6310.0,1.0
"alpha[Park, Hoy]",-2.522,0.415,-3.301,-1.759,0.004,0.005,9753.0,6327.0,1.0
"alpha[Larnach, Trevor]",-2.428,0.203,-2.804,-2.04,0.003,0.002,6354.0,6067.0,1.0
"alpha[Culberson, Charlie]",-2.422,0.369,-3.146,-1.756,0.004,0.004,11044.0,6003.0,1.0
"alpha[McKinstry, Zach]",-1.771,0.246,-2.208,-1.284,0.003,0.003,8801.0,6129.0,1.0
"alpha[Robson, Jacob]",-2.101,0.478,-2.968,-1.165,0.005,0.006,7740.0,5469.0,1.0
"alpha[Williams, Luke]",-1.898,0.357,-2.575,-1.243,0.004,0.004,8430.0,6231.0,1.0
"alpha[Goodrum, Niko]",-2.141,0.408,-2.918,-1.374,0.005,0.005,8071.0,5268.0,1.0
"alpha[Duran, Jarren]",-1.951,0.187,-2.303,-1.602,0.002,0.002,6581.0,5932.0,1.0
"alpha[García, Leury]",-1.91,0.239,-2.361,-1.471,0.003,0.002,6573.0,5983.0,1.0
"alpha[Fargas, Johneshwy]",-1.828,0.397,-2.571,-1.078,0.004,0.005,9493.0,5672.0,1.0
"alpha[Reddick, Josh]",-2.533,0.247,-3.003,-2.072,0.003,0.003,7486.0,5734.0,1.0
"alpha[Estrada, Thairo]",-2.332,0.397,-3.021,-1.541,0.004,0.004,7841.0,5790.0,1.0
"alpha[VanMeter, Josh]",-2.138,0.475,-3.034,-1.247,0.005,0.006,9586.0,5604.0,1.0
"alpha[Parra, Gerardo]",-2.237,0.359,-2.91,-1.561,0.004,0.004,8807.0,5056.0,1.0
"alpha[Bradley Jr., Jackie]",-1.614,0.145,-1.899,-1.354,0.002,0.002,6639.0,6092.0,1.0
"alpha[Raley, Luke]",-2.154,0.243,-2.645,-1.722,0.003,0.003,7959.0,6206.0,1.0
"alpha[LaMarre, Ryan]",-2.022,0.443,-2.848,-1.185,0.005,0.005,9367.0,5904.0,1.0
"alpha[Berti, Jon]",-2.082,0.29,-2.607,-1.526,0.003,0.003,7674.0,6281.0,1.0
"alpha[Thomas, Dillon]",-2.054,0.417,-2.848,-1.263,0.005,0.005,8565.0,5755.0,1.0
"alpha[Reks, Zach]",-2.389,0.372,-3.117,-1.724,0.004,0.004,7929.0,5789.0,1.0
"alpha[Wilson, Jacob]",-2.083,0.477,-2.98,-1.177,0.005,0.005,9577.0,5437.0,1.0
"alpha[Sánchez, Jesús]",-1.969,0.169,-2.282,-1.645,0.002,0.002,6740.0,5930.0,1.0
"alpha[Heredia, Guillermo]",-1.547,0.205,-1.944,-1.171,0.002,0.002,8072.0,5860.0,1.0
"alpha[Jankowski, Travis]",-1.879,0.206,-2.264,-1.495,0.002,0.002,7315.0,6047.0,1.0
"alpha[Pinder, Chad]",-2.001,0.208,-2.394,-1.617,0.002,0.002,7800.0,6209.0,1.0
"alpha[Gonzalez, Marwin]",-1.314,0.318,-1.91,-0.712,0.004,0.003,7178.0,5853.0,1.0
"alpha[Clement, Ernie]",-2.353,0.387,-3.041,-1.584,0.004,0.005,9338.0,5861.0,1.0
"alpha[Vosler, Jason]",-2.407,0.461,-3.273,-1.566,0.005,0.006,9639.0,5616.0,1.0
"alpha[McKinney, Billy]",-1.957,0.229,-2.404,-1.544,0.003,0.002,6001.0,5540.0,1.0
"alpha[Kirilloff, Alex]",-2.674,0.254,-3.146,-2.198,0.003,0.003,7836.0,5787.0,1.0
"alpha[Daza, Yonathan]",-1.972,0.169,-2.283,-1.644,0.002,0.002,6674.0,6056.0,1.0
"alpha[Davis, Jaylin]",-1.94,0.368,-2.567,-1.196,0.003,0.004,11121.0,5954.0,1.0
"alpha[Tom, Ka'ai]",-2.301,0.333,-2.906,-1.66,0.003,0.004,9169.0,5947.0,1.0
"alpha[Schebler, Scott]",-2.029,0.377,-2.742,-1.328,0.004,0.004,10248.0,6156.0,1.0
"alpha[O'Hearn, Ryan]",-2.403,0.29,-2.963,-1.889,0.003,0.003,7783.0,6323.0,1.0
"alpha[Wilkerson, Stevie]",-2.03,0.474,-2.962,-1.185,0.005,0.005,8826.0,6033.0,1.0
"alpha[O'Grady, Brian]",-2.219,0.435,-2.971,-1.329,0.005,0.006,8307.0,5649.0,1.0
"alpha[Walton, Donovan]",-1.941,0.464,-2.825,-1.081,0.005,0.005,9013.0,5328.0,1.0
"alpha[Trammell, Taylor]",-2.05,0.237,-2.492,-1.607,0.003,0.003,7942.0,6193.0,1.0
"alpha[Blankenhorn, Travis]",-2.255,0.393,-2.981,-1.524,0.004,0.005,7821.0,5992.0,1.0
"alpha[Marcano, Tucupita]",-2.47,0.334,-3.09,-1.843,0.004,0.004,8182.0,5479.0,1.0
"alpha[Adrianza, Ehire]",-2.288,0.346,-2.954,-1.661,0.004,0.004,9227.0,5865.0,1.0
"alpha[Hiura, Keston]",-2.26,0.434,-3.098,-1.463,0.005,0.005,8918.0,5784.0,1.0
"alpha[Kelenic, Jarred]",-1.807,0.161,-2.106,-1.494,0.002,0.002,6553.0,6175.0,1.0
"alpha[Quinn, Roman]",-1.504,0.238,-1.948,-1.065,0.003,0.003,8170.0,5949.0,1.0
"alpha[Williams, Justin]",-2.56,0.314,-3.141,-1.968,0.004,0.003,7685.0,6403.0,1.0
"alpha[Miller, Brad]",-2.43,0.303,-2.994,-1.862,0.003,0.003,7703.0,5840.0,1.0
"alpha[Vargas, Ildemaro]",-2.006,0.416,-2.776,-1.238,0.004,0.005,9322.0,5740.0,1.0
"alpha[Eaton, Adam]",-1.987,0.221,-2.401,-1.57,0.003,0.002,6426.0,5936.0,1.0
"alpha[Barrera, Luis]",-1.39,0.351,-2.029,-0.722,0.004,0.004,7173.0,5979.0,1.0
"alpha[Hager, Jake]",-2.27,0.467,-3.134,-1.381,0.004,0.005,10920.0,5871.0,1.0
"alpha[Duffy, Matt]",-2.362,0.467,-3.232,-1.468,0.005,0.006,9383.0,5820.0,1.0
"alpha[Neuse, Sheldon]",-2.242,0.473,-3.107,-1.351,0.005,0.006,10035.0,5716.0,1.0
"alpha[Mathisen, Wyatt]",-2.167,0.456,-2.989,-1.276,0.004,0.006,10831.0,5546.0,1.0
"alpha[Ohtani, Shohei]",-2.107,0.477,-3.017,-1.243,0.005,0.005,8255.0,6277.0,1.0
"alpha[Bemboom, Anthony]",-2.101,0.49,-3.064,-1.216,0.005,0.006,10623.0,5239.0,1.0
"alpha[Palacios, Joshua]",-2.06,0.247,-2.519,-1.602,0.003,0.003,7111.0,5668.0,1.0
"alpha[Musgrove, Joe]",-2.096,0.486,-3.047,-1.22,0.005,0.006,9127.0,5861.0,1.0
"alpha[Young, Andrew]",-2.28,0.481,-3.197,-1.408,0.005,0.005,9062.0,5702.0,1.0
"alpha[Jones, JaCoby]",-1.673,0.24,-2.126,-1.219,0.003,0.003,8735.0,5973.0,1.0
"alpha[Blandino, Alex]",-2.112,0.481,-3.011,-1.206,0.005,0.006,10786.0,6022.0,1.0
"alpha[Williams, Nick]",-2.139,0.453,-3.017,-1.322,0.005,0.005,9337.0,6265.0,1.0
"alpha[Farmer, Kyle]",-2.113,0.487,-3.043,-1.222,0.005,0.006,8033.0,5512.0,1.0
"alpha[Kingery, Scott]",-1.898,0.352,-2.567,-1.247,0.004,0.004,7761.0,6200.0,1.0
"alpha[Inciarte, Ender]",-1.542,0.233,-1.978,-1.102,0.003,0.003,7208.0,6110.0,1.0
"alpha[Almora Jr., Albert]",-1.801,0.231,-2.226,-1.361,0.003,0.003,7557.0,6214.0,1.0
"alpha[Kwan, Steven]",-1.874,0.157,-2.165,-1.581,0.002,0.002,5458.0,6179.0,1.0
"alpha[Cabrera, Oswaldo]",-2.069,0.24,-2.506,-1.605,0.003,0.003,6971.0,5929.0,1.0
"alpha[Azócar, José]",-1.666,0.23,-2.103,-1.241,0.003,0.003,8127.0,5366.0,1.0
"alpha[Thompson, Trayce]",-1.847,0.207,-2.229,-1.453,0.002,0.002,6979.0,6410.0,1.0
"alpha[Carroll, Corbin]",-2.1,0.184,-2.442,-1.761,0.002,0.002,6807.0,6601.0,1.0
"alpha[Hicks, Aaron]",-1.925,0.155,-2.206,-1.624,0.002,0.002,6263.0,5674.0,1.0
"alpha[Vavra, Terrin]",-2.56,0.364,-3.252,-1.884,0.004,0.004,8712.0,6302.0,1.0
"alpha[Velázquez, Nelson]",-2.416,0.248,-2.856,-1.93,0.003,0.003,7221.0,5960.0,1.0
"alpha[Bouchard, Sean]",-2.253,0.313,-2.829,-1.662,0.003,0.003,9200.0,6081.0,1.0
"alpha[Vargas, Miguel]",-2.343,0.448,-3.193,-1.51,0.005,0.005,9439.0,6234.0,1.0
"alpha[Bleday, JJ]",-2.121,0.199,-2.5,-1.754,0.002,0.002,7700.0,6274.0,1.0
"alpha[Smith, Josh]",-2.078,0.301,-2.645,-1.506,0.003,0.004,8930.0,6180.0,1.0
"alpha[Brennan, Will]",-1.983,0.221,-2.406,-1.588,0.003,0.002,7281.0,5941.0,1.0
"alpha[Hensley, David]",-2.1,0.484,-2.99,-1.16,0.005,0.006,8732.0,5718.0,1.0
"alpha[Thompson, Bubba]",-1.952,0.265,-2.459,-1.458,0.003,0.003,8046.0,5882.0,1.0
"alpha[Hernández, César]",-2.041,0.407,-2.815,-1.296,0.004,0.005,9751.0,5407.0,1.0
"alpha[Waters, Drew]",-1.888,0.201,-2.248,-1.5,0.003,0.002,6116.0,5492.0,1.0
"alpha[Mancini, Trey]",-2.088,0.343,-2.704,-1.408,0.004,0.004,7638.0,5797.0,1.0
"alpha[Bae, Ji Hwan]",-1.24,0.288,-1.79,-0.708,0.003,0.003,8014.0,5806.0,1.0
"alpha[Yepez, Juan]",-3.028,0.3,-3.574,-2.46,0.003,0.003,7389.0,6308.0,1.0
"alpha[Suwinski, Jack]",-2.061,0.161,-2.376,-1.777,0.002,0.002,6170.0,5959.0,1.0
"alpha[Burdick, Peyton]",-2.348,0.302,-2.924,-1.787,0.003,0.004,8994.0,5826.0,1.0
"alpha[Melendez, MJ]",-2.231,0.191,-2.583,-1.856,0.002,0.002,6923.0,6174.0,1.0
"alpha[Call, Alex]",-1.681,0.182,-2.016,-1.338,0.002,0.002,7393.0,6357.0,1.0
"alpha[Stowers, Kyle]",-2.474,0.306,-3.022,-1.877,0.003,0.003,7687.0,5965.0,1.0
"alpha[Dubón, Mauricio]",-1.378,0.191,-1.742,-1.031,0.002,0.002,7769.0,6304.0,1.0
"alpha[Contreras, Mark]",-1.823,0.334,-2.468,-1.21,0.004,0.004,8678.0,5966.0,1.0
"alpha[Calhoun, Kole]",-2.541,0.195,-2.91,-2.178,0.002,0.002,6124.0,6209.0,1.0
"alpha[Lopez, Alejo]",-1.977,0.467,-2.884,-1.129,0.005,0.005,8428.0,5192.0,1.0
"alpha[Garrett, Stone]",-1.84,0.287,-2.376,-1.304,0.003,0.003,9707.0,6182.0,1.0
"alpha[McCarthy, Jake]",-2.146,0.184,-2.506,-1.811,0.002,0.002,6296.0,6209.0,1.0
"alpha[Palacios, Richie]",-2.243,0.258,-2.726,-1.764,0.003,0.003,7591.0,5996.0,1.0
"alpha[Garcia, Dérmis]",-2.317,0.481,-3.162,-1.369,0.005,0.005,8620.0,5753.0,1.0
"alpha[Encarnacion, Jerar]",-2.117,0.404,-2.864,-1.367,0.004,0.005,8394.0,5711.0,1.0
"alpha[Carpenter, Kerry]",-2.232,0.234,-2.663,-1.793,0.003,0.002,8248.0,6436.0,1.0
"alpha[Donovan, Brendan]",-2.169,0.267,-2.663,-1.654,0.003,0.003,7063.0,6043.0,1.0
"alpha[Benson, Will]",-2.116,0.205,-2.496,-1.726,0.002,0.002,7580.0,6151.0,1.0
"alpha[Thomas, Cody]",-2.504,0.348,-3.159,-1.848,0.003,0.004,10296.0,5917.0,1.0
"alpha[Burleson, Alec]",-2.772,0.261,-3.245,-2.268,0.003,0.003,8411.0,6608.0,1.0
"alpha[Eaton, Nate]",-1.873,0.296,-2.413,-1.307,0.003,0.003,8354.0,5998.0,1.0
"alpha[Gore, Terrance]",-1.998,0.446,-2.859,-1.183,0.005,0.006,8774.0,5329.0,1.0
"alpha[Morel, Christopher]",-2.349,0.242,-2.812,-1.916,0.003,0.003,9349.0,6119.0,1.0
"alpha[Florial, Estevan]",-1.576,0.281,-2.097,-1.036,0.003,0.003,8513.0,5522.0,1.0
"alpha[Aguilar, Ryan]",-1.903,0.425,-2.7,-1.092,0.005,0.005,7497.0,5399.0,1.0
"alpha[Anderson, Brian]",-2.393,0.253,-2.855,-1.899,0.003,0.003,7848.0,5469.0,1.0
"alpha[Johnson, Bryce]",-1.935,0.321,-2.536,-1.326,0.004,0.004,8121.0,5678.0,1.0
"alpha[Ruiz, Esteury]",-1.332,0.194,-1.699,-0.973,0.002,0.002,6687.0,5781.0,1.0
"alpha[Stevenson, Cal]",-1.625,0.348,-2.283,-0.987,0.004,0.004,8224.0,6173.0,1.0
"alpha[Maton, Nick]",-2.328,0.387,-3.041,-1.596,0.004,0.004,8379.0,5604.0,1.0
"alpha[Sosa, Edmundo]",-1.977,0.469,-2.849,-1.104,0.005,0.006,9929.0,5934.0,1.0
"alpha[Beckham, Tim]",-2.26,0.465,-3.13,-1.414,0.005,0.005,8729.0,5697.0,1.0
"alpha[Bernard, Wynton]",-2.143,0.38,-2.855,-1.424,0.004,0.004,10797.0,6221.0,1.0
"alpha[Pratto, Nick]",-2.281,0.324,-2.915,-1.703,0.003,0.004,9288.0,6253.0,1.0
"alpha[Celestino, Gilberto]",-1.659,0.197,-2.028,-1.283,0.002,0.002,7658.0,6359.0,1.0
"alpha[Hernandez, Elier]",-1.907,0.446,-2.759,-1.104,0.005,0.005,7556.0,5800.0,1.0
"alpha[Piscotty, Stephen]",-2.63,0.233,-3.061,-2.182,0.003,0.002,7575.0,6222.0,1.0
"alpha[Lewis, Kyle]",-1.5,0.22,-1.932,-1.11,0.003,0.002,7034.0,5998.0,1.0
"alpha[Meneses, Joey]",-2.461,0.32,-3.054,-1.85,0.003,0.004,8519.0,5645.0,1.0
"alpha[Outman, James]",-1.549,0.195,-1.912,-1.176,0.002,0.002,7164.0,5571.0,1.0
"alpha[Reynolds, Matt]",-2.057,0.413,-2.781,-1.246,0.004,0.005,8574.0,5785.0,1.0
"alpha[Madris, Bligh]",-2.53,0.316,-3.1,-1.914,0.003,0.004,8848.0,5932.0,1.0
"alpha[Marsh, Brandon]",-1.731,0.146,-2.003,-1.463,0.002,0.001,5683.0,5107.0,1.0
"alpha[Mercedes, Yermín]",-2.061,0.472,-2.919,-1.161,0.005,0.006,10114.0,5973.0,1.0
"alpha[Carpenter, Matt]",-2.121,0.379,-2.785,-1.38,0.004,0.004,8973.0,6022.0,1.0
"alpha[Soler, Jorge]",-2.387,0.198,-2.748,-2.005,0.002,0.002,6976.0,6120.0,1.0
"alpha[Clemens, Kody]",-2.188,0.421,-2.995,-1.424,0.004,0.005,10300.0,5632.0,1.0
"alpha[Harrison, Monte]",-1.872,0.332,-2.495,-1.248,0.004,0.004,8464.0,5934.0,1.0
"alpha[Hummel, Cooper]",-2.217,0.346,-2.845,-1.545,0.003,0.004,9906.0,5347.0,1.0
"alpha[Mazara, Nomar]",-2.333,0.223,-2.755,-1.918,0.003,0.002,7526.0,6020.0,1.0
"alpha[Batten, Matthew]",-2.045,0.478,-2.987,-1.199,0.005,0.006,9553.0,5761.0,1.0
"alpha[Alvarez, Eddy]",-2.316,0.448,-3.165,-1.483,0.005,0.005,7662.0,5460.0,1.0
"alpha[Smith-Njigba, Canaan]",-2.389,0.39,-3.12,-1.667,0.004,0.005,9694.0,5865.0,1.0
"alpha[Ramos, Heliot]",-2.324,0.334,-2.959,-1.704,0.004,0.004,9019.0,5745.0,1.0
"alpha[Swaggerty, Travis]",-2.178,0.481,-3.084,-1.256,0.005,0.006,9993.0,5633.0,1.0
"alpha[Walker, Steele]",-2.268,0.406,-3.019,-1.481,0.004,0.005,8653.0,5462.0,1.0
"alpha[Plummer, Nick]",-2.204,0.429,-2.989,-1.369,0.004,0.005,9557.0,5754.0,1.0
"alpha[Rosario, Amed]",-1.682,0.383,-2.418,-0.983,0.004,0.004,8342.0,6129.0,1.0
"alpha[Contreras, William]",-2.532,0.481,-3.447,-1.639,0.004,0.006,11675.0,6004.0,1.0
"alpha[Mayfield, Jack]",-2.342,0.441,-3.162,-1.517,0.004,0.005,11871.0,6042.0,1.0
"alpha[Krizan, Jason]",-2.133,0.481,-3.022,-1.247,0.005,0.006,10227.0,5776.0,1.0
"alpha[Walsh, Jared]",-2.01,0.345,-2.632,-1.341,0.004,0.004,8370.0,5475.0,1.0
"alpha[Mendick, Danny]",-2.372,0.422,-3.183,-1.597,0.004,0.005,9671.0,5698.0,1.0
"alpha[Castellanos, Nick]",-2.539,0.149,-2.821,-2.269,0.002,0.001,4815.0,5803.0,1.0
"alpha[Cruz, Oneil]",-2.177,0.472,-3.037,-1.263,0.004,0.006,11762.0,5629.0,1.0
"alpha[Capel, Conner]",-2.388,0.282,-2.928,-1.87,0.003,0.003,7440.0,6179.0,1.0
"alpha[Haniger, Mitch]",-2.077,0.174,-2.416,-1.764,0.002,0.002,5805.0,5929.0,1.0
"alpha[Grichuk, Randal]",-2.359,0.146,-2.642,-2.089,0.002,0.001,5495.0,5900.0,1.0
"alpha[Senzel, Nick]",-1.741,0.177,-2.09,-1.426,0.002,0.002,7135.0,6005.0,1.0
"alpha[Kiner-Falefa, Isiah]",-1.879,0.251,-2.338,-1.397,0.003,0.003,8864.0,6350.0,1.0
"alpha[Yoshida, Masataka]",-2.684,0.252,-3.165,-2.222,0.003,0.002,7921.0,6616.0,1.0
"alpha[Julks, Corey]",-2.602,0.265,-3.075,-2.091,0.003,0.003,8699.0,6105.0,1.0
"alpha[Sabol, Blake]",-2.07,0.345,-2.697,-1.406,0.003,0.004,9828.0,6427.0,1.0
"alpha[Lukes, Nathan]",-1.9,0.455,-2.699,-1.012,0.004,0.006,11069.0,5746.0,1.0
"alpha[Alu, Jake]",-2.521,0.338,-3.153,-1.877,0.004,0.004,9006.0,5992.0,1.0
"alpha[Miller, Owen]",-2.088,0.469,-2.987,-1.213,0.004,0.006,11014.0,5373.0,1.0
"alpha[Mastrobuoni, Miles]",-2.11,0.438,-2.949,-1.309,0.004,0.005,9688.0,6030.0,1.0
"alpha[Guthrie, Dalton]",-1.976,0.348,-2.642,-1.342,0.003,0.004,10824.0,6026.0,1.0
"alpha[Fletcher, Dominic]",-2.131,0.302,-2.701,-1.567,0.003,0.003,8111.0,6688.0,1.0
"alpha[Perkins, Blake]",-1.44,0.279,-1.96,-0.917,0.003,0.003,8802.0,6242.0,1.0
"alpha[Rengifo, Luis]",-2.261,0.315,-2.839,-1.677,0.003,0.004,9135.0,5873.0,1.0
"alpha[García, Avisaíl]",-2.451,0.173,-2.774,-2.127,0.002,0.002,5570.0,5542.0,1.0
"alpha[Wiemer, Joey]",-1.469,0.202,-1.848,-1.094,0.002,0.002,7263.0,6090.0,1.0
"alpha[Duran, Ezequiel]",-2.531,0.334,-3.166,-1.911,0.004,0.004,8340.0,6119.0,1.0
"alpha[Greene, Riley]",-1.23,0.172,-1.556,-0.915,0.002,0.002,7651.0,5896.0,1.0
"alpha[Walker, Jordan]",-2.822,0.225,-3.238,-2.391,0.003,0.002,6418.0,5168.0,1.0
"alpha[Adams, Jordyn]",-2.276,0.371,-2.985,-1.603,0.004,0.004,8544.0,6070.0,1.0
"alpha[Wisely, Brett]",-2.361,0.383,-3.063,-1.626,0.004,0.004,9304.0,6308.0,1.0
"alpha[Toglia, Michael]",-2.913,0.311,-3.487,-2.316,0.004,0.003,7315.0,6253.0,1.0
"alpha[Cowser, Colton]",-2.356,0.346,-3.031,-1.723,0.004,0.004,9616.0,6225.0,1.0
"alpha[Carter, Evan]",-2.088,0.277,-2.618,-1.58,0.003,0.003,8968.0,5830.0,1.0
"alpha[Wallner, Matt]",-2.589,0.259,-3.085,-2.111,0.003,0.003,7134.0,6246.0,1.0
"alpha[Abreu, Wilyer]",-2.111,0.338,-2.754,-1.481,0.003,0.004,9565.0,6096.0,1.0
"alpha[Kjerstad, Heston]",-2.141,0.464,-3.021,-1.287,0.004,0.005,13018.0,6057.0,1.0
"alpha[Pereira, Everson]",-2.329,0.312,-2.894,-1.726,0.003,0.004,8129.0,5669.0,1.0
"alpha[Conforto, Michael]",-2.828,0.179,-3.17,-2.494,0.002,0.002,5196.0,5375.0,1.0
"alpha[Canzone, Dominic]",-2.132,0.303,-2.707,-1.562,0.003,0.003,9364.0,6138.0,1.0
"alpha[Jones, Nolan]",-2.321,0.218,-2.736,-1.915,0.003,0.002,5719.0,5615.0,1.0
"alpha[Eden, Cam]",-2.093,0.476,-2.95,-1.159,0.005,0.005,10096.0,6206.0,1.0
"alpha[Matos, Luis]",-2.187,0.247,-2.667,-1.739,0.003,0.003,6578.0,5847.0,1.0
"alpha[Blanco, Dairon]",-1.831,0.287,-2.36,-1.289,0.003,0.003,7741.0,5885.0,1.0
"alpha[Steer, Spencer]",-2.479,0.289,-3.029,-1.947,0.003,0.003,7700.0,6231.0,1.0
"alpha[Wall, Forrest]",-2.05,0.477,-2.93,-1.149,0.005,0.005,8531.0,6016.0,1.0
"alpha[Remillard, Zach]",-2.43,0.404,-3.183,-1.673,0.004,0.005,8162.0,5861.0,1.0
"alpha[Frelick, Sal]",-1.274,0.305,-1.823,-0.67,0.003,0.003,8808.0,5627.0,1.0
"alpha[Rutherford, Blake]",-2.161,0.425,-2.969,-1.359,0.004,0.005,9412.0,6174.0,1.0
"alpha[Marlowe, Cade]",-1.767,0.341,-2.382,-1.106,0.004,0.004,8627.0,6411.0,1.0
"alpha[Taylor, Samad]",-2.152,0.407,-2.948,-1.413,0.004,0.005,10332.0,6051.0,1.0
"alpha[Meckler, Wade]",-1.756,0.346,-2.399,-1.085,0.003,0.004,9889.0,6030.0,1.0
"alpha[Martínez, J.P.]",-2.249,0.429,-3.077,-1.455,0.004,0.005,9379.0,5145.0,1.0
"alpha[Schneider, Davis]",-2.061,0.484,-2.994,-1.17,0.005,0.006,9516.0,5453.0,1.0
"alpha[Gonzalez, Oscar]",-2.298,0.208,-2.699,-1.921,0.002,0.002,7261.0,5922.0,1.0
"alpha[Siani, Michael]",-2.337,0.4,-3.072,-1.565,0.005,0.005,7707.0,5409.0,1.0
"alpha[Hopkins, TJ]",-2.012,0.397,-2.754,-1.271,0.004,0.005,9989.0,5803.0,1.0
"alpha[Wilson, Weston]",-2.246,0.445,-3.109,-1.446,0.005,0.005,9144.0,5880.0,1.0
"alpha[Kohlwey, Taylor]",-2.089,0.48,-2.974,-1.181,0.005,0.005,8953.0,6066.0,1.0
"alpha[Lopez, Nicky]",-2.031,0.477,-2.923,-1.145,0.005,0.005,9662.0,6146.0,1.0
"alpha[DeLuca, Jonny]",-2.067,0.358,-2.741,-1.392,0.004,0.004,8656.0,6321.0,1.0
"alpha[Fry, David]",-1.965,0.414,-2.721,-1.18,0.004,0.005,9317.0,5204.0,1.0
"alpha[Freeman, Tyler]",-2.106,0.477,-3.004,-1.201,0.005,0.006,10750.0,5901.0,1.0
"alpha[Heyward, Jason]",-1.959,0.165,-2.267,-1.647,0.002,0.002,6485.0,5745.0,1.0
"alpha[Noda, Ryan]",-2.128,0.473,-3.024,-1.238,0.005,0.005,7999.0,5688.0,1.0
"alpha[Bellinger, Cody]",-1.422,0.138,-1.686,-1.179,0.002,0.001,7208.0,6294.0,1.0
"alpha[Kiermaier, Kevin]",-1.226,0.138,-1.478,-0.961,0.002,0.001,5638.0,6185.0,1.0
"alpha[Laureano, Ramón]",-1.88,0.151,-2.156,-1.591,0.002,0.002,5469.0,5882.0,1.0
"alpha[Robert Jr., Luis]",-1.293,0.139,-1.548,-1.028,0.002,0.001,5955.0,5365.0,1.0
"alpha[Springer, George]",-1.663,0.158,-1.941,-1.353,0.002,0.002,4964.0,5184.0,1.0
"alpha[Kepler, Max]",-2.431,0.157,-2.718,-2.129,0.002,0.002,6307.0,5734.0,1.0
"alpha[Bader, Harrison]",-1.252,0.147,-1.533,-0.977,0.002,0.001,6969.0,5847.0,1.0
"alpha[Straw, Myles]",-1.426,0.126,-1.663,-1.188,0.002,0.001,6519.0,6005.0,1.0
"alpha[Acuña Jr., Ronald]",-2.232,0.169,-2.539,-1.904,0.002,0.002,6035.0,6223.0,1.0
"alpha[Grisham, Trent]",-1.016,0.128,-1.262,-0.779,0.002,0.001,7076.0,6422.0,1.0
"alpha[Buxton, Byron]",-1.176,0.183,-1.532,-0.838,0.002,0.002,7652.0,6116.0,1.0
"alpha[Hill, Derek]",-1.49,0.21,-1.913,-1.117,0.002,0.002,7930.0,6399.0,1.0
"alpha[Taveras, Leody]",-1.435,0.134,-1.682,-1.183,0.002,0.001,5669.0,6204.0,1.0
"alpha[Robles, Victor]",-1.496,0.144,-1.754,-1.215,0.002,0.001,6945.0,5743.0,1.0
"alpha[Lorenzen, Michael]",-2.102,0.466,-2.977,-1.255,0.005,0.005,10608.0,5999.0,1.0
"alpha[Trout, Mike]",-1.52,0.149,-1.805,-1.249,0.002,0.002,6596.0,6095.0,1.0
"alpha[Starling, Bubba]",-1.885,0.371,-2.572,-1.192,0.004,0.004,8220.0,5945.0,1.0
"alpha[Tucker, Cole]",-2.634,0.287,-3.17,-2.089,0.003,0.003,7341.0,5269.0,1.0
"alpha[Torreyes, Ronald]",-1.984,0.476,-2.872,-1.086,0.005,0.006,11037.0,5967.0,1.0
"alpha[Harper, Bryce]",-2.658,0.188,-3.007,-2.299,0.002,0.002,6074.0,6296.0,1.0
"alpha[Marte, Ketel]",-1.883,0.227,-2.293,-1.454,0.003,0.002,7438.0,6229.0,1.0
"alpha[Smith, Mallex]",-2.155,0.39,-2.826,-1.381,0.004,0.004,10233.0,5972.0,1.0
"alpha[Cordell, Ryan]",-1.979,0.48,-2.867,-1.095,0.005,0.006,10337.0,5704.0,1.0
"alpha[Betts, Mookie]",-2.063,0.154,-2.352,-1.776,0.002,0.002,6967.0,5901.0,1.0
"alpha[Cain, Lorenzo]",-1.071,0.224,-1.503,-0.666,0.003,0.002,7794.0,6230.0,1.0
"alpha[Whitefield, Aaron]",-2.104,0.447,-2.93,-1.269,0.004,0.006,10111.0,6009.0,1.0
"alpha[Villar, Jonathan]",-2.002,0.482,-2.936,-1.123,0.005,0.006,10728.0,5975.0,1.0
"alpha[Renfroe, Hunter]",-2.592,0.16,-2.889,-2.294,0.003,0.002,4093.0,5686.0,1.0
"alpha[Barrero, José]",-1.959,0.355,-2.603,-1.274,0.004,0.004,8661.0,5888.0,1.0
"alpha[Tatis Jr., Fernando]",-2.187,0.205,-2.588,-1.817,0.003,0.002,5156.0,5524.0,1.0
"alpha[Judge, Aaron]",-1.841,0.149,-2.12,-1.562,0.002,0.002,5692.0,5786.0,1.0
"alpha[Bruján, Vidal]",-1.99,0.364,-2.655,-1.285,0.004,0.004,9946.0,5904.0,1.0
"alpha[Andreoli, John]",-1.91,0.482,-2.778,-0.991,0.005,0.005,9703.0,6267.0,1.0
"alpha[Difo, Wilmer]",-2.84,0.395,-3.559,-2.076,0.004,0.005,8919.0,6168.0,1.0
"alpha[Fowler, Dustin]",-1.659,0.381,-2.387,-0.957,0.004,0.004,8714.0,5891.0,1.0
"alpha[Hurst, Scott]",-2.09,0.489,-3.012,-1.201,0.005,0.006,9103.0,5965.0,1.0
"alpha[Harris II, Michael]",-1.48,0.155,-1.776,-1.201,0.002,0.002,6908.0,6447.0,1.0
"alpha[Rodríguez, Julio]",-1.123,0.149,-1.413,-0.851,0.002,0.002,8087.0,6159.0,1.0
"alpha[DeLuzio, Ben]",-1.617,0.4,-2.352,-0.851,0.004,0.005,10366.0,6030.0,1.0
"alpha[Mitchell, Garrett]",-1.47,0.308,-2.05,-0.894,0.003,0.004,10378.0,6075.0,1.0
"alpha[Kreidler, Ryan]",-2.161,0.485,-3.078,-1.248,0.005,0.006,10006.0,5789.0,1.0
"alpha[Thomas, Alek]",-1.702,0.157,-2.003,-1.415,0.002,0.002,5674.0,5507.0,1.0
"alpha[Crook, Narciso]",-2.065,0.458,-2.965,-1.249,0.005,0.005,9900.0,5916.0,1.0
"alpha[Lopez, Otto]",-2.135,0.485,-3.044,-1.237,0.005,0.005,9400.0,6294.0,1.0
"alpha[Lee, Khalil]",-2.126,0.444,-2.937,-1.286,0.004,0.005,10675.0,5843.0,1.0
"alpha[Lewis, Royce]",-2.03,0.471,-2.958,-1.187,0.005,0.005,9230.0,6174.0,1.0
"alpha[Hicklen, Brewer]",-2.051,0.475,-2.959,-1.161,0.005,0.006,9147.0,5837.0,1.0
"alpha[McDonald, Mickey]",-2.033,0.475,-2.901,-1.135,0.005,0.005,9485.0,6121.0,1.0
"alpha[Muzziotti, Símon]",-1.737,0.44,-2.578,-0.924,0.004,0.005,10838.0,6135.0,1.0
"alpha[Doyle, Brenton]",-1.457,0.186,-1.797,-1.103,0.002,0.002,7151.0,6343.0,1.0
"alpha[Edwards, Xavier]",-2.347,0.477,-3.197,-1.385,0.005,0.005,8629.0,6231.0,1.0
"alpha[Chisholm Jr., Jazz]",-1.288,0.228,-1.735,-0.887,0.002,0.002,9562.0,6451.0,1.0
"alpha[Colás, Oscar]",-2.188,0.257,-2.684,-1.719,0.003,0.003,7193.0,5864.0,1.0
"alpha[Rafaela, Ceddanne]",-2.228,0.372,-2.902,-1.502,0.004,0.004,8257.0,6061.0,1.0
"alpha[Rojas, Johan]",-0.57,0.274,-1.09,-0.062,0.003,0.003,8740.0,5472.0,1.0
"alpha[Domínguez, Jasson]",-1.86,0.441,-2.705,-1.054,0.005,0.005,8414.0,6012.0,1.0
"alpha[Young, Jacob]",-1.664,0.305,-2.246,-1.104,0.003,0.004,8806.0,6061.0,1.0
"alpha[Fitzgerald, Tyler]",-1.711,0.396,-2.498,-1.014,0.004,0.004,8438.0,5935.0,1.0
"alpha[Meadows, Parker]",-1.18,0.308,-1.753,-0.602,0.003,0.004,9242.0,6016.0,1.0
"alpha[Butler, Lawrence]",-1.594,0.308,-2.177,-1.017,0.003,0.003,8598.0,6032.0,1.0
"alpha[Crow-Armstrong, Pete]",-1.839,0.416,-2.625,-1.073,0.005,0.005,8104.0,5559.0,1.0
"alpha[Canario, Alexander]",-2.347,0.45,-3.205,-1.509,0.004,0.005,10501.0,6294.0,1.0
"alpha[Paris, Kyren]",-2.096,0.484,-2.976,-1.183,0.004,0.006,11775.0,6150.0,1.0
"alpha[Myers, Dane]",-1.634,0.37,-2.317,-0.922,0.004,0.005,10768.0,5670.0,1.0
"alpha[Cabbage, Trey]",-2.021,0.446,-2.889,-1.214,0.005,0.005,9536.0,5826.0,1.0
"alpha[Short, Zack]",-2.293,0.476,-3.19,-1.415,0.005,0.005,8514.0,6178.0,1.0
"alpha[Braun, Ryan]",-2.332,0.382,-3.056,-1.638,0.004,0.004,7942.0,6246.0,1.0
"alpha[Fowler, Dexter]",-2.296,0.334,-2.915,-1.667,0.004,0.004,7765.0,5820.0,1.0
"alpha[Blackmon, Charlie]",-2.817,0.182,-3.158,-2.47,0.002,0.002,5812.0,5866.0,1.0
"alpha[Polanco, Gregory]",-2.47,0.211,-2.873,-2.08,0.003,0.002,7027.0,6284.0,1.0
"alpha[Rickard, Joey]",-2.23,0.467,-3.062,-1.303,0.004,0.006,11608.0,6019.0,1.0
"alpha[Fletcher, David]",-1.983,0.475,-2.846,-1.07,0.004,0.006,11679.0,6005.0,1.0
"alpha[Núñez, Eduardo]",-2.097,0.486,-3.016,-1.193,0.005,0.006,8837.0,5604.0,1.0
"alpha[Motter, Taylor]",-2.005,0.481,-2.854,-1.033,0.005,0.005,10049.0,5891.0,1.0
"alpha[Amburgey, Trey]",-1.803,0.455,-2.618,-0.933,0.005,0.005,9535.0,5629.0,1.0
"alpha[Cooper, Garrett]",-2.581,0.329,-3.217,-1.978,0.004,0.003,7315.0,6019.0,1.0
"alpha[Astudillo, Willians]",-2.132,0.48,-3.013,-1.232,0.005,0.006,9404.0,6224.0,1.0
"alpha[Stokes Jr., Troy]",-2.081,0.437,-2.917,-1.293,0.004,0.005,9874.0,5752.0,1.0
"alpha[Kivlehan, Patrick]",-2.109,0.493,-3.038,-1.174,0.005,0.006,9257.0,6104.0,1.0
"alpha[Owen, Hunter]",-2.228,0.472,-3.135,-1.364,0.005,0.006,9812.0,5266.0,1.0
"alpha[Ray, Corey]",-2.04,0.481,-2.933,-1.117,0.005,0.006,10840.0,6152.0,1.0
"alpha[Suzuki, Seiya]",-2.411,0.187,-2.759,-2.06,0.002,0.002,6222.0,5610.0,1.0
"alpha[Davis, Brendon]",-2.239,0.471,-3.116,-1.357,0.005,0.005,9410.0,5874.0,1.0
"alpha[Mitchell, Cal]",-2.455,0.279,-2.975,-1.924,0.003,0.003,7523.0,5757.0,1.0
"alpha[Castillo, Diego]",-2.459,0.345,-3.101,-1.801,0.003,0.004,9977.0,5615.0,1.0
"alpha[Díaz, Yusniel]",-2.095,0.485,-2.984,-1.157,0.005,0.006,7893.0,5293.0,1.0
"alpha[Arroyo, Christian]",-2.67,0.375,-3.369,-1.955,0.004,0.004,9481.0,6077.0,1.0
"alpha[Wilson, Marcus]",-2.247,0.475,-3.128,-1.365,0.005,0.005,9065.0,5972.0,1.0
"alpha[Alberto, Hanser]",-2.28,0.47,-3.144,-1.375,0.005,0.005,8994.0,5846.0,1.0
"alpha[Abrams, CJ]",-2.059,0.476,-2.935,-1.154,0.005,0.005,10716.0,5655.0,1.0
"alpha[Lopes, Christian]",-2.087,0.479,-2.961,-1.146,0.005,0.006,8546.0,6348.0,1.0
"alpha[Jackson, Drew]",-2.191,0.468,-3.037,-1.311,0.005,0.005,10413.0,5793.0,1.0
"alpha[Arias, Gabriel]",-2.468,0.357,-3.151,-1.797,0.004,0.004,8651.0,6083.0,1.0
"alpha[Odor, Rougned]",-1.973,0.468,-2.848,-1.081,0.005,0.006,9584.0,5594.0,1.0
"alpha[Basabe, Osleivis]",-2.078,0.467,-2.943,-1.188,0.005,0.005,10158.0,6251.0,1.0
"alpha[Goodman, Hunter]",-2.7,0.397,-3.444,-1.952,0.004,0.004,9771.0,5977.0,1.0
"alpha[Davis, Henry]",-2.812,0.272,-3.333,-2.308,0.003,0.003,6359.0,6059.0,1.0
"alpha[Encarnacion-Strand, Christian]",-2.091,0.483,-2.983,-1.186,0.005,0.005,9638.0,6005.0,1.0
"beta_speed[Brantley, Michael]",-18.384,0.737,-19.796,-17.002,0.009,0.008,6079.0,5824.0,1.0
"beta_speed[Arozarena, Randy]",-18.741,0.676,-20.012,-17.509,0.01,0.007,4965.0,5753.0,1.0
"beta_speed[Tucker, Kyle]",-19.153,0.669,-20.378,-17.881,0.01,0.007,4796.0,5592.0,1.0
"beta_speed[Markakis, Nick]",-18.219,0.802,-19.703,-16.684,0.009,0.01,8330.0,5592.0,1.0
"beta_speed[Taylor, Chris]",-18.543,0.714,-19.876,-17.222,0.01,0.008,4847.0,5385.0,1.0
"beta_speed[Margot, Manuel]",-18.54,0.708,-19.89,-17.239,0.009,0.007,5966.0,6070.0,1.0
"beta_speed[Gardner, Brett]",-18.025,0.733,-19.418,-16.662,0.009,0.008,6502.0,5853.0,1.0
"beta_speed[Grossman, Robbie]",-18.695,0.682,-19.999,-17.439,0.01,0.007,4564.0,5744.0,1.0
"beta_speed[Pollock, AJ]",-18.221,0.693,-19.55,-16.96,0.009,0.007,5879.0,5285.0,1.0
"beta_speed[Pederson, Joc]",-18.201,0.69,-19.471,-16.901,0.009,0.008,5817.0,5896.0,1.0
"beta_speed[Meadows, Austin]",-17.628,0.754,-19.091,-16.283,0.01,0.008,5748.0,6101.0,1.0
"beta_speed[Phillips, Brett]",-19.265,0.773,-20.753,-17.856,0.011,0.008,4641.0,5225.0,1.0
"beta_speed[Frazier, Clint]",-18.436,0.773,-19.837,-16.962,0.009,0.01,7939.0,5545.0,1.0
"beta_speed[Sierra, Magneuris]",-18.118,0.773,-19.6,-16.688,0.009,0.01,7823.0,5325.0,1.0
"beta_speed[Dickerson, Corey]",-17.194,0.747,-18.613,-15.788,0.012,0.008,4195.0,4852.0,1.0
"beta_speed[Schwarber, Kyle]",-18.113,0.667,-19.418,-16.911,0.01,0.007,4176.0,5026.0,1.0
"beta_speed[Pham, Tommy]",-18.29,0.665,-19.555,-17.056,0.009,0.007,5290.0,5717.0,1.0
"beta_speed[Carlson, Dylan]",-18.501,0.679,-19.818,-17.282,0.01,0.008,4841.0,5344.0,1.0
"beta_speed[Engel, Adam]",-18.279,0.741,-19.602,-16.811,0.01,0.008,5131.0,5712.0,1.0
"beta_speed[Duvall, Adam]",-18.715,0.693,-20.036,-17.43,0.01,0.008,5201.0,5355.0,1.0
"beta_speed[Akiyama, Shogo]",-18.527,0.784,-20.038,-17.063,0.009,0.009,7872.0,6233.0,1.0
"beta_speed[Yelich, Christian]",-19.254,0.726,-20.666,-17.949,0.012,0.007,3966.0,5621.0,1.0
"beta_speed[Aquino, Aristides]",-18.312,0.751,-19.687,-16.872,0.01,0.008,5879.0,5970.0,1.0
"beta_speed[Gurriel Jr., Lourdes]",-18.594,0.682,-19.909,-17.321,0.009,0.007,5365.0,6152.0,1.0
"beta_speed[Naylor, Josh]",-18.042,0.776,-19.464,-16.576,0.01,0.008,6151.0,6194.0,1.0
"beta_speed[Riddle, JT]",-18.447,0.859,-20.14,-16.926,0.009,0.01,9302.0,5136.0,1.0
"beta_speed[Lowe, Brandon]",-18.232,0.826,-19.804,-16.716,0.008,0.01,9527.0,5991.0,1.0
"beta_speed[Beaty, Matt]",-18.042,0.792,-19.591,-16.588,0.009,0.009,7349.0,5741.0,1.0
"beta_speed[Riley, Austin]",-17.806,0.861,-19.324,-16.133,0.01,0.012,8000.0,5184.0,1.0
"beta_speed[Profar, Jurickson]",-18.416,0.683,-19.717,-17.138,0.01,0.007,4950.0,4998.0,1.0
"beta_speed[Canha, Mark]",-19.212,0.705,-20.52,-17.874,0.012,0.007,3400.0,5791.0,1.0
"beta_speed[Cave, Jake]",-19.335,0.794,-20.835,-17.853,0.013,0.009,4031.0,4850.0,1.0
"beta_speed[Rosario, Eddie]",-17.727,0.674,-19.003,-16.464,0.01,0.007,4213.0,5459.0,1.0
"beta_speed[Stevenson, Andrew]",-18.249,0.791,-19.658,-16.686,0.008,0.009,9065.0,6228.0,1.0
"beta_speed[Davis, Jonathan]",-17.766,0.76,-19.224,-16.354,0.009,0.008,6449.0,6230.0,1.0
"beta_speed[Hays, Austin]",-18.806,0.669,-20.024,-17.498,0.009,0.007,5136.0,5157.0,1.0
"beta_speed[Tapia, Raimel]",-18.008,0.682,-19.293,-16.74,0.01,0.007,4318.0,5747.0,1.0
"beta_speed[Peralta, David]",-19.315,0.7,-20.646,-18.034,0.011,0.007,3726.0,4876.0,1.0
"beta_speed[Happ, Ian]",-17.471,0.651,-18.685,-16.232,0.01,0.006,4018.0,5190.0,1.0
"beta_speed[McCutchen, Andrew]",-18.923,0.742,-20.338,-17.594,0.01,0.008,5658.0,6418.0,1.0
"beta_speed[White, Eli]",-18.232,0.781,-19.713,-16.794,0.009,0.009,7446.0,5910.0,1.0
"beta_speed[Solak, Nick]",-17.946,0.794,-19.434,-16.439,0.01,0.009,5798.0,5532.0,1.0
"beta_speed[Díaz, Aledmys]",-18.19,0.822,-19.732,-16.596,0.008,0.01,9717.0,5895.0,1.0
"beta_speed[Nimmo, Brandon]",-19.096,0.695,-20.476,-17.862,0.01,0.007,4866.0,6169.0,1.0
"beta_speed[Chavis, Michael]",-17.949,0.828,-19.475,-16.354,0.009,0.01,7590.0,5639.0,1.0
"beta_speed[Locastro, Tim]",-18.385,0.773,-19.827,-16.903,0.009,0.009,7288.0,6162.0,1.0
"beta_speed[Mercado, Óscar]",-18.698,0.742,-20.05,-17.287,0.009,0.008,6405.0,6178.0,1.0
"beta_speed[Luplow, Jordan]",-18.787,0.767,-20.217,-17.358,0.01,0.008,6164.0,6364.0,1.0
"beta_speed[Osuna, José]",-18.314,0.843,-19.861,-16.701,0.009,0.01,9094.0,5095.0,1.0
"beta_speed[Edman, Tommy]",-18.295,0.764,-19.699,-16.832,0.009,0.008,6616.0,5626.0,1.0
"beta_speed[Bonifacio, Jorge]",-18.147,0.816,-19.647,-16.584,0.009,0.01,7553.0,5904.0,1.0
"beta_speed[Gordon, Alex]",-18.421,0.808,-19.946,-16.881,0.01,0.01,7241.0,5639.0,1.0
"beta_speed[Upton, Justin]",-18.488,0.769,-19.963,-17.044,0.009,0.008,6696.0,6152.0,1.0
"beta_speed[Lopes, Tim]",-18.049,0.821,-19.635,-16.527,0.009,0.01,7616.0,4961.0,1.0
"beta_speed[Duggar, Steven]",-17.846,0.783,-19.309,-16.391,0.009,0.009,7902.0,6095.0,1.0
"beta_speed[Dickerson, Alex]",-18.367,0.752,-19.811,-16.95,0.01,0.008,6173.0,5865.0,1.0
"beta_speed[Reyes, Victor]",-18.372,0.734,-19.733,-16.987,0.009,0.008,6378.0,6289.0,1.0
"beta_speed[Ward, Taylor]",-19.2,0.723,-20.604,-17.872,0.011,0.008,4203.0,4554.0,1.0
"beta_speed[Bishop, Braden]",-18.47,0.839,-20.08,-16.909,0.009,0.01,8975.0,5668.0,1.0
"beta_speed[Kemp, Tony]",-18.017,0.74,-19.309,-16.512,0.009,0.008,7296.0,6604.0,1.0
"beta_speed[Marmolejos, José]",-18.305,0.823,-19.856,-16.741,0.009,0.01,8426.0,5854.0,1.0
"beta_speed[Puello, César]",-18.165,0.845,-19.728,-16.541,0.009,0.011,8335.0,5504.0,1.0
"beta_speed[Lin, Tzu-Wei]",-18.277,0.845,-19.83,-16.617,0.01,0.01,7903.0,5429.0,1.0
"beta_speed[Stewart, Christin]",-18.338,0.807,-19.857,-16.772,0.008,0.01,9341.0,5690.0,1.0
"beta_speed[O'Neill, Tyler]",-19.292,0.729,-20.64,-17.915,0.011,0.008,4116.0,5785.0,1.0
"beta_speed[Taylor, Michael A.]",-17.708,0.641,-18.945,-16.543,0.009,0.006,5312.0,5935.0,1.0
"beta_speed[Smith, Dominic]",-18.331,0.756,-19.795,-16.981,0.01,0.008,5821.0,5442.0,1.0
"beta_speed[Stewart, DJ]",-18.47,0.736,-19.808,-17.061,0.01,0.007,5881.0,6059.0,1.0
"beta_speed[Jiménez, Eloy]",-17.883,0.768,-19.285,-16.418,0.01,0.008,6172.0,5929.0,1.0
"beta_speed[Heath, Nick]",-18.505,0.848,-20.071,-16.916,0.009,0.011,9036.0,4889.0,1.0
"beta_speed[Castro, Harold]",-17.527,0.827,-19.116,-16.001,0.01,0.01,6775.0,5837.0,1.0
"beta_speed[Maybin, Cameron]",-18.461,0.81,-20.0,-16.947,0.008,0.01,9186.0,5823.0,1.0
"beta_speed[Hilliard, Sam]",-18.392,0.716,-19.752,-17.052,0.009,0.007,6450.0,6278.0,1.0
"beta_speed[Fraley, Jake]",-17.818,0.713,-19.132,-16.487,0.01,0.007,5143.0,6012.0,1.0
"beta_speed[Smith, Pavin]",-18.311,0.73,-19.67,-16.922,0.009,0.008,6088.0,6415.0,1.0
"beta_speed[Mountcastle, Ryan]",-17.922,0.793,-19.408,-16.431,0.009,0.008,6937.0,5304.0,1.0
"beta_speed[Dixon, Brandon]",-18.517,0.857,-20.227,-17.026,0.009,0.01,9468.0,6178.0,1.0
"beta_speed[Oliva, Jared]",-18.352,0.835,-19.925,-16.758,0.009,0.011,7783.0,4430.0,1.0
"beta_speed[Olivares, Edward]",-18.032,0.737,-19.408,-16.64,0.01,0.008,5658.0,5013.0,1.0
"beta_speed[Ozuna, Marcell]",-17.989,0.749,-19.376,-16.566,0.009,0.008,6504.0,5507.0,1.0
"beta_speed[Robertson, Daniel]",-18.302,0.867,-19.986,-16.695,0.009,0.011,8819.0,5510.0,1.0
"beta_speed[Ruf, Darin]",-18.013,0.769,-19.444,-16.512,0.009,0.008,6591.0,5913.0,1.0
"beta_speed[Soto, Juan]",-18.862,0.645,-20.068,-17.673,0.009,0.007,4670.0,5171.0,1.0
"beta_speed[Moniak, Mickey]",-18.862,0.785,-20.342,-17.386,0.01,0.009,6905.0,5367.0,1.0
"beta_speed[McNeil, Jeff]",-18.829,0.762,-20.291,-17.433,0.011,0.008,4912.0,5800.0,1.0
"beta_speed[Frazier, Adam]",-18.781,0.808,-20.299,-17.214,0.01,0.009,6410.0,5644.0,1.0
"beta_speed[Moore, Dylan]",-18.658,0.769,-20.064,-17.172,0.01,0.009,5737.0,5462.0,1.0
"beta_speed[Calhoun, Willie]",-18.133,0.819,-19.723,-16.642,0.01,0.01,7113.0,5078.0,1.0
"beta_speed[Haseley, Adam]",-18.438,0.798,-19.912,-16.915,0.009,0.009,7282.0,5570.0,1.0
"beta_speed[Martinez, J.D.]",-18.079,0.795,-19.644,-16.623,0.009,0.01,7322.0,5786.0,1.0
"beta_speed[Tsutsugo, Yoshi]",-18.121,0.806,-19.637,-16.595,0.01,0.009,6869.0,5271.0,1.0
"beta_speed[Wade Jr., LaMonte]",-18.124,0.753,-19.56,-16.706,0.009,0.008,7408.0,6006.0,1.0
"beta_speed[Winker, Jesse]",-18.624,0.714,-19.982,-17.285,0.01,0.008,5429.0,5477.0,1.0
"beta_speed[Brinson, Lewis]",-18.424,0.751,-19.874,-17.003,0.01,0.008,6121.0,5787.0,1.0
"beta_speed[Fuentes, Joshua]",-18.29,0.86,-19.919,-16.664,0.009,0.01,9673.0,5979.0,1.0
"beta_speed[Dahl, David]",-17.853,0.765,-19.23,-16.394,0.01,0.008,5716.0,6073.0,1.0
"beta_speed[Demeritte, Travis]",-17.9,0.82,-19.428,-16.341,0.01,0.01,6772.0,4830.0,1.0
"beta_speed[Rodríguez, Sean]",-18.291,0.858,-19.929,-16.736,0.01,0.01,7857.0,6009.0,1.0
"beta_speed[Muñoz, Yairo]",-18.385,0.833,-19.939,-16.77,0.009,0.011,9109.0,5896.0,1.0
"beta_speed[Reynolds, Bryan]",-18.144,0.644,-19.357,-16.953,0.01,0.007,4504.0,5280.0,1.0
"beta_speed[Hernández, Enrique]",-17.772,0.717,-19.11,-16.419,0.01,0.008,5181.0,5952.0,1.0
"beta_speed[Dean, Austin]",-17.748,0.844,-19.281,-16.063,0.01,0.01,6922.0,5650.0,1.0
"beta_speed[Ravelo, Rangel]",-18.128,0.839,-19.659,-16.475,0.009,0.011,9259.0,4929.0,1.0
"beta_speed[Taylor, Tyrone]",-17.907,0.702,-19.192,-16.547,0.009,0.007,5529.0,6155.0,1.0
"beta_speed[Garlick, Kyle]",-18.441,0.771,-19.867,-16.922,0.01,0.008,5908.0,5454.0,1.0
"beta_speed[Peterson, Jace]",-18.53,0.793,-20.017,-17.027,0.008,0.009,8838.0,6253.0,1.0
"beta_speed[Andujar, Miguel]",-18.732,0.779,-20.123,-17.206,0.01,0.01,6043.0,5615.0,1.0
"beta_speed[Holt, Brock]",-18.156,0.834,-19.805,-16.627,0.01,0.01,6660.0,5771.0,1.0
"beta_speed[Joyce, Matt]",-18.011,0.779,-19.467,-16.552,0.009,0.009,7876.0,5252.0,1.0
"beta_speed[Tauchman, Mike]",-18.709,0.77,-20.206,-17.317,0.011,0.009,5319.0,5786.0,1.0
"beta_speed[Martin, Jason]",-18.204,0.789,-19.724,-16.75,0.009,0.009,8602.0,5899.0,1.0
"beta_speed[Basabe, Luis Alexander]",-18.353,0.863,-19.964,-16.733,0.009,0.01,9969.0,5660.0,1.0
"beta_speed[Peraza, José]",-17.931,0.862,-19.481,-16.175,0.009,0.011,8786.0,5661.0,1.0
"beta_speed[Long Jr., Shed]",-18.283,0.829,-19.849,-16.742,0.009,0.009,8866.0,5966.0,1.0
"beta_speed[Rojas, Josh]",-18.279,0.795,-19.779,-16.8,0.008,0.009,9075.0,6199.0,1.0
"beta_speed[Thaiss, Matt]",-18.266,0.877,-19.899,-16.587,0.009,0.011,9738.0,5660.0,1.0
"beta_speed[Varsho, Daulton]",-18.195,0.681,-19.456,-16.876,0.01,0.007,5089.0,5483.0,1.0
"beta_speed[Strange-Gordon, Dee]",-18.432,0.828,-20.008,-16.834,0.009,0.01,8926.0,5903.0,1.0
"beta_speed[Heineman, Scott]",-18.661,0.838,-20.233,-17.06,0.009,0.011,8908.0,5887.0,1.0
"beta_speed[Choo, Shin-Soo]",-18.177,0.806,-19.713,-16.677,0.009,0.009,7956.0,5915.0,1.0
"beta_speed[Fisher, Derek]",-18.101,0.854,-19.712,-16.476,0.009,0.011,9496.0,5392.0,1.0
"beta_speed[Souza Jr., Steven]",-17.898,0.821,-19.47,-16.385,0.009,0.009,8640.0,6053.0,1.0
"beta_speed[Merrifield, Whit]",-17.913,0.736,-19.281,-16.511,0.01,0.008,5362.0,6202.0,1.0
"beta_speed[Ramírez, Harold]",-18.514,0.761,-19.932,-17.062,0.009,0.009,6687.0,4854.0,1.0
"beta_speed[Bruce, Jay]",-18.469,0.844,-20.032,-16.84,0.009,0.01,9846.0,6146.0,1.0
"beta_speed[Walker, Neil]",-18.273,0.873,-19.959,-16.653,0.009,0.012,8920.0,5864.0,1.0
"beta_speed[Barreto, Franklin]",-18.326,0.863,-19.959,-16.673,0.009,0.012,9741.0,5063.0,1.0
"beta_speed[Rooker, Brent]",-18.367,0.753,-19.771,-16.931,0.01,0.008,5934.0,4924.0,1.0
"beta_speed[Gosselin, Phil]",-17.87,0.784,-19.285,-16.338,0.009,0.008,7829.0,6662.0,1.0
"beta_speed[Haggerty, Sam]",-18.175,0.778,-19.651,-16.734,0.009,0.008,7052.0,6143.0,1.0
"beta_speed[Harrison, Josh]",-17.948,0.818,-19.457,-16.389,0.009,0.009,7548.0,5681.0,1.0
"beta_speed[Dozier, Hunter]",-18.595,0.751,-19.98,-17.141,0.009,0.008,6534.0,5812.0,1.0
"beta_speed[Alford, Anthony]",-17.952,0.809,-19.493,-16.454,0.01,0.01,6896.0,6033.0,1.0
"beta_speed[Verdugo, Alex]",-17.619,0.643,-18.822,-16.425,0.01,0.007,4259.0,5167.0,1.0
"beta_speed[Payton, Mark]",-18.326,0.832,-19.865,-16.745,0.01,0.009,7643.0,5655.0,1.0
"beta_speed[Goodwin, Brian]",-18.115,0.757,-19.529,-16.7,0.01,0.009,5772.0,5769.0,1.0
"beta_speed[Jay, Jon]",-18.342,0.816,-19.92,-16.847,0.009,0.009,8672.0,5563.0,1.0
"beta_speed[Santana, Domingo]",-18.129,0.84,-19.653,-16.493,0.008,0.01,10329.0,6296.0,1.0
"beta_speed[Mathias, Mark]",-18.452,0.838,-19.991,-16.831,0.009,0.01,8206.0,5853.0,1.0
"beta_speed[Pillar, Kevin]",-18.485,0.739,-19.952,-17.14,0.009,0.008,6315.0,5762.0,1.0
"beta_speed[Allen, Greg]",-17.992,0.775,-19.485,-16.595,0.01,0.008,6448.0,5654.0,1.0
"beta_speed[Williams, Mason]",-18.43,0.829,-19.928,-16.835,0.009,0.01,9431.0,6067.0,1.0
"beta_speed[Pache, Cristian]",-17.678,0.749,-19.076,-16.246,0.01,0.009,5859.0,5507.0,1.0
"beta_speed[Freeman, Mike]",-18.395,0.859,-20.014,-16.808,0.008,0.012,12544.0,5036.0,1.0
"beta_speed[Stubbs, Garrett]",-18.331,0.882,-19.971,-16.652,0.009,0.011,8743.0,5846.0,1.0
"beta_speed[González, Luis]",-17.889,0.77,-19.299,-16.411,0.01,0.008,6004.0,5953.0,1.0
"beta_speed[Pérez, Hernán]",-18.362,0.835,-19.935,-16.808,0.009,0.01,8955.0,5861.0,1.0
"beta_speed[Pence, Hunter]",-18.389,0.86,-20.13,-16.85,0.009,0.01,9615.0,5954.0,1.0
"beta_speed[Biggio, Cavan]",-18.069,0.797,-19.522,-16.556,0.009,0.01,8410.0,5385.0,1.0
"beta_speed[Smith Jr., Dwight]",-17.695,0.831,-19.308,-16.194,0.01,0.01,7599.0,6067.0,1.0
"beta_speed[Valaika, Pat]",-18.172,0.837,-19.745,-16.598,0.009,0.011,9202.0,5433.0,1.0
"beta_speed[Yastrzemski, Mike]",-18.138,0.667,-19.415,-16.922,0.009,0.007,5957.0,5636.0,1.0
"beta_speed[Zimmer, Bradley]",-18.216,0.771,-19.572,-16.682,0.009,0.008,7300.0,6276.0,1.0
"beta_speed[Bryant, Kris]",-19.065,0.779,-20.53,-17.612,0.012,0.009,4270.0,5052.0,1.0
"beta_speed[Velazquez, Andrew]",-18.319,0.876,-19.934,-16.606,0.009,0.011,9361.0,5385.0,1.0
"beta_speed[Mateo, Jorge]",-18.536,0.831,-20.094,-16.973,0.009,0.01,7831.0,5518.0,1.0
"beta_speed[Hampson, Garrett]",-18.296,0.727,-19.647,-16.899,0.009,0.008,7075.0,6196.0,1.0
"beta_speed[Benintendi, Andrew]",-18.29,0.662,-19.533,-17.062,0.009,0.007,5275.0,6034.0,1.0
"beta_speed[Refsnyder, Rob]",-18.028,0.75,-19.455,-16.631,0.01,0.008,6078.0,5888.0,1.0
"beta_speed[Kemp, Matt]",-18.311,0.846,-19.932,-16.75,0.01,0.011,7768.0,5441.0,1.0
"beta_speed[Slater, Austin]",-17.84,0.732,-19.14,-16.395,0.01,0.008,5890.0,5953.0,1.0
"beta_speed[Almonte, Abraham]",-18.14,0.798,-19.685,-16.656,0.009,0.009,7316.0,5921.0,1.0
"beta_speed[Brosseau, Mike]",-18.157,0.855,-19.687,-16.457,0.009,0.011,8862.0,5295.0,1.0
"beta_speed[Evans, Phillip]",-17.918,0.821,-19.457,-16.395,0.01,0.011,7066.0,5516.0,1.0
"beta_speed[Owings, Chris]",-18.434,0.838,-19.975,-16.772,0.008,0.011,9842.0,5457.0,1.0
"beta_speed[Mullins, Cedric]",-17.731,0.648,-18.971,-16.533,0.009,0.006,5491.0,5583.0,1.0
"beta_speed[García, Adolis]",-18.479,0.652,-19.725,-17.251,0.009,0.007,4949.0,5269.0,1.0
"beta_speed[Ervin, Phillip]",-18.093,0.823,-19.644,-16.494,0.01,0.01,7267.0,5821.0,1.0
"beta_speed[Hermosillo, Michael]",-18.44,0.816,-20.016,-16.897,0.009,0.01,8435.0,5934.0,1.0
"beta_speed[Davis, J.D.]",-17.907,0.823,-19.475,-16.376,0.009,0.01,7604.0,6221.0,1.0
"beta_speed[Mejia, Erick]",-18.283,0.868,-19.963,-16.696,0.009,0.011,10220.0,5688.0,1.0
"beta_speed[Johnson, Daniel]",-18.557,0.833,-20.264,-17.088,0.009,0.01,9162.0,5264.0,1.0
"beta_speed[Cordero, Franchy]",-17.961,0.749,-19.379,-16.54,0.009,0.008,6607.0,5497.0,1.0
"beta_speed[Delmonico, Nicky]",-18.167,0.865,-19.799,-16.504,0.009,0.011,10144.0,5392.0,1.0
"beta_speed[Marte, Starling]",-17.848,0.659,-19.085,-16.641,0.009,0.007,5344.0,5796.0,1.0
"beta_speed[Bonifácio, Emilio]",-18.299,0.861,-19.93,-16.702,0.009,0.011,8544.0,5667.0,1.0
"beta_speed[Hoerner, Nico]",-18.211,0.857,-19.782,-16.571,0.008,0.011,12259.0,6404.0,1.0
"beta_speed[Santander, Anthony]",-18.196,0.66,-19.439,-16.967,0.01,0.007,4804.0,5556.0,1.0
"beta_speed[Gamel, Ben]",-18.721,0.726,-20.115,-17.371,0.01,0.007,5200.0,5110.0,1.0
"beta_speed[McBroom, Ryan]",-18.225,0.859,-19.856,-16.627,0.008,0.012,11327.0,5291.0,1.0
"beta_speed[Reyes, Franmil]",-18.271,0.807,-19.821,-16.768,0.009,0.01,7974.0,6055.0,1.0
"beta_speed[McCarthy, Joe]",-18.149,0.84,-19.669,-16.497,0.009,0.012,8679.0,5407.0,1.0
"beta_speed[Alvarez, Yordan]",-18.369,0.738,-19.776,-17.018,0.009,0.008,6321.0,5514.0,1.0
"beta_speed[Santana, Danny]",-18.437,0.824,-20.044,-16.912,0.009,0.01,8354.0,5603.0,1.0
"beta_speed[Ramos, Henry]",-18.562,0.844,-20.22,-17.004,0.009,0.011,8993.0,5600.0,1.0
"beta_speed[Haase, Eric]",-18.228,0.808,-19.765,-16.68,0.009,0.009,7568.0,5209.0,1.0
"beta_speed[Miller, Brian]",-18.345,0.859,-20.02,-16.742,0.009,0.011,8324.0,5609.0,1.0
"beta_speed[Gallo, Joey]",-18.995,0.697,-20.27,-17.691,0.01,0.007,4771.0,5404.0,1.0
"beta_speed[Deichmann, Greg]",-18.365,0.857,-20.05,-16.82,0.008,0.011,10552.0,5190.0,1.0
"beta_speed[Rondon, José]",-18.197,0.826,-19.724,-16.55,0.009,0.011,9415.0,5658.0,1.0
"beta_speed[Nevin, Tyler]",-18.111,0.829,-19.686,-16.592,0.009,0.011,8318.0,5045.0,1.0
"beta_speed[Bell, Josh]",-18.255,0.842,-19.889,-16.729,0.009,0.01,9250.0,5930.0,1.0
"beta_speed[Hernández, Teoscar]",-18.184,0.653,-19.395,-16.933,0.01,0.007,4673.0,5750.0,1.0
"beta_speed[McKenna, Ryan]",-17.111,0.77,-18.594,-15.696,0.012,0.007,3848.0,5160.0,1.0
"beta_speed[Gordon, Nick]",-18.188,0.734,-19.588,-16.84,0.009,0.009,6091.0,5437.0,1.0
"beta_speed[Isbel, Kyle]",-17.967,0.739,-19.286,-16.479,0.009,0.009,7114.0,5706.0,1.0
"beta_speed[Marisnick, Jake]",-18.907,0.791,-20.487,-17.514,0.01,0.009,6711.0,6196.0,1.0
"beta_speed[Schrock, Max]",-18.398,0.813,-19.898,-16.841,0.008,0.01,10423.0,5932.0,1.0
"beta_speed[Friedl, TJ]",-18.233,0.736,-19.622,-16.852,0.009,0.008,6880.0,5717.0,1.0
"beta_speed[Ortega, Rafael]",-18.959,0.757,-20.352,-17.507,0.01,0.008,5353.0,5722.0,1.0
"beta_speed[Brown, Seth]",-18.331,0.721,-19.718,-17.013,0.009,0.007,5810.0,5756.0,1.0
"beta_speed[Herrera, Odúbel]",-17.845,0.737,-19.206,-16.451,0.009,0.008,6515.0,6096.0,1.0
"beta_speed[Stephenson, Tyler]",-18.021,0.861,-19.626,-16.37,0.009,0.011,9781.0,5699.0,1.0
"beta_speed[Peters, DJ]",-18.492,0.794,-20.061,-17.039,0.009,0.009,7865.0,6129.0,1.0
"beta_speed[Lagares, Juan]",-18.596,0.763,-20.042,-17.172,0.009,0.008,6736.0,5584.0,1.0
"beta_speed[Hernandez, Yadiel]",-18.118,0.73,-19.542,-16.793,0.009,0.008,6686.0,6102.0,1.0
"beta_speed[Dyson, Jarrod]",-18.336,0.784,-19.811,-16.855,0.009,0.01,7355.0,5873.0,1.0
"beta_speed[Castro, Willi]",-18.563,0.738,-19.913,-17.167,0.009,0.008,6404.0,6105.0,1.0
"beta_speed[Stanton, Giancarlo]",-18.356,0.751,-19.865,-17.012,0.01,0.008,5710.0,5582.0,1.0
"beta_speed[Nootbaar, Lars]",-18.919,0.732,-20.332,-17.592,0.01,0.008,5395.0,5963.0,1.0
"beta_speed[Hamilton, Billy]",-18.394,0.802,-19.88,-16.827,0.009,0.009,8794.0,5805.0,1.0
"beta_speed[DeShields, Delino]",-18.586,0.799,-20.095,-17.082,0.009,0.009,8522.0,5266.0,1.0
"beta_speed[Martini, Nick]",-17.741,0.819,-19.245,-16.125,0.009,0.01,7928.0,5763.0,1.0
"beta_speed[Cameron, Daz]",-17.871,0.757,-19.221,-16.395,0.011,0.008,4879.0,5074.0,1.0
"beta_speed[Baddoo, Akil]",-17.743,0.694,-19.063,-16.48,0.01,0.007,4941.0,5479.0,1.0
"beta_speed[Rojas, Jose]",-17.742,0.811,-19.174,-16.146,0.009,0.01,8636.0,6439.0,1.0
"beta_speed[McCormick, Chas]",-17.275,0.699,-18.58,-15.955,0.011,0.007,3885.0,5146.0,1.0
"beta_speed[Wisdom, Patrick]",-18.117,0.807,-19.679,-16.619,0.009,0.01,8535.0,5928.0,1.0
"beta_speed[Bolt, Skye]",-18.628,0.805,-20.14,-17.12,0.009,0.01,7344.0,5416.0,1.0
"beta_speed[Wong, Kean]",-17.968,0.852,-19.557,-16.335,0.009,0.011,8859.0,5425.0,1.0
"beta_speed[Meyers, Jake]",-18.467,0.714,-19.792,-17.094,0.008,0.008,7244.0,6067.0,1.0
"beta_speed[Arraez, Luis]",-18.408,0.818,-19.926,-16.825,0.009,0.01,8370.0,5394.0,1.0
"beta_speed[Bauers, Jake]",-18.134,0.762,-19.618,-16.737,0.011,0.009,5104.0,5373.0,1.0
"beta_speed[Lux, Gavin]",-17.546,0.823,-19.051,-15.983,0.011,0.009,5983.0,5790.0,1.0
"beta_speed[Vilade, Ryan]",-18.015,0.838,-19.499,-16.352,0.009,0.011,8644.0,5701.0,1.0
"beta_speed[Wade, Tyler]",-17.977,0.825,-19.51,-16.407,0.009,0.009,8946.0,6481.0,1.0
"beta_speed[Siri, Jose]",-18.628,0.75,-19.981,-17.183,0.009,0.008,6923.0,5954.0,1.0
"beta_speed[Vierling, Matt]",-18.738,0.736,-20.15,-17.364,0.01,0.008,5406.0,5812.0,1.0
"beta_speed[De La Cruz, Bryan]",-18.724,0.708,-20.044,-17.363,0.01,0.007,4665.0,5306.0,1.0
"beta_speed[Rivas III, Alfonso]",-18.327,0.833,-19.895,-16.776,0.009,0.01,8502.0,5791.0,1.0
"beta_speed[Adell, Jo]",-18.405,0.724,-19.761,-17.033,0.009,0.007,6413.0,5897.0,1.0
"beta_speed[Lowe, Josh]",-18.996,0.767,-20.423,-17.545,0.01,0.008,5533.0,5602.0,1.0
"beta_speed[Myers, Wil]",-18.757,0.734,-20.107,-17.328,0.01,0.008,5284.0,5580.0,1.0
"beta_speed[Sheets, Gavin]",-18.599,0.737,-20.061,-17.296,0.009,0.007,6320.0,5966.0,1.0
"beta_speed[Gonzalez, Romy]",-18.468,0.842,-20.055,-16.874,0.008,0.011,10299.0,6178.0,1.0
"beta_speed[Ruiz, Rio]",-18.292,0.863,-19.881,-16.614,0.009,0.011,8505.0,5250.0,1.0
"beta_speed[Naquin, Tyler]",-18.129,0.708,-19.425,-16.768,0.01,0.008,4598.0,5450.0,1.0
"beta_speed[Vaughn, Andrew]",-18.462,0.741,-19.802,-17.01,0.009,0.008,6189.0,5940.0,1.0
"beta_speed[Alfaro, Jorge]",-18.081,0.832,-19.694,-16.543,0.008,0.01,10014.0,6019.0,1.0
"beta_speed[Fairchild, Stuart]",-18.404,0.764,-19.836,-16.956,0.009,0.008,7352.0,6285.0,1.0
"beta_speed[Davis, Khris]",-18.3,0.855,-20.021,-16.73,0.008,0.011,10683.0,5988.0,1.0
"beta_speed[Joe, Connor]",-18.528,0.746,-19.953,-17.111,0.01,0.008,5357.0,5484.0,1.0
"beta_speed[Reyes, Pablo]",-18.295,0.871,-19.904,-16.627,0.009,0.012,9405.0,5518.0,1.0
"beta_speed[Arcia, Orlando]",-17.749,0.828,-19.251,-16.191,0.01,0.01,7626.0,5445.0,1.0
"beta_speed[Thomas, Lane]",-18.322,0.668,-19.537,-17.035,0.01,0.007,4728.0,5685.0,1.0
"beta_speed[Smith, Kevin]",-18.242,0.848,-19.878,-16.69,0.008,0.011,10484.0,5663.0,1.0
"beta_speed[Lamb, Jake]",-18.26,0.822,-19.818,-16.715,0.009,0.009,8411.0,5534.0,1.0
"beta_speed[Ibáñez, Andy]",-18.067,0.829,-19.695,-16.579,0.009,0.01,7809.0,5471.0,1.0
"beta_speed[Jones, Taylor]",-17.55,0.855,-19.186,-16.008,0.012,0.01,5579.0,5490.0,1.0
"beta_speed[Drury, Brandon]",-18.412,0.845,-20.021,-16.837,0.008,0.011,10980.0,6109.0,1.0
"beta_speed[Park, Hoy]",-18.045,0.838,-19.64,-16.475,0.009,0.01,8319.0,5035.0,1.0
"beta_speed[Larnach, Trevor]",-19.186,0.776,-20.666,-17.731,0.011,0.008,4796.0,5634.0,1.0
"beta_speed[Culberson, Charlie]",-18.381,0.821,-19.884,-16.795,0.008,0.01,9644.0,5554.0,1.0
"beta_speed[McKinstry, Zach]",-17.908,0.79,-19.496,-16.514,0.01,0.008,6780.0,5970.0,1.0
"beta_speed[Robson, Jacob]",-18.285,0.865,-19.969,-16.68,0.01,0.011,8035.0,5595.0,1.0
"beta_speed[Williams, Luke]",-18.06,0.817,-19.643,-16.544,0.008,0.01,9951.0,5261.0,1.0
"beta_speed[Goodrum, Niko]",-18.218,0.841,-19.838,-16.636,0.009,0.011,9624.0,6041.0,1.0
"beta_speed[Duran, Jarren]",-18.705,0.766,-20.144,-17.272,0.01,0.008,5720.0,5088.0,1.0
"beta_speed[García, Leury]",-17.757,0.78,-19.219,-16.274,0.01,0.009,6013.0,5345.0,1.0
"beta_speed[Fargas, Johneshwy]",-18.402,0.838,-19.976,-16.845,0.008,0.01,9990.0,6431.0,1.0
"beta_speed[Reddick, Josh]",-18.393,0.757,-19.785,-16.931,0.009,0.008,6715.0,5799.0,1.0
"beta_speed[Estrada, Thairo]",-18.03,0.837,-19.593,-16.398,0.009,0.011,8313.0,5298.0,1.0
"beta_speed[VanMeter, Josh]",-18.294,0.849,-20.021,-16.803,0.009,0.01,8309.0,5300.0,1.0
"beta_speed[Parra, Gerardo]",-18.334,0.83,-19.848,-16.733,0.009,0.01,8463.0,5659.0,1.0
"beta_speed[Bradley Jr., Jackie]",-18.326,0.701,-19.619,-16.997,0.009,0.008,5992.0,5517.0,1.0
"beta_speed[Raley, Luke]",-18.477,0.78,-20.003,-17.044,0.009,0.009,7085.0,6248.0,1.0
"beta_speed[LaMarre, Ryan]",-18.38,0.868,-19.991,-16.682,0.009,0.011,8897.0,5494.0,1.0
"beta_speed[Berti, Jon]",-18.65,0.808,-20.158,-17.144,0.01,0.01,6640.0,5392.0,1.0
"beta_speed[Thomas, Dillon]",-18.405,0.849,-20.009,-16.775,0.009,0.011,8540.0,5831.0,1.0
"beta_speed[Reks, Zach]",-18.356,0.841,-19.943,-16.751,0.008,0.011,9862.0,5370.0,1.0
"beta_speed[Wilson, Jacob]",-18.307,0.853,-19.995,-16.749,0.008,0.01,10338.0,5752.0,1.0
"beta_speed[Sánchez, Jesús]",-18.29,0.709,-19.656,-16.973,0.009,0.007,5981.0,5776.0,1.0
"beta_speed[Heredia, Guillermo]",-18.33,0.768,-19.807,-16.892,0.009,0.009,7338.0,6199.0,1.0
"beta_speed[Jankowski, Travis]",-18.566,0.776,-20.044,-17.126,0.009,0.009,7030.0,5664.0,1.0
"beta_speed[Pinder, Chad]",-18.512,0.745,-19.912,-17.128,0.009,0.008,6882.0,6131.0,1.0
"beta_speed[Gonzalez, Marwin]",-17.309,0.844,-18.827,-15.616,0.013,0.01,3990.0,5115.0,1.0
"beta_speed[Clement, Ernie]",-17.757,0.869,-19.384,-16.109,0.011,0.011,6725.0,5655.0,1.0
"beta_speed[Vosler, Jason]",-18.188,0.876,-19.763,-16.476,0.008,0.011,10667.0,6239.0,1.0
"beta_speed[McKinney, Billy]",-18.286,0.774,-19.815,-16.917,0.009,0.008,6944.0,5903.0,1.0
"beta_speed[Kirilloff, Alex]",-18.521,0.787,-19.958,-17.023,0.009,0.009,7933.0,5889.0,1.0
"beta_speed[Daza, Yonathan]",-18.327,0.704,-19.696,-17.004,0.009,0.008,6371.0,5706.0,1.0
"beta_speed[Davis, Jaylin]",-18.104,0.838,-19.78,-16.589,0.009,0.011,8971.0,5392.0,1.0
"beta_speed[Tom, Ka'ai]",-18.209,0.802,-19.718,-16.665,0.008,0.011,9742.0,5721.0,1.0
"beta_speed[Schebler, Scott]",-18.354,0.853,-19.943,-16.699,0.009,0.011,8934.0,5798.0,1.0
"beta_speed[O'Hearn, Ryan]",-18.134,0.792,-19.594,-16.647,0.01,0.009,6375.0,5815.0,1.0
"beta_speed[Wilkerson, Stevie]",-18.369,0.853,-19.969,-16.781,0.009,0.01,8363.0,5182.0,1.0
"beta_speed[O'Grady, Brian]",-18.425,0.846,-19.988,-16.821,0.009,0.01,9339.0,5580.0,1.0
"beta_speed[Walton, Donovan]",-18.346,0.858,-19.986,-16.726,0.009,0.01,9477.0,6024.0,1.0
"beta_speed[Trammell, Taylor]",-18.45,0.773,-19.968,-17.099,0.009,0.008,7794.0,6474.0,1.0
"beta_speed[Blankenhorn, Travis]",-18.415,0.829,-19.933,-16.796,0.009,0.01,8733.0,5826.0,1.0
"beta_speed[Marcano, Tucupita]",-17.716,0.815,-19.186,-16.117,0.01,0.009,6143.0,5841.0,1.0
"beta_speed[Adrianza, Ehire]",-18.194,0.806,-19.683,-16.624,0.008,0.01,10016.0,5987.0,1.0
"beta_speed[Hiura, Keston]",-18.256,0.84,-19.816,-16.676,0.009,0.01,8487.0,5799.0,1.0
"beta_speed[Kelenic, Jarred]",-18.453,0.713,-19.841,-17.16,0.009,0.007,5897.0,5524.0,1.0
"beta_speed[Quinn, Roman]",-18.622,0.807,-20.158,-17.097,0.01,0.009,6768.0,5323.0,1.0
"beta_speed[Williams, Justin]",-18.347,0.801,-19.942,-16.91,0.009,0.01,7522.0,5852.0,1.0
"beta_speed[Miller, Brad]",-18.054,0.818,-19.563,-16.466,0.009,0.009,8163.0,5488.0,1.0
"beta_speed[Vargas, Ildemaro]",-18.413,0.852,-20.018,-16.835,0.009,0.01,9275.0,5935.0,1.0
"beta_speed[Eaton, Adam]",-16.889,0.798,-18.415,-15.432,0.014,0.008,3174.0,4754.0,1.0
"beta_speed[Barrera, Luis]",-18.433,0.836,-20.036,-16.871,0.009,0.011,8257.0,4830.0,1.0
"beta_speed[Hager, Jake]",-18.216,0.86,-19.904,-16.64,0.009,0.011,9037.0,5735.0,1.0
"beta_speed[Duffy, Matt]",-18.163,0.873,-19.826,-16.536,0.008,0.012,11567.0,5230.0,1.0
"beta_speed[Neuse, Sheldon]",-18.23,0.844,-19.816,-16.634,0.009,0.011,8914.0,5267.0,1.0
"beta_speed[Mathisen, Wyatt]",-18.252,0.862,-19.822,-16.571,0.009,0.011,8752.0,5954.0,1.0
"beta_speed[Ohtani, Shohei]",-18.293,0.861,-19.99,-16.702,0.01,0.01,7966.0,5712.0,1.0
"beta_speed[Bemboom, Anthony]",-18.294,0.861,-19.89,-16.616,0.009,0.011,10263.0,5632.0,1.0
"beta_speed[Palacios, Joshua]",-18.374,0.772,-19.782,-16.866,0.009,0.008,7454.0,5977.0,1.0
"beta_speed[Musgrove, Joe]",-18.294,0.86,-19.908,-16.665,0.009,0.01,10239.0,6152.0,1.0
"beta_speed[Young, Andrew]",-18.088,0.852,-19.742,-16.511,0.008,0.011,10127.0,6102.0,1.0
"beta_speed[Jones, JaCoby]",-18.049,0.781,-19.528,-16.578,0.011,0.008,5102.0,5455.0,1.0
"beta_speed[Blandino, Alex]",-18.309,0.863,-19.993,-16.72,0.009,0.01,9612.0,5777.0,1.0
"beta_speed[Williams, Nick]",-18.272,0.845,-19.925,-16.75,0.009,0.01,8761.0,5905.0,1.0
"beta_speed[Farmer, Kyle]",-18.294,0.873,-19.937,-16.677,0.01,0.011,8083.0,5331.0,1.0
"beta_speed[Kingery, Scott]",-18.482,0.852,-20.07,-16.863,0.009,0.012,8703.0,5224.0,1.0
"beta_speed[Inciarte, Ender]",-17.568,0.783,-19.09,-16.14,0.012,0.009,4561.0,4824.0,1.0
"beta_speed[Almora Jr., Albert]",-18.845,0.8,-20.33,-17.317,0.01,0.01,6398.0,5788.0,1.0
"beta_speed[Kwan, Steven]",-17.251,0.703,-18.522,-15.898,0.012,0.007,3692.0,5318.0,1.0
"beta_speed[Cabrera, Oswaldo]",-18.214,0.773,-19.677,-16.77,0.01,0.008,6386.0,5558.0,1.0
"beta_speed[Azócar, José]",-18.378,0.773,-19.754,-16.851,0.008,0.009,8520.0,6189.0,1.0
"beta_speed[Thompson, Trayce]",-18.615,0.761,-19.994,-17.167,0.01,0.008,6259.0,5863.0,1.0
"beta_speed[Carroll, Corbin]",-18.928,0.752,-20.29,-17.466,0.01,0.008,5917.0,5799.0,1.0
"beta_speed[Hicks, Aaron]",-18.068,0.685,-19.402,-16.781,0.009,0.007,5482.0,5898.0,1.0
"beta_speed[Vavra, Terrin]",-18.288,0.803,-19.774,-16.752,0.009,0.009,8019.0,5653.0,1.0
"beta_speed[Velázquez, Nelson]",-18.641,0.781,-20.049,-17.144,0.01,0.008,6724.0,6276.0,1.0
"beta_speed[Bouchard, Sean]",-18.46,0.803,-19.973,-16.958,0.009,0.009,7928.0,5946.0,1.0
"beta_speed[Vargas, Miguel]",-18.193,0.845,-19.808,-16.611,0.01,0.009,7544.0,5873.0,1.0
"beta_speed[Bleday, JJ]",-17.878,0.743,-19.234,-16.434,0.01,0.008,6120.0,5797.0,1.0
"beta_speed[Smith, Josh]",-17.996,0.821,-19.524,-16.456,0.01,0.009,7086.0,5849.0,1.0
"beta_speed[Brennan, Will]",-18.393,0.743,-19.798,-17.001,0.009,0.008,6538.0,5705.0,1.0
"beta_speed[Hensley, David]",-18.303,0.86,-19.925,-16.657,0.008,0.012,10721.0,5416.0,1.0
"beta_speed[Thompson, Bubba]",-18.156,0.77,-19.582,-16.689,0.009,0.009,7104.0,5216.0,1.0
"beta_speed[Hernández, César]",-18.337,0.84,-19.938,-16.734,0.009,0.01,7830.0,5330.0,1.0
"beta_speed[Waters, Drew]",-17.973,0.748,-19.375,-16.548,0.009,0.008,6672.0,5904.0,1.0
"beta_speed[Mancini, Trey]",-18.205,0.81,-19.717,-16.675,0.009,0.009,8251.0,5880.0,1.0
"beta_speed[Bae, Ji Hwan]",-18.75,0.817,-20.285,-17.216,0.009,0.01,8457.0,5527.0,1.0
"beta_speed[Yepez, Juan]",-18.26,0.779,-19.706,-16.749,0.009,0.009,7639.0,6127.0,1.0
"beta_speed[Suwinski, Jack]",-18.835,0.717,-20.206,-17.546,0.01,0.007,5684.0,5777.0,1.0
"beta_speed[Burdick, Peyton]",-17.908,0.798,-19.412,-16.419,0.009,0.009,7478.0,5930.0,1.0
"beta_speed[Melendez, MJ]",-18.138,0.709,-19.531,-16.858,0.01,0.008,5284.0,5296.0,1.0
"beta_speed[Call, Alex]",-18.206,0.735,-19.593,-16.81,0.009,0.008,6238.0,5465.0,1.0
"beta_speed[Stowers, Kyle]",-18.171,0.796,-19.673,-16.702,0.009,0.009,7659.0,5331.0,1.0
"beta_speed[Dubón, Mauricio]",-17.575,0.749,-19.07,-16.23,0.01,0.008,5913.0,5774.0,1.0
"beta_speed[Contreras, Mark]",-18.35,0.819,-19.934,-16.811,0.009,0.01,8802.0,5781.0,1.0
"beta_speed[Calhoun, Kole]",-18.794,0.738,-20.122,-17.355,0.01,0.008,4995.0,5709.0,1.0
"beta_speed[Lopez, Alejo]",-18.402,0.867,-20.002,-16.766,0.008,0.011,10517.0,5311.0,1.0
"beta_speed[Garrett, Stone]",-18.515,0.795,-20.07,-17.054,0.008,0.01,9309.0,6142.0,1.0
"beta_speed[McCarthy, Jake]",-18.073,0.698,-19.381,-16.766,0.009,0.007,5630.0,5989.0,1.0
"beta_speed[Palacios, Richie]",-17.905,0.784,-19.348,-16.431,0.01,0.009,6641.0,5664.0,1.0
"beta_speed[Garcia, Dérmis]",-18.016,0.862,-19.647,-16.363,0.009,0.011,9081.0,5723.0,1.0
"beta_speed[Encarnacion, Jerar]",-18.513,0.838,-20.122,-16.987,0.008,0.011,11109.0,5690.0,1.0
"beta_speed[Carpenter, Kerry]",-18.424,0.759,-19.866,-17.005,0.009,0.008,7959.0,6442.0,1.0
"beta_speed[Donovan, Brendan]",-18.263,0.79,-19.829,-16.83,0.009,0.009,7891.0,6193.0,1.0
"beta_speed[Benson, Will]",-18.36,0.751,-19.745,-16.935,0.009,0.008,6764.0,6268.0,1.0
"beta_speed[Thomas, Cody]",-18.215,0.81,-19.705,-16.687,0.009,0.009,8176.0,5593.0,1.0
"beta_speed[Burleson, Alec]",-18.291,0.766,-19.722,-16.797,0.009,0.009,6939.0,5814.0,1.0
"beta_speed[Eaton, Nate]",-18.653,0.818,-20.219,-17.167,0.01,0.009,7193.0,5998.0,1.0
"beta_speed[Gore, Terrance]",-18.365,0.856,-19.99,-16.802,0.009,0.011,8794.0,5523.0,1.0
"beta_speed[Morel, Christopher]",-18.426,0.787,-19.983,-16.998,0.009,0.01,7957.0,5789.0,1.0
"beta_speed[Florial, Estevan]",-18.286,0.806,-19.72,-16.686,0.01,0.009,6724.0,5639.0,1.0
"beta_speed[Aguilar, Ryan]",-18.289,0.85,-19.873,-16.674,0.009,0.011,9439.0,5827.0,1.0
"beta_speed[Anderson, Brian]",-18.849,0.793,-20.373,-17.372,0.01,0.009,6303.0,5013.0,1.0
"beta_speed[Johnson, Bryce]",-18.389,0.808,-19.884,-16.818,0.009,0.01,8626.0,5597.0,1.0
"beta_speed[Ruiz, Esteury]",-18.642,0.765,-20.049,-17.175,0.009,0.008,6502.0,5942.0,1.0
"beta_speed[Stevenson, Cal]",-18.705,0.845,-20.274,-17.076,0.009,0.01,8330.0,5932.0,1.0
"beta_speed[Maton, Nick]",-18.279,0.823,-19.772,-16.623,0.01,0.011,7475.0,5136.0,1.0
"beta_speed[Sosa, Edmundo]",-18.349,0.863,-19.987,-16.698,0.009,0.011,10059.0,5843.0,1.0
"beta_speed[Beckham, Tim]",-18.116,0.85,-19.682,-16.51,0.009,0.01,9149.0,6084.0,1.0
"beta_speed[Bernard, Wynton]",-18.457,0.852,-20.084,-16.845,0.009,0.01,8886.0,5867.0,1.0
"beta_speed[Pratto, Nick]",-18.182,0.824,-19.783,-16.691,0.009,0.009,8882.0,6403.0,1.0
"beta_speed[Celestino, Gilberto]",-18.592,0.776,-20.03,-17.114,0.009,0.008,7549.0,6061.0,1.0
"beta_speed[Hernandez, Elier]",-18.408,0.84,-19.953,-16.784,0.009,0.01,9179.0,5672.0,1.0
"beta_speed[Piscotty, Stephen]",-18.744,0.762,-20.132,-17.287,0.01,0.008,6473.0,5630.0,1.0
"beta_speed[Lewis, Kyle]",-18.706,0.773,-20.116,-17.22,0.009,0.008,6780.0,5722.0,1.0
"beta_speed[Meneses, Joey]",-18.397,0.812,-19.893,-16.846,0.008,0.009,9571.0,6184.0,1.0
"beta_speed[Outman, James]",-18.673,0.761,-20.024,-17.184,0.009,0.008,6486.0,5642.0,1.0
"beta_speed[Reynolds, Matt]",-18.441,0.831,-20.104,-16.982,0.008,0.01,10360.0,6133.0,1.0
"beta_speed[Madris, Bligh]",-17.98,0.812,-19.505,-16.444,0.008,0.01,9385.0,6250.0,1.0
"beta_speed[Marsh, Brandon]",-19.196,0.736,-20.559,-17.806,0.012,0.007,4024.0,4994.0,1.0
"beta_speed[Mercedes, Yermín]",-18.369,0.858,-19.977,-16.73,0.009,0.01,8767.0,5780.0,1.0
"beta_speed[Carpenter, Matt]",-18.364,0.815,-19.88,-16.828,0.008,0.01,9805.0,6012.0,1.0
"beta_speed[Soler, Jorge]",-18.045,0.724,-19.409,-16.688,0.01,0.007,5747.0,5960.0,1.0
"beta_speed[Clemens, Kody]",-18.452,0.845,-20.032,-16.874,0.009,0.01,9796.0,6435.0,1.0
"beta_speed[Harrison, Monte]",-18.317,0.808,-19.872,-16.798,0.009,0.01,8284.0,5878.0,1.0
"beta_speed[Hummel, Cooper]",-17.949,0.838,-19.539,-16.341,0.009,0.011,8865.0,5825.0,1.0
"beta_speed[Mazara, Nomar]",-18.697,0.768,-20.171,-17.295,0.01,0.008,6392.0,5977.0,1.0
"beta_speed[Batten, Matthew]",-18.315,0.877,-19.922,-16.617,0.008,0.013,11188.0,5358.0,1.0
"beta_speed[Alvarez, Eddy]",-18.201,0.838,-19.776,-16.632,0.01,0.011,7253.0,5310.0,1.0
"beta_speed[Smith-Njigba, Canaan]",-17.947,0.834,-19.458,-16.314,0.009,0.01,8952.0,5577.0,1.0
"beta_speed[Ramos, Heliot]",-18.13,0.808,-19.648,-16.59,0.009,0.01,8269.0,5093.0,1.0
"beta_speed[Swaggerty, Travis]",-18.291,0.85,-19.871,-16.654,0.009,0.01,9051.0,5857.0,1.0
"beta_speed[Walker, Steele]",-18.098,0.849,-19.715,-16.52,0.009,0.01,9738.0,5841.0,1.0
"beta_speed[Plummer, Nick]",-18.149,0.846,-19.695,-16.533,0.01,0.01,7772.0,5122.0,1.0
"beta_speed[Rosario, Amed]",-18.503,0.841,-20.095,-16.949,0.009,0.01,9349.0,5779.0,1.0
"beta_speed[Contreras, William]",-17.88,0.87,-19.505,-16.243,0.009,0.011,10301.0,5651.0,1.0
"beta_speed[Mayfield, Jack]",-18.181,0.847,-19.756,-16.558,0.009,0.011,8661.0,5533.0,1.0
"beta_speed[Krizan, Jason]",-18.335,0.851,-19.934,-16.714,0.009,0.01,8392.0,5784.0,1.0
"beta_speed[Walsh, Jared]",-18.519,0.816,-20.021,-16.988,0.01,0.01,7326.0,4275.0,1.0
"beta_speed[Mendick, Danny]",-18.091,0.85,-19.723,-16.523,0.009,0.011,9493.0,5622.0,1.0
"beta_speed[Castellanos, Nick]",-18.924,0.663,-20.192,-17.697,0.01,0.007,4047.0,5323.0,1.0
"beta_speed[Cruz, Oneil]",-18.294,0.866,-19.978,-16.712,0.009,0.011,9318.0,5281.0,1.0
"beta_speed[Capel, Conner]",-18.386,0.805,-19.885,-16.881,0.009,0.009,8469.0,5934.0,1.0
"beta_speed[Haniger, Mitch]",-18.185,0.709,-19.544,-16.861,0.01,0.007,5127.0,5879.0,1.0
"beta_speed[Grichuk, Randal]",-18.094,0.66,-19.324,-16.825,0.009,0.007,4830.0,5459.0,1.0
"beta_speed[Senzel, Nick]",-18.316,0.742,-19.715,-16.941,0.009,0.009,6403.0,5811.0,1.0
"beta_speed[Kiner-Falefa, Isiah]",-18.257,0.772,-19.75,-16.886,0.009,0.008,7561.0,6322.0,1.0
"beta_speed[Yoshida, Masataka]",-17.991,0.772,-19.45,-16.555,0.01,0.008,6264.0,5630.0,1.0
"beta_speed[Julks, Corey]",-18.194,0.764,-19.645,-16.775,0.009,0.008,7170.0,5914.0,1.0
"beta_speed[Sabol, Blake]",-18.379,0.832,-19.897,-16.785,0.009,0.01,8357.0,6110.0,1.0
"beta_speed[Lukes, Nathan]",-18.384,0.846,-19.951,-16.738,0.009,0.01,9575.0,5789.0,1.0
"beta_speed[Alu, Jake]",-18.362,0.805,-19.908,-16.873,0.009,0.009,8508.0,6079.0,1.0
"beta_speed[Miller, Owen]",-18.352,0.87,-19.944,-16.637,0.008,0.012,11253.0,5371.0,1.0
"beta_speed[Mastrobuoni, Miles]",-18.425,0.836,-20.049,-16.852,0.009,0.01,8305.0,5806.0,1.0
"beta_speed[Guthrie, Dalton]",-18.399,0.831,-19.893,-16.811,0.009,0.011,9119.0,5643.0,1.0
"beta_speed[Fletcher, Dominic]",-18.276,0.809,-19.758,-16.714,0.009,0.01,7299.0,5484.0,1.0
"beta_speed[Perkins, Blake]",-18.835,0.831,-20.516,-17.341,0.01,0.009,6962.0,5784.0,1.0
"beta_speed[Rengifo, Luis]",-18.266,0.789,-19.736,-16.759,0.009,0.009,7855.0,5654.0,1.0
"beta_speed[García, Avisaíl]",-19.068,0.721,-20.466,-17.761,0.011,0.008,4509.0,5371.0,1.0
"beta_speed[Wiemer, Joey]",-18.105,0.756,-19.509,-16.652,0.01,0.008,6313.0,5952.0,1.0
"beta_speed[Duran, Ezequiel]",-18.261,0.825,-19.78,-16.644,0.009,0.01,8343.0,5808.0,1.0
"beta_speed[Greene, Riley]",-18.008,0.733,-19.395,-16.647,0.009,0.008,6907.0,6544.0,1.0
"beta_speed[Walker, Jordan]",-18.514,0.755,-19.987,-17.159,0.009,0.008,6440.0,5761.0,1.0
"beta_speed[Adams, Jordyn]",-18.465,0.846,-20.027,-16.883,0.009,0.011,9162.0,5754.0,1.0
"beta_speed[Wisely, Brett]",-18.323,0.847,-19.941,-16.76,0.009,0.011,8136.0,5449.0,1.0
"beta_speed[Toglia, Michael]",-18.272,0.795,-19.789,-16.748,0.009,0.009,7228.0,6032.0,1.0
"beta_speed[Cowser, Colton]",-18.197,0.815,-19.702,-16.634,0.008,0.01,10186.0,6519.0,1.0
"beta_speed[Carter, Evan]",-18.324,0.804,-19.832,-16.796,0.009,0.009,7395.0,6147.0,1.0
"beta_speed[Wallner, Matt]",-18.49,0.784,-19.957,-17.029,0.01,0.009,6336.0,5578.0,1.0
"beta_speed[Abreu, Wilyer]",-18.41,0.825,-19.977,-16.882,0.009,0.009,8069.0,6128.0,1.0
"beta_speed[Kjerstad, Heston]",-18.316,0.85,-19.948,-16.741,0.008,0.011,10541.0,5963.0,1.0
"beta_speed[Pereira, Everson]",-18.133,0.809,-19.666,-16.619,0.009,0.01,8237.0,5671.0,1.0
"beta_speed[Conforto, Michael]",-18.97,0.715,-20.297,-17.629,0.01,0.007,4712.0,4992.0,1.0
"beta_speed[Canzone, Dominic]",-18.471,0.818,-20.061,-16.97,0.009,0.01,8636.0,5879.0,1.0
"beta_speed[Jones, Nolan]",-18.295,0.739,-19.693,-16.904,0.01,0.008,6006.0,6001.0,1.0
"beta_speed[Eden, Cam]",-18.308,0.852,-19.944,-16.709,0.009,0.011,8239.0,5549.0,1.0
"beta_speed[Matos, Luis]",-18.58,0.808,-20.169,-17.098,0.009,0.01,7832.0,5704.0,1.0
"beta_speed[Blanco, Dairon]",-18.244,0.801,-19.801,-16.775,0.009,0.01,7570.0,5821.0,1.0
"beta_speed[Steer, Spencer]",-18.309,0.796,-19.799,-16.805,0.009,0.009,8351.0,5703.0,1.0
"beta_speed[Wall, Forrest]",-18.373,0.855,-20.06,-16.797,0.008,0.011,11088.0,5648.0,1.0
"beta_speed[Remillard, Zach]",-18.186,0.848,-19.76,-16.563,0.009,0.011,8025.0,5753.0,1.0
"beta_speed[Frelick, Sal]",-18.082,0.814,-19.623,-16.555,0.009,0.01,8585.0,5901.0,1.0
"beta_speed[Rutherford, Blake]",-18.097,0.84,-19.709,-16.532,0.009,0.011,9646.0,5719.0,1.0
"beta_speed[Marlowe, Cade]",-18.504,0.827,-19.954,-16.833,0.009,0.01,7804.0,5642.0,1.0
"beta_speed[Taylor, Samad]",-18.554,0.827,-20.072,-16.965,0.008,0.011,10479.0,5648.0,1.0
"beta_speed[Meckler, Wade]",-18.461,0.833,-19.984,-16.853,0.008,0.011,9760.0,5876.0,1.0
"beta_speed[Martínez, J.P.]",-18.4,0.836,-19.965,-16.764,0.009,0.01,9484.0,5489.0,1.0
"beta_speed[Schneider, Davis]",-18.345,0.869,-20.048,-16.773,0.009,0.011,8641.0,5417.0,1.0
"beta_speed[Gonzalez, Oscar]",-17.869,0.754,-19.322,-16.482,0.01,0.008,6100.0,5939.0,1.0
"beta_speed[Siani, Michael]",-18.102,0.836,-19.625,-16.501,0.009,0.01,8261.0,5715.0,1.0
"beta_speed[Hopkins, TJ]",-18.592,0.851,-20.141,-16.954,0.009,0.01,9206.0,5513.0,1.0
"beta_speed[Wilson, Weston]",-18.211,0.847,-19.769,-16.6,0.009,0.011,9786.0,6103.0,1.0
"beta_speed[Kohlwey, Taylor]",-18.323,0.861,-19.932,-16.689,0.009,0.011,9273.0,5612.0,1.0
"beta_speed[Lopez, Nicky]",-18.382,0.838,-19.956,-16.806,0.008,0.01,11932.0,5842.0,1.0
"beta_speed[DeLuca, Jonny]",-18.069,0.839,-19.725,-16.571,0.009,0.01,8641.0,5900.0,1.0
"beta_speed[Fry, David]",-18.374,0.848,-20.002,-16.783,0.009,0.012,8090.0,4453.0,1.0
"beta_speed[Freeman, Tyler]",-18.285,0.871,-19.954,-16.67,0.009,0.012,9731.0,5502.0,1.0
"beta_speed[Heyward, Jason]",-18.323,0.704,-19.624,-16.952,0.009,0.008,5830.0,6005.0,1.0
"beta_speed[Noda, Ryan]",-18.303,0.872,-19.94,-16.675,0.009,0.011,9163.0,5658.0,1.0
"beta_speed[Bellinger, Cody]",-18.418,0.671,-19.644,-17.139,0.009,0.007,5893.0,5450.0,1.0
"beta_speed[Kiermaier, Kevin]",-17.242,0.697,-18.556,-15.963,0.011,0.007,3693.0,4774.0,1.0
"beta_speed[Laureano, Ramón]",-18.587,0.692,-19.871,-17.317,0.01,0.007,5014.0,5844.0,1.0
"beta_speed[Robert Jr., Luis]",-17.945,0.672,-19.224,-16.678,0.009,0.007,5265.0,5653.0,1.0
"beta_speed[Springer, George]",-17.343,0.715,-18.665,-15.98,0.011,0.007,4111.0,5300.0,1.0
"beta_speed[Kepler, Max]",-19.003,0.697,-20.3,-17.693,0.01,0.007,5266.0,5389.0,1.0
"beta_speed[Bader, Harrison]",-19.179,0.735,-20.604,-17.868,0.011,0.007,4955.0,5758.0,1.0
"beta_speed[Straw, Myles]",-17.719,0.65,-18.89,-16.459,0.009,0.007,5487.0,5632.0,1.0
"beta_speed[Acuña Jr., Ronald]",-17.838,0.676,-19.144,-16.607,0.009,0.007,5163.0,5791.0,1.0
"beta_speed[Grisham, Trent]",-17.577,0.673,-18.83,-16.31,0.009,0.007,5330.0,5692.0,1.0
"beta_speed[Buxton, Byron]",-18.568,0.762,-20.036,-17.14,0.008,0.009,8394.0,5835.0,1.0
"beta_speed[Hill, Derek]",-18.206,0.778,-19.672,-16.732,0.009,0.008,7747.0,6057.0,1.0
"beta_speed[Taveras, Leody]",-17.422,0.666,-18.699,-16.191,0.01,0.007,4098.0,4531.0,1.0
"beta_speed[Robles, Victor]",-17.954,0.682,-19.213,-16.646,0.009,0.007,6418.0,6223.0,1.0
"beta_speed[Lorenzen, Michael]",-18.261,0.871,-19.899,-16.613,0.01,0.011,8191.0,6191.0,1.0
"beta_speed[Trout, Mike]",-18.088,0.696,-19.453,-16.834,0.009,0.008,5809.0,5451.0,1.0
"beta_speed[Starling, Bubba]",-18.537,0.852,-20.115,-16.919,0.009,0.011,8609.0,5382.0,1.0
"beta_speed[Tucker, Cole]",-18.323,0.795,-19.881,-16.875,0.009,0.009,7397.0,6021.0,1.0
"beta_speed[Torreyes, Ronald]",-18.305,0.87,-19.983,-16.694,0.01,0.011,7350.0,5739.0,1.0
"beta_speed[Harper, Bryce]",-18.669,0.74,-20.018,-17.255,0.01,0.008,5467.0,5806.0,1.0
"beta_speed[Marte, Ketel]",-18.154,0.772,-19.634,-16.735,0.009,0.009,6853.0,5405.0,1.0
"beta_speed[Smith, Mallex]",-18.426,0.852,-19.985,-16.828,0.008,0.01,10379.0,5907.0,1.0
"beta_speed[Cordell, Ryan]",-18.319,0.854,-19.874,-16.648,0.009,0.01,8698.0,6060.0,1.0
"beta_speed[Betts, Mookie]",-18.454,0.658,-19.638,-17.168,0.008,0.007,6107.0,6297.0,1.0
"beta_speed[Cain, Lorenzo]",-18.369,0.792,-19.787,-16.818,0.009,0.009,7838.0,5889.0,1.0
"beta_speed[Whitefield, Aaron]",-18.205,0.859,-19.883,-16.644,0.009,0.011,9327.0,5422.0,1.0
"beta_speed[Villar, Jonathan]",-18.335,0.866,-19.931,-16.669,0.009,0.012,10162.0,5092.0,1.0
"beta_speed[Renfroe, Hunter]",-19.434,0.715,-20.762,-18.108,0.013,0.008,3159.0,4871.0,1.0
"beta_speed[Barrero, José]",-17.953,0.839,-19.501,-16.329,0.009,0.011,7989.0,5956.0,1.0
"beta_speed[Tatis Jr., Fernando]",-18.562,0.74,-19.961,-17.182,0.011,0.008,4835.0,4778.0,1.0
"beta_speed[Judge, Aaron]",-18.416,0.694,-19.692,-17.063,0.01,0.007,5051.0,5112.0,1.0
"beta_speed[Bruján, Vidal]",-18.38,0.82,-19.896,-16.806,0.008,0.009,9602.0,6132.0,1.0
"beta_speed[Andreoli, John]",-18.334,0.889,-20.037,-16.663,0.008,0.012,11051.0,5107.0,1.0
"beta_speed[Difo, Wilmer]",-17.751,0.849,-19.317,-16.123,0.01,0.01,7491.0,5980.0,1.0
"beta_speed[Fowler, Dustin]",-17.873,0.817,-19.323,-16.264,0.009,0.01,7939.0,5856.0,1.0
"beta_speed[Hurst, Scott]",-18.326,0.874,-20.043,-16.751,0.01,0.01,8329.0,5842.0,1.0
"beta_speed[Harris II, Michael]",-18.219,0.71,-19.477,-16.797,0.009,0.008,6570.0,5233.0,1.0
"beta_speed[Rodríguez, Julio]",-19.0,0.741,-20.359,-17.598,0.01,0.008,5396.0,5608.0,1.0
"beta_speed[DeLuzio, Ben]",-18.57,0.85,-20.181,-16.913,0.009,0.012,8898.0,5153.0,1.0
"beta_speed[Mitchell, Garrett]",-18.43,0.831,-20.017,-16.91,0.009,0.01,9174.0,5814.0,1.0
"beta_speed[Kreidler, Ryan]",-18.293,0.865,-20.01,-16.721,0.009,0.011,8822.0,5922.0,1.0
"beta_speed[Thomas, Alek]",-18.983,0.738,-20.427,-17.63,0.01,0.008,5007.0,5236.0,1.0
"beta_speed[Crook, Narciso]",-18.389,0.859,-20.006,-16.761,0.008,0.011,10425.0,5791.0,1.0
"beta_speed[Lopez, Otto]",-18.289,0.867,-19.921,-16.637,0.008,0.012,10693.0,5083.0,1.0
"beta_speed[Lee, Khalil]",-18.252,0.86,-19.791,-16.57,0.009,0.011,9556.0,6357.0,1.0
"beta_speed[Lewis, Royce]",-18.337,0.863,-19.942,-16.66,0.009,0.012,9228.0,5699.0,1.0
"beta_speed[Hicklen, Brewer]",-18.335,0.867,-19.973,-16.709,0.009,0.012,9061.0,5916.0,1.0
"beta_speed[McDonald, Mickey]",-18.333,0.848,-19.938,-16.751,0.009,0.01,8080.0,5473.0,1.0
"beta_speed[Muzziotti, Símon]",-18.298,0.856,-19.968,-16.725,0.009,0.01,8604.0,5600.0,1.0
"beta_speed[Doyle, Brenton]",-18.473,0.741,-19.854,-17.11,0.009,0.008,6977.0,6066.0,1.0
"beta_speed[Edwards, Xavier]",-18.182,0.855,-19.87,-16.591,0.009,0.011,8689.0,5307.0,1.0
"beta_speed[Chisholm Jr., Jazz]",-18.185,0.791,-19.651,-16.691,0.009,0.008,8309.0,6036.0,1.0
"beta_speed[Colás, Oscar]",-18.707,0.795,-20.176,-17.183,0.01,0.009,6902.0,5847.0,1.0
"beta_speed[Rafaela, Ceddanne]",-18.389,0.838,-19.992,-16.833,0.01,0.01,6686.0,5824.0,1.0
"beta_speed[Rojas, Johan]",-18.227,0.801,-19.694,-16.678,0.009,0.009,7271.0,5910.0,1.0
"beta_speed[Domínguez, Jasson]",-18.489,0.843,-20.011,-16.865,0.009,0.011,9052.0,5789.0,1.0
"beta_speed[Young, Jacob]",-18.748,0.824,-20.306,-17.206,0.009,0.01,8376.0,5941.0,1.0
"beta_speed[Fitzgerald, Tyler]",-18.615,0.851,-20.151,-16.92,0.01,0.011,7727.0,5793.0,1.0
"beta_speed[Meadows, Parker]",-17.927,0.823,-19.418,-16.3,0.009,0.01,8081.0,5052.0,1.0
"beta_speed[Butler, Lawrence]",-18.3,0.811,-19.874,-16.801,0.009,0.011,8841.0,6084.0,1.0
"beta_speed[Crow-Armstrong, Pete]",-18.279,0.854,-19.8,-16.625,0.009,0.011,10146.0,5526.0,1.0
"beta_speed[Canario, Alexander]",-18.145,0.87,-19.745,-16.455,0.009,0.012,9311.0,5815.0,1.0
"beta_speed[Paris, Kyren]",-18.304,0.871,-19.985,-16.653,0.01,0.012,7671.0,5332.0,1.0
"beta_speed[Myers, Dane]",-18.7,0.843,-20.363,-17.193,0.009,0.011,8218.0,5425.0,1.0
"beta_speed[Cabbage, Trey]",-18.425,0.839,-19.987,-16.812,0.009,0.011,9752.0,5927.0,1.0
"beta_speed[Short, Zack]",-18.12,0.847,-19.801,-16.547,0.009,0.011,9175.0,5975.0,1.0
"beta_speed[Braun, Ryan]",-18.395,0.853,-20.018,-16.769,0.01,0.01,8014.0,5561.0,1.0
"beta_speed[Fowler, Dexter]",-18.466,0.823,-20.06,-16.946,0.009,0.01,8291.0,6144.0,1.0
"beta_speed[Blackmon, Charlie]",-18.384,0.713,-19.829,-17.127,0.009,0.008,5655.0,5616.0,1.0
"beta_speed[Polanco, Gregory]",-18.624,0.744,-19.977,-17.223,0.009,0.008,6194.0,5842.0,1.0
"beta_speed[Rickard, Joey]",-18.295,0.866,-19.978,-16.719,0.01,0.01,8043.0,5815.0,1.0
"beta_speed[Fletcher, David]",-18.376,0.87,-20.094,-16.787,0.01,0.011,7731.0,5264.0,1.0
"beta_speed[Núñez, Eduardo]",-18.296,0.874,-20.055,-16.76,0.009,0.012,9603.0,5976.0,1.0
"beta_speed[Motter, Taylor]",-18.338,0.868,-19.983,-16.728,0.01,0.011,8028.0,4832.0,1.0
"beta_speed[Amburgey, Trey]",-18.4,0.862,-20.07,-16.787,0.009,0.011,9967.0,5786.0,1.0
"beta_speed[Cooper, Garrett]",-18.144,0.804,-19.654,-16.645,0.008,0.009,9066.0,6006.0,1.0
"beta_speed[Astudillo, Willians]",-18.299,0.868,-19.85,-16.597,0.009,0.011,8787.0,5504.0,1.0
"beta_speed[Stokes Jr., Troy]",-18.432,0.846,-20.056,-16.88,0.009,0.01,8083.0,5805.0,1.0
"beta_speed[Kivlehan, Patrick]",-18.282,0.864,-19.81,-16.537,0.01,0.01,8064.0,5262.0,1.0
"beta_speed[Owen, Hunter]",-18.189,0.88,-19.926,-16.624,0.009,0.013,8611.0,4675.0,1.0
"beta_speed[Ray, Corey]",-18.343,0.847,-20.038,-16.803,0.009,0.01,8708.0,5575.0,1.0
"beta_speed[Suzuki, Seiya]",-18.794,0.734,-20.26,-17.489,0.01,0.007,5639.0,6170.0,1.0
"beta_speed[Davis, Brendon]",-18.207,0.878,-19.899,-16.571,0.009,0.011,9690.0,6201.0,1.0
"beta_speed[Mitchell, Cal]",-18.127,0.813,-19.717,-16.651,0.009,0.01,7800.0,6007.0,1.0
"beta_speed[Castillo, Diego]",-18.311,0.819,-19.917,-16.849,0.008,0.011,9499.0,5791.0,1.0
"beta_speed[Díaz, Yusniel]",-18.293,0.859,-19.884,-16.63,0.009,0.01,10033.0,6323.0,1.0
"beta_speed[Arroyo, Christian]",-17.873,0.822,-19.39,-16.278,0.009,0.01,8344.0,5550.0,1.0
"beta_speed[Wilson, Marcus]",-18.21,0.856,-19.793,-16.588,0.009,0.011,9579.0,5500.0,1.0
"beta_speed[Alberto, Hanser]",-18.171,0.866,-19.866,-16.584,0.008,0.011,11252.0,5559.0,1.0
"beta_speed[Abrams, CJ]",-18.332,0.868,-19.95,-16.647,0.01,0.011,8276.0,5725.0,1.0
"beta_speed[Lopes, Christian]",-18.303,0.869,-19.918,-16.644,0.009,0.012,8889.0,5615.0,1.0
"beta_speed[Jackson, Drew]",-18.29,0.877,-19.996,-16.691,0.009,0.012,8561.0,5238.0,1.0
"beta_speed[Arias, Gabriel]",-18.294,0.817,-19.798,-16.73,0.009,0.01,8712.0,6249.0,1.0
"beta_speed[Odor, Rougned]",-18.424,0.863,-20.08,-16.849,0.009,0.012,8271.0,5615.0,1.0
"beta_speed[Basabe, Osleivis]",-18.271,0.85,-19.893,-16.683,0.01,0.011,8042.0,5519.0,1.0
"beta_speed[Goodman, Hunter]",-18.095,0.849,-19.716,-16.495,0.009,0.011,9317.0,5644.0,1.0
"beta_speed[Davis, Henry]",-17.652,0.789,-19.099,-16.176,0.01,0.008,5692.0,5898.0,1.0
"beta_speed[Encarnacion-Strand, Christian]",-18.309,0.867,-19.938,-16.685,0.009,0.011,10204.0,5587.0,1.0
"beta_cos[Brantley, Michael]",-0.023,0.138,-0.275,0.242,0.001,0.002,8603.0,5768.0,1.0
"beta_cos[Arozarena, Randy]",-0.209,0.101,-0.403,-0.024,0.001,0.001,8099.0,5832.0,1.0
"beta_cos[Tucker, Kyle]",-0.287,0.097,-0.463,-0.097,0.001,0.001,11250.0,6015.0,1.0
"beta_cos[Markakis, Nick]",-0.285,0.185,-0.635,0.061,0.002,0.002,10585.0,6284.0,1.0
"beta_cos[Taylor, Chris]",-0.235,0.12,-0.472,-0.018,0.001,0.001,8821.0,6314.0,1.0
"beta_cos[Margot, Manuel]",-0.373,0.123,-0.603,-0.143,0.001,0.001,9564.0,6318.0,1.0
"beta_cos[Gardner, Brett]",-0.635,0.136,-0.898,-0.388,0.001,0.002,8875.0,6327.0,1.0
"beta_cos[Grossman, Robbie]",-0.229,0.102,-0.424,-0.037,0.001,0.001,12561.0,6523.0,1.0
"beta_cos[Pollock, AJ]",-0.332,0.119,-0.55,-0.113,0.001,0.002,10820.0,5678.0,1.0
"beta_cos[Pederson, Joc]",-0.371,0.121,-0.608,-0.15,0.001,0.001,8427.0,5815.0,1.0
"beta_cos[Meadows, Austin]",-0.091,0.145,-0.368,0.179,0.002,0.002,8650.0,5835.0,1.0
"beta_cos[Phillips, Brett]",-0.239,0.138,-0.508,0.017,0.001,0.002,8782.0,6349.0,1.0
"beta_cos[Frazier, Clint]",-0.188,0.156,-0.482,0.105,0.001,0.002,10995.0,5705.0,1.0
"beta_cos[Sierra, Magneuris]",-0.084,0.163,-0.392,0.218,0.002,0.002,8693.0,5450.0,1.0
"beta_cos[Dickerson, Corey]",-0.325,0.13,-0.561,-0.068,0.001,0.002,10341.0,5558.0,1.0
"beta_cos[Schwarber, Kyle]",-0.006,0.099,-0.19,0.181,0.001,0.001,9440.0,5686.0,1.0
"beta_cos[Pham, Tommy]",-0.115,0.109,-0.32,0.089,0.001,0.001,8450.0,6320.0,1.0
"beta_cos[Carlson, Dylan]",-0.4,0.105,-0.593,-0.196,0.001,0.001,10747.0,6277.0,1.0
"beta_cos[Engel, Adam]",-0.278,0.138,-0.53,-0.016,0.001,0.002,8643.0,5558.0,1.0
"beta_cos[Duvall, Adam]",-0.296,0.109,-0.497,-0.09,0.001,0.001,9040.0,5841.0,1.0
"beta_cos[Akiyama, Shogo]",-0.372,0.166,-0.687,-0.065,0.002,0.002,8527.0,5681.0,1.0
"beta_cos[Yelich, Christian]",-0.279,0.11,-0.483,-0.072,0.001,0.001,10074.0,6222.0,1.0
"beta_cos[Aquino, Aristides]",-0.262,0.144,-0.537,-0.001,0.001,0.002,10837.0,6081.0,1.0
"beta_cos[Gurriel Jr., Lourdes]",-0.134,0.107,-0.33,0.067,0.001,0.001,10114.0,5268.0,1.0
"beta_cos[Naylor, Josh]",0.075,0.167,-0.246,0.379,0.002,0.002,9717.0,5798.0,1.0
"beta_cos[Riddle, JT]",-0.265,0.207,-0.652,0.124,0.002,0.002,8018.0,5189.0,1.0
"beta_cos[Lowe, Brandon]",-0.172,0.207,-0.555,0.221,0.002,0.002,10414.0,5716.0,1.0
"beta_cos[Beaty, Matt]",-0.229,0.175,-0.576,0.08,0.002,0.002,10641.0,5949.0,1.0
"beta_cos[Riley, Austin]",-0.192,0.206,-0.578,0.192,0.002,0.002,11271.0,6113.0,1.0
"beta_cos[Profar, Jurickson]",-0.353,0.109,-0.55,-0.146,0.001,0.001,8165.0,5280.0,1.0
"beta_cos[Canha, Mark]",-0.464,0.109,-0.671,-0.263,0.001,0.001,8581.0,6355.0,1.0
"beta_cos[Cave, Jake]",-0.147,0.133,-0.381,0.107,0.002,0.001,7717.0,5959.0,1.0
"beta_cos[Rosario, Eddie]",-0.215,0.105,-0.419,-0.028,0.001,0.001,10088.0,5957.0,1.0
"beta_cos[Stevenson, Andrew]",-0.405,0.178,-0.736,-0.083,0.002,0.002,9490.0,6399.0,1.0
"beta_cos[Davis, Jonathan]",-0.253,0.165,-0.566,0.05,0.002,0.002,9149.0,6264.0,1.0
"beta_cos[Hays, Austin]",-0.348,0.098,-0.52,-0.152,0.001,0.001,10917.0,6007.0,1.0
"beta_cos[Tapia, Raimel]",-0.208,0.11,-0.413,-0.001,0.001,0.001,10291.0,5884.0,1.0
"beta_cos[Peralta, David]",-0.118,0.103,-0.311,0.078,0.001,0.001,11485.0,6036.0,1.0
"beta_cos[Happ, Ian]",0.006,0.092,-0.17,0.172,0.001,0.001,10725.0,6666.0,1.0
"beta_cos[McCutchen, Andrew]",-0.091,0.13,-0.333,0.155,0.001,0.001,8467.0,5638.0,1.0
"beta_cos[White, Eli]",-0.336,0.159,-0.625,-0.033,0.002,0.002,9635.0,5949.0,1.0
"beta_cos[Solak, Nick]",-0.362,0.171,-0.688,-0.044,0.002,0.002,9770.0,5505.0,1.0
"beta_cos[Díaz, Aledmys]",-0.079,0.191,-0.444,0.28,0.002,0.002,8834.0,6000.0,1.0
"beta_cos[Nimmo, Brandon]",-0.292,0.103,-0.491,-0.101,0.001,0.001,10777.0,5484.0,1.0
"beta_cos[Chavis, Michael]",-0.036,0.204,-0.409,0.352,0.002,0.002,7493.0,5520.0,1.0
"beta_cos[Locastro, Tim]",-0.419,0.156,-0.717,-0.134,0.002,0.002,10258.0,6202.0,1.0
"beta_cos[Mercado, Óscar]",-0.211,0.143,-0.484,0.055,0.001,0.002,9615.0,5464.0,1.0
"beta_cos[Luplow, Jordan]",-0.116,0.146,-0.38,0.17,0.002,0.002,9179.0,5872.0,1.0
"beta_cos[Osuna, José]",-0.319,0.214,-0.7,0.101,0.002,0.003,9288.0,5461.0,1.0
"beta_cos[Edman, Tommy]",-0.123,0.157,-0.419,0.165,0.002,0.002,9171.0,6106.0,1.0
"beta_cos[Bonifacio, Jorge]",-0.343,0.196,-0.707,0.036,0.002,0.002,8069.0,5704.0,1.0
"beta_cos[Gordon, Alex]",-0.292,0.188,-0.658,0.044,0.002,0.002,12114.0,5919.0,1.0
"beta_cos[Upton, Justin]",-0.414,0.157,-0.711,-0.118,0.002,0.002,9331.0,6118.0,1.0
"beta_cos[Lopes, Tim]",-0.282,0.191,-0.645,0.077,0.002,0.002,7868.0,5778.0,1.0
"beta_cos[Duggar, Steven]",-0.064,0.153,-0.357,0.216,0.002,0.002,7781.0,4986.0,1.0
"beta_cos[Dickerson, Alex]",-0.203,0.157,-0.498,0.094,0.002,0.002,9849.0,5788.0,1.0
"beta_cos[Reyes, Victor]",-0.334,0.135,-0.582,-0.076,0.001,0.002,11015.0,6275.0,1.0
"beta_cos[Ward, Taylor]",-0.422,0.109,-0.63,-0.222,0.001,0.001,9322.0,6033.0,1.0
"beta_cos[Bishop, Braden]",-0.262,0.208,-0.653,0.133,0.002,0.002,9705.0,6168.0,1.0
"beta_cos[Kemp, Tony]",-0.313,0.134,-0.564,-0.068,0.001,0.002,11369.0,6020.0,1.0
"beta_cos[Marmolejos, José]",-0.233,0.19,-0.582,0.14,0.002,0.002,10830.0,6148.0,1.0
"beta_cos[Puello, César]",-0.27,0.209,-0.667,0.119,0.002,0.002,9686.0,5702.0,1.0
"beta_cos[Lin, Tzu-Wei]",-0.251,0.208,-0.666,0.121,0.002,0.002,9819.0,5804.0,1.0
"beta_cos[Stewart, Christin]",-0.174,0.203,-0.567,0.193,0.002,0.002,10108.0,6096.0,1.0
"beta_cos[O'Neill, Tyler]",-0.537,0.114,-0.762,-0.332,0.001,0.001,8412.0,5072.0,1.0
"beta_cos[Taylor, Michael A.]",-0.517,0.1,-0.705,-0.331,0.001,0.001,8780.0,6102.0,1.0
"beta_cos[Smith, Dominic]",-0.159,0.161,-0.457,0.137,0.002,0.002,9493.0,6102.0,1.0
"beta_cos[Stewart, DJ]",-0.256,0.134,-0.504,-0.002,0.001,0.002,12305.0,5692.0,1.0
"beta_cos[Jiménez, Eloy]",-0.395,0.156,-0.686,-0.098,0.002,0.002,7984.0,5691.0,1.0
"beta_cos[Heath, Nick]",-0.37,0.206,-0.756,0.025,0.002,0.002,7941.0,5715.0,1.0
"beta_cos[Castro, Harold]",-0.436,0.193,-0.813,-0.088,0.002,0.002,11820.0,5857.0,1.0
"beta_cos[Maybin, Cameron]",-0.327,0.197,-0.686,0.044,0.002,0.002,9423.0,6260.0,1.0
"beta_cos[Hilliard, Sam]",-0.448,0.133,-0.7,-0.202,0.001,0.002,9799.0,5680.0,1.0
"beta_cos[Fraley, Jake]",-0.013,0.127,-0.254,0.227,0.001,0.001,8579.0,5979.0,1.0
"beta_cos[Smith, Pavin]",-0.324,0.131,-0.567,-0.075,0.001,0.002,9004.0,5861.0,1.0
"beta_cos[Mountcastle, Ryan]",-0.341,0.19,-0.701,0.022,0.002,0.002,8492.0,5873.0,1.0
"beta_cos[Dixon, Brandon]",-0.297,0.207,-0.695,0.081,0.002,0.003,12902.0,5809.0,1.0
"beta_cos[Oliva, Jared]",-0.171,0.197,-0.549,0.2,0.002,0.002,6679.0,4862.0,1.0
"beta_cos[Olivares, Edward]",-0.184,0.134,-0.435,0.074,0.001,0.002,10319.0,5612.0,1.0
"beta_cos[Ozuna, Marcell]",-0.498,0.15,-0.779,-0.218,0.001,0.002,10597.0,5262.0,1.0
"beta_cos[Robertson, Daniel]",-0.267,0.215,-0.686,0.118,0.002,0.002,7853.0,5568.0,1.0
"beta_cos[Ruf, Darin]",-0.097,0.171,-0.423,0.218,0.002,0.002,8464.0,6024.0,1.0
"beta_cos[Soto, Juan]",-0.168,0.092,-0.339,0.007,0.001,0.001,11174.0,6031.0,1.0
"beta_cos[Moniak, Mickey]",-0.125,0.158,-0.417,0.174,0.002,0.002,9486.0,5516.0,1.0
"beta_cos[McNeil, Jeff]",-0.082,0.146,-0.341,0.203,0.002,0.002,8892.0,5588.0,1.0
"beta_cos[Frazier, Adam]",-0.298,0.173,-0.627,0.023,0.002,0.002,8724.0,6193.0,1.0
"beta_cos[Moore, Dylan]",-0.173,0.152,-0.463,0.107,0.002,0.002,10136.0,6207.0,1.0
"beta_cos[Calhoun, Willie]",-0.239,0.178,-0.573,0.096,0.002,0.002,7714.0,6291.0,1.0
"beta_cos[Haseley, Adam]",-0.216,0.182,-0.55,0.124,0.002,0.002,8063.0,5997.0,1.0
"beta_cos[Martinez, J.D.]",0.061,0.19,-0.304,0.407,0.002,0.002,8079.0,5905.0,1.0
"beta_cos[Tsutsugo, Yoshi]",-0.201,0.187,-0.545,0.152,0.002,0.002,10687.0,6002.0,1.0
"beta_cos[Wade Jr., LaMonte]",-0.441,0.16,-0.745,-0.135,0.002,0.002,9522.0,5943.0,1.0
"beta_cos[Winker, Jesse]",-0.279,0.122,-0.51,-0.056,0.001,0.001,9952.0,6246.0,1.0
"beta_cos[Brinson, Lewis]",-0.383,0.153,-0.661,-0.092,0.001,0.002,10616.0,6219.0,1.0
"beta_cos[Fuentes, Joshua]",-0.262,0.219,-0.652,0.167,0.002,0.003,9525.0,5871.0,1.0
"beta_cos[Dahl, David]",-0.597,0.159,-0.908,-0.311,0.002,0.002,9335.0,6278.0,1.0
"beta_cos[Demeritte, Travis]",-0.334,0.189,-0.69,0.021,0.002,0.002,12552.0,5861.0,1.0
"beta_cos[Rodríguez, Sean]",-0.271,0.217,-0.675,0.132,0.002,0.002,9362.0,5690.0,1.0
"beta_cos[Muñoz, Yairo]",-0.178,0.204,-0.572,0.204,0.002,0.002,10021.0,5492.0,1.0
"beta_cos[Reynolds, Bryan]",-0.123,0.099,-0.314,0.058,0.001,0.001,9587.0,5853.0,1.0
"beta_cos[Hernández, Enrique]",0.084,0.128,-0.158,0.322,0.001,0.001,8150.0,5653.0,1.0
"beta_cos[Dean, Austin]",-0.203,0.205,-0.581,0.187,0.002,0.002,8326.0,5489.0,1.0
"beta_cos[Ravelo, Rangel]",-0.19,0.216,-0.592,0.208,0.002,0.003,8732.0,6002.0,1.0
"beta_cos[Taylor, Tyrone]",-0.413,0.117,-0.629,-0.185,0.001,0.001,8560.0,5630.0,1.0
"beta_cos[Garlick, Kyle]",-0.008,0.163,-0.322,0.293,0.002,0.002,10015.0,6496.0,1.0
"beta_cos[Peterson, Jace]",-0.198,0.188,-0.547,0.15,0.002,0.002,9815.0,6052.0,1.0
"beta_cos[Andujar, Miguel]",-0.104,0.169,-0.423,0.211,0.002,0.002,8532.0,5579.0,1.0
"beta_cos[Holt, Brock]",-0.374,0.207,-0.762,0.011,0.002,0.002,10794.0,5927.0,1.0
"beta_cos[Joyce, Matt]",-0.165,0.182,-0.498,0.191,0.002,0.002,8313.0,5447.0,1.0
"beta_cos[Tauchman, Mike]",-0.345,0.146,-0.623,-0.08,0.002,0.002,9145.0,5026.0,1.0
"beta_cos[Martin, Jason]",-0.359,0.178,-0.676,-0.005,0.002,0.002,9565.0,6491.0,1.0
"beta_cos[Basabe, Luis Alexander]",-0.231,0.213,-0.625,0.171,0.002,0.003,9270.0,5247.0,1.0
"beta_cos[Peraza, José]",-0.218,0.207,-0.605,0.167,0.002,0.002,10648.0,6163.0,1.0
"beta_cos[Long Jr., Shed]",-0.265,0.196,-0.627,0.114,0.002,0.003,10184.0,4723.0,1.0
"beta_cos[Rojas, Josh]",-0.283,0.183,-0.629,0.056,0.002,0.002,9282.0,6161.0,1.0
"beta_cos[Thaiss, Matt]",-0.259,0.216,-0.652,0.148,0.002,0.002,8973.0,6293.0,1.0
"beta_cos[Varsho, Daulton]",-0.532,0.114,-0.745,-0.32,0.001,0.001,8914.0,6457.0,1.0
"beta_cos[Strange-Gordon, Dee]",-0.306,0.211,-0.704,0.079,0.002,0.002,9847.0,6544.0,1.0
"beta_cos[Heineman, Scott]",-0.438,0.199,-0.845,-0.089,0.002,0.002,8601.0,5849.0,1.0
"beta_cos[Choo, Shin-Soo]",-0.308,0.203,-0.679,0.086,0.002,0.003,10986.0,5395.0,1.0
"beta_cos[Fisher, Derek]",-0.221,0.207,-0.611,0.162,0.002,0.003,8960.0,5725.0,1.0
"beta_cos[Souza Jr., Steven]",-0.336,0.202,-0.7,0.052,0.002,0.002,8339.0,5924.0,1.0
"beta_cos[Merrifield, Whit]",-0.254,0.128,-0.503,-0.021,0.001,0.001,10187.0,5793.0,1.0
"beta_cos[Ramírez, Harold]",-0.252,0.145,-0.537,0.012,0.002,0.002,9349.0,6058.0,1.0
"beta_cos[Bruce, Jay]",-0.241,0.208,-0.638,0.141,0.002,0.003,10941.0,6039.0,1.0
"beta_cos[Walker, Neil]",-0.251,0.22,-0.663,0.164,0.002,0.003,9597.0,5921.0,1.0
"beta_cos[Barreto, Franklin]",-0.245,0.213,-0.657,0.14,0.002,0.003,9249.0,5635.0,1.0
"beta_cos[Rooker, Brent]",-0.13,0.149,-0.408,0.147,0.001,0.002,10217.0,5651.0,1.0
"beta_cos[Gosselin, Phil]",-0.209,0.173,-0.546,0.098,0.002,0.002,9481.0,5078.0,1.0
"beta_cos[Haggerty, Sam]",-0.014,0.166,-0.327,0.291,0.002,0.002,8428.0,5681.0,1.0
"beta_cos[Harrison, Josh]",-0.161,0.186,-0.496,0.19,0.002,0.002,8970.0,5861.0,1.0
"beta_cos[Dozier, Hunter]",-0.34,0.142,-0.612,-0.081,0.001,0.002,10316.0,5839.0,1.0
"beta_cos[Alford, Anthony]",-0.257,0.174,-0.574,0.071,0.002,0.002,9061.0,5495.0,1.0
"beta_cos[Verdugo, Alex]",-0.054,0.088,-0.219,0.113,0.001,0.001,10487.0,5842.0,1.0
"beta_cos[Payton, Mark]",-0.27,0.205,-0.661,0.105,0.002,0.002,9997.0,5812.0,1.0
"beta_cos[Goodwin, Brian]",-0.135,0.15,-0.408,0.152,0.002,0.002,8943.0,5690.0,1.0
"beta_cos[Jay, Jon]",-0.25,0.202,-0.619,0.143,0.002,0.002,9605.0,6022.0,1.0
"beta_cos[Santana, Domingo]",-0.225,0.204,-0.617,0.141,0.002,0.002,10629.0,6133.0,1.0
"beta_cos[Mathias, Mark]",-0.26,0.204,-0.638,0.129,0.002,0.002,9839.0,5573.0,1.0
"beta_cos[Pillar, Kevin]",-0.196,0.126,-0.434,0.034,0.001,0.001,9819.0,6252.0,1.0
"beta_cos[Allen, Greg]",-0.205,0.166,-0.515,0.098,0.002,0.002,10685.0,6077.0,1.0
"beta_cos[Williams, Mason]",-0.357,0.202,-0.745,0.021,0.002,0.002,10182.0,5174.0,1.0
"beta_cos[Pache, Cristian]",-0.146,0.145,-0.42,0.126,0.001,0.002,10786.0,6445.0,1.0
"beta_cos[Freeman, Mike]",-0.26,0.212,-0.642,0.146,0.002,0.003,11418.0,5684.0,1.0
"beta_cos[Stubbs, Garrett]",-0.273,0.215,-0.679,0.134,0.002,0.003,10126.0,5200.0,1.0
"beta_cos[González, Luis]",-0.247,0.156,-0.552,0.038,0.002,0.002,8692.0,5221.0,1.0
"beta_cos[Pérez, Hernán]",-0.294,0.214,-0.712,0.096,0.002,0.003,9043.0,5792.0,1.0
"beta_cos[Pence, Hunter]",-0.295,0.213,-0.685,0.11,0.002,0.003,9223.0,5670.0,1.0
"beta_cos[Biggio, Cavan]",-0.067,0.171,-0.393,0.244,0.002,0.002,8528.0,5691.0,1.0
"beta_cos[Smith Jr., Dwight]",-0.169,0.202,-0.553,0.212,0.002,0.002,8443.0,5766.0,1.0
"beta_cos[Valaika, Pat]",-0.22,0.209,-0.599,0.181,0.002,0.003,9260.0,5989.0,1.0
"beta_cos[Yastrzemski, Mike]",-0.276,0.102,-0.471,-0.088,0.001,0.001,8108.0,5824.0,1.0
"beta_cos[Zimmer, Bradley]",-0.511,0.156,-0.801,-0.217,0.002,0.002,8988.0,6256.0,1.0
"beta_cos[Bryant, Kris]",-0.335,0.133,-0.586,-0.085,0.001,0.001,8986.0,6075.0,1.0
"beta_cos[Velazquez, Andrew]",-0.213,0.209,-0.607,0.179,0.002,0.003,10487.0,5406.0,1.0
"beta_cos[Mateo, Jorge]",-0.257,0.199,-0.628,0.121,0.002,0.002,9605.0,6300.0,1.0
"beta_cos[Hampson, Garrett]",-0.379,0.142,-0.652,-0.12,0.002,0.002,8701.0,6043.0,1.0
"beta_cos[Benintendi, Andrew]",-0.237,0.104,-0.433,-0.044,0.001,0.001,9786.0,5957.0,1.0
"beta_cos[Refsnyder, Rob]",0.013,0.143,-0.258,0.272,0.001,0.002,9381.0,6063.0,1.0
"beta_cos[Kemp, Matt]",-0.259,0.216,-0.671,0.141,0.002,0.002,9475.0,6106.0,1.0
"beta_cos[Slater, Austin]",-0.138,0.136,-0.393,0.111,0.001,0.001,8412.0,6711.0,1.0
"beta_cos[Almonte, Abraham]",-0.162,0.177,-0.482,0.175,0.002,0.002,11533.0,5961.0,1.0
"beta_cos[Brosseau, Mike]",-0.194,0.211,-0.589,0.195,0.002,0.003,8903.0,5556.0,1.0
"beta_cos[Evans, Phillip]",-0.264,0.199,-0.631,0.109,0.002,0.002,10782.0,5896.0,1.0
"beta_cos[Owings, Chris]",-0.153,0.203,-0.526,0.242,0.002,0.002,8475.0,5665.0,1.0
"beta_cos[Mullins, Cedric]",-0.497,0.099,-0.677,-0.304,0.001,0.001,9563.0,6440.0,1.0
"beta_cos[García, Adolis]",-0.4,0.1,-0.59,-0.216,0.001,0.001,10957.0,6220.0,1.0
"beta_cos[Ervin, Phillip]",-0.078,0.196,-0.436,0.294,0.002,0.002,8525.0,5178.0,1.0
"beta_cos[Hermosillo, Michael]",-0.467,0.194,-0.833,-0.109,0.002,0.002,8937.0,5935.0,1.0
"beta_cos[Davis, J.D.]",-0.142,0.204,-0.531,0.234,0.002,0.002,9179.0,5317.0,1.0
"beta_cos[Mejia, Erick]",-0.239,0.215,-0.632,0.173,0.002,0.003,10093.0,5955.0,1.0
"beta_cos[Johnson, Daniel]",-0.311,0.194,-0.665,0.063,0.002,0.002,9316.0,5999.0,1.0
"beta_cos[Cordero, Franchy]",0.124,0.153,-0.164,0.401,0.002,0.002,8400.0,5730.0,1.0
"beta_cos[Delmonico, Nicky]",-0.239,0.204,-0.615,0.161,0.002,0.002,9728.0,5968.0,1.0
"beta_cos[Marte, Starling]",-0.379,0.104,-0.569,-0.18,0.001,0.001,11379.0,6539.0,1.0
"beta_cos[Bonifácio, Emilio]",-0.259,0.216,-0.663,0.146,0.002,0.003,9222.0,6001.0,1.0
"beta_cos[Hoerner, Nico]",-0.252,0.212,-0.661,0.139,0.002,0.003,10020.0,5434.0,1.0
"beta_cos[Santander, Anthony]",-0.187,0.099,-0.37,0.001,0.001,0.001,10186.0,6049.0,1.0
"beta_cos[Gamel, Ben]",-0.437,0.123,-0.656,-0.195,0.001,0.001,10421.0,6060.0,1.0
"beta_cos[McBroom, Ryan]",-0.202,0.211,-0.601,0.2,0.002,0.002,9197.0,5618.0,1.0
"beta_cos[Reyes, Franmil]",-0.217,0.193,-0.586,0.138,0.002,0.002,9569.0,5864.0,1.0
"beta_cos[McCarthy, Joe]",-0.301,0.209,-0.688,0.096,0.002,0.002,8377.0,5871.0,1.0
"beta_cos[Alvarez, Yordan]",-0.121,0.148,-0.407,0.151,0.002,0.002,8919.0,5480.0,1.0
"beta_cos[Santana, Danny]",-0.323,0.197,-0.691,0.048,0.002,0.002,10824.0,5646.0,1.0
"beta_cos[Ramos, Henry]",-0.423,0.196,-0.785,-0.055,0.002,0.002,7901.0,6157.0,1.0
"beta_cos[Haase, Eric]",-0.034,0.19,-0.392,0.322,0.002,0.002,8610.0,5693.0,1.0
"beta_cos[Miller, Brian]",-0.273,0.214,-0.668,0.128,0.002,0.002,10963.0,5943.0,1.0
"beta_cos[Gallo, Joey]",-0.203,0.111,-0.427,-0.006,0.001,0.001,9688.0,6216.0,1.0
"beta_cos[Deichmann, Greg]",-0.232,0.207,-0.615,0.168,0.002,0.002,10568.0,5769.0,1.0
"beta_cos[Rondon, José]",-0.186,0.207,-0.572,0.21,0.002,0.003,9936.0,5535.0,1.0
"beta_cos[Nevin, Tyler]",-0.228,0.205,-0.603,0.167,0.002,0.003,8513.0,5367.0,1.0
"beta_cos[Bell, Josh]",-0.24,0.205,-0.635,0.133,0.002,0.002,8841.0,5998.0,1.0
"beta_cos[Hernández, Teoscar]",-0.192,0.097,-0.382,-0.019,0.001,0.001,9265.0,6005.0,1.0
"beta_cos[McKenna, Ryan]",-0.136,0.127,-0.386,0.094,0.001,0.001,9170.0,6209.0,1.0
"beta_cos[Gordon, Nick]",-0.199,0.148,-0.47,0.085,0.002,0.002,9105.0,6141.0,1.0
"beta_cos[Isbel, Kyle]",-0.265,0.133,-0.528,-0.028,0.001,0.002,8745.0,5613.0,1.0
"beta_cos[Marisnick, Jake]",-0.168,0.153,-0.448,0.116,0.002,0.002,7822.0,5764.0,1.0
"beta_cos[Schrock, Max]",-0.245,0.198,-0.624,0.106,0.002,0.002,11382.0,6071.0,1.0
"beta_cos[Friedl, TJ]",-0.225,0.134,-0.495,0.008,0.001,0.001,9241.0,5572.0,1.0
"beta_cos[Ortega, Rafael]",-0.267,0.135,-0.53,-0.021,0.001,0.002,11074.0,5735.0,1.0
"beta_cos[Brown, Seth]",-0.26,0.125,-0.485,-0.021,0.001,0.001,11801.0,6223.0,1.0
"beta_cos[Herrera, Odúbel]",-0.242,0.141,-0.506,0.014,0.001,0.002,13074.0,5665.0,1.0
"beta_cos[Stephenson, Tyler]",-0.274,0.212,-0.703,0.103,0.002,0.003,9359.0,5847.0,1.0
"beta_cos[Peters, DJ]",-0.24,0.17,-0.557,0.089,0.002,0.002,8022.0,5716.0,1.0
"beta_cos[Lagares, Juan]",-0.095,0.153,-0.387,0.183,0.002,0.002,8962.0,6056.0,1.0
"beta_cos[Hernandez, Yadiel]",-0.343,0.146,-0.627,-0.079,0.001,0.002,9997.0,5801.0,1.0
"beta_cos[Dyson, Jarrod]",-0.375,0.157,-0.67,-0.082,0.002,0.002,7601.0,5804.0,1.0
"beta_cos[Castro, Willi]",-0.125,0.136,-0.391,0.126,0.002,0.001,7203.0,5802.0,1.0
"beta_cos[Stanton, Giancarlo]",-0.154,0.152,-0.439,0.129,0.002,0.002,9769.0,5965.0,1.0
"beta_cos[Nootbaar, Lars]",-0.54,0.121,-0.761,-0.309,0.001,0.001,9935.0,6556.0,1.0
"beta_cos[Hamilton, Billy]",-0.343,0.185,-0.702,-0.003,0.002,0.002,11570.0,5902.0,1.0
"beta_cos[DeShields, Delino]",-0.247,0.172,-0.582,0.063,0.002,0.002,8517.0,5751.0,1.0
"beta_cos[Martini, Nick]",-0.366,0.201,-0.741,0.004,0.002,0.002,10379.0,5579.0,1.0
"beta_cos[Cameron, Daz]",-0.388,0.166,-0.702,-0.082,0.002,0.002,9291.0,5920.0,1.0
"beta_cos[Baddoo, Akil]",-0.264,0.113,-0.468,-0.041,0.001,0.001,8850.0,5956.0,1.0
"beta_cos[Rojas, Jose]",-0.165,0.192,-0.542,0.191,0.002,0.002,10500.0,6328.0,1.0
"beta_cos[McCormick, Chas]",-0.226,0.109,-0.427,-0.016,0.001,0.001,7994.0,6080.0,1.0
"beta_cos[Wisdom, Patrick]",-0.19,0.183,-0.555,0.137,0.002,0.002,7886.0,5829.0,1.0
"beta_cos[Bolt, Skye]",-0.313,0.173,-0.624,0.023,0.002,0.002,9955.0,6074.0,1.0
"beta_cos[Wong, Kean]",-0.299,0.209,-0.706,0.074,0.002,0.002,9947.0,5258.0,1.0
"beta_cos[Meyers, Jake]",-0.581,0.146,-0.86,-0.309,0.002,0.002,7354.0,6040.0,1.0
"beta_cos[Arraez, Luis]",-0.15,0.198,-0.512,0.232,0.002,0.002,8984.0,5957.0,1.0
"beta_cos[Bauers, Jake]",0.067,0.164,-0.231,0.378,0.002,0.002,9382.0,5766.0,1.0
"beta_cos[Lux, Gavin]",-0.156,0.182,-0.47,0.212,0.002,0.002,9475.0,6096.0,1.0
"beta_cos[Vilade, Ryan]",-0.206,0.217,-0.625,0.191,0.002,0.003,9091.0,5569.0,1.0
"beta_cos[Wade, Tyler]",-0.324,0.199,-0.704,0.047,0.002,0.002,9819.0,6324.0,1.0
"beta_cos[Siri, Jose]",-0.612,0.138,-0.871,-0.358,0.002,0.002,8058.0,6162.0,1.0
"beta_cos[Vierling, Matt]",-0.265,0.127,-0.494,-0.016,0.001,0.002,10548.0,5696.0,1.0
"beta_cos[De La Cruz, Bryan]",-0.287,0.117,-0.505,-0.065,0.001,0.001,8605.0,5984.0,1.0
"beta_cos[Rivas III, Alfonso]",-0.227,0.207,-0.623,0.152,0.002,0.002,9041.0,5952.0,1.0
"beta_cos[Adell, Jo]",-0.379,0.137,-0.639,-0.123,0.002,0.002,8005.0,5280.0,1.0
"beta_cos[Lowe, Josh]",-0.411,0.149,-0.705,-0.143,0.001,0.002,10476.0,6380.0,1.0
"beta_cos[Myers, Wil]",-0.33,0.137,-0.589,-0.075,0.001,0.002,10254.0,5502.0,1.0
"beta_cos[Sheets, Gavin]",-0.258,0.146,-0.532,0.009,0.001,0.002,10421.0,6257.0,1.0
"beta_cos[Gonzalez, Romy]",-0.287,0.21,-0.664,0.132,0.002,0.002,7374.0,5861.0,1.0
"beta_cos[Ruiz, Rio]",-0.257,0.212,-0.662,0.129,0.002,0.003,7789.0,5514.0,1.0
"beta_cos[Naquin, Tyler]",-0.364,0.123,-0.609,-0.14,0.001,0.002,10192.0,6011.0,1.0
"beta_cos[Vaughn, Andrew]",-0.411,0.138,-0.666,-0.144,0.001,0.002,10126.0,5827.0,1.0
"beta_cos[Alfaro, Jorge]",-0.243,0.203,-0.666,0.114,0.002,0.003,9430.0,5608.0,1.0
"beta_cos[Fairchild, Stuart]",-0.41,0.157,-0.717,-0.127,0.002,0.002,9603.0,5960.0,1.0
"beta_cos[Davis, Khris]",-0.248,0.215,-0.663,0.158,0.002,0.003,10678.0,5272.0,1.0
"beta_cos[Joe, Connor]",-0.366,0.133,-0.618,-0.119,0.001,0.002,8674.0,5452.0,1.0
"beta_cos[Reyes, Pablo]",-0.259,0.212,-0.683,0.112,0.002,0.003,11070.0,5902.0,1.0
"beta_cos[Arcia, Orlando]",-0.334,0.199,-0.702,0.044,0.002,0.002,9720.0,5888.0,1.0
"beta_cos[Thomas, Lane]",-0.186,0.102,-0.365,0.013,0.001,0.001,9433.0,6059.0,1.0
"beta_cos[Smith, Kevin]",-0.275,0.219,-0.671,0.152,0.002,0.003,9433.0,5838.0,1.0
"beta_cos[Lamb, Jake]",-0.255,0.198,-0.629,0.117,0.002,0.002,9601.0,6079.0,1.0
"beta_cos[Ibáñez, Andy]",-0.265,0.212,-0.66,0.139,0.002,0.003,8058.0,4835.0,1.0
"beta_cos[Jones, Taylor]",-0.016,0.207,-0.402,0.374,0.002,0.002,9771.0,5677.0,1.0
"beta_cos[Drury, Brandon]",-0.18,0.208,-0.587,0.195,0.002,0.002,8968.0,5992.0,1.0
"beta_cos[Park, Hoy]",-0.291,0.209,-0.681,0.11,0.002,0.003,9961.0,5927.0,1.0
"beta_cos[Larnach, Trevor]",-0.244,0.139,-0.498,0.023,0.001,0.002,8896.0,5416.0,1.0
"beta_cos[Culberson, Charlie]",-0.282,0.204,-0.647,0.123,0.002,0.002,10509.0,5930.0,1.0
"beta_cos[McKinstry, Zach]",-0.273,0.169,-0.601,0.036,0.002,0.002,8792.0,5606.0,1.0
"beta_cos[Robson, Jacob]",-0.257,0.217,-0.658,0.151,0.002,0.003,11287.0,5438.0,1.0
"beta_cos[Williams, Luke]",-0.101,0.194,-0.489,0.249,0.002,0.002,8116.0,5729.0,1.0
"beta_cos[Goodrum, Niko]",-0.275,0.206,-0.661,0.122,0.002,0.002,7884.0,5344.0,1.0
"beta_cos[Duran, Jarren]",-0.117,0.14,-0.374,0.15,0.001,0.002,9821.0,5702.0,1.0
"beta_cos[García, Leury]",0.114,0.167,-0.205,0.425,0.002,0.002,9394.0,5932.0,1.0
"beta_cos[Fargas, Johneshwy]",-0.254,0.208,-0.627,0.156,0.002,0.003,13051.0,5659.0,1.0
"beta_cos[Reddick, Josh]",-0.41,0.169,-0.729,-0.1,0.002,0.002,9646.0,6083.0,1.0
"beta_cos[Estrada, Thairo]",-0.294,0.204,-0.707,0.074,0.002,0.002,10263.0,5903.0,1.0
"beta_cos[VanMeter, Josh]",-0.287,0.209,-0.663,0.133,0.002,0.002,10506.0,6106.0,1.0
"beta_cos[Parra, Gerardo]",-0.249,0.199,-0.63,0.119,0.002,0.002,12152.0,5597.0,1.0
"beta_cos[Bradley Jr., Jackie]",-0.231,0.112,-0.439,-0.027,0.001,0.001,8659.0,6090.0,1.0
"beta_cos[Raley, Luke]",-0.141,0.167,-0.449,0.175,0.002,0.002,8970.0,5691.0,1.0
"beta_cos[LaMarre, Ryan]",-0.251,0.215,-0.66,0.145,0.002,0.003,8117.0,5418.0,1.0
"beta_cos[Berti, Jon]",-0.182,0.182,-0.524,0.157,0.002,0.002,9113.0,5797.0,1.0
"beta_cos[Thomas, Dillon]",-0.233,0.206,-0.632,0.144,0.002,0.002,8691.0,5348.0,1.0
"beta_cos[Reks, Zach]",-0.276,0.204,-0.65,0.116,0.002,0.002,8643.0,6246.0,1.0
"beta_cos[Wilson, Jacob]",-0.263,0.215,-0.684,0.127,0.002,0.003,9428.0,5958.0,1.0
"beta_cos[Sánchez, Jesús]",-0.107,0.123,-0.332,0.128,0.001,0.001,9007.0,5765.0,1.0
"beta_cos[Heredia, Guillermo]",-0.263,0.15,-0.541,0.024,0.002,0.002,8803.0,6383.0,1.0
"beta_cos[Jankowski, Travis]",-0.403,0.16,-0.717,-0.121,0.002,0.002,10440.0,6045.0,1.0
"beta_cos[Pinder, Chad]",0.072,0.155,-0.222,0.359,0.002,0.002,7469.0,5713.0,1.0
"beta_cos[Gonzalez, Marwin]",-0.347,0.19,-0.715,-0.007,0.002,0.002,9195.0,6203.0,1.0
"beta_cos[Clement, Ernie]",-0.073,0.206,-0.46,0.302,0.002,0.002,7911.0,6066.0,1.0
"beta_cos[Vosler, Jason]",-0.291,0.219,-0.716,0.11,0.002,0.003,10774.0,5318.0,1.0
"beta_cos[McKinney, Billy]",-0.391,0.166,-0.686,-0.057,0.002,0.002,7897.0,6005.0,1.0
"beta_cos[Kirilloff, Alex]",-0.397,0.171,-0.72,-0.078,0.002,0.002,10367.0,5645.0,1.0
"beta_cos[Daza, Yonathan]",-0.232,0.125,-0.482,-0.012,0.001,0.001,9858.0,5848.0,1.0
"beta_cos[Davis, Jaylin]",-0.362,0.201,-0.748,0.007,0.002,0.002,9516.0,5926.0,1.0
"beta_cos[Tom, Ka'ai]",-0.284,0.192,-0.636,0.079,0.002,0.002,9917.0,6012.0,1.0
"beta_cos[Schebler, Scott]",-0.355,0.206,-0.733,0.029,0.002,0.002,7742.0,5776.0,1.0
"beta_cos[O'Hearn, Ryan]",-0.392,0.18,-0.733,-0.057,0.002,0.002,8137.0,6096.0,1.0
"beta_cos[Wilkerson, Stevie]",-0.253,0.214,-0.648,0.158,0.002,0.003,10593.0,5680.0,1.0
"beta_cos[O'Grady, Brian]",-0.318,0.213,-0.728,0.074,0.002,0.003,10106.0,5516.0,1.0
"beta_cos[Walton, Donovan]",-0.266,0.211,-0.664,0.136,0.002,0.003,9073.0,5752.0,1.0
"beta_cos[Trammell, Taylor]",-0.239,0.161,-0.535,0.072,0.002,0.002,9541.0,5974.0,1.0
"beta_cos[Blankenhorn, Travis]",-0.333,0.209,-0.731,0.053,0.002,0.002,9874.0,6575.0,1.0
"beta_cos[Marcano, Tucupita]",-0.328,0.194,-0.682,0.042,0.002,0.002,10270.0,5805.0,1.0
"beta_cos[Adrianza, Ehire]",-0.183,0.2,-0.532,0.217,0.002,0.002,9990.0,6020.0,1.0
"beta_cos[Hiura, Keston]",-0.279,0.212,-0.687,0.131,0.002,0.003,10348.0,5357.0,1.0
"beta_cos[Kelenic, Jarred]",-0.122,0.118,-0.345,0.094,0.001,0.001,9150.0,6259.0,1.0
"beta_cos[Quinn, Roman]",-0.324,0.173,-0.64,0.011,0.002,0.002,8449.0,5611.0,1.0
"beta_cos[Williams, Justin]",-0.217,0.187,-0.575,0.133,0.002,0.002,8903.0,6285.0,1.0
"beta_cos[Miller, Brad]",-0.198,0.179,-0.523,0.152,0.002,0.002,9305.0,5674.0,1.0
"beta_cos[Vargas, Ildemaro]",-0.292,0.209,-0.682,0.091,0.002,0.002,8759.0,6043.0,1.0
"beta_cos[Eaton, Adam]",-0.243,0.152,-0.525,0.038,0.002,0.002,9259.0,5891.0,1.0
"beta_cos[Barrera, Luis]",-0.341,0.199,-0.727,0.027,0.002,0.002,8994.0,6165.0,1.0
"beta_cos[Hager, Jake]",-0.271,0.218,-0.691,0.126,0.002,0.003,9004.0,5756.0,1.0
"beta_cos[Duffy, Matt]",-0.219,0.211,-0.615,0.175,0.002,0.003,9541.0,5622.0,1.0
"beta_cos[Neuse, Sheldon]",-0.202,0.212,-0.605,0.201,0.002,0.003,10471.0,5843.0,1.0
"beta_cos[Mathisen, Wyatt]",-0.196,0.213,-0.599,0.204,0.002,0.002,8679.0,6061.0,1.0
"beta_cos[Ohtani, Shohei]",-0.258,0.215,-0.669,0.135,0.002,0.002,10046.0,5781.0,1.0
"beta_cos[Bemboom, Anthony]",-0.257,0.218,-0.662,0.149,0.003,0.003,7322.0,5346.0,1.0
"beta_cos[Palacios, Joshua]",-0.177,0.162,-0.485,0.124,0.002,0.002,8855.0,5952.0,1.0
"beta_cos[Musgrove, Joe]",-0.263,0.213,-0.662,0.145,0.002,0.002,8918.0,6407.0,1.0
"beta_cos[Young, Andrew]",-0.296,0.218,-0.701,0.124,0.002,0.003,12066.0,5888.0,1.0
"beta_cos[Jones, JaCoby]",-0.529,0.169,-0.845,-0.216,0.002,0.002,10357.0,6166.0,1.0
"beta_cos[Blandino, Alex]",-0.26,0.214,-0.65,0.151,0.002,0.003,9997.0,5747.0,1.0
"beta_cos[Williams, Nick]",-0.285,0.214,-0.691,0.111,0.002,0.002,7425.0,6069.0,1.0
"beta_cos[Farmer, Kyle]",-0.26,0.216,-0.679,0.127,0.002,0.002,8086.0,5935.0,1.0
"beta_cos[Kingery, Scott]",-0.311,0.196,-0.676,0.057,0.002,0.002,9800.0,5606.0,1.0
"beta_cos[Inciarte, Ender]",-0.222,0.164,-0.54,0.084,0.002,0.002,8618.0,5499.0,1.0
"beta_cos[Almora Jr., Albert]",0.036,0.164,-0.266,0.349,0.002,0.002,7837.0,6254.0,1.0
"beta_cos[Kwan, Steven]",-0.006,0.107,-0.207,0.192,0.001,0.001,8699.0,5870.0,1.0
"beta_cos[Cabrera, Oswaldo]",-0.442,0.168,-0.761,-0.126,0.002,0.002,9848.0,5890.0,1.0
"beta_cos[Azócar, José]",-0.332,0.162,-0.652,-0.043,0.002,0.002,8891.0,6131.0,1.0
"beta_cos[Thompson, Trayce]",-0.4,0.153,-0.694,-0.122,0.002,0.002,9468.0,5555.0,1.0
"beta_cos[Carroll, Corbin]",-0.329,0.134,-0.589,-0.085,0.001,0.002,8425.0,5877.0,1.0
"beta_cos[Hicks, Aaron]",-0.245,0.113,-0.466,-0.042,0.001,0.001,9239.0,5861.0,1.0
"beta_cos[Vavra, Terrin]",-0.127,0.195,-0.484,0.243,0.002,0.002,8140.0,5789.0,1.0
"beta_cos[Velázquez, Nelson]",-0.185,0.162,-0.48,0.133,0.002,0.002,9833.0,5351.0,1.0
"beta_cos[Bouchard, Sean]",-0.417,0.183,-0.749,-0.063,0.002,0.002,9860.0,5751.0,1.0
"beta_cos[Vargas, Miguel]",-0.29,0.21,-0.687,0.108,0.002,0.003,8121.0,5528.0,1.0
"beta_cos[Bleday, JJ]",-0.15,0.138,-0.401,0.119,0.001,0.002,10114.0,6012.0,1.0
"beta_cos[Smith, Josh]",-0.158,0.187,-0.503,0.199,0.002,0.002,8814.0,5957.0,1.0
"beta_cos[Brennan, Will]",-0.171,0.149,-0.451,0.102,0.002,0.002,7719.0,5887.0,1.0
"beta_cos[Hensley, David]",-0.261,0.213,-0.661,0.127,0.002,0.002,10068.0,6125.0,1.0
"beta_cos[Thompson, Bubba]",-0.295,0.169,-0.608,0.022,0.002,0.002,9542.0,6150.0,1.0
"beta_cos[Hernández, César]",-0.266,0.207,-0.63,0.141,0.002,0.002,8128.0,6216.0,1.0
"beta_cos[Waters, Drew]",-0.268,0.138,-0.52,-0.002,0.001,0.002,9898.0,5795.0,1.0
"beta_cos[Mancini, Trey]",-0.283,0.2,-0.661,0.09,0.002,0.002,8946.0,5736.0,1.0
"beta_cos[Bae, Ji Hwan]",-0.304,0.187,-0.655,0.037,0.002,0.002,9308.0,5789.0,1.0
"beta_cos[Yepez, Juan]",-0.354,0.183,-0.689,-0.01,0.002,0.002,8755.0,6299.0,1.0
"beta_cos[Suwinski, Jack]",-0.123,0.118,-0.347,0.096,0.001,0.001,8389.0,6273.0,1.0
"beta_cos[Burdick, Peyton]",-0.393,0.184,-0.748,-0.062,0.002,0.002,8791.0,6533.0,1.0
"beta_cos[Melendez, MJ]",-0.163,0.126,-0.396,0.08,0.001,0.001,10263.0,5909.0,1.0
"beta_cos[Call, Alex]",-0.318,0.151,-0.595,-0.025,0.002,0.002,7485.0,5628.0,1.0
"beta_cos[Stowers, Kyle]",-0.244,0.184,-0.597,0.095,0.002,0.002,9292.0,5390.0,1.0
"beta_cos[Dubón, Mauricio]",-0.5,0.149,-0.786,-0.232,0.002,0.002,7637.0,5767.0,1.0
"beta_cos[Contreras, Mark]",-0.251,0.196,-0.64,0.093,0.002,0.002,8688.0,6238.0,1.0
"beta_cos[Calhoun, Kole]",-0.239,0.13,-0.486,0.004,0.001,0.002,9683.0,6201.0,1.0
"beta_cos[Lopez, Alejo]",-0.26,0.214,-0.664,0.143,0.002,0.003,9374.0,5633.0,1.0
"beta_cos[Garrett, Stone]",-0.423,0.183,-0.783,-0.095,0.002,0.002,10645.0,5664.0,1.0
"beta_cos[McCarthy, Jake]",-0.33,0.126,-0.561,-0.091,0.001,0.001,7871.0,6118.0,1.0
"beta_cos[Palacios, Richie]",-0.196,0.167,-0.502,0.12,0.002,0.002,9022.0,5879.0,1.0
"beta_cos[Garcia, Dérmis]",-0.215,0.211,-0.63,0.159,0.002,0.003,11044.0,5593.0,1.0
"beta_cos[Encarnacion, Jerar]",-0.207,0.206,-0.593,0.166,0.002,0.002,10337.0,6139.0,1.0
"beta_cos[Carpenter, Kerry]",-0.152,0.153,-0.444,0.129,0.002,0.002,9307.0,5508.0,1.0
"beta_cos[Donovan, Brendan]",-0.235,0.178,-0.592,0.083,0.002,0.002,9358.0,5933.0,1.0
"beta_cos[Benson, Will]",-0.183,0.148,-0.448,0.108,0.001,0.002,11092.0,5587.0,1.0
"beta_cos[Thomas, Cody]",-0.047,0.195,-0.417,0.307,0.002,0.002,9403.0,5634.0,1.0
"beta_cos[Burleson, Alec]",-0.462,0.173,-0.796,-0.143,0.002,0.002,10920.0,5788.0,1.0
"beta_cos[Eaton, Nate]",-0.391,0.181,-0.744,-0.065,0.002,0.002,8555.0,5795.0,1.0
"beta_cos[Gore, Terrance]",-0.235,0.213,-0.628,0.165,0.002,0.003,10872.0,5944.0,1.0
"beta_cos[Morel, Christopher]",-0.021,0.157,-0.297,0.294,0.002,0.002,9104.0,6378.0,1.0
"beta_cos[Florial, Estevan]",-0.31,0.181,-0.635,0.041,0.002,0.002,8713.0,6128.0,1.0
"beta_cos[Aguilar, Ryan]",-0.314,0.208,-0.705,0.066,0.002,0.003,10527.0,5765.0,1.0
"beta_cos[Anderson, Brian]",-0.183,0.175,-0.52,0.137,0.002,0.002,8385.0,5724.0,1.0
"beta_cos[Johnson, Bryce]",-0.298,0.191,-0.673,0.04,0.002,0.002,9830.0,5638.0,1.0
"beta_cos[Ruiz, Esteury]",-0.254,0.154,-0.547,0.028,0.002,0.002,8378.0,5574.0,1.0
"beta_cos[Stevenson, Cal]",-0.295,0.206,-0.671,0.102,0.002,0.002,9747.0,6146.0,1.0
"beta_cos[Maton, Nick]",-0.233,0.207,-0.625,0.151,0.002,0.003,10610.0,5740.0,1.0
"beta_cos[Sosa, Edmundo]",-0.274,0.211,-0.66,0.128,0.003,0.003,7042.0,5651.0,1.0
"beta_cos[Beckham, Tim]",-0.288,0.213,-0.689,0.106,0.002,0.002,10700.0,6092.0,1.0
"beta_cos[Bernard, Wynton]",-0.181,0.196,-0.552,0.186,0.002,0.002,9083.0,6009.0,1.0
"beta_cos[Pratto, Nick]",-0.162,0.189,-0.517,0.202,0.002,0.002,8633.0,6080.0,1.0
"beta_cos[Celestino, Gilberto]",-0.405,0.153,-0.689,-0.119,0.001,0.002,10591.0,5626.0,1.0
"beta_cos[Hernandez, Elier]",-0.295,0.207,-0.67,0.113,0.002,0.002,10789.0,5997.0,1.0
"beta_cos[Piscotty, Stephen]",-0.172,0.157,-0.468,0.127,0.002,0.002,9862.0,5402.0,1.0
"beta_cos[Lewis, Kyle]",-0.217,0.157,-0.517,0.067,0.002,0.002,10291.0,6310.0,1.0
"beta_cos[Meneses, Joey]",-0.181,0.188,-0.542,0.169,0.002,0.002,8790.0,5794.0,1.0
"beta_cos[Outman, James]",-0.469,0.146,-0.739,-0.191,0.001,0.002,10579.0,5883.0,1.0
"beta_cos[Reynolds, Matt]",-0.279,0.208,-0.662,0.107,0.002,0.002,9251.0,5786.0,1.0
"beta_cos[Madris, Bligh]",-0.335,0.187,-0.688,0.017,0.002,0.002,9018.0,5870.0,1.0
"beta_cos[Marsh, Brandon]",-0.516,0.11,-0.72,-0.307,0.001,0.001,11248.0,6078.0,1.0
"beta_cos[Mercedes, Yermín]",-0.275,0.213,-0.659,0.143,0.002,0.002,8489.0,5867.0,1.0
"beta_cos[Carpenter, Matt]",-0.268,0.208,-0.671,0.113,0.002,0.002,8783.0,5547.0,1.0
"beta_cos[Soler, Jorge]",-0.15,0.13,-0.393,0.096,0.001,0.001,9852.0,6605.0,1.0
"beta_cos[Clemens, Kody]",-0.251,0.206,-0.663,0.118,0.002,0.002,8953.0,6002.0,1.0
"beta_cos[Harrison, Monte]",-0.298,0.197,-0.667,0.079,0.002,0.002,10043.0,5743.0,1.0
"beta_cos[Hummel, Cooper]",-0.113,0.194,-0.477,0.246,0.002,0.002,7972.0,5747.0,1.0
"beta_cos[Mazara, Nomar]",-0.357,0.156,-0.64,-0.058,0.002,0.002,8859.0,5273.0,1.0
"beta_cos[Batten, Matthew]",-0.276,0.214,-0.678,0.122,0.002,0.003,8172.0,6100.0,1.0
"beta_cos[Alvarez, Eddy]",-0.323,0.21,-0.73,0.058,0.002,0.003,9817.0,6083.0,1.0
"beta_cos[Smith-Njigba, Canaan]",-0.203,0.208,-0.586,0.193,0.002,0.002,8093.0,6195.0,1.0
"beta_cos[Ramos, Heliot]",-0.284,0.194,-0.634,0.086,0.002,0.002,9770.0,6158.0,1.0
"beta_cos[Swaggerty, Travis]",-0.236,0.213,-0.632,0.174,0.002,0.002,10457.0,5825.0,1.0
"beta_cos[Walker, Steele]",-0.329,0.209,-0.727,0.059,0.002,0.002,8330.0,5772.0,1.0
"beta_cos[Plummer, Nick]",-0.267,0.212,-0.674,0.12,0.002,0.002,9620.0,6184.0,1.0
"beta_cos[Rosario, Amed]",-0.368,0.205,-0.762,0.004,0.002,0.002,7401.0,5489.0,1.0
"beta_cos[Contreras, William]",-0.291,0.215,-0.695,0.113,0.002,0.003,10409.0,5286.0,1.0
"beta_cos[Mayfield, Jack]",-0.191,0.209,-0.578,0.207,0.002,0.003,9869.0,5522.0,1.0
"beta_cos[Krizan, Jason]",-0.256,0.216,-0.653,0.159,0.002,0.003,8468.0,5766.0,1.0
"beta_cos[Walsh, Jared]",-0.21,0.198,-0.571,0.169,0.002,0.002,8666.0,5824.0,1.0
"beta_cos[Mendick, Danny]",-0.398,0.209,-0.805,-0.017,0.002,0.002,9028.0,6182.0,1.0
"beta_cos[Castellanos, Nick]",-0.185,0.091,-0.358,-0.013,0.001,0.001,9964.0,5338.0,1.0
"beta_cos[Cruz, Oneil]",-0.278,0.216,-0.691,0.122,0.002,0.003,9901.0,5270.0,1.0
"beta_cos[Capel, Conner]",-0.329,0.183,-0.664,0.011,0.002,0.002,9640.0,5931.0,1.0
"beta_cos[Haniger, Mitch]",-0.364,0.125,-0.599,-0.126,0.001,0.001,8945.0,6045.0,1.0
"beta_cos[Grichuk, Randal]",-0.44,0.095,-0.631,-0.275,0.001,0.001,8910.0,6154.0,1.0
"beta_cos[Senzel, Nick]",-0.204,0.139,-0.463,0.058,0.001,0.002,8838.0,5701.0,1.0
"beta_cos[Kiner-Falefa, Isiah]",-0.322,0.172,-0.643,0.004,0.002,0.002,9394.0,6360.0,1.0
"beta_cos[Yoshida, Masataka]",0.133,0.168,-0.19,0.437,0.002,0.002,9148.0,5993.0,1.0
"beta_cos[Julks, Corey]",-0.051,0.162,-0.364,0.239,0.002,0.002,9872.0,5773.0,1.0
"beta_cos[Sabol, Blake]",-0.207,0.196,-0.584,0.156,0.002,0.002,9540.0,5995.0,1.0
"beta_cos[Lukes, Nathan]",-0.265,0.21,-0.653,0.131,0.002,0.002,10029.0,5715.0,1.0
"beta_cos[Alu, Jake]",-0.209,0.196,-0.577,0.161,0.002,0.002,8929.0,5709.0,1.0
"beta_cos[Miller, Owen]",-0.268,0.213,-0.654,0.141,0.002,0.002,10100.0,5800.0,1.0
"beta_cos[Mastrobuoni, Miles]",-0.294,0.214,-0.695,0.106,0.002,0.003,9665.0,5433.0,1.0
"beta_cos[Guthrie, Dalton]",-0.224,0.195,-0.586,0.149,0.002,0.002,9738.0,5412.0,1.0
"beta_cos[Fletcher, Dominic]",-0.236,0.179,-0.579,0.093,0.002,0.002,9902.0,5663.0,1.0
"beta_cos[Perkins, Blake]",-0.438,0.188,-0.808,-0.106,0.002,0.002,9913.0,6478.0,1.0
"beta_cos[Rengifo, Luis]",-0.136,0.195,-0.499,0.229,0.002,0.002,8732.0,5756.0,1.0
"beta_cos[García, Avisaíl]",-0.139,0.113,-0.347,0.072,0.001,0.001,8849.0,5921.0,1.0
"beta_cos[Wiemer, Joey]",-0.402,0.152,-0.686,-0.116,0.001,0.002,10369.0,5832.0,1.0
"beta_cos[Duran, Ezequiel]",-0.168,0.189,-0.526,0.183,0.002,0.002,8632.0,5751.0,1.0
"beta_cos[Greene, Riley]",-0.461,0.14,-0.727,-0.204,0.002,0.002,8644.0,5762.0,1.0
"beta_cos[Walker, Jordan]",-0.279,0.144,-0.549,-0.011,0.001,0.002,9963.0,6185.0,1.0
"beta_cos[Adams, Jordyn]",-0.241,0.199,-0.597,0.147,0.002,0.002,10314.0,6115.0,1.0
"beta_cos[Wisely, Brett]",-0.213,0.198,-0.595,0.151,0.002,0.002,10633.0,6413.0,1.0
"beta_cos[Toglia, Michael]",-0.155,0.178,-0.495,0.174,0.002,0.002,9890.0,6242.0,1.0
"beta_cos[Cowser, Colton]",-0.293,0.193,-0.646,0.072,0.002,0.002,8896.0,6302.0,1.0
"beta_cos[Carter, Evan]",-0.033,0.186,-0.384,0.312,0.002,0.002,9288.0,5875.0,1.0
"beta_cos[Wallner, Matt]",-0.298,0.161,-0.606,0.001,0.002,0.002,8917.0,5976.0,1.0
"beta_cos[Abreu, Wilyer]",-0.089,0.201,-0.447,0.314,0.002,0.002,8979.0,6228.0,1.0
"beta_cos[Kjerstad, Heston]",-0.289,0.216,-0.686,0.119,0.002,0.003,10153.0,5703.0,1.0
"beta_cos[Pereira, Everson]",-0.198,0.189,-0.544,0.165,0.002,0.002,7442.0,5981.0,1.0
"beta_cos[Conforto, Michael]",-0.164,0.111,-0.375,0.043,0.001,0.001,8660.0,6070.0,1.0
"beta_cos[Canzone, Dominic]",-0.302,0.19,-0.672,0.048,0.002,0.002,8695.0,5328.0,1.0
"beta_cos[Jones, Nolan]",-0.158,0.143,-0.425,0.11,0.002,0.002,8438.0,5646.0,1.0
"beta_cos[Eden, Cam]",-0.266,0.218,-0.686,0.135,0.002,0.003,11329.0,5557.0,1.0
"beta_cos[Matos, Luis]",-0.445,0.166,-0.748,-0.123,0.002,0.002,7508.0,5690.0,1.0
"beta_cos[Blanco, Dairon]",-0.334,0.18,-0.674,-0.002,0.002,0.002,8825.0,6058.0,1.0
"beta_cos[Steer, Spencer]",-0.126,0.171,-0.448,0.196,0.002,0.002,11107.0,5541.0,1.0
"beta_cos[Wall, Forrest]",-0.273,0.215,-0.654,0.155,0.002,0.002,11334.0,6092.0,1.0
"beta_cos[Remillard, Zach]",-0.25,0.205,-0.621,0.149,0.002,0.002,9981.0,5906.0,1.0
"beta_cos[Frelick, Sal]",-0.403,0.187,-0.762,-0.057,0.002,0.002,7693.0,6014.0,1.0
"beta_cos[Rutherford, Blake]",-0.197,0.213,-0.615,0.196,0.002,0.003,10239.0,5960.0,1.0
"beta_cos[Marlowe, Cade]",-0.357,0.196,-0.72,0.008,0.002,0.003,9532.0,5935.0,1.0
"beta_cos[Taylor, Samad]",-0.182,0.206,-0.593,0.18,0.002,0.002,10317.0,6277.0,1.0
"beta_cos[Meckler, Wade]",-0.205,0.206,-0.589,0.187,0.002,0.003,9591.0,6018.0,1.0
"beta_cos[Martínez, J.P.]",-0.233,0.211,-0.622,0.175,0.002,0.003,8869.0,6076.0,1.0
"beta_cos[Schneider, Davis]",-0.259,0.214,-0.658,0.143,0.002,0.002,9644.0,6336.0,1.0
"beta_cos[Gonzalez, Oscar]",-0.05,0.145,-0.319,0.229,0.002,0.002,9105.0,5800.0,1.0
"beta_cos[Siani, Michael]",-0.222,0.209,-0.627,0.165,0.002,0.003,12239.0,6091.0,1.0
"beta_cos[Hopkins, TJ]",-0.187,0.209,-0.6,0.187,0.002,0.003,9402.0,5476.0,1.0
"beta_cos[Wilson, Weston]",-0.298,0.209,-0.676,0.106,0.002,0.002,9407.0,5629.0,1.0
"beta_cos[Kohlwey, Taylor]",-0.263,0.219,-0.683,0.141,0.002,0.003,9295.0,6164.0,1.0
"beta_cos[Lopez, Nicky]",-0.258,0.213,-0.673,0.126,0.002,0.002,8880.0,5891.0,1.0
"beta_cos[DeLuca, Jonny]",-0.444,0.194,-0.813,-0.081,0.002,0.002,9936.0,6044.0,1.0
"beta_cos[Fry, David]",-0.206,0.208,-0.598,0.186,0.002,0.003,13184.0,5313.0,1.0
"beta_cos[Freeman, Tyler]",-0.26,0.213,-0.663,0.129,0.002,0.002,8187.0,6181.0,1.0
"beta_cos[Heyward, Jason]",-0.387,0.121,-0.618,-0.163,0.001,0.001,9779.0,6306.0,1.0
"beta_cos[Noda, Ryan]",-0.268,0.216,-0.686,0.122,0.002,0.003,9057.0,5490.0,1.0
"beta_cos[Bellinger, Cody]",-0.414,0.108,-0.618,-0.212,0.001,0.001,8928.0,5904.0,1.0
"beta_cos[Kiermaier, Kevin]",-0.379,0.114,-0.586,-0.162,0.001,0.001,7998.0,6100.0,1.0
"beta_cos[Laureano, Ramón]",-0.189,0.109,-0.386,0.015,0.001,0.001,9935.0,6379.0,1.0
"beta_cos[Robert Jr., Luis]",-0.36,0.112,-0.564,-0.146,0.001,0.001,8794.0,6056.0,1.0
"beta_cos[Springer, George]",-0.292,0.112,-0.503,-0.087,0.001,0.001,8498.0,5556.0,1.0
"beta_cos[Kepler, Max]",-0.052,0.1,-0.242,0.136,0.001,0.001,8761.0,5972.0,1.0
"beta_cos[Bader, Harrison]",-0.365,0.124,-0.595,-0.129,0.001,0.001,9803.0,6006.0,1.0
"beta_cos[Straw, Myles]",-0.296,0.094,-0.467,-0.114,0.001,0.001,9930.0,5894.0,1.0
"beta_cos[Acuña Jr., Ronald]",-0.275,0.106,-0.475,-0.079,0.001,0.001,9563.0,5890.0,1.0
"beta_cos[Grisham, Trent]",-0.029,0.104,-0.221,0.171,0.001,0.001,8482.0,6132.0,1.0
"beta_cos[Buxton, Byron]",-0.442,0.154,-0.726,-0.145,0.002,0.002,8335.0,5861.0,1.0
"beta_cos[Hill, Derek]",-0.507,0.162,-0.81,-0.2,0.002,0.002,8814.0,6154.0,1.0
"beta_cos[Taveras, Leody]",-0.484,0.104,-0.681,-0.29,0.001,0.001,10419.0,5987.0,1.0
"beta_cos[Robles, Victor]",0.068,0.11,-0.138,0.278,0.001,0.001,8461.0,5925.0,1.0
"beta_cos[Lorenzen, Michael]",-0.236,0.212,-0.621,0.16,0.002,0.002,10074.0,6261.0,1.0
"beta_cos[Trout, Mike]",-0.525,0.121,-0.755,-0.301,0.001,0.001,10426.0,5876.0,1.0
"beta_cos[Starling, Bubba]",-0.312,0.204,-0.705,0.063,0.002,0.002,8666.0,5732.0,1.0
"beta_cos[Tucker, Cole]",-0.224,0.185,-0.574,0.122,0.002,0.002,9281.0,6042.0,1.0
"beta_cos[Torreyes, Ronald]",-0.265,0.217,-0.664,0.147,0.002,0.003,11462.0,5564.0,1.0
"beta_cos[Harper, Bryce]",-0.219,0.131,-0.464,0.029,0.001,0.001,9872.0,5876.0,1.0
"beta_cos[Marte, Ketel]",-0.313,0.167,-0.608,0.006,0.002,0.002,9666.0,6042.0,1.0
"beta_cos[Smith, Mallex]",-0.27,0.207,-0.664,0.12,0.002,0.002,8273.0,5892.0,1.0
"beta_cos[Cordell, Ryan]",-0.283,0.216,-0.686,0.127,0.002,0.003,10270.0,5649.0,1.0
"beta_cos[Betts, Mookie]",-0.542,0.109,-0.753,-0.342,0.001,0.001,9610.0,6317.0,1.0
"beta_cos[Cain, Lorenzo]",-0.448,0.168,-0.766,-0.132,0.002,0.002,11298.0,5876.0,1.0
"beta_cos[Whitefield, Aaron]",-0.215,0.214,-0.597,0.199,0.002,0.002,10154.0,6441.0,1.0
"beta_cos[Villar, Jonathan]",-0.271,0.213,-0.669,0.136,0.002,0.003,11994.0,5263.0,1.0
"beta_cos[Renfroe, Hunter]",-0.157,0.099,-0.349,0.027,0.001,0.001,10198.0,5558.0,1.0
"beta_cos[Barrero, José]",-0.165,0.203,-0.558,0.208,0.002,0.003,8956.0,5930.0,1.0
"beta_cos[Tatis Jr., Fernando]",-0.5,0.143,-0.756,-0.223,0.001,0.002,10192.0,6145.0,1.0
"beta_cos[Judge, Aaron]",-0.099,0.11,-0.302,0.109,0.001,0.001,11039.0,6176.0,1.0
"beta_cos[Bruján, Vidal]",-0.421,0.194,-0.786,-0.061,0.002,0.002,8792.0,6540.0,1.0
"beta_cos[Andreoli, John]",-0.25,0.214,-0.652,0.15,0.002,0.003,10295.0,5898.0,1.0
"beta_cos[Difo, Wilmer]",-0.076,0.199,-0.432,0.315,0.002,0.002,9284.0,6016.0,1.0
"beta_cos[Fowler, Dustin]",-0.322,0.201,-0.687,0.073,0.002,0.002,8563.0,5592.0,1.0
"beta_cos[Hurst, Scott]",-0.263,0.219,-0.682,0.143,0.002,0.003,10401.0,5976.0,1.0
"beta_cos[Harris II, Michael]",-0.538,0.127,-0.786,-0.307,0.001,0.001,8193.0,5470.0,1.0
"beta_cos[Rodríguez, Julio]",-0.516,0.126,-0.745,-0.272,0.001,0.001,9917.0,6147.0,1.0
"beta_cos[DeLuzio, Ben]",-0.331,0.206,-0.708,0.062,0.002,0.002,9853.0,6209.0,1.0
"beta_cos[Mitchell, Garrett]",-0.319,0.196,-0.706,0.034,0.002,0.003,10429.0,6022.0,1.0
"beta_cos[Kreidler, Ryan]",-0.264,0.216,-0.665,0.155,0.002,0.002,9174.0,5842.0,1.0
"beta_cos[Thomas, Alek]",-0.529,0.122,-0.754,-0.299,0.001,0.001,7812.0,5882.0,1.0
"beta_cos[Crook, Narciso]",-0.261,0.215,-0.67,0.134,0.002,0.002,9340.0,6061.0,1.0
"beta_cos[Lopez, Otto]",-0.264,0.219,-0.682,0.138,0.002,0.003,9605.0,5554.0,1.0
"beta_cos[Lee, Khalil]",-0.327,0.22,-0.757,0.067,0.002,0.003,10436.0,5139.0,1.0
"beta_cos[Lewis, Royce]",-0.277,0.209,-0.66,0.123,0.002,0.002,10112.0,6139.0,1.0
"beta_cos[Hicklen, Brewer]",-0.268,0.214,-0.681,0.119,0.002,0.003,7689.0,5857.0,1.0
"beta_cos[McDonald, Mickey]",-0.264,0.21,-0.663,0.132,0.002,0.002,9313.0,6048.0,1.0
"beta_cos[Muzziotti, Símon]",-0.236,0.207,-0.633,0.148,0.002,0.003,9539.0,6082.0,1.0
"beta_cos[Doyle, Brenton]",-0.539,0.151,-0.812,-0.247,0.002,0.002,8433.0,5922.0,1.0
"beta_cos[Edwards, Xavier]",-0.306,0.214,-0.696,0.113,0.002,0.003,8877.0,5451.0,1.0
"beta_cos[Chisholm Jr., Jazz]",-0.426,0.173,-0.748,-0.095,0.002,0.002,10871.0,5257.0,1.0
"beta_cos[Colás, Oscar]",-0.258,0.168,-0.58,0.048,0.002,0.002,9154.0,6022.0,1.0
"beta_cos[Rafaela, Ceddanne]",-0.245,0.204,-0.628,0.141,0.002,0.003,9258.0,5390.0,1.0
"beta_cos[Rojas, Johan]",-0.282,0.187,-0.624,0.071,0.002,0.002,10209.0,5948.0,1.0
"beta_cos[Domínguez, Jasson]",-0.287,0.21,-0.673,0.116,0.002,0.003,8812.0,5858.0,1.0
"beta_cos[Young, Jacob]",-0.123,0.192,-0.483,0.245,0.002,0.002,10113.0,5495.0,1.0
"beta_cos[Fitzgerald, Tyler]",-0.26,0.209,-0.672,0.112,0.002,0.002,7871.0,5679.0,1.0
"beta_cos[Meadows, Parker]",-0.494,0.195,-0.868,-0.139,0.002,0.002,10021.0,5542.0,1.0
"beta_cos[Butler, Lawrence]",-0.417,0.196,-0.807,-0.069,0.002,0.002,8887.0,6240.0,1.0
"beta_cos[Crow-Armstrong, Pete]",-0.356,0.21,-0.746,0.025,0.002,0.002,9353.0,6155.0,1.0
"beta_cos[Canario, Alexander]",-0.286,0.215,-0.701,0.109,0.002,0.003,9924.0,5985.0,1.0
"beta_cos[Paris, Kyren]",-0.261,0.217,-0.661,0.148,0.002,0.003,8715.0,5505.0,1.0
"beta_cos[Myers, Dane]",-0.249,0.196,-0.62,0.117,0.002,0.002,9304.0,5958.0,1.0
"beta_cos[Cabbage, Trey]",-0.221,0.215,-0.628,0.182,0.002,0.003,8192.0,5596.0,1.0
"beta_cos[Short, Zack]",-0.287,0.217,-0.684,0.124,0.002,0.003,10028.0,5712.0,1.0
"beta_cos[Braun, Ryan]",-0.263,0.204,-0.636,0.14,0.002,0.002,8369.0,5545.0,1.0
"beta_cos[Fowler, Dexter]",-0.226,0.191,-0.604,0.111,0.002,0.002,11259.0,6005.0,1.0
"beta_cos[Blackmon, Charlie]",-0.371,0.114,-0.587,-0.158,0.001,0.001,7453.0,5781.0,1.0
"beta_cos[Polanco, Gregory]",-0.065,0.141,-0.327,0.201,0.001,0.002,9466.0,6106.0,1.0
"beta_cos[Rickard, Joey]",-0.288,0.212,-0.684,0.111,0.002,0.002,8620.0,6294.0,1.0
"beta_cos[Fletcher, David]",-0.236,0.212,-0.647,0.158,0.002,0.002,7424.0,5902.0,1.0
"beta_cos[Núñez, Eduardo]",-0.256,0.217,-0.649,0.176,0.002,0.003,10089.0,5917.0,1.0
"beta_cos[Motter, Taylor]",-0.278,0.215,-0.671,0.136,0.002,0.003,10161.0,5640.0,1.0
"beta_cos[Amburgey, Trey]",-0.291,0.212,-0.698,0.096,0.002,0.002,9550.0,6034.0,1.0
"beta_cos[Cooper, Garrett]",-0.135,0.185,-0.483,0.215,0.002,0.002,7740.0,6069.0,1.0
"beta_cos[Astudillo, Willians]",-0.268,0.212,-0.682,0.107,0.002,0.003,9026.0,5528.0,1.0
"beta_cos[Stokes Jr., Troy]",-0.273,0.212,-0.667,0.123,0.002,0.002,8019.0,5817.0,1.0
"beta_cos[Kivlehan, Patrick]",-0.255,0.215,-0.686,0.123,0.002,0.003,8597.0,6169.0,1.0
"beta_cos[Owen, Hunter]",-0.278,0.212,-0.681,0.113,0.002,0.003,10877.0,5975.0,1.0
"beta_cos[Ray, Corey]",-0.273,0.216,-0.688,0.126,0.002,0.002,9998.0,6116.0,1.0
"beta_cos[Suzuki, Seiya]",-0.335,0.122,-0.55,-0.089,0.001,0.001,10117.0,5754.0,1.0
"beta_cos[Davis, Brendon]",-0.286,0.214,-0.681,0.118,0.002,0.003,9520.0,5776.0,1.0
"beta_cos[Mitchell, Cal]",-0.369,0.173,-0.693,-0.046,0.002,0.002,7751.0,5619.0,1.0
"beta_cos[Castillo, Diego]",-0.027,0.199,-0.389,0.349,0.002,0.002,9313.0,5480.0,1.0
"beta_cos[Díaz, Yusniel]",-0.257,0.214,-0.671,0.136,0.002,0.003,9190.0,5781.0,1.0
"beta_cos[Arroyo, Christian]",-0.347,0.196,-0.705,0.039,0.002,0.002,9023.0,5391.0,1.0
"beta_cos[Wilson, Marcus]",-0.262,0.216,-0.654,0.152,0.002,0.003,10543.0,6141.0,1.0
"beta_cos[Alberto, Hanser]",-0.195,0.209,-0.608,0.185,0.002,0.002,11001.0,6338.0,1.0
"beta_cos[Abrams, CJ]",-0.262,0.215,-0.69,0.131,0.002,0.002,9542.0,6043.0,1.0
"beta_cos[Lopes, Christian]",-0.261,0.218,-0.673,0.147,0.002,0.003,8886.0,5589.0,1.0
"beta_cos[Jackson, Drew]",-0.253,0.212,-0.661,0.142,0.002,0.003,13790.0,5705.0,1.0
"beta_cos[Arias, Gabriel]",-0.287,0.203,-0.67,0.092,0.002,0.002,11723.0,6040.0,1.0
"beta_cos[Odor, Rougned]",-0.26,0.216,-0.671,0.147,0.002,0.002,9304.0,6281.0,1.0
"beta_cos[Basabe, Osleivis]",-0.226,0.217,-0.617,0.207,0.002,0.003,9181.0,5514.0,1.0
"beta_cos[Goodman, Hunter]",-0.189,0.202,-0.568,0.19,0.002,0.002,10119.0,6271.0,1.0
"beta_cos[Davis, Henry]",-0.033,0.171,-0.349,0.285,0.002,0.002,7772.0,5910.0,1.0
"beta_cos[Encarnacion-Strand, Christian]",-0.262,0.218,-0.684,0.132,0.002,0.003,9691.0,5750.0,1.0
"beta_sin[Brantley, Michael]",-0.129,0.09,-0.302,0.041,0.001,0.001,9232.0,5118.0,1.0
"beta_sin[Arozarena, Randy]",-0.051,0.074,-0.195,0.08,0.001,0.001,8324.0,5882.0,1.0
"beta_sin[Tucker, Kyle]",-0.274,0.073,-0.409,-0.134,0.001,0.001,10742.0,5687.0,1.0
"beta_sin[Markakis, Nick]",-0.146,0.104,-0.341,0.047,0.001,0.001,10665.0,5403.0,1.0
"beta_sin[Taylor, Chris]",-0.058,0.082,-0.207,0.101,0.001,0.001,10566.0,6246.0,1.0
"beta_sin[Margot, Manuel]",-0.204,0.084,-0.357,-0.044,0.001,0.001,8492.0,6112.0,1.0
"beta_sin[Gardner, Brett]",-0.13,0.09,-0.293,0.04,0.001,0.001,9369.0,5983.0,1.0
"beta_sin[Grossman, Robbie]",-0.105,0.073,-0.252,0.024,0.001,0.001,10511.0,6336.0,1.0
"beta_sin[Pollock, AJ]",0.048,0.083,-0.101,0.209,0.001,0.001,8757.0,5766.0,1.0
"beta_sin[Pederson, Joc]",-0.063,0.082,-0.216,0.093,0.001,0.001,10279.0,5772.0,1.0
"beta_sin[Meadows, Austin]",-0.142,0.09,-0.312,0.027,0.001,0.001,10354.0,5481.0,1.0
"beta_sin[Phillips, Brett]",-0.102,0.087,-0.274,0.056,0.001,0.001,9367.0,5923.0,1.0
"beta_sin[Frazier, Clint]",-0.144,0.096,-0.331,0.026,0.001,0.001,10352.0,6123.0,1.0
"beta_sin[Sierra, Magneuris]",-0.115,0.097,-0.307,0.065,0.001,0.001,10025.0,5534.0,1.0
"beta_sin[Dickerson, Corey]",-0.104,0.087,-0.267,0.063,0.001,0.001,10055.0,5422.0,1.0
"beta_sin[Schwarber, Kyle]",-0.016,0.077,-0.155,0.132,0.001,0.001,8718.0,6218.0,1.0
"beta_sin[Pham, Tommy]",-0.121,0.073,-0.258,0.019,0.001,0.001,9820.0,5913.0,1.0
"beta_sin[Carlson, Dylan]",-0.196,0.075,-0.335,-0.055,0.001,0.001,8830.0,6375.0,1.0
"beta_sin[Engel, Adam]",-0.176,0.092,-0.355,-0.01,0.001,0.001,8946.0,6076.0,1.0
"beta_sin[Duvall, Adam]",-0.052,0.076,-0.191,0.099,0.001,0.001,10261.0,6182.0,1.0
"beta_sin[Akiyama, Shogo]",-0.094,0.098,-0.283,0.087,0.001,0.001,8669.0,5501.0,1.0
"beta_sin[Yelich, Christian]",-0.002,0.079,-0.149,0.15,0.001,0.001,8747.0,6022.0,1.0
"beta_sin[Aquino, Aristides]",-0.104,0.095,-0.278,0.078,0.001,0.001,9151.0,5784.0,1.0
"beta_sin[Gurriel Jr., Lourdes]",-0.074,0.077,-0.216,0.068,0.001,0.001,10015.0,5332.0,1.0
"beta_sin[Naylor, Josh]",-0.037,0.098,-0.218,0.152,0.001,0.001,9796.0,5937.0,1.0
"beta_sin[Riddle, JT]",-0.107,0.109,-0.325,0.088,0.001,0.001,10608.0,6094.0,1.0
"beta_sin[Lowe, Brandon]",-0.139,0.103,-0.336,0.055,0.001,0.001,8714.0,5280.0,1.0
"beta_sin[Beaty, Matt]",-0.055,0.105,-0.25,0.138,0.001,0.001,9626.0,5936.0,1.0
"beta_sin[Riley, Austin]",-0.089,0.11,-0.294,0.124,0.001,0.001,9460.0,5566.0,1.0
"beta_sin[Profar, Jurickson]",0.002,0.078,-0.144,0.147,0.001,0.001,9773.0,6416.0,1.0
"beta_sin[Canha, Mark]",-0.046,0.077,-0.188,0.101,0.001,0.001,10268.0,5947.0,1.0
"beta_sin[Cave, Jake]",-0.103,0.091,-0.274,0.066,0.001,0.001,9730.0,5420.0,1.0
"beta_sin[Rosario, Eddie]",-0.141,0.078,-0.286,0.005,0.001,0.001,9412.0,5604.0,1.0
"beta_sin[Stevenson, Andrew]",-0.115,0.1,-0.305,0.068,0.001,0.001,10148.0,6206.0,1.0
"beta_sin[Davis, Jonathan]",-0.09,0.095,-0.274,0.083,0.001,0.001,8741.0,5901.0,1.0
"beta_sin[Hays, Austin]",-0.056,0.071,-0.184,0.079,0.001,0.001,9864.0,6080.0,1.0
"beta_sin[Tapia, Raimel]",-0.172,0.077,-0.311,-0.022,0.001,0.001,9401.0,6085.0,1.0
"beta_sin[Peralta, David]",0.004,0.075,-0.138,0.142,0.001,0.001,10561.0,5632.0,1.0
"beta_sin[Happ, Ian]",-0.005,0.07,-0.131,0.131,0.001,0.001,9791.0,5740.0,1.0
"beta_sin[McCutchen, Andrew]",-0.14,0.087,-0.308,0.017,0.001,0.001,9602.0,6159.0,1.0
"beta_sin[White, Eli]",-0.13,0.096,-0.304,0.058,0.001,0.001,9072.0,6374.0,1.0
"beta_sin[Solak, Nick]",-0.063,0.1,-0.249,0.126,0.001,0.001,9619.0,5934.0,1.0
"beta_sin[Díaz, Aledmys]",-0.1,0.105,-0.303,0.096,0.001,0.001,8845.0,6026.0,1.0
"beta_sin[Nimmo, Brandon]",-0.116,0.073,-0.249,0.026,0.001,0.001,9827.0,6209.0,1.0
"beta_sin[Chavis, Michael]",-0.114,0.106,-0.314,0.09,0.001,0.001,11003.0,5679.0,1.0
"beta_sin[Locastro, Tim]",-0.019,0.098,-0.197,0.172,0.001,0.001,8897.0,6205.0,1.0
"beta_sin[Mercado, Óscar]",-0.188,0.093,-0.364,-0.012,0.001,0.001,9733.0,6153.0,1.0
"beta_sin[Luplow, Jordan]",-0.09,0.093,-0.267,0.086,0.001,0.001,10708.0,6214.0,1.0
"beta_sin[Osuna, José]",-0.131,0.111,-0.343,0.072,0.001,0.001,9522.0,5432.0,1.0
"beta_sin[Edman, Tommy]",-0.194,0.094,-0.376,-0.022,0.001,0.001,8934.0,5895.0,1.0
"beta_sin[Bonifacio, Jorge]",-0.168,0.103,-0.378,0.013,0.001,0.001,8534.0,6277.0,1.0
"beta_sin[Gordon, Alex]",-0.06,0.105,-0.256,0.134,0.001,0.001,9673.0,5540.0,1.0
"beta_sin[Upton, Justin]",-0.034,0.096,-0.211,0.15,0.001,0.001,10278.0,6223.0,1.0
"beta_sin[Lopes, Tim]",-0.097,0.106,-0.296,0.103,0.001,0.001,9206.0,5586.0,1.0
"beta_sin[Duggar, Steven]",-0.166,0.092,-0.346,0.004,0.001,0.001,11466.0,6072.0,1.0
"beta_sin[Dickerson, Alex]",-0.087,0.099,-0.281,0.091,0.001,0.001,8136.0,5681.0,1.0
"beta_sin[Reyes, Victor]",-0.151,0.087,-0.311,0.014,0.001,0.001,9185.0,5555.0,1.0
"beta_sin[Ward, Taylor]",-0.088,0.077,-0.242,0.05,0.001,0.001,9797.0,5804.0,1.0
"beta_sin[Bishop, Braden]",-0.122,0.109,-0.326,0.088,0.001,0.001,10403.0,5811.0,1.0
"beta_sin[Kemp, Tony]",-0.097,0.09,-0.264,0.071,0.001,0.001,10500.0,5946.0,1.0
"beta_sin[Marmolejos, José]",-0.038,0.106,-0.244,0.153,0.001,0.001,8512.0,6026.0,1.0
"beta_sin[Puello, César]",-0.11,0.108,-0.311,0.099,0.001,0.001,10337.0,6123.0,1.0
"beta_sin[Lin, Tzu-Wei]",-0.135,0.107,-0.339,0.066,0.001,0.001,10586.0,5937.0,1.0
"beta_sin[Stewart, Christin]",-0.091,0.105,-0.292,0.101,0.001,0.001,9579.0,5977.0,1.0
"beta_sin[O'Neill, Tyler]",-0.009,0.082,-0.158,0.15,0.001,0.001,8630.0,5901.0,1.0
"beta_sin[Taylor, Michael A.]",-0.081,0.07,-0.221,0.044,0.001,0.001,10932.0,5632.0,1.0
"beta_sin[Smith, Dominic]",0.012,0.102,-0.173,0.203,0.001,0.001,7957.0,5999.0,1.0
"beta_sin[Stewart, DJ]",-0.162,0.09,-0.335,0.001,0.001,0.001,11808.0,5798.0,1.0
"beta_sin[Jiménez, Eloy]",-0.088,0.096,-0.27,0.092,0.001,0.001,9542.0,6135.0,1.0
"beta_sin[Heath, Nick]",-0.075,0.108,-0.286,0.12,0.001,0.001,10043.0,5587.0,1.0
"beta_sin[Castro, Harold]",-0.154,0.107,-0.354,0.049,0.001,0.001,9154.0,6066.0,1.0
"beta_sin[Maybin, Cameron]",-0.118,0.106,-0.316,0.087,0.001,0.001,9543.0,5602.0,1.0
"beta_sin[Hilliard, Sam]",-0.137,0.086,-0.301,0.02,0.001,0.001,9123.0,6341.0,1.0
"beta_sin[Fraley, Jake]",-0.084,0.085,-0.24,0.076,0.001,0.001,10731.0,6186.0,1.0
"beta_sin[Smith, Pavin]",-0.195,0.089,-0.359,-0.027,0.001,0.001,8160.0,5550.0,1.0
"beta_sin[Mountcastle, Ryan]",-0.087,0.101,-0.277,0.103,0.001,0.001,9351.0,6387.0,1.0
"beta_sin[Dixon, Brandon]",-0.107,0.11,-0.308,0.101,0.001,0.001,9314.0,5715.0,1.0
"beta_sin[Oliva, Jared]",-0.113,0.106,-0.309,0.087,0.001,0.001,11217.0,6157.0,1.0
"beta_sin[Olivares, Edward]",-0.179,0.093,-0.348,0.001,0.001,0.001,9237.0,5930.0,1.0
"beta_sin[Ozuna, Marcell]",-0.064,0.096,-0.24,0.118,0.001,0.001,9389.0,5590.0,1.0
"beta_sin[Robertson, Daniel]",-0.114,0.11,-0.328,0.087,0.001,0.001,9786.0,5470.0,1.0
"beta_sin[Ruf, Darin]",-0.13,0.102,-0.323,0.06,0.001,0.001,8171.0,6356.0,1.0
"beta_sin[Soto, Juan]",-0.086,0.067,-0.211,0.043,0.001,0.001,9865.0,5926.0,1.0
"beta_sin[Moniak, Mickey]",-0.134,0.092,-0.306,0.035,0.001,0.001,9179.0,5827.0,1.0
"beta_sin[McNeil, Jeff]",-0.204,0.092,-0.378,-0.032,0.001,0.001,10084.0,6038.0,1.0
"beta_sin[Frazier, Adam]",-0.117,0.106,-0.308,0.09,0.001,0.001,9573.0,5727.0,1.0
"beta_sin[Moore, Dylan]",-0.081,0.091,-0.254,0.089,0.001,0.001,10851.0,5894.0,1.0
"beta_sin[Calhoun, Willie]",-0.112,0.105,-0.31,0.085,0.001,0.001,9550.0,6008.0,1.0
"beta_sin[Haseley, Adam]",-0.101,0.103,-0.3,0.09,0.001,0.001,7765.0,5675.0,1.0
"beta_sin[Martinez, J.D.]",-0.113,0.102,-0.302,0.081,0.001,0.001,9040.0,5959.0,1.0
"beta_sin[Tsutsugo, Yoshi]",-0.068,0.105,-0.263,0.131,0.001,0.001,9123.0,5831.0,1.0
"beta_sin[Wade Jr., LaMonte]",-0.136,0.097,-0.318,0.052,0.001,0.001,9665.0,5595.0,1.0
"beta_sin[Winker, Jesse]",-0.057,0.087,-0.22,0.108,0.001,0.001,10378.0,5525.0,1.0
"beta_sin[Brinson, Lewis]",-0.086,0.097,-0.271,0.095,0.001,0.001,10066.0,5199.0,1.0
"beta_sin[Fuentes, Joshua]",-0.113,0.109,-0.319,0.098,0.001,0.001,9096.0,5773.0,1.0
"beta_sin[Dahl, David]",-0.095,0.1,-0.28,0.097,0.001,0.001,8732.0,6155.0,1.0
"beta_sin[Demeritte, Travis]",-0.154,0.105,-0.352,0.041,0.001,0.001,8552.0,5767.0,1.0
"beta_sin[Rodríguez, Sean]",-0.111,0.11,-0.32,0.09,0.001,0.001,10445.0,5486.0,1.0
"beta_sin[Muñoz, Yairo]",-0.113,0.108,-0.319,0.091,0.001,0.001,9465.0,5979.0,1.0
"beta_sin[Reynolds, Bryan]",0.037,0.071,-0.1,0.164,0.001,0.001,9070.0,5590.0,1.0
"beta_sin[Hernández, Enrique]",-0.094,0.082,-0.25,0.06,0.001,0.001,9038.0,6175.0,1.0
"beta_sin[Dean, Austin]",-0.109,0.11,-0.312,0.099,0.001,0.001,8783.0,5605.0,1.0
"beta_sin[Ravelo, Rangel]",-0.094,0.111,-0.302,0.115,0.001,0.001,10459.0,5933.0,1.0
"beta_sin[Taylor, Tyrone]",-0.088,0.085,-0.241,0.074,0.001,0.001,10037.0,6143.0,1.0
"beta_sin[Garlick, Kyle]",-0.057,0.096,-0.24,0.122,0.001,0.001,9923.0,5563.0,1.0
"beta_sin[Peterson, Jace]",-0.129,0.102,-0.323,0.066,0.001,0.001,10286.0,6051.0,1.0
"beta_sin[Andujar, Miguel]",-0.142,0.097,-0.33,0.035,0.001,0.001,9380.0,6339.0,1.0
"beta_sin[Holt, Brock]",-0.112,0.109,-0.314,0.092,0.001,0.001,9022.0,6015.0,1.0
"beta_sin[Joyce, Matt]",-0.061,0.103,-0.253,0.134,0.001,0.001,9599.0,5926.0,1.0
"beta_sin[Tauchman, Mike]",-0.07,0.092,-0.248,0.098,0.001,0.001,9092.0,6077.0,1.0
"beta_sin[Martin, Jason]",-0.101,0.103,-0.287,0.1,0.001,0.001,8331.0,5760.0,1.0
"beta_sin[Basabe, Luis Alexander]",-0.122,0.108,-0.322,0.082,0.001,0.001,7973.0,5907.0,1.0
"beta_sin[Peraza, José]",-0.126,0.108,-0.33,0.082,0.001,0.001,11099.0,5862.0,1.0
"beta_sin[Long Jr., Shed]",-0.101,0.104,-0.295,0.097,0.001,0.001,9167.0,5401.0,1.0
"beta_sin[Rojas, Josh]",-0.117,0.106,-0.32,0.084,0.001,0.001,8805.0,6270.0,1.0
"beta_sin[Thaiss, Matt]",-0.117,0.109,-0.332,0.081,0.001,0.001,9199.0,5608.0,1.0
"beta_sin[Varsho, Daulton]",-0.161,0.076,-0.3,-0.015,0.001,0.001,10733.0,6104.0,1.0
"beta_sin[Strange-Gordon, Dee]",-0.117,0.108,-0.322,0.084,0.001,0.001,10488.0,5979.0,1.0
"beta_sin[Heineman, Scott]",-0.109,0.106,-0.312,0.087,0.001,0.001,9742.0,6223.0,1.0
"beta_sin[Choo, Shin-Soo]",-0.095,0.11,-0.307,0.109,0.001,0.001,9627.0,5640.0,1.0
"beta_sin[Fisher, Derek]",-0.136,0.108,-0.346,0.062,0.001,0.001,8860.0,5727.0,1.0
"beta_sin[Souza Jr., Steven]",-0.119,0.108,-0.314,0.094,0.001,0.001,8367.0,6031.0,1.0
"beta_sin[Merrifield, Whit]",-0.167,0.086,-0.327,-0.006,0.001,0.001,9639.0,6135.0,1.0
"beta_sin[Ramírez, Harold]",-0.128,0.091,-0.302,0.039,0.001,0.001,7499.0,6490.0,1.0
"beta_sin[Bruce, Jay]",-0.12,0.109,-0.326,0.082,0.001,0.001,8546.0,5948.0,1.0
"beta_sin[Walker, Neil]",-0.121,0.107,-0.317,0.085,0.001,0.001,8940.0,6082.0,1.0
"beta_sin[Barreto, Franklin]",-0.111,0.111,-0.325,0.093,0.001,0.001,11710.0,5770.0,1.0
"beta_sin[Rooker, Brent]",-0.157,0.094,-0.331,0.018,0.001,0.001,9494.0,5662.0,1.0
"beta_sin[Gosselin, Phil]",-0.18,0.102,-0.371,0.006,0.001,0.001,11305.0,5737.0,1.0
"beta_sin[Haggerty, Sam]",-0.093,0.095,-0.278,0.082,0.001,0.001,9779.0,6356.0,1.0
"beta_sin[Harrison, Josh]",-0.056,0.105,-0.254,0.141,0.001,0.001,9038.0,5559.0,1.0
"beta_sin[Dozier, Hunter]",-0.134,0.094,-0.308,0.04,0.001,0.001,8821.0,5741.0,1.0
"beta_sin[Alford, Anthony]",-0.054,0.102,-0.24,0.141,0.001,0.001,9054.0,6047.0,1.0
"beta_sin[Verdugo, Alex]",-0.236,0.069,-0.371,-0.11,0.001,0.001,9022.0,6147.0,1.0
"beta_sin[Payton, Mark]",-0.117,0.109,-0.315,0.09,0.001,0.001,10356.0,5622.0,1.0
"beta_sin[Goodwin, Brian]",-0.12,0.092,-0.297,0.05,0.001,0.001,10442.0,6299.0,1.0
"beta_sin[Jay, Jon]",-0.116,0.108,-0.317,0.087,0.001,0.001,10363.0,6203.0,1.0
"beta_sin[Santana, Domingo]",-0.133,0.108,-0.338,0.068,0.001,0.001,8473.0,5634.0,1.0
"beta_sin[Mathias, Mark]",-0.111,0.108,-0.311,0.094,0.001,0.001,10485.0,6229.0,1.0
"beta_sin[Pillar, Kevin]",-0.05,0.085,-0.209,0.106,0.001,0.001,10190.0,5874.0,1.0
"beta_sin[Allen, Greg]",0.002,0.101,-0.19,0.191,0.001,0.001,8521.0,5909.0,1.0
"beta_sin[Williams, Mason]",-0.117,0.109,-0.324,0.085,0.001,0.001,9696.0,5997.0,1.0
"beta_sin[Pache, Cristian]",-0.021,0.091,-0.197,0.146,0.001,0.001,8816.0,6062.0,1.0
"beta_sin[Freeman, Mike]",-0.107,0.111,-0.311,0.111,0.001,0.001,10977.0,6037.0,1.0
"beta_sin[Stubbs, Garrett]",-0.116,0.111,-0.332,0.086,0.001,0.001,9627.0,5490.0,1.0
"beta_sin[González, Luis]",-0.169,0.097,-0.349,0.019,0.001,0.001,10560.0,5595.0,1.0
"beta_sin[Pérez, Hernán]",-0.106,0.109,-0.309,0.102,0.001,0.001,10414.0,5383.0,1.0
"beta_sin[Pence, Hunter]",-0.132,0.111,-0.338,0.078,0.001,0.001,9284.0,5266.0,1.0
"beta_sin[Biggio, Cavan]",-0.111,0.104,-0.297,0.093,0.001,0.001,10418.0,5718.0,1.0
"beta_sin[Smith Jr., Dwight]",-0.093,0.108,-0.292,0.109,0.001,0.001,8834.0,6108.0,1.0
"beta_sin[Valaika, Pat]",-0.122,0.108,-0.322,0.077,0.001,0.001,11762.0,6105.0,1.0
"beta_sin[Yastrzemski, Mike]",-0.115,0.073,-0.25,0.027,0.001,0.001,11937.0,6181.0,1.0
"beta_sin[Zimmer, Bradley]",-0.105,0.09,-0.275,0.061,0.001,0.001,10048.0,6206.0,1.0
"beta_sin[Bryant, Kris]",-0.107,0.089,-0.275,0.06,0.001,0.001,11335.0,5912.0,1.0
"beta_sin[Velazquez, Andrew]",-0.09,0.109,-0.285,0.123,0.001,0.001,10103.0,5765.0,1.0
"beta_sin[Mateo, Jorge]",-0.11,0.107,-0.306,0.103,0.001,0.001,10232.0,5943.0,1.0
"beta_sin[Hampson, Garrett]",-0.163,0.089,-0.328,0.008,0.001,0.001,9427.0,4633.0,1.0
"beta_sin[Benintendi, Andrew]",-0.028,0.076,-0.168,0.12,0.001,0.001,8358.0,6172.0,1.0
"beta_sin[Refsnyder, Rob]",-0.091,0.09,-0.258,0.079,0.001,0.001,9890.0,5648.0,1.0
"beta_sin[Kemp, Matt]",-0.112,0.11,-0.316,0.098,0.001,0.001,9002.0,6098.0,1.0
"beta_sin[Slater, Austin]",-0.079,0.087,-0.233,0.09,0.001,0.001,10927.0,5468.0,1.0
"beta_sin[Almonte, Abraham]",-0.083,0.104,-0.272,0.117,0.001,0.001,10255.0,5795.0,1.0
"beta_sin[Brosseau, Mike]",-0.127,0.111,-0.347,0.069,0.001,0.001,11355.0,6258.0,1.0
"beta_sin[Evans, Phillip]",-0.106,0.107,-0.317,0.085,0.001,0.001,9097.0,5560.0,1.0
"beta_sin[Owings, Chris]",-0.117,0.108,-0.318,0.089,0.001,0.001,9229.0,5669.0,1.0
"beta_sin[Mullins, Cedric]",-0.222,0.069,-0.354,-0.094,0.001,0.001,9180.0,5653.0,1.0
"beta_sin[García, Adolis]",-0.167,0.074,-0.308,-0.028,0.001,0.001,8966.0,6001.0,1.0
"beta_sin[Ervin, Phillip]",-0.178,0.109,-0.378,0.028,0.001,0.001,8718.0,5912.0,1.0
"beta_sin[Hermosillo, Michael]",-0.082,0.107,-0.274,0.125,0.001,0.001,8776.0,6014.0,1.0
"beta_sin[Davis, J.D.]",-0.108,0.108,-0.311,0.096,0.001,0.001,11661.0,5783.0,1.0
"beta_sin[Mejia, Erick]",-0.11,0.108,-0.309,0.095,0.001,0.001,9555.0,5992.0,1.0
"beta_sin[Johnson, Daniel]",-0.104,0.106,-0.304,0.098,0.001,0.001,9480.0,6017.0,1.0
"beta_sin[Cordero, Franchy]",-0.145,0.098,-0.331,0.034,0.001,0.001,9047.0,5739.0,1.0
"beta_sin[Delmonico, Nicky]",-0.097,0.109,-0.308,0.099,0.001,0.001,10401.0,5977.0,1.0
"beta_sin[Marte, Starling]",-0.019,0.073,-0.154,0.122,0.001,0.001,9221.0,5847.0,1.0
"beta_sin[Bonifácio, Emilio]",-0.104,0.109,-0.308,0.102,0.001,0.001,8727.0,5836.0,1.0
"beta_sin[Hoerner, Nico]",-0.126,0.11,-0.335,0.082,0.001,0.001,10880.0,5559.0,1.0
"beta_sin[Santander, Anthony]",-0.255,0.075,-0.396,-0.116,0.001,0.001,9091.0,6038.0,1.0
"beta_sin[Gamel, Ben]",0.042,0.086,-0.118,0.202,0.001,0.001,9111.0,5978.0,1.0
"beta_sin[McBroom, Ryan]",-0.112,0.111,-0.307,0.111,0.001,0.001,9666.0,6306.0,1.0
"beta_sin[Reyes, Franmil]",-0.126,0.105,-0.324,0.074,0.001,0.001,8871.0,5894.0,1.0
"beta_sin[McCarthy, Joe]",-0.112,0.11,-0.315,0.095,0.001,0.001,9124.0,6071.0,1.0
"beta_sin[Alvarez, Yordan]",-0.056,0.092,-0.229,0.112,0.001,0.001,9752.0,6228.0,1.0
"beta_sin[Santana, Danny]",-0.09,0.109,-0.293,0.117,0.001,0.001,10487.0,5927.0,1.0
"beta_sin[Ramos, Henry]",-0.125,0.107,-0.319,0.083,0.001,0.001,9759.0,5538.0,1.0
"beta_sin[Haase, Eric]",-0.094,0.103,-0.288,0.095,0.001,0.001,10035.0,6151.0,1.0
"beta_sin[Miller, Brian]",-0.108,0.112,-0.313,0.104,0.001,0.001,10110.0,5807.0,1.0
"beta_sin[Gallo, Joey]",-0.123,0.075,-0.264,0.019,0.001,0.001,9524.0,5708.0,1.0
"beta_sin[Deichmann, Greg]",-0.105,0.109,-0.307,0.105,0.001,0.001,8521.0,5983.0,1.0
"beta_sin[Rondon, José]",-0.108,0.109,-0.308,0.106,0.001,0.001,10372.0,6202.0,1.0
"beta_sin[Nevin, Tyler]",-0.083,0.104,-0.288,0.109,0.001,0.001,9289.0,6395.0,1.0
"beta_sin[Bell, Josh]",-0.117,0.112,-0.321,0.098,0.001,0.001,10682.0,5397.0,1.0
"beta_sin[Hernández, Teoscar]",-0.229,0.075,-0.368,-0.088,0.001,0.001,9144.0,5881.0,1.0
"beta_sin[McKenna, Ryan]",-0.138,0.089,-0.308,0.031,0.001,0.001,10680.0,5454.0,1.0
"beta_sin[Gordon, Nick]",-0.066,0.09,-0.242,0.099,0.001,0.001,10857.0,5902.0,1.0
"beta_sin[Isbel, Kyle]",-0.165,0.084,-0.33,-0.013,0.001,0.001,11320.0,6344.0,1.0
"beta_sin[Marisnick, Jake]",-0.107,0.095,-0.284,0.074,0.001,0.001,8780.0,6076.0,1.0
"beta_sin[Schrock, Max]",-0.086,0.106,-0.293,0.106,0.001,0.001,10550.0,6205.0,1.0
"beta_sin[Friedl, TJ]",-0.113,0.088,-0.279,0.05,0.001,0.001,9831.0,6210.0,1.0
"beta_sin[Ortega, Rafael]",-0.09,0.089,-0.259,0.076,0.001,0.001,8857.0,6387.0,1.0
"beta_sin[Brown, Seth]",-0.153,0.086,-0.317,0.006,0.001,0.001,8711.0,5553.0,1.0
"beta_sin[Herrera, Odúbel]",-0.1,0.087,-0.257,0.07,0.001,0.001,10706.0,5742.0,1.0
"beta_sin[Stephenson, Tyler]",-0.097,0.109,-0.3,0.108,0.001,0.001,8458.0,6546.0,1.0
"beta_sin[Peters, DJ]",-0.062,0.098,-0.252,0.12,0.001,0.001,11921.0,5678.0,1.0
"beta_sin[Lagares, Juan]",-0.122,0.094,-0.288,0.063,0.001,0.001,10439.0,5406.0,1.0
"beta_sin[Hernandez, Yadiel]",0.012,0.095,-0.169,0.187,0.001,0.001,8837.0,5761.0,1.0
"beta_sin[Dyson, Jarrod]",-0.172,0.096,-0.35,0.012,0.001,0.001,8253.0,5837.0,1.0
"beta_sin[Castro, Willi]",-0.095,0.09,-0.268,0.065,0.001,0.001,7733.0,5657.0,1.0
"beta_sin[Stanton, Giancarlo]",-0.036,0.096,-0.233,0.134,0.001,0.001,9620.0,6360.0,1.0
"beta_sin[Nootbaar, Lars]",-0.184,0.083,-0.344,-0.032,0.001,0.001,10427.0,6139.0,1.0
"beta_sin[Hamilton, Billy]",-0.039,0.106,-0.231,0.166,0.001,0.001,8924.0,5301.0,1.0
"beta_sin[DeShields, Delino]",-0.083,0.104,-0.282,0.111,0.001,0.001,8195.0,5784.0,1.0
"beta_sin[Martini, Nick]",-0.118,0.106,-0.319,0.083,0.001,0.001,9810.0,5684.0,1.0
"beta_sin[Cameron, Daz]",-0.181,0.1,-0.365,0.012,0.001,0.001,10470.0,5412.0,1.0
"beta_sin[Baddoo, Akil]",-0.113,0.078,-0.259,0.037,0.001,0.001,11060.0,5765.0,1.0
"beta_sin[Rojas, Jose]",-0.13,0.104,-0.331,0.061,0.001,0.001,8490.0,5543.0,1.0
"beta_sin[McCormick, Chas]",-0.221,0.077,-0.363,-0.075,0.001,0.001,8667.0,5754.0,1.0
"beta_sin[Wisdom, Patrick]",-0.18,0.106,-0.367,0.03,0.001,0.001,9638.0,5653.0,1.0
"beta_sin[Bolt, Skye]",-0.159,0.101,-0.348,0.032,0.001,0.001,8149.0,5754.0,1.0
"beta_sin[Wong, Kean]",-0.121,0.107,-0.328,0.074,0.001,0.001,10928.0,6355.0,1.0
"beta_sin[Meyers, Jake]",-0.1,0.089,-0.27,0.062,0.001,0.001,11120.0,6323.0,1.0
"beta_sin[Arraez, Luis]",-0.086,0.106,-0.298,0.102,0.001,0.001,6607.0,6003.0,1.0
"beta_sin[Bauers, Jake]",-0.085,0.098,-0.277,0.091,0.001,0.001,9219.0,6207.0,1.0
"beta_sin[Lux, Gavin]",-0.176,0.103,-0.377,0.014,0.001,0.001,9504.0,6449.0,1.0
"beta_sin[Vilade, Ryan]",-0.126,0.108,-0.328,0.077,0.001,0.001,9066.0,6492.0,1.0
"beta_sin[Wade, Tyler]",-0.112,0.104,-0.296,0.097,0.001,0.001,9887.0,5834.0,1.0
"beta_sin[Siri, Jose]",-0.221,0.086,-0.379,-0.062,0.001,0.001,10915.0,5935.0,1.0
"beta_sin[Vierling, Matt]",-0.222,0.086,-0.39,-0.063,0.001,0.001,9271.0,5884.0,1.0
"beta_sin[De La Cruz, Bryan]",-0.123,0.08,-0.267,0.03,0.001,0.001,9756.0,5852.0,1.0
"beta_sin[Rivas III, Alfonso]",-0.095,0.11,-0.301,0.116,0.001,0.001,9487.0,5753.0,1.0
"beta_sin[Adell, Jo]",-0.123,0.085,-0.284,0.032,0.001,0.001,10368.0,6358.0,1.0
"beta_sin[Lowe, Josh]",-0.152,0.094,-0.337,0.018,0.001,0.001,9683.0,6144.0,1.0
"beta_sin[Myers, Wil]",-0.095,0.086,-0.252,0.073,0.001,0.001,10268.0,6317.0,1.0
"beta_sin[Sheets, Gavin]",-0.23,0.091,-0.407,-0.068,0.001,0.001,7590.0,5746.0,1.0
"beta_sin[Gonzalez, Romy]",-0.111,0.106,-0.313,0.084,0.001,0.001,9081.0,6016.0,1.0
"beta_sin[Ruiz, Rio]",-0.111,0.111,-0.323,0.09,0.001,0.001,8749.0,6112.0,1.0
"beta_sin[Naquin, Tyler]",-0.206,0.087,-0.365,-0.036,0.001,0.001,10023.0,6010.0,1.0
"beta_sin[Vaughn, Andrew]",-0.103,0.09,-0.273,0.061,0.001,0.001,9388.0,5889.0,1.0
"beta_sin[Alfaro, Jorge]",-0.082,0.108,-0.292,0.119,0.001,0.001,9638.0,5930.0,1.0
"beta_sin[Fairchild, Stuart]",-0.122,0.096,-0.299,0.062,0.001,0.001,10071.0,5453.0,1.0
"beta_sin[Davis, Khris]",-0.097,0.109,-0.307,0.104,0.001,0.001,8994.0,6280.0,1.0
"beta_sin[Joe, Connor]",-0.13,0.09,-0.292,0.05,0.001,0.001,9681.0,5601.0,1.0
"beta_sin[Reyes, Pablo]",-0.114,0.112,-0.328,0.095,0.001,0.001,10024.0,5973.0,1.0
"beta_sin[Arcia, Orlando]",-0.156,0.107,-0.363,0.039,0.001,0.001,9359.0,5763.0,1.0
"beta_sin[Thomas, Lane]",-0.181,0.074,-0.318,-0.045,0.001,0.001,9497.0,6153.0,1.0
"beta_sin[Smith, Kevin]",-0.115,0.112,-0.314,0.106,0.001,0.001,8757.0,5670.0,1.0
"beta_sin[Lamb, Jake]",-0.09,0.106,-0.287,0.115,0.001,0.001,10446.0,5653.0,1.0
"beta_sin[Ibáñez, Andy]",-0.129,0.108,-0.334,0.074,0.001,0.001,9677.0,5899.0,1.0
"beta_sin[Jones, Taylor]",-0.138,0.11,-0.345,0.066,0.001,0.001,9810.0,6201.0,1.0
"beta_sin[Drury, Brandon]",-0.119,0.11,-0.319,0.095,0.001,0.001,9352.0,6119.0,1.0
"beta_sin[Park, Hoy]",-0.137,0.109,-0.346,0.061,0.001,0.001,8951.0,5459.0,1.0
"beta_sin[Larnach, Trevor]",-0.115,0.091,-0.287,0.057,0.001,0.001,9680.0,5716.0,1.0
"beta_sin[Culberson, Charlie]",-0.079,0.108,-0.275,0.13,0.001,0.001,9890.0,5993.0,1.0
"beta_sin[McKinstry, Zach]",-0.178,0.103,-0.365,0.024,0.001,0.001,9414.0,5668.0,1.0
"beta_sin[Robson, Jacob]",-0.114,0.111,-0.326,0.093,0.001,0.001,9930.0,5943.0,1.0
"beta_sin[Williams, Luke]",-0.111,0.108,-0.319,0.09,0.001,0.001,8844.0,5538.0,1.0
"beta_sin[Goodrum, Niko]",-0.139,0.11,-0.334,0.081,0.001,0.001,9566.0,5694.0,1.0
"beta_sin[Duran, Jarren]",-0.225,0.09,-0.404,-0.066,0.001,0.001,9420.0,5384.0,1.0
"beta_sin[García, Leury]",-0.162,0.096,-0.342,0.02,0.001,0.001,10409.0,5861.0,1.0
"beta_sin[Fargas, Johneshwy]",-0.094,0.109,-0.31,0.103,0.001,0.001,9614.0,5896.0,1.0
"beta_sin[Reddick, Josh]",-0.111,0.096,-0.287,0.074,0.001,0.001,10343.0,5745.0,1.0
"beta_sin[Estrada, Thairo]",-0.107,0.108,-0.303,0.104,0.001,0.001,12057.0,6197.0,1.0
"beta_sin[VanMeter, Josh]",-0.111,0.109,-0.316,0.095,0.001,0.001,9144.0,6323.0,1.0
"beta_sin[Parra, Gerardo]",-0.089,0.108,-0.296,0.109,0.001,0.001,9322.0,6101.0,1.0
"beta_sin[Bradley Jr., Jackie]",-0.323,0.081,-0.482,-0.177,0.001,0.001,9100.0,6106.0,1.0
"beta_sin[Raley, Luke]",-0.12,0.096,-0.3,0.059,0.001,0.001,11868.0,6117.0,1.0
"beta_sin[LaMarre, Ryan]",-0.129,0.109,-0.341,0.069,0.001,0.001,10665.0,6241.0,1.0
"beta_sin[Berti, Jon]",-0.093,0.103,-0.283,0.105,0.001,0.001,10482.0,5463.0,1.0
"beta_sin[Thomas, Dillon]",-0.126,0.111,-0.333,0.09,0.001,0.001,8121.0,5868.0,1.0
"beta_sin[Reks, Zach]",-0.137,0.108,-0.353,0.061,0.001,0.001,10086.0,5542.0,1.0
"beta_sin[Wilson, Jacob]",-0.112,0.112,-0.323,0.098,0.001,0.001,9219.0,6379.0,1.0
"beta_sin[Sánchez, Jesús]",-0.032,0.085,-0.182,0.139,0.001,0.001,11421.0,6574.0,1.0
"beta_sin[Heredia, Guillermo]",-0.15,0.094,-0.325,0.024,0.001,0.001,10807.0,5640.0,1.0
"beta_sin[Jankowski, Travis]",-0.179,0.093,-0.357,-0.006,0.001,0.001,9066.0,5876.0,1.0
"beta_sin[Pinder, Chad]",-0.237,0.098,-0.419,-0.053,0.001,0.001,8085.0,6075.0,1.0
"beta_sin[Gonzalez, Marwin]",-0.098,0.102,-0.285,0.096,0.001,0.001,10352.0,6068.0,1.0
"beta_sin[Clement, Ernie]",-0.088,0.109,-0.298,0.107,0.001,0.001,9887.0,5808.0,1.0
"beta_sin[Vosler, Jason]",-0.122,0.109,-0.317,0.096,0.001,0.001,8475.0,6134.0,1.0
"beta_sin[McKinney, Billy]",-0.096,0.096,-0.279,0.081,0.001,0.001,12289.0,6081.0,1.0
"beta_sin[Kirilloff, Alex]",-0.129,0.1,-0.32,0.055,0.001,0.001,10539.0,5754.0,1.0
"beta_sin[Daza, Yonathan]",-0.113,0.082,-0.274,0.034,0.001,0.001,7967.0,5754.0,1.0
"beta_sin[Davis, Jaylin]",-0.078,0.108,-0.291,0.118,0.001,0.002,10489.0,5410.0,1.0
"beta_sin[Tom, Ka'ai]",-0.127,0.103,-0.319,0.072,0.001,0.001,8293.0,6148.0,1.0
"beta_sin[Schebler, Scott]",-0.147,0.108,-0.349,0.056,0.001,0.001,8646.0,5642.0,1.0
"beta_sin[O'Hearn, Ryan]",-0.09,0.103,-0.287,0.103,0.001,0.001,9024.0,6306.0,1.0
"beta_sin[Wilkerson, Stevie]",-0.117,0.113,-0.336,0.094,0.001,0.001,9102.0,5757.0,1.0
"beta_sin[O'Grady, Brian]",-0.107,0.11,-0.318,0.093,0.001,0.001,8075.0,5943.0,1.0
"beta_sin[Walton, Donovan]",-0.106,0.109,-0.314,0.097,0.001,0.001,9214.0,6209.0,1.0
"beta_sin[Trammell, Taylor]",-0.057,0.097,-0.243,0.123,0.001,0.001,11230.0,5932.0,1.0
"beta_sin[Blankenhorn, Travis]",-0.102,0.107,-0.305,0.096,0.001,0.001,8798.0,5955.0,1.0
"beta_sin[Marcano, Tucupita]",-0.104,0.104,-0.303,0.089,0.001,0.001,8698.0,5753.0,1.0
"beta_sin[Adrianza, Ehire]",-0.034,0.11,-0.25,0.164,0.001,0.001,9196.0,5730.0,1.0
"beta_sin[Hiura, Keston]",-0.098,0.11,-0.304,0.114,0.001,0.001,9790.0,5750.0,1.0
"beta_sin[Kelenic, Jarred]",-0.007,0.082,-0.154,0.154,0.001,0.001,7951.0,5096.0,1.0
"beta_sin[Quinn, Roman]",-0.061,0.098,-0.242,0.122,0.001,0.001,9878.0,5844.0,1.0
"beta_sin[Williams, Justin]",-0.089,0.104,-0.284,0.107,0.001,0.001,9031.0,5998.0,1.0
"beta_sin[Miller, Brad]",-0.135,0.102,-0.328,0.056,0.001,0.001,8186.0,5762.0,1.0
"beta_sin[Vargas, Ildemaro]",-0.095,0.109,-0.309,0.104,0.001,0.001,8624.0,5871.0,1.0
"beta_sin[Eaton, Adam]",-0.133,0.093,-0.312,0.041,0.001,0.001,10511.0,5725.0,1.0
"beta_sin[Barrera, Luis]",-0.093,0.108,-0.288,0.115,0.001,0.001,9837.0,5896.0,1.0
"beta_sin[Hager, Jake]",-0.117,0.11,-0.326,0.087,0.001,0.001,9665.0,5665.0,1.0
"beta_sin[Duffy, Matt]",-0.105,0.109,-0.318,0.094,0.001,0.001,10241.0,5819.0,1.0
"beta_sin[Neuse, Sheldon]",-0.111,0.11,-0.309,0.104,0.001,0.001,9336.0,5864.0,1.0
"beta_sin[Mathisen, Wyatt]",-0.105,0.109,-0.316,0.094,0.001,0.001,9628.0,6329.0,1.0
"beta_sin[Ohtani, Shohei]",-0.113,0.111,-0.318,0.102,0.001,0.001,9339.0,5637.0,1.0
"beta_sin[Bemboom, Anthony]",-0.11,0.111,-0.315,0.103,0.001,0.001,8869.0,5807.0,1.0
"beta_sin[Palacios, Joshua]",-0.141,0.098,-0.325,0.042,0.001,0.001,7342.0,5936.0,1.0
"beta_sin[Musgrove, Joe]",-0.114,0.109,-0.313,0.093,0.001,0.001,9400.0,5950.0,1.0
"beta_sin[Young, Andrew]",-0.11,0.111,-0.326,0.095,0.001,0.001,9584.0,5449.0,1.0
"beta_sin[Jones, JaCoby]",-0.102,0.099,-0.286,0.086,0.001,0.001,10025.0,6041.0,1.0
"beta_sin[Blandino, Alex]",-0.11,0.108,-0.31,0.097,0.001,0.001,9865.0,6366.0,1.0
"beta_sin[Williams, Nick]",-0.106,0.109,-0.317,0.09,0.001,0.001,10405.0,6184.0,1.0
"beta_sin[Farmer, Kyle]",-0.114,0.111,-0.322,0.096,0.001,0.001,9337.0,5902.0,1.0
"beta_sin[Kingery, Scott]",-0.095,0.107,-0.299,0.105,0.001,0.001,8955.0,6122.0,1.0
"beta_sin[Inciarte, Ender]",-0.035,0.1,-0.22,0.153,0.001,0.001,12072.0,5503.0,1.0
"beta_sin[Almora Jr., Albert]",-0.089,0.096,-0.255,0.101,0.001,0.001,8043.0,5795.0,1.0
"beta_sin[Kwan, Steven]",-0.166,0.076,-0.313,-0.028,0.001,0.001,10246.0,6121.0,1.0
"beta_sin[Cabrera, Oswaldo]",-0.144,0.098,-0.329,0.039,0.001,0.001,9791.0,5479.0,1.0
"beta_sin[Azócar, José]",-0.138,0.099,-0.332,0.043,0.001,0.001,9833.0,5680.0,1.0
"beta_sin[Thompson, Trayce]",-0.098,0.092,-0.27,0.073,0.001,0.001,9753.0,5840.0,1.0
"beta_sin[Carroll, Corbin]",-0.021,0.089,-0.194,0.142,0.001,0.001,10102.0,6169.0,1.0
"beta_sin[Hicks, Aaron]",-0.143,0.076,-0.288,-0.003,0.001,0.001,11642.0,5897.0,1.0
"beta_sin[Vavra, Terrin]",-0.087,0.109,-0.299,0.113,0.001,0.001,9308.0,5998.0,1.0
"beta_sin[Velázquez, Nelson]",-0.132,0.098,-0.309,0.055,0.001,0.001,10141.0,5765.0,1.0
"beta_sin[Bouchard, Sean]",-0.132,0.107,-0.327,0.067,0.001,0.001,10110.0,5930.0,1.0
"beta_sin[Vargas, Miguel]",-0.106,0.111,-0.313,0.104,0.001,0.001,9949.0,6033.0,1.0
"beta_sin[Bleday, JJ]",-0.077,0.092,-0.25,0.096,0.001,0.001,10136.0,6047.0,1.0
"beta_sin[Smith, Josh]",-0.143,0.103,-0.339,0.047,0.001,0.001,8699.0,6030.0,1.0
"beta_sin[Brennan, Will]",-0.085,0.094,-0.268,0.089,0.001,0.001,10482.0,5813.0,1.0
"beta_sin[Hensley, David]",-0.114,0.111,-0.318,0.104,0.001,0.001,7978.0,5878.0,1.0
"beta_sin[Thompson, Bubba]",-0.135,0.098,-0.319,0.046,0.001,0.001,11167.0,5620.0,1.0
"beta_sin[Hernández, César]",-0.116,0.108,-0.318,0.084,0.001,0.001,10296.0,6128.0,1.0
"beta_sin[Waters, Drew]",-0.024,0.095,-0.198,0.161,0.001,0.001,8480.0,5446.0,1.0
"beta_sin[Mancini, Trey]",-0.1,0.106,-0.297,0.098,0.001,0.001,9476.0,5334.0,1.0
"beta_sin[Bae, Ji Hwan]",-0.098,0.104,-0.299,0.094,0.001,0.001,10479.0,5822.0,1.0
"beta_sin[Yepez, Juan]",-0.061,0.099,-0.241,0.13,0.001,0.001,9625.0,6494.0,1.0
"beta_sin[Suwinski, Jack]",-0.088,0.082,-0.249,0.057,0.001,0.001,11067.0,5840.0,1.0
"beta_sin[Burdick, Peyton]",-0.124,0.106,-0.326,0.075,0.001,0.001,9097.0,5364.0,1.0
"beta_sin[Melendez, MJ]",-0.108,0.086,-0.273,0.048,0.001,0.001,10682.0,6197.0,1.0
"beta_sin[Call, Alex]",0.001,0.092,-0.173,0.173,0.001,0.001,8529.0,5661.0,1.0
"beta_sin[Stowers, Kyle]",-0.08,0.105,-0.281,0.118,0.001,0.001,9070.0,6045.0,1.0
"beta_sin[Dubón, Mauricio]",-0.137,0.091,-0.315,0.029,0.001,0.001,9840.0,5894.0,1.0
"beta_sin[Contreras, Mark]",-0.192,0.107,-0.399,0.011,0.001,0.001,9524.0,5506.0,1.0
"beta_sin[Calhoun, Kole]",-0.089,0.084,-0.241,0.076,0.001,0.001,10941.0,5846.0,1.0
"beta_sin[Lopez, Alejo]",-0.113,0.109,-0.308,0.091,0.001,0.001,10787.0,5653.0,1.0
"beta_sin[Garrett, Stone]",-0.107,0.103,-0.296,0.094,0.001,0.001,9028.0,6055.0,1.0
"beta_sin[McCarthy, Jake]",-0.021,0.086,-0.182,0.141,0.001,0.001,8565.0,5901.0,1.0
"beta_sin[Palacios, Richie]",-0.126,0.099,-0.312,0.06,0.001,0.001,10114.0,6211.0,1.0
"beta_sin[Garcia, Dérmis]",-0.128,0.109,-0.336,0.07,0.001,0.001,8073.0,6170.0,1.0
"beta_sin[Encarnacion, Jerar]",-0.117,0.107,-0.309,0.097,0.001,0.001,10591.0,6236.0,1.0
"beta_sin[Carpenter, Kerry]",-0.105,0.098,-0.293,0.081,0.001,0.001,9259.0,5711.0,1.0
"beta_sin[Donovan, Brendan]",-0.121,0.102,-0.315,0.066,0.001,0.001,9511.0,5665.0,1.0
"beta_sin[Benson, Will]",-0.164,0.091,-0.332,0.006,0.001,0.001,9548.0,6033.0,1.0
"beta_sin[Thomas, Cody]",-0.11,0.108,-0.319,0.092,0.001,0.001,9790.0,5179.0,1.0
"beta_sin[Burleson, Alec]",-0.116,0.098,-0.302,0.068,0.001,0.001,8990.0,6405.0,1.0
"beta_sin[Eaton, Nate]",-0.12,0.101,-0.311,0.071,0.001,0.001,9754.0,5423.0,1.0
"beta_sin[Gore, Terrance]",-0.105,0.11,-0.304,0.112,0.001,0.001,10839.0,6157.0,1.0
"beta_sin[Morel, Christopher]",-0.127,0.097,-0.311,0.051,0.001,0.001,8167.0,5832.0,1.0
"beta_sin[Florial, Estevan]",-0.129,0.102,-0.317,0.068,0.001,0.001,9122.0,6084.0,1.0
"beta_sin[Aguilar, Ryan]",-0.127,0.106,-0.329,0.071,0.001,0.001,8271.0,6409.0,1.0
"beta_sin[Anderson, Brian]",-0.172,0.101,-0.366,0.014,0.001,0.001,8763.0,6030.0,1.0
"beta_sin[Johnson, Bryce]",-0.082,0.106,-0.287,0.112,0.001,0.001,10543.0,5205.0,1.0
"beta_sin[Ruiz, Esteury]",-0.118,0.093,-0.301,0.051,0.001,0.001,8903.0,6178.0,1.0
"beta_sin[Stevenson, Cal]",-0.092,0.108,-0.301,0.104,0.001,0.001,9269.0,6190.0,1.0
"beta_sin[Maton, Nick]",-0.119,0.107,-0.322,0.079,0.001,0.001,9772.0,5979.0,1.0
"beta_sin[Sosa, Edmundo]",-0.107,0.109,-0.313,0.097,0.001,0.001,10019.0,5944.0,1.0
"beta_sin[Beckham, Tim]",-0.103,0.112,-0.318,0.099,0.001,0.001,10566.0,6087.0,1.0
"beta_sin[Bernard, Wynton]",-0.09,0.108,-0.282,0.123,0.001,0.001,9514.0,5838.0,1.0
"beta_sin[Pratto, Nick]",-0.111,0.108,-0.325,0.084,0.001,0.001,8967.0,5634.0,1.0
"beta_sin[Celestino, Gilberto]",-0.026,0.093,-0.198,0.148,0.001,0.001,10394.0,6330.0,1.0
"beta_sin[Hernandez, Elier]",-0.113,0.108,-0.314,0.09,0.001,0.001,8137.0,6112.0,1.0
"beta_sin[Piscotty, Stephen]",-0.14,0.095,-0.327,0.032,0.001,0.001,10180.0,6337.0,1.0
"beta_sin[Lewis, Kyle]",-0.15,0.096,-0.329,0.032,0.001,0.001,9720.0,5501.0,1.0
"beta_sin[Meneses, Joey]",-0.123,0.104,-0.315,0.075,0.001,0.001,8437.0,6009.0,1.0
"beta_sin[Outman, James]",-0.129,0.092,-0.314,0.034,0.001,0.001,10338.0,5827.0,1.0
"beta_sin[Reynolds, Matt]",-0.114,0.108,-0.309,0.092,0.001,0.001,11813.0,6064.0,1.0
"beta_sin[Madris, Bligh]",-0.115,0.106,-0.311,0.086,0.001,0.001,9522.0,5750.0,1.0
"beta_sin[Marsh, Brandon]",-0.233,0.078,-0.381,-0.088,0.001,0.001,9457.0,5984.0,1.0
"beta_sin[Mercedes, Yermín]",-0.11,0.109,-0.305,0.105,0.001,0.001,9530.0,5724.0,1.0
"beta_sin[Carpenter, Matt]",-0.172,0.109,-0.38,0.025,0.001,0.001,9003.0,5874.0,1.0
"beta_sin[Soler, Jorge]",-0.156,0.09,-0.332,0.005,0.001,0.001,8890.0,5779.0,1.0
"beta_sin[Clemens, Kody]",-0.094,0.108,-0.3,0.104,0.001,0.001,10730.0,5764.0,1.0
"beta_sin[Harrison, Monte]",-0.098,0.104,-0.294,0.097,0.001,0.001,9331.0,5648.0,1.0
"beta_sin[Hummel, Cooper]",-0.133,0.106,-0.326,0.07,0.001,0.001,9214.0,6062.0,1.0
"beta_sin[Mazara, Nomar]",-0.225,0.098,-0.409,-0.044,0.001,0.001,9089.0,6195.0,1.0
"beta_sin[Batten, Matthew]",-0.117,0.11,-0.324,0.094,0.001,0.001,8440.0,6225.0,1.0
"beta_sin[Alvarez, Eddy]",-0.095,0.111,-0.294,0.122,0.001,0.001,8692.0,5228.0,1.0
"beta_sin[Smith-Njigba, Canaan]",-0.115,0.108,-0.316,0.085,0.001,0.001,9108.0,5782.0,1.0
"beta_sin[Ramos, Heliot]",-0.07,0.107,-0.266,0.138,0.001,0.001,11165.0,5213.0,1.0
"beta_sin[Swaggerty, Travis]",-0.108,0.112,-0.314,0.105,0.001,0.001,10369.0,6055.0,1.0
"beta_sin[Walker, Steele]",-0.113,0.106,-0.319,0.08,0.001,0.001,9447.0,5576.0,1.0
"beta_sin[Plummer, Nick]",-0.093,0.109,-0.299,0.11,0.001,0.001,10996.0,5239.0,1.0
"beta_sin[Rosario, Amed]",-0.119,0.107,-0.326,0.078,0.001,0.001,8675.0,6306.0,1.0
"beta_sin[Contreras, William]",-0.135,0.109,-0.35,0.063,0.001,0.001,7939.0,5907.0,1.0
"beta_sin[Mayfield, Jack]",-0.111,0.108,-0.32,0.086,0.001,0.001,8951.0,6106.0,1.0
"beta_sin[Krizan, Jason]",-0.117,0.109,-0.327,0.082,0.001,0.001,10274.0,5666.0,1.0
"beta_sin[Walsh, Jared]",-0.138,0.105,-0.34,0.058,0.001,0.001,9721.0,5671.0,1.0
"beta_sin[Mendick, Danny]",-0.124,0.107,-0.323,0.083,0.001,0.001,10751.0,6403.0,1.0
"beta_sin[Castellanos, Nick]",-0.14,0.072,-0.279,-0.012,0.001,0.001,9132.0,5621.0,1.0
"beta_sin[Cruz, Oneil]",-0.112,0.109,-0.319,0.091,0.001,0.001,9531.0,6151.0,1.0
"beta_sin[Capel, Conner]",-0.156,0.102,-0.354,0.03,0.001,0.001,9960.0,6137.0,1.0
"beta_sin[Haniger, Mitch]",-0.067,0.084,-0.233,0.082,0.001,0.001,9620.0,6165.0,1.0
"beta_sin[Grichuk, Randal]",-0.191,0.072,-0.319,-0.05,0.001,0.001,8612.0,5924.0,1.0
"beta_sin[Senzel, Nick]",-0.241,0.087,-0.407,-0.078,0.001,0.001,9187.0,6122.0,1.0
"beta_sin[Kiner-Falefa, Isiah]",-0.135,0.1,-0.318,0.06,0.001,0.001,9437.0,5459.0,1.0
"beta_sin[Yoshida, Masataka]",-0.119,0.097,-0.302,0.063,0.001,0.001,8459.0,5968.0,1.0
"beta_sin[Julks, Corey]",-0.143,0.102,-0.339,0.043,0.001,0.001,9277.0,5899.0,1.0
"beta_sin[Sabol, Blake]",-0.061,0.108,-0.257,0.147,0.001,0.001,8658.0,5279.0,1.0
"beta_sin[Lukes, Nathan]",-0.12,0.108,-0.322,0.083,0.001,0.001,9027.0,5755.0,1.0
"beta_sin[Alu, Jake]",-0.122,0.107,-0.33,0.068,0.001,0.001,7342.0,5548.0,1.0
"beta_sin[Miller, Owen]",-0.108,0.108,-0.311,0.096,0.001,0.001,10990.0,5994.0,1.0
"beta_sin[Mastrobuoni, Miles]",-0.111,0.11,-0.323,0.092,0.001,0.001,10180.0,5430.0,1.0
"beta_sin[Guthrie, Dalton]",-0.123,0.107,-0.33,0.074,0.001,0.001,9426.0,5461.0,1.0
"beta_sin[Fletcher, Dominic]",-0.114,0.103,-0.309,0.082,0.001,0.001,8782.0,5778.0,1.0
"beta_sin[Perkins, Blake]",-0.101,0.103,-0.293,0.094,0.001,0.001,8062.0,5926.0,1.0
"beta_sin[Rengifo, Luis]",-0.151,0.105,-0.355,0.039,0.001,0.001,10120.0,6057.0,1.0
"beta_sin[García, Avisaíl]",-0.156,0.082,-0.313,-0.004,0.001,0.001,8869.0,5516.0,1.0
"beta_sin[Wiemer, Joey]",-0.207,0.094,-0.38,-0.028,0.001,0.001,9541.0,6106.0,1.0
"beta_sin[Duran, Ezequiel]",-0.124,0.106,-0.331,0.061,0.001,0.001,9764.0,6106.0,1.0
"beta_sin[Greene, Riley]",-0.06,0.086,-0.219,0.109,0.001,0.001,10279.0,5938.0,1.0
"beta_sin[Walker, Jordan]",-0.098,0.094,-0.275,0.076,0.001,0.001,7874.0,5354.0,1.0
"beta_sin[Adams, Jordyn]",-0.119,0.107,-0.321,0.08,0.001,0.001,8985.0,6340.0,1.0
"beta_sin[Wisely, Brett]",-0.111,0.107,-0.307,0.097,0.001,0.001,10606.0,6354.0,1.0
"beta_sin[Toglia, Michael]",-0.117,0.103,-0.301,0.082,0.001,0.001,9585.0,6196.0,1.0
"beta_sin[Cowser, Colton]",-0.127,0.106,-0.316,0.085,0.001,0.001,9837.0,5589.0,1.0
"beta_sin[Carter, Evan]",-0.124,0.104,-0.315,0.078,0.001,0.001,11401.0,5639.0,1.0
"beta_sin[Wallner, Matt]",-0.095,0.101,-0.282,0.098,0.001,0.001,9594.0,5869.0,1.0
"beta_sin[Abreu, Wilyer]",-0.105,0.106,-0.305,0.09,0.001,0.001,9193.0,5399.0,1.0
"beta_sin[Kjerstad, Heston]",-0.111,0.111,-0.315,0.101,0.001,0.002,11201.0,5722.0,1.0
"beta_sin[Pereira, Everson]",-0.124,0.103,-0.326,0.061,0.001,0.001,10717.0,5925.0,1.0
"beta_sin[Conforto, Michael]",-0.17,0.081,-0.326,-0.02,0.001,0.001,9582.0,5998.0,1.0
"beta_sin[Canzone, Dominic]",-0.09,0.101,-0.282,0.099,0.001,0.001,9750.0,6285.0,1.0
"beta_sin[Jones, Nolan]",-0.073,0.093,-0.248,0.1,0.001,0.001,8336.0,6015.0,1.0
"beta_sin[Eden, Cam]",-0.113,0.112,-0.327,0.092,0.001,0.001,10175.0,5791.0,1.0
"beta_sin[Matos, Luis]",-0.106,0.099,-0.293,0.078,0.001,0.001,7601.0,5978.0,1.0
"beta_sin[Blanco, Dairon]",-0.182,0.105,-0.374,0.021,0.001,0.001,10546.0,5666.0,1.0
"beta_sin[Steer, Spencer]",-0.152,0.104,-0.356,0.039,0.001,0.001,11230.0,5707.0,1.0
"beta_sin[Wall, Forrest]",-0.112,0.111,-0.321,0.094,0.001,0.001,10743.0,5638.0,1.0
"beta_sin[Remillard, Zach]",-0.122,0.109,-0.327,0.08,0.001,0.001,7770.0,5715.0,1.0
"beta_sin[Frelick, Sal]",-0.054,0.105,-0.258,0.14,0.001,0.001,9709.0,5705.0,1.0
"beta_sin[Rutherford, Blake]",-0.121,0.106,-0.326,0.076,0.001,0.001,10867.0,6211.0,1.0
"beta_sin[Marlowe, Cade]",-0.108,0.104,-0.294,0.096,0.001,0.001,8052.0,6330.0,1.0
"beta_sin[Taylor, Samad]",-0.1,0.106,-0.312,0.086,0.001,0.001,9014.0,6135.0,1.0
"beta_sin[Meckler, Wade]",-0.118,0.105,-0.319,0.075,0.001,0.001,8551.0,5695.0,1.0
"beta_sin[Martínez, J.P.]",-0.092,0.111,-0.304,0.115,0.001,0.001,9506.0,5608.0,1.0
"beta_sin[Schneider, Davis]",-0.116,0.108,-0.323,0.083,0.001,0.001,10470.0,5711.0,1.0
"beta_sin[Gonzalez, Oscar]",-0.055,0.094,-0.238,0.117,0.001,0.001,9890.0,6015.0,1.0
"beta_sin[Siani, Michael]",-0.096,0.108,-0.306,0.102,0.001,0.001,9587.0,5991.0,1.0
"beta_sin[Hopkins, TJ]",-0.116,0.107,-0.314,0.085,0.001,0.001,9483.0,5586.0,1.0
"beta_sin[Wilson, Weston]",-0.108,0.108,-0.309,0.096,0.001,0.001,9962.0,5898.0,1.0
"beta_sin[Kohlwey, Taylor]",-0.116,0.109,-0.32,0.088,0.001,0.001,8646.0,5287.0,1.0
"beta_sin[Lopez, Nicky]",-0.11,0.109,-0.319,0.088,0.001,0.001,9945.0,5826.0,1.0
"beta_sin[DeLuca, Jonny]",-0.104,0.107,-0.31,0.096,0.001,0.001,8581.0,5261.0,1.0
"beta_sin[Fry, David]",-0.1,0.108,-0.31,0.101,0.001,0.001,9089.0,5985.0,1.0
"beta_sin[Freeman, Tyler]",-0.112,0.109,-0.328,0.085,0.001,0.001,10327.0,5827.0,1.0
"beta_sin[Heyward, Jason]",-0.131,0.081,-0.288,0.014,0.001,0.001,9550.0,6075.0,1.0
"beta_sin[Noda, Ryan]",-0.111,0.111,-0.326,0.093,0.001,0.001,9628.0,5556.0,1.0
"beta_sin[Bellinger, Cody]",-0.073,0.077,-0.212,0.078,0.001,0.001,10685.0,6085.0,1.0
"beta_sin[Kiermaier, Kevin]",-0.063,0.074,-0.204,0.076,0.001,0.001,9776.0,5822.0,1.0
"beta_sin[Laureano, Ramón]",-0.107,0.077,-0.25,0.038,0.001,0.001,10677.0,5927.0,1.0
"beta_sin[Robert Jr., Luis]",-0.19,0.075,-0.33,-0.049,0.001,0.001,9468.0,5996.0,1.0
"beta_sin[Springer, George]",0.033,0.081,-0.115,0.187,0.001,0.001,8127.0,5004.0,1.0
"beta_sin[Kepler, Max]",-0.123,0.073,-0.265,0.006,0.001,0.001,9628.0,5460.0,1.0
"beta_sin[Bader, Harrison]",-0.002,0.078,-0.15,0.142,0.001,0.001,10187.0,5702.0,1.0
"beta_sin[Straw, Myles]",-0.215,0.07,-0.349,-0.088,0.001,0.001,9370.0,5832.0,1.0
"beta_sin[Acuña Jr., Ronald]",-0.102,0.079,-0.241,0.054,0.001,0.001,12365.0,5609.0,1.0
"beta_sin[Grisham, Trent]",-0.154,0.07,-0.291,-0.026,0.001,0.001,10045.0,5637.0,1.0
"beta_sin[Buxton, Byron]",-0.099,0.087,-0.26,0.062,0.001,0.001,9824.0,5485.0,1.0
"beta_sin[Hill, Derek]",-0.101,0.091,-0.268,0.073,0.001,0.001,10432.0,5738.0,1.0
"beta_sin[Taveras, Leody]",-0.003,0.073,-0.139,0.133,0.001,0.001,8134.0,5613.0,1.0
"beta_sin[Robles, Victor]",0.006,0.076,-0.137,0.152,0.001,0.001,9078.0,5893.0,1.0
"beta_sin[Lorenzen, Michael]",-0.1,0.111,-0.313,0.106,0.001,0.001,9831.0,5377.0,1.0
"beta_sin[Trout, Mike]",-0.162,0.078,-0.312,-0.02,0.001,0.001,10055.0,5352.0,1.0
"beta_sin[Starling, Bubba]",-0.145,0.11,-0.342,0.072,0.001,0.001,8808.0,5738.0,1.0
"beta_sin[Tucker, Cole]",-0.098,0.101,-0.282,0.095,0.001,0.001,9450.0,5883.0,1.0
"beta_sin[Torreyes, Ronald]",-0.121,0.11,-0.331,0.079,0.001,0.001,8896.0,5928.0,1.0
"beta_sin[Harper, Bryce]",-0.124,0.089,-0.294,0.033,0.001,0.001,10063.0,5925.0,1.0
"beta_sin[Marte, Ketel]",-0.193,0.094,-0.376,-0.023,0.001,0.001,10010.0,5650.0,1.0
"beta_sin[Smith, Mallex]",-0.118,0.108,-0.328,0.08,0.001,0.001,9305.0,5728.0,1.0
"beta_sin[Cordell, Ryan]",-0.119,0.11,-0.337,0.08,0.001,0.001,8802.0,6046.0,1.0
"beta_sin[Betts, Mookie]",-0.183,0.077,-0.327,-0.04,0.001,0.001,10467.0,5845.0,1.0
"beta_sin[Cain, Lorenzo]",-0.099,0.095,-0.282,0.077,0.001,0.001,9344.0,6108.0,1.0
"beta_sin[Whitefield, Aaron]",-0.146,0.109,-0.348,0.06,0.001,0.001,10677.0,6158.0,1.0
"beta_sin[Villar, Jonathan]",-0.12,0.11,-0.333,0.081,0.001,0.001,9513.0,5707.0,1.0
"beta_sin[Renfroe, Hunter]",-0.178,0.075,-0.321,-0.038,0.001,0.001,9919.0,6288.0,1.0
"beta_sin[Barrero, José]",-0.083,0.106,-0.286,0.114,0.001,0.001,10450.0,5677.0,1.0
"beta_sin[Tatis Jr., Fernando]",-0.093,0.089,-0.264,0.07,0.001,0.001,8753.0,5981.0,1.0
"beta_sin[Judge, Aaron]",-0.2,0.078,-0.344,-0.052,0.001,0.001,9116.0,6359.0,1.0
"beta_sin[Bruján, Vidal]",-0.118,0.107,-0.318,0.082,0.001,0.001,11279.0,5999.0,1.0
"beta_sin[Andreoli, John]",-0.096,0.11,-0.305,0.106,0.001,0.001,10645.0,5350.0,1.0
"beta_sin[Difo, Wilmer]",-0.117,0.108,-0.322,0.088,0.001,0.001,10075.0,5735.0,1.0
"beta_sin[Fowler, Dustin]",-0.089,0.108,-0.297,0.113,0.001,0.001,10571.0,6184.0,1.0
"beta_sin[Hurst, Scott]",-0.112,0.112,-0.324,0.102,0.001,0.001,10777.0,5959.0,1.0
"beta_sin[Harris II, Michael]",-0.143,0.082,-0.297,0.011,0.001,0.001,9827.0,5723.0,1.0
"beta_sin[Rodríguez, Julio]",-0.128,0.082,-0.28,0.028,0.001,0.001,9085.0,5960.0,1.0
"beta_sin[DeLuzio, Ben]",-0.117,0.105,-0.312,0.083,0.001,0.001,8298.0,5870.0,1.0
"beta_sin[Mitchell, Garrett]",-0.174,0.105,-0.377,0.018,0.001,0.001,9198.0,6025.0,1.0
"beta_sin[Kreidler, Ryan]",-0.109,0.109,-0.31,0.101,0.001,0.001,10046.0,5993.0,1.0
"beta_sin[Thomas, Alek]",-0.019,0.08,-0.164,0.137,0.001,0.001,10127.0,5732.0,1.0
"beta_sin[Crook, Narciso]",-0.114,0.109,-0.32,0.088,0.001,0.001,10106.0,5301.0,1.0
"beta_sin[Lopez, Otto]",-0.112,0.108,-0.319,0.085,0.001,0.001,10597.0,5451.0,1.0
"beta_sin[Lee, Khalil]",-0.12,0.112,-0.334,0.085,0.001,0.001,8982.0,5737.0,1.0
"beta_sin[Lewis, Royce]",-0.114,0.111,-0.323,0.094,0.001,0.001,9034.0,5747.0,1.0
"beta_sin[Hicklen, Brewer]",-0.119,0.11,-0.328,0.081,0.001,0.001,8792.0,5873.0,1.0
"beta_sin[McDonald, Mickey]",-0.116,0.111,-0.335,0.088,0.001,0.001,11852.0,5943.0,1.0
"beta_sin[Muzziotti, Símon]",-0.141,0.111,-0.348,0.065,0.001,0.001,9635.0,5852.0,1.0
"beta_sin[Doyle, Brenton]",0.053,0.091,-0.113,0.224,0.001,0.001,9292.0,5657.0,1.0
"beta_sin[Edwards, Xavier]",-0.117,0.111,-0.324,0.091,0.001,0.001,10259.0,5622.0,1.0
"beta_sin[Chisholm Jr., Jazz]",-0.05,0.098,-0.234,0.134,0.001,0.001,10177.0,6092.0,1.0
"beta_sin[Colás, Oscar]",-0.098,0.098,-0.284,0.083,0.001,0.001,8417.0,6301.0,1.0
"beta_sin[Rafaela, Ceddanne]",-0.129,0.106,-0.331,0.066,0.001,0.001,9106.0,5866.0,1.0
"beta_sin[Rojas, Johan]",-0.16,0.102,-0.347,0.035,0.001,0.001,10078.0,5434.0,1.0
"beta_sin[Domínguez, Jasson]",-0.119,0.109,-0.318,0.089,0.001,0.001,10055.0,5527.0,1.0
"beta_sin[Young, Jacob]",-0.11,0.105,-0.308,0.09,0.001,0.001,9311.0,5715.0,1.0
"beta_sin[Fitzgerald, Tyler]",-0.108,0.11,-0.315,0.098,0.001,0.001,8448.0,5803.0,1.0
"beta_sin[Meadows, Parker]",-0.134,0.102,-0.34,0.05,0.001,0.001,12272.0,5960.0,1.0
"beta_sin[Butler, Lawrence]",-0.133,0.103,-0.33,0.057,0.001,0.001,9111.0,5666.0,1.0
"beta_sin[Crow-Armstrong, Pete]",-0.1,0.106,-0.291,0.106,0.001,0.001,10178.0,6050.0,1.0
"beta_sin[Canario, Alexander]",-0.119,0.107,-0.313,0.081,0.001,0.001,9540.0,6351.0,1.0
"beta_sin[Paris, Kyren]",-0.112,0.111,-0.321,0.102,0.001,0.001,9875.0,5728.0,1.0
"beta_sin[Myers, Dane]",-0.101,0.109,-0.306,0.103,0.001,0.001,8584.0,5587.0,1.0
"beta_sin[Cabbage, Trey]",-0.131,0.11,-0.334,0.08,0.001,0.001,7892.0,5623.0,1.0
"beta_sin[Short, Zack]",-0.121,0.11,-0.321,0.096,0.001,0.001,9303.0,5690.0,1.0
"beta_sin[Braun, Ryan]",-0.134,0.107,-0.339,0.067,0.001,0.001,10368.0,6131.0,1.0
"beta_sin[Fowler, Dexter]",-0.127,0.106,-0.332,0.068,0.001,0.001,11651.0,5429.0,1.0
"beta_sin[Blackmon, Charlie]",-0.186,0.082,-0.337,-0.036,0.001,0.001,9368.0,5542.0,1.0
"beta_sin[Polanco, Gregory]",-0.061,0.091,-0.232,0.11,0.001,0.001,7925.0,5799.0,1.0
"beta_sin[Rickard, Joey]",-0.108,0.113,-0.319,0.106,0.001,0.001,9144.0,5959.0,1.0
"beta_sin[Fletcher, David]",-0.114,0.109,-0.321,0.094,0.001,0.001,8812.0,6309.0,1.0
"beta_sin[Núñez, Eduardo]",-0.11,0.111,-0.323,0.1,0.001,0.001,9040.0,5264.0,1.0
"beta_sin[Motter, Taylor]",-0.107,0.108,-0.307,0.098,0.001,0.001,10091.0,6326.0,1.0
"beta_sin[Amburgey, Trey]",-0.116,0.111,-0.317,0.097,0.001,0.001,9873.0,6315.0,1.0
"beta_sin[Cooper, Garrett]",-0.079,0.108,-0.283,0.125,0.001,0.001,9026.0,6100.0,1.0
"beta_sin[Astudillo, Willians]",-0.113,0.11,-0.32,0.09,0.001,0.001,8672.0,5024.0,1.0
"beta_sin[Stokes Jr., Troy]",-0.106,0.108,-0.317,0.093,0.001,0.001,7605.0,5822.0,1.0
"beta_sin[Kivlehan, Patrick]",-0.114,0.11,-0.319,0.092,0.001,0.001,8460.0,6011.0,1.0
"beta_sin[Owen, Hunter]",-0.116,0.11,-0.323,0.09,0.001,0.001,9332.0,5456.0,1.0
"beta_sin[Ray, Corey]",-0.108,0.111,-0.316,0.101,0.001,0.001,11024.0,6614.0,1.0
"beta_sin[Suzuki, Seiya]",-0.112,0.084,-0.27,0.048,0.001,0.001,10041.0,6076.0,1.0
"beta_sin[Davis, Brendon]",-0.116,0.11,-0.327,0.086,0.001,0.001,10436.0,5397.0,1.0
"beta_sin[Mitchell, Cal]",-0.121,0.099,-0.315,0.061,0.001,0.001,9367.0,5767.0,1.0
"beta_sin[Castillo, Diego]",-0.084,0.108,-0.279,0.129,0.001,0.001,8077.0,5669.0,1.0
"beta_sin[Díaz, Yusniel]",-0.111,0.11,-0.326,0.089,0.001,0.001,7090.0,5385.0,1.0
"beta_sin[Arroyo, Christian]",-0.083,0.107,-0.298,0.106,0.001,0.001,9756.0,5564.0,1.0
"beta_sin[Wilson, Marcus]",-0.1,0.107,-0.301,0.099,0.001,0.001,8211.0,5168.0,1.0
"beta_sin[Alberto, Hanser]",-0.115,0.112,-0.324,0.096,0.001,0.001,9440.0,5991.0,1.0
"beta_sin[Abrams, CJ]",-0.108,0.11,-0.315,0.099,0.001,0.001,9282.0,5774.0,1.0
"beta_sin[Lopes, Christian]",-0.11,0.109,-0.316,0.094,0.001,0.001,12745.0,5520.0,1.0
"beta_sin[Jackson, Drew]",-0.107,0.109,-0.309,0.102,0.001,0.001,10217.0,5772.0,1.0
"beta_sin[Arias, Gabriel]",-0.094,0.105,-0.303,0.093,0.001,0.001,9859.0,5657.0,1.0
"beta_sin[Odor, Rougned]",-0.106,0.113,-0.318,0.104,0.001,0.001,10997.0,5537.0,1.0
"beta_sin[Basabe, Osleivis]",-0.113,0.112,-0.333,0.085,0.001,0.001,7526.0,5683.0,1.0
"beta_sin[Goodman, Hunter]",-0.109,0.109,-0.312,0.096,0.001,0.001,8997.0,5625.0,1.0
"beta_sin[Davis, Henry]",-0.068,0.102,-0.253,0.131,0.001,0.001,8506.0,5622.0,1.0
"beta_sin[Encarnacion-Strand, Christian]",-0.114,0.11,-0.325,0.096,0.001,0.001,9296.0,5643.0,1.0
"beta_dist[Brantley, Michael]",1.708,0.204,1.338,2.101,0.002,0.002,8796.0,5983.0,1.0
"beta_dist[Arozarena, Randy]",2.014,0.164,1.713,2.333,0.002,0.002,7928.0,6034.0,1.0
"beta_dist[Tucker, Kyle]",1.901,0.163,1.619,2.227,0.002,0.002,7240.0,5722.0,1.0
"beta_dist[Markakis, Nick]",2.13,0.258,1.648,2.638,0.002,0.003,10840.0,5932.0,1.0
"beta_dist[Taylor, Chris]",2.081,0.198,1.71,2.453,0.002,0.002,7491.0,5953.0,1.0
"beta_dist[Margot, Manuel]",2.046,0.178,1.715,2.385,0.002,0.002,7725.0,6522.0,1.0
"beta_dist[Gardner, Brett]",1.909,0.188,1.548,2.249,0.002,0.002,8233.0,5887.0,1.0
"beta_dist[Grossman, Robbie]",2.038,0.163,1.723,2.336,0.002,0.002,7012.0,5551.0,1.0
"beta_dist[Pollock, AJ]",2.062,0.175,1.763,2.417,0.002,0.002,9326.0,6292.0,1.0
"beta_dist[Pederson, Joc]",2.14,0.175,1.812,2.458,0.002,0.002,7542.0,6386.0,1.0
"beta_dist[Meadows, Austin]",1.933,0.213,1.538,2.335,0.002,0.002,8420.0,6332.0,1.0
"beta_dist[Phillips, Brett]",1.694,0.217,1.289,2.104,0.003,0.002,7378.0,5518.0,1.0
"beta_dist[Frazier, Clint]",1.854,0.225,1.44,2.287,0.002,0.003,9519.0,6073.0,1.0
"beta_dist[Sierra, Magneuris]",1.901,0.223,1.481,2.315,0.002,0.003,9153.0,6415.0,1.0
"beta_dist[Dickerson, Corey]",2.064,0.187,1.709,2.411,0.002,0.002,7026.0,5801.0,1.0
"beta_dist[Schwarber, Kyle]",2.287,0.163,1.967,2.582,0.002,0.002,5655.0,5552.0,1.0
"beta_dist[Pham, Tommy]",1.873,0.162,1.588,2.197,0.002,0.002,7432.0,6250.0,1.0
"beta_dist[Carlson, Dylan]",2.122,0.141,1.867,2.393,0.002,0.001,6317.0,5578.0,1.0
"beta_dist[Engel, Adam]",1.879,0.2,1.492,2.233,0.002,0.002,8021.0,6150.0,1.0
"beta_dist[Duvall, Adam]",1.941,0.174,1.631,2.281,0.002,0.002,7460.0,5935.0,1.0
"beta_dist[Akiyama, Shogo]",1.828,0.247,1.342,2.276,0.002,0.003,9765.0,5924.0,1.0
"beta_dist[Yelich, Christian]",1.675,0.184,1.327,2.021,0.002,0.002,6871.0,5547.0,1.0
"beta_dist[Aquino, Aristides]",1.895,0.226,1.481,2.317,0.002,0.003,9182.0,5708.0,1.0
"beta_dist[Gurriel Jr., Lourdes]",2.258,0.159,1.953,2.553,0.002,0.002,7260.0,5410.0,1.0
"beta_dist[Naylor, Josh]",1.907,0.236,1.461,2.347,0.002,0.003,9673.0,6015.0,1.0
"beta_dist[Riddle, JT]",1.801,0.277,1.289,2.33,0.003,0.004,10908.0,5994.0,1.0
"beta_dist[Lowe, Brandon]",2.025,0.284,1.465,2.539,0.003,0.004,11523.0,6034.0,1.0
"beta_dist[Beaty, Matt]",2.15,0.268,1.662,2.67,0.003,0.003,9057.0,5799.0,1.0
"beta_dist[Riley, Austin]",1.967,0.302,1.397,2.54,0.003,0.004,8413.0,5955.0,1.0
"beta_dist[Profar, Jurickson]",2.198,0.171,1.891,2.526,0.002,0.002,8312.0,6048.0,1.0
"beta_dist[Canha, Mark]",1.902,0.174,1.575,2.223,0.002,0.002,6863.0,5490.0,1.0
"beta_dist[Cave, Jake]",1.643,0.219,1.235,2.043,0.003,0.002,7048.0,5719.0,1.0
"beta_dist[Rosario, Eddie]",2.423,0.163,2.123,2.734,0.002,0.002,5931.0,6497.0,1.0
"beta_dist[Stevenson, Andrew]",1.932,0.257,1.452,2.421,0.002,0.003,10695.0,6067.0,1.0
"beta_dist[Davis, Jonathan]",2.216,0.233,1.766,2.646,0.003,0.003,7860.0,5783.0,1.0
"beta_dist[Hays, Austin]",1.897,0.158,1.593,2.185,0.002,0.002,7149.0,6093.0,1.0
"beta_dist[Tapia, Raimel]",2.141,0.161,1.851,2.453,0.002,0.002,6693.0,6407.0,1.0
"beta_dist[Peralta, David]",1.854,0.163,1.54,2.162,0.002,0.002,7639.0,6096.0,1.0
"beta_dist[Happ, Ian]",1.939,0.165,1.633,2.244,0.002,0.002,5874.0,5739.0,1.0
"beta_dist[McCutchen, Andrew]",1.781,0.2,1.422,2.17,0.002,0.002,7798.0,5996.0,1.0
"beta_dist[White, Eli]",1.993,0.241,1.532,2.436,0.003,0.003,8324.0,5856.0,1.0
"beta_dist[Solak, Nick]",1.897,0.246,1.432,2.352,0.003,0.003,7346.0,5407.0,1.0
"beta_dist[Díaz, Aledmys]",1.904,0.275,1.365,2.387,0.003,0.003,8104.0,6195.0,1.0
"beta_dist[Nimmo, Brandon]",1.585,0.176,1.263,1.921,0.002,0.002,6930.0,5979.0,1.0
"beta_dist[Chavis, Michael]",2.05,0.296,1.511,2.628,0.003,0.003,9225.0,6012.0,1.0
"beta_dist[Locastro, Tim]",2.123,0.249,1.666,2.59,0.003,0.003,8592.0,6362.0,1.0
"beta_dist[Mercado, Óscar]",1.97,0.197,1.577,2.324,0.002,0.002,9070.0,5840.0,1.0
"beta_dist[Luplow, Jordan]",1.685,0.212,1.295,2.08,0.002,0.002,8752.0,6211.0,1.0
"beta_dist[Osuna, José]",1.979,0.296,1.423,2.529,0.003,0.004,10077.0,5890.0,1.0
"beta_dist[Edman, Tommy]",1.964,0.229,1.538,2.393,0.003,0.003,7637.0,6057.0,1.0
"beta_dist[Bonifacio, Jorge]",2.121,0.267,1.61,2.62,0.003,0.003,9974.0,5567.0,1.0
"beta_dist[Gordon, Alex]",1.916,0.278,1.372,2.429,0.003,0.003,8874.0,5888.0,1.0
"beta_dist[Upton, Justin]",1.988,0.238,1.537,2.423,0.002,0.003,9181.0,5976.0,1.0
"beta_dist[Lopes, Tim]",1.836,0.282,1.293,2.347,0.003,0.003,8814.0,5920.0,1.0
"beta_dist[Duggar, Steven]",1.884,0.223,1.468,2.301,0.002,0.003,8640.0,5892.0,1.0
"beta_dist[Dickerson, Alex]",1.989,0.224,1.592,2.425,0.002,0.002,8451.0,6546.0,1.0
"beta_dist[Reyes, Victor]",1.88,0.189,1.523,2.226,0.002,0.002,9689.0,6127.0,1.0
"beta_dist[Ward, Taylor]",1.868,0.181,1.527,2.205,0.002,0.002,8440.0,6085.0,1.0
"beta_dist[Bishop, Braden]",1.917,0.294,1.353,2.452,0.003,0.003,9320.0,5840.0,1.0
"beta_dist[Kemp, Tony]",1.934,0.199,1.564,2.301,0.002,0.002,10342.0,5978.0,1.0
"beta_dist[Marmolejos, José]",2.062,0.275,1.554,2.588,0.003,0.003,7793.0,5556.0,1.0
"beta_dist[Puello, César]",2.08,0.251,1.62,2.555,0.003,0.003,9380.0,5718.0,1.0
"beta_dist[Lin, Tzu-Wei]",1.913,0.304,1.343,2.489,0.003,0.003,8306.0,5740.0,1.0
"beta_dist[Stewart, Christin]",2.019,0.282,1.481,2.542,0.003,0.003,8847.0,5999.0,1.0
"beta_dist[O'Neill, Tyler]",2.012,0.191,1.658,2.37,0.002,0.002,7202.0,5989.0,1.0
"beta_dist[Taylor, Michael A.]",1.87,0.153,1.589,2.163,0.002,0.002,6721.0,6069.0,1.0
"beta_dist[Smith, Dominic]",1.877,0.238,1.439,2.329,0.002,0.003,9222.0,5819.0,1.0
"beta_dist[Stewart, DJ]",1.74,0.204,1.367,2.132,0.002,0.002,6882.0,6412.0,1.0
"beta_dist[Jiménez, Eloy]",2.322,0.235,1.881,2.755,0.003,0.003,7146.0,5393.0,1.0
"beta_dist[Heath, Nick]",1.947,0.3,1.373,2.492,0.003,0.004,9189.0,5853.0,1.0
"beta_dist[Castro, Harold]",2.187,0.282,1.641,2.703,0.003,0.003,8592.0,5605.0,1.0
"beta_dist[Maybin, Cameron]",1.677,0.284,1.135,2.21,0.003,0.003,9546.0,5903.0,1.0
"beta_dist[Hilliard, Sam]",2.015,0.19,1.654,2.363,0.002,0.002,7419.0,5935.0,1.0
"beta_dist[Fraley, Jake]",2.083,0.199,1.689,2.441,0.002,0.002,6981.0,5838.0,1.0
"beta_dist[Smith, Pavin]",1.931,0.2,1.547,2.297,0.002,0.002,7768.0,5557.0,1.0
"beta_dist[Mountcastle, Ryan]",2.002,0.275,1.467,2.496,0.003,0.003,7621.0,6037.0,1.0
"beta_dist[Dixon, Brandon]",1.934,0.299,1.367,2.488,0.003,0.003,9401.0,5729.0,1.0
"beta_dist[Oliva, Jared]",1.901,0.282,1.389,2.45,0.003,0.004,9707.0,5726.0,1.0
"beta_dist[Olivares, Edward]",1.945,0.202,1.569,2.323,0.002,0.002,10005.0,5796.0,1.0
"beta_dist[Ozuna, Marcell]",2.205,0.221,1.787,2.617,0.002,0.002,8050.0,6093.0,1.0
"beta_dist[Robertson, Daniel]",1.929,0.312,1.344,2.516,0.003,0.004,10032.0,5624.0,1.0
"beta_dist[Ruf, Darin]",1.878,0.247,1.423,2.346,0.003,0.003,8959.0,5688.0,1.0
"beta_dist[Soto, Juan]",2.054,0.154,1.758,2.332,0.002,0.002,7369.0,6225.0,1.0
"beta_dist[Moniak, Mickey]",1.757,0.235,1.315,2.186,0.002,0.003,9575.0,5968.0,1.0
"beta_dist[McNeil, Jeff]",2.16,0.227,1.726,2.588,0.002,0.003,8330.0,5311.0,1.0
"beta_dist[Frazier, Adam]",1.927,0.271,1.433,2.454,0.003,0.003,8793.0,5513.0,1.0
"beta_dist[Moore, Dylan]",1.934,0.213,1.534,2.334,0.002,0.002,9053.0,6342.0,1.0
"beta_dist[Calhoun, Willie]",2.159,0.273,1.66,2.692,0.003,0.003,8791.0,5748.0,1.0
"beta_dist[Haseley, Adam]",1.932,0.254,1.462,2.414,0.003,0.003,9283.0,6163.0,1.0
"beta_dist[Martinez, J.D.]",1.862,0.268,1.369,2.37,0.003,0.003,10530.0,5721.0,1.0
"beta_dist[Tsutsugo, Yoshi]",1.927,0.273,1.414,2.417,0.003,0.003,10574.0,5442.0,1.0
"beta_dist[Wade Jr., LaMonte]",2.152,0.23,1.711,2.576,0.003,0.003,8387.0,5460.0,1.0
"beta_dist[Winker, Jesse]",1.926,0.186,1.579,2.274,0.002,0.002,8211.0,6331.0,1.0
"beta_dist[Brinson, Lewis]",2.127,0.212,1.717,2.505,0.002,0.003,8649.0,5051.0,1.0
"beta_dist[Fuentes, Joshua]",1.932,0.312,1.337,2.509,0.003,0.004,10637.0,6204.0,1.0
"beta_dist[Dahl, David]",1.789,0.235,1.363,2.236,0.002,0.003,10570.0,6231.0,1.0
"beta_dist[Demeritte, Travis]",2.192,0.269,1.678,2.683,0.003,0.003,8599.0,5716.0,1.0
"beta_dist[Rodríguez, Sean]",1.934,0.309,1.349,2.503,0.003,0.004,11360.0,5976.0,1.0
"beta_dist[Muñoz, Yairo]",1.821,0.297,1.28,2.387,0.003,0.003,8352.0,5871.0,1.0
"beta_dist[Reynolds, Bryan]",1.805,0.156,1.507,2.095,0.002,0.002,6485.0,5814.0,1.0
"beta_dist[Hernández, Enrique]",2.178,0.187,1.835,2.536,0.002,0.002,6561.0,5150.0,1.0
"beta_dist[Dean, Austin]",2.001,0.291,1.454,2.548,0.003,0.003,8174.0,6439.0,1.0
"beta_dist[Ravelo, Rangel]",1.926,0.294,1.376,2.483,0.003,0.003,11263.0,6411.0,1.0
"beta_dist[Taylor, Tyrone]",2.256,0.192,1.911,2.627,0.002,0.002,7366.0,6022.0,1.0
"beta_dist[Garlick, Kyle]",1.904,0.249,1.418,2.359,0.003,0.003,9254.0,6361.0,1.0
"beta_dist[Peterson, Jace]",1.542,0.259,1.034,2.013,0.003,0.003,9959.0,5772.0,1.0
"beta_dist[Andujar, Miguel]",1.574,0.237,1.125,2.022,0.002,0.003,9959.0,6515.0,1.0
"beta_dist[Holt, Brock]",1.994,0.285,1.442,2.514,0.003,0.003,7356.0,5135.0,1.0
"beta_dist[Joyce, Matt]",2.182,0.261,1.709,2.693,0.003,0.003,7429.0,5705.0,1.0
"beta_dist[Tauchman, Mike]",1.915,0.223,1.491,2.321,0.003,0.002,7358.0,5710.0,1.0
"beta_dist[Martin, Jason]",2.137,0.251,1.658,2.589,0.003,0.003,8016.0,6083.0,1.0
"beta_dist[Basabe, Luis Alexander]",1.964,0.305,1.385,2.52,0.003,0.004,12438.0,5572.0,1.0
"beta_dist[Peraza, José]",1.927,0.3,1.376,2.502,0.003,0.003,8497.0,6467.0,1.0
"beta_dist[Long Jr., Shed]",1.969,0.277,1.44,2.479,0.003,0.003,8695.0,5883.0,1.0
"beta_dist[Rojas, Josh]",1.868,0.263,1.404,2.378,0.003,0.003,9427.0,5874.0,1.0
"beta_dist[Thaiss, Matt]",1.926,0.314,1.356,2.515,0.003,0.004,8302.0,6006.0,1.0
"beta_dist[Varsho, Daulton]",1.967,0.169,1.661,2.294,0.002,0.002,6687.0,6237.0,1.0
"beta_dist[Strange-Gordon, Dee]",1.942,0.298,1.393,2.511,0.003,0.003,7703.0,5866.0,1.0
"beta_dist[Heineman, Scott]",1.875,0.284,1.334,2.398,0.003,0.003,8668.0,5672.0,1.0
"beta_dist[Choo, Shin-Soo]",2.144,0.271,1.636,2.648,0.003,0.003,8080.0,6402.0,1.0
"beta_dist[Fisher, Derek]",1.841,0.298,1.289,2.403,0.003,0.004,10183.0,5066.0,1.0
"beta_dist[Souza Jr., Steven]",2.205,0.292,1.652,2.745,0.003,0.003,9456.0,5876.0,1.0
"beta_dist[Merrifield, Whit]",1.873,0.192,1.521,2.238,0.002,0.002,7925.0,5883.0,1.0
"beta_dist[Ramírez, Harold]",1.735,0.218,1.331,2.154,0.002,0.003,8814.0,5931.0,1.0
"beta_dist[Bruce, Jay]",1.921,0.291,1.373,2.475,0.003,0.004,10701.0,5870.0,1.0
"beta_dist[Walker, Neil]",1.899,0.317,1.3,2.498,0.003,0.005,10890.0,5946.0,1.0
"beta_dist[Barreto, Franklin]",1.929,0.307,1.362,2.49,0.003,0.004,9582.0,5524.0,1.0
"beta_dist[Rooker, Brent]",1.781,0.218,1.379,2.185,0.002,0.002,7922.0,5887.0,1.0
"beta_dist[Gosselin, Phil]",2.177,0.267,1.696,2.689,0.003,0.003,9009.0,5962.0,1.0
"beta_dist[Haggerty, Sam]",1.813,0.239,1.36,2.251,0.002,0.003,10860.0,5960.0,1.0
"beta_dist[Harrison, Josh]",1.881,0.276,1.389,2.4,0.003,0.003,10785.0,5826.0,1.0
"beta_dist[Dozier, Hunter]",1.912,0.214,1.5,2.304,0.002,0.002,9868.0,5786.0,1.0
"beta_dist[Alford, Anthony]",1.954,0.26,1.488,2.479,0.002,0.003,12052.0,6080.0,1.0
"beta_dist[Verdugo, Alex]",1.628,0.152,1.35,1.918,0.002,0.002,7675.0,5910.0,1.0
"beta_dist[Payton, Mark]",1.937,0.296,1.372,2.483,0.003,0.004,10186.0,6108.0,1.0
"beta_dist[Goodwin, Brian]",1.973,0.185,1.619,2.313,0.002,0.002,7859.0,6116.0,1.0
"beta_dist[Jay, Jon]",1.883,0.292,1.321,2.426,0.003,0.003,11206.0,5975.0,1.0
"beta_dist[Santana, Domingo]",2.035,0.295,1.477,2.591,0.003,0.003,8609.0,5909.0,1.0
"beta_dist[Mathias, Mark]",1.96,0.294,1.429,2.522,0.003,0.004,9517.0,5719.0,1.0
"beta_dist[Pillar, Kevin]",1.963,0.197,1.605,2.333,0.002,0.002,7935.0,6302.0,1.0
"beta_dist[Allen, Greg]",1.742,0.247,1.284,2.213,0.003,0.003,9011.0,5974.0,1.0
"beta_dist[Williams, Mason]",1.888,0.285,1.351,2.421,0.003,0.003,8534.0,5969.0,1.0
"beta_dist[Pache, Cristian]",1.756,0.207,1.368,2.149,0.002,0.002,7932.0,5383.0,1.0
"beta_dist[Freeman, Mike]",1.922,0.301,1.365,2.507,0.003,0.004,9604.0,5605.0,1.0
"beta_dist[Stubbs, Garrett]",1.919,0.307,1.348,2.503,0.003,0.004,9088.0,5836.0,1.0
"beta_dist[González, Luis]",1.846,0.232,1.413,2.275,0.002,0.003,9923.0,5420.0,1.0
"beta_dist[Pérez, Hernán]",1.899,0.304,1.323,2.471,0.003,0.003,9866.0,5900.0,1.0
"beta_dist[Pence, Hunter]",1.958,0.302,1.379,2.503,0.003,0.004,10213.0,5438.0,1.0
"beta_dist[Biggio, Cavan]",1.79,0.267,1.252,2.259,0.003,0.003,9931.0,5750.0,1.0
"beta_dist[Smith Jr., Dwight]",2.127,0.288,1.581,2.652,0.003,0.004,7776.0,5821.0,1.0
"beta_dist[Valaika, Pat]",1.947,0.302,1.407,2.54,0.003,0.003,8503.0,6226.0,1.0
"beta_dist[Yastrzemski, Mike]",1.459,0.157,1.175,1.762,0.002,0.002,7631.0,6081.0,1.0
"beta_dist[Zimmer, Bradley]",1.867,0.228,1.426,2.292,0.003,0.003,7315.0,5941.0,1.0
"beta_dist[Bryant, Kris]",1.535,0.218,1.149,1.963,0.002,0.002,9062.0,6032.0,1.0
"beta_dist[Velazquez, Andrew]",1.776,0.308,1.162,2.35,0.003,0.004,8558.0,5754.0,1.0
"beta_dist[Mateo, Jorge]",1.868,0.291,1.334,2.426,0.003,0.003,11860.0,5815.0,1.0
"beta_dist[Hampson, Garrett]",1.677,0.201,1.304,2.059,0.002,0.002,7544.0,6138.0,1.0
"beta_dist[Benintendi, Andrew]",1.838,0.173,1.514,2.156,0.002,0.002,7417.0,6049.0,1.0
"beta_dist[Refsnyder, Rob]",1.849,0.221,1.406,2.237,0.003,0.003,7399.0,5846.0,1.0
"beta_dist[Kemp, Matt]",1.914,0.31,1.323,2.496,0.003,0.004,10521.0,5910.0,1.0
"beta_dist[Slater, Austin]",1.723,0.197,1.354,2.092,0.002,0.002,7664.0,6310.0,1.0
"beta_dist[Almonte, Abraham]",2.062,0.245,1.606,2.513,0.003,0.003,9600.0,6180.0,1.0
"beta_dist[Brosseau, Mike]",1.963,0.302,1.407,2.525,0.003,0.003,9431.0,6003.0,1.0
"beta_dist[Evans, Phillip]",1.985,0.266,1.503,2.501,0.003,0.003,7987.0,5777.0,1.0
"beta_dist[Owings, Chris]",1.811,0.287,1.265,2.329,0.003,0.003,10457.0,5743.0,1.0
"beta_dist[Mullins, Cedric]",1.547,0.157,1.251,1.838,0.002,0.002,6477.0,5962.0,1.0
"beta_dist[García, Adolis]",2.039,0.165,1.738,2.354,0.002,0.002,7117.0,5784.0,1.0
"beta_dist[Ervin, Phillip]",2.088,0.268,1.59,2.601,0.003,0.003,9028.0,5979.0,1.0
"beta_dist[Hermosillo, Michael]",1.951,0.271,1.446,2.473,0.003,0.003,9405.0,6446.0,1.0
"beta_dist[Davis, J.D.]",2.053,0.302,1.488,2.619,0.003,0.004,10068.0,5974.0,1.0
"beta_dist[Mejia, Erick]",1.9,0.307,1.306,2.467,0.003,0.004,9790.0,5885.0,1.0
"beta_dist[Johnson, Daniel]",1.869,0.277,1.342,2.384,0.003,0.003,9717.0,6011.0,1.0
"beta_dist[Cordero, Franchy]",2.083,0.204,1.713,2.473,0.002,0.002,9083.0,6252.0,1.0
"beta_dist[Delmonico, Nicky]",1.973,0.307,1.407,2.57,0.004,0.003,6951.0,5851.0,1.0
"beta_dist[Marte, Starling]",1.82,0.162,1.521,2.126,0.002,0.002,7040.0,5941.0,1.0
"beta_dist[Bonifácio, Emilio]",1.953,0.302,1.415,2.558,0.003,0.004,11124.0,5450.0,1.0
"beta_dist[Hoerner, Nico]",1.982,0.313,1.409,2.574,0.004,0.004,7764.0,5616.0,1.0
"beta_dist[Santander, Anthony]",1.89,0.163,1.601,2.215,0.002,0.002,7482.0,6330.0,1.0
"beta_dist[Gamel, Ben]",1.723,0.19,1.354,2.062,0.002,0.002,8264.0,5446.0,1.0
"beta_dist[McBroom, Ryan]",1.914,0.314,1.303,2.496,0.003,0.004,9073.0,5526.0,1.0
"beta_dist[Reyes, Franmil]",1.745,0.281,1.199,2.267,0.003,0.003,7657.0,5899.0,1.0
"beta_dist[McCarthy, Joe]",1.914,0.309,1.297,2.472,0.003,0.004,8654.0,5781.0,1.0
"beta_dist[Alvarez, Yordan]",1.829,0.211,1.434,2.232,0.002,0.002,9323.0,6249.0,1.0
"beta_dist[Santana, Danny]",2.025,0.29,1.494,2.581,0.003,0.003,8995.0,5392.0,1.0
"beta_dist[Ramos, Henry]",1.773,0.287,1.235,2.308,0.003,0.003,9567.0,5735.0,1.0
"beta_dist[Haase, Eric]",2.088,0.274,1.593,2.625,0.003,0.003,10132.0,6051.0,1.0
"beta_dist[Miller, Brian]",1.913,0.313,1.328,2.491,0.003,0.004,9394.0,5741.0,1.0
"beta_dist[Gallo, Joey]",2.26,0.159,1.956,2.55,0.002,0.002,6821.0,5911.0,1.0
"beta_dist[Deichmann, Greg]",1.849,0.305,1.279,2.421,0.003,0.004,9133.0,5380.0,1.0
"beta_dist[Rondon, José]",1.913,0.307,1.326,2.481,0.003,0.004,9127.0,5523.0,1.0
"beta_dist[Nevin, Tyler]",1.954,0.29,1.417,2.501,0.003,0.003,9163.0,5775.0,1.0
"beta_dist[Bell, Josh]",1.886,0.309,1.302,2.468,0.003,0.004,8732.0,5720.0,1.0
"beta_dist[Hernández, Teoscar]",2.039,0.161,1.735,2.34,0.002,0.002,7222.0,6045.0,1.0
"beta_dist[McKenna, Ryan]",2.554,0.21,2.153,2.941,0.003,0.002,5375.0,5953.0,1.0
"beta_dist[Gordon, Nick]",1.94,0.213,1.557,2.35,0.002,0.002,8571.0,5820.0,1.0
"beta_dist[Isbel, Kyle]",1.841,0.194,1.481,2.207,0.002,0.002,8534.0,6278.0,1.0
"beta_dist[Marisnick, Jake]",1.72,0.23,1.308,2.163,0.002,0.003,8917.0,6157.0,1.0
"beta_dist[Schrock, Max]",1.857,0.285,1.299,2.371,0.003,0.003,8135.0,5780.0,1.0
"beta_dist[Friedl, TJ]",1.598,0.198,1.222,1.964,0.002,0.002,8410.0,6106.0,1.0
"beta_dist[Ortega, Rafael]",1.882,0.209,1.492,2.274,0.002,0.002,8470.0,6485.0,1.0
"beta_dist[Brown, Seth]",2.058,0.194,1.685,2.412,0.002,0.002,8276.0,6594.0,1.0
"beta_dist[Herrera, Odúbel]",1.752,0.201,1.362,2.118,0.002,0.002,9366.0,6206.0,1.0
"beta_dist[Stephenson, Tyler]",2.033,0.313,1.457,2.633,0.003,0.004,9669.0,5721.0,1.0
"beta_dist[Peters, DJ]",1.976,0.251,1.486,2.433,0.003,0.003,9672.0,5434.0,1.0
"beta_dist[Lagares, Juan]",1.614,0.224,1.193,2.042,0.002,0.003,8541.0,5780.0,1.0
"beta_dist[Hernandez, Yadiel]",2.186,0.21,1.79,2.582,0.002,0.002,8239.0,6181.0,1.0
"beta_dist[Dyson, Jarrod]",2.006,0.237,1.55,2.444,0.003,0.003,8995.0,6227.0,1.0
"beta_dist[Castro, Willi]",1.91,0.199,1.524,2.269,0.002,0.002,8965.0,6146.0,1.0
"beta_dist[Stanton, Giancarlo]",2.253,0.156,1.964,2.549,0.002,0.002,6209.0,5930.0,1.0
"beta_dist[Nootbaar, Lars]",1.937,0.183,1.594,2.283,0.002,0.002,7720.0,5437.0,1.0
"beta_dist[Hamilton, Billy]",1.911,0.266,1.419,2.42,0.003,0.003,9483.0,6213.0,1.0
"beta_dist[DeShields, Delino]",1.78,0.271,1.243,2.259,0.003,0.003,9706.0,5527.0,1.0
"beta_dist[Martini, Nick]",2.059,0.286,1.5,2.574,0.003,0.003,9723.0,6005.0,1.0
"beta_dist[Cameron, Daz]",2.409,0.196,2.042,2.783,0.003,0.002,6248.0,4929.0,1.0
"beta_dist[Baddoo, Akil]",2.159,0.176,1.827,2.486,0.002,0.002,6726.0,6283.0,1.0
"beta_dist[Rojas, Jose]",2.267,0.264,1.777,2.768,0.003,0.003,7293.0,5629.0,1.0
"beta_dist[McCormick, Chas]",2.276,0.175,1.936,2.599,0.002,0.002,5479.0,5229.0,1.0
"beta_dist[Wisdom, Patrick]",1.861,0.271,1.36,2.384,0.003,0.003,8250.0,5846.0,1.0
"beta_dist[Bolt, Skye]",1.956,0.261,1.482,2.452,0.003,0.003,9438.0,6227.0,1.0
"beta_dist[Wong, Kean]",2.215,0.262,1.745,2.73,0.003,0.003,10103.0,6031.0,1.0
"beta_dist[Meyers, Jake]",1.971,0.196,1.588,2.32,0.002,0.002,8078.0,6091.0,1.0
"beta_dist[Arraez, Luis]",1.673,0.292,1.112,2.223,0.003,0.003,8187.0,5781.0,1.0
"beta_dist[Bauers, Jake]",1.95,0.227,1.501,2.357,0.003,0.003,7389.0,5856.0,1.0
"beta_dist[Lux, Gavin]",2.26,0.264,1.782,2.774,0.003,0.003,8754.0,5702.0,1.0
"beta_dist[Vilade, Ryan]",2.04,0.303,1.463,2.605,0.003,0.004,9695.0,5956.0,1.0
"beta_dist[Wade, Tyler]",2.114,0.275,1.599,2.641,0.003,0.003,7405.0,5625.0,1.0
"beta_dist[Siri, Jose]",1.609,0.205,1.213,1.991,0.002,0.002,7608.0,5392.0,1.0
"beta_dist[Vierling, Matt]",1.855,0.186,1.483,2.18,0.002,0.002,8341.0,6332.0,1.0
"beta_dist[De La Cruz, Bryan]",1.953,0.178,1.612,2.272,0.002,0.002,7018.0,5878.0,1.0
"beta_dist[Rivas III, Alfonso]",1.931,0.297,1.385,2.504,0.003,0.003,8166.0,5539.0,1.0
"beta_dist[Adell, Jo]",2.218,0.201,1.847,2.601,0.002,0.002,8302.0,5804.0,1.0
"beta_dist[Lowe, Josh]",1.721,0.215,1.323,2.124,0.003,0.002,7111.0,5613.0,1.0
"beta_dist[Myers, Wil]",1.905,0.196,1.544,2.28,0.002,0.002,7560.0,5446.0,1.0
"beta_dist[Sheets, Gavin]",2.107,0.217,1.704,2.524,0.002,0.003,8704.0,5753.0,1.0
"beta_dist[Gonzalez, Romy]",1.871,0.302,1.273,2.402,0.003,0.004,9219.0,5673.0,1.0
"beta_dist[Ruiz, Rio]",1.929,0.305,1.325,2.475,0.003,0.003,9110.0,6317.0,1.0
"beta_dist[Naquin, Tyler]",1.984,0.19,1.62,2.326,0.002,0.002,7722.0,5912.0,1.0
"beta_dist[Vaughn, Andrew]",1.459,0.213,1.065,1.86,0.002,0.002,7840.0,5893.0,1.0
"beta_dist[Alfaro, Jorge]",2.028,0.299,1.459,2.579,0.003,0.003,9532.0,6096.0,1.0
"beta_dist[Fairchild, Stuart]",1.796,0.229,1.374,2.228,0.002,0.002,8557.0,6221.0,1.0
"beta_dist[Davis, Khris]",1.915,0.304,1.327,2.485,0.003,0.004,9164.0,5257.0,1.0
"beta_dist[Joe, Connor]",1.853,0.212,1.475,2.27,0.002,0.002,8585.0,6351.0,1.0
"beta_dist[Reyes, Pablo]",1.93,0.316,1.322,2.506,0.003,0.004,8693.0,5705.0,1.0
"beta_dist[Arcia, Orlando]",2.302,0.22,1.882,2.714,0.003,0.003,7780.0,5743.0,1.0
"beta_dist[Thomas, Lane]",2.079,0.175,1.753,2.406,0.002,0.002,6925.0,6368.0,1.0
"beta_dist[Smith, Kevin]",1.956,0.311,1.345,2.528,0.003,0.004,10124.0,5884.0,1.0
"beta_dist[Lamb, Jake]",1.761,0.287,1.215,2.299,0.003,0.004,9781.0,6015.0,1.0
"beta_dist[Ibáñez, Andy]",2.116,0.286,1.56,2.643,0.003,0.003,8142.0,5690.0,1.0
"beta_dist[Jones, Taylor]",2.079,0.302,1.503,2.633,0.003,0.004,8713.0,5641.0,1.0
"beta_dist[Drury, Brandon]",1.855,0.306,1.246,2.398,0.003,0.004,9077.0,5367.0,1.0
"beta_dist[Park, Hoy]",1.864,0.295,1.327,2.427,0.003,0.003,9980.0,5993.0,1.0
"beta_dist[Larnach, Trevor]",1.812,0.213,1.426,2.218,0.002,0.002,8162.0,5417.0,1.0
"beta_dist[Culberson, Charlie]",1.924,0.282,1.415,2.464,0.003,0.003,11715.0,6166.0,1.0
"beta_dist[McKinstry, Zach]",2.307,0.183,1.969,2.665,0.002,0.002,6304.0,5319.0,1.0
"beta_dist[Robson, Jacob]",1.923,0.306,1.341,2.503,0.003,0.004,8668.0,5725.0,1.0
"beta_dist[Williams, Luke]",1.915,0.284,1.363,2.417,0.003,0.004,9002.0,5877.0,1.0
"beta_dist[Goodrum, Niko]",2.043,0.297,1.508,2.62,0.003,0.003,10049.0,5637.0,1.0
"beta_dist[Duran, Jarren]",1.626,0.215,1.193,1.998,0.002,0.002,7626.0,6017.0,1.0
"beta_dist[García, Leury]",2.179,0.24,1.726,2.627,0.003,0.003,8237.0,5962.0,1.0
"beta_dist[Fargas, Johneshwy]",1.934,0.302,1.393,2.52,0.003,0.004,8524.0,6159.0,1.0
"beta_dist[Reddick, Josh]",1.835,0.227,1.402,2.264,0.002,0.003,9892.0,5715.0,1.0
"beta_dist[Estrada, Thairo]",2.046,0.294,1.491,2.585,0.003,0.003,10037.0,6221.0,1.0
"beta_dist[VanMeter, Josh]",1.931,0.303,1.368,2.508,0.003,0.003,9098.0,6040.0,1.0
"beta_dist[Parra, Gerardo]",1.935,0.288,1.389,2.469,0.003,0.003,9769.0,5812.0,1.0
"beta_dist[Bradley Jr., Jackie]",1.78,0.18,1.419,2.097,0.002,0.002,6622.0,5996.0,1.0
"beta_dist[Raley, Luke]",1.929,0.24,1.482,2.381,0.002,0.003,9769.0,5869.0,1.0
"beta_dist[LaMarre, Ryan]",1.958,0.308,1.364,2.528,0.003,0.004,8390.0,5861.0,1.0
"beta_dist[Berti, Jon]",1.919,0.261,1.446,2.423,0.003,0.003,8640.0,5506.0,1.0
"beta_dist[Thomas, Dillon]",1.791,0.308,1.198,2.351,0.003,0.004,10310.0,5835.0,1.0
"beta_dist[Reks, Zach]",1.891,0.291,1.361,2.459,0.003,0.004,8848.0,5102.0,1.0
"beta_dist[Wilson, Jacob]",1.921,0.313,1.329,2.516,0.003,0.004,10998.0,5621.0,1.0
"beta_dist[Sánchez, Jesús]",1.923,0.184,1.571,2.264,0.002,0.002,7179.0,5789.0,1.0
"beta_dist[Heredia, Guillermo]",1.893,0.225,1.454,2.303,0.002,0.002,8822.0,5928.0,1.0
"beta_dist[Jankowski, Travis]",1.821,0.224,1.399,2.24,0.002,0.002,8213.0,6226.0,1.0
"beta_dist[Pinder, Chad]",1.808,0.228,1.359,2.218,0.002,0.003,9301.0,5905.0,1.0
"beta_dist[Gonzalez, Marwin]",2.716,0.296,2.162,3.266,0.004,0.003,5384.0,5608.0,1.0
"beta_dist[Clement, Ernie]",2.064,0.3,1.532,2.651,0.003,0.003,9564.0,5778.0,1.0
"beta_dist[Vosler, Jason]",1.854,0.31,1.268,2.427,0.003,0.004,9776.0,5642.0,1.0
"beta_dist[McKinney, Billy]",1.84,0.233,1.417,2.303,0.003,0.003,8601.0,5896.0,1.0
"beta_dist[Kirilloff, Alex]",1.551,0.242,1.101,1.997,0.003,0.003,8512.0,5797.0,1.0
"beta_dist[Daza, Yonathan]",1.946,0.186,1.602,2.3,0.002,0.002,7747.0,5979.0,1.0
"beta_dist[Davis, Jaylin]",2.074,0.299,1.5,2.63,0.003,0.003,9942.0,5649.0,1.0
"beta_dist[Tom, Ka'ai]",1.844,0.281,1.292,2.348,0.003,0.003,8557.0,5348.0,1.0
"beta_dist[Schebler, Scott]",1.889,0.292,1.355,2.468,0.003,0.004,11805.0,5840.0,1.0
"beta_dist[O'Hearn, Ryan]",2.067,0.263,1.563,2.556,0.003,0.003,8952.0,5768.0,1.0
"beta_dist[Wilkerson, Stevie]",1.907,0.307,1.347,2.492,0.003,0.003,9764.0,5761.0,1.0
"beta_dist[O'Grady, Brian]",1.779,0.3,1.216,2.362,0.003,0.003,7672.0,5836.0,1.0
"beta_dist[Walton, Donovan]",1.955,0.306,1.386,2.548,0.003,0.004,10880.0,6087.0,1.0
"beta_dist[Trammell, Taylor]",1.708,0.251,1.256,2.195,0.003,0.003,8508.0,5935.0,1.0
"beta_dist[Blankenhorn, Travis]",1.824,0.298,1.246,2.368,0.003,0.004,9724.0,5174.0,1.0
"beta_dist[Marcano, Tucupita]",2.114,0.272,1.607,2.639,0.003,0.003,8136.0,5966.0,1.0
"beta_dist[Adrianza, Ehire]",2.02,0.259,1.535,2.51,0.003,0.003,9209.0,5355.0,1.0
"beta_dist[Hiura, Keston]",1.946,0.306,1.37,2.503,0.003,0.003,8083.0,6377.0,1.0
"beta_dist[Kelenic, Jarred]",2.025,0.183,1.701,2.379,0.002,0.002,7993.0,6160.0,1.0
"beta_dist[Quinn, Roman]",1.802,0.247,1.364,2.277,0.003,0.003,6629.0,6042.0,1.0
"beta_dist[Williams, Justin]",1.963,0.266,1.429,2.431,0.003,0.003,9041.0,6214.0,1.0
"beta_dist[Miller, Brad]",2.096,0.269,1.587,2.597,0.003,0.003,8655.0,6194.0,1.0
"beta_dist[Vargas, Ildemaro]",1.837,0.312,1.238,2.412,0.003,0.004,12316.0,6105.0,1.0
"beta_dist[Eaton, Adam]",2.516,0.204,2.157,2.92,0.003,0.002,5484.0,5746.0,1.0
"beta_dist[Barrera, Luis]",1.913,0.287,1.415,2.491,0.003,0.003,11484.0,6083.0,1.0
"beta_dist[Hager, Jake]",1.966,0.31,1.351,2.531,0.003,0.004,10106.0,6236.0,1.0
"beta_dist[Duffy, Matt]",1.941,0.303,1.395,2.538,0.003,0.004,12737.0,5989.0,1.0
"beta_dist[Neuse, Sheldon]",1.937,0.314,1.335,2.512,0.003,0.004,8531.0,5400.0,1.0
"beta_dist[Mathisen, Wyatt]",1.961,0.315,1.368,2.544,0.003,0.004,9354.0,6100.0,1.0
"beta_dist[Ohtani, Shohei]",1.924,0.308,1.341,2.499,0.003,0.003,9648.0,5999.0,1.0
"beta_dist[Bemboom, Anthony]",1.927,0.308,1.351,2.51,0.003,0.003,8536.0,5898.0,1.0
"beta_dist[Palacios, Joshua]",1.752,0.228,1.333,2.186,0.003,0.003,7723.0,6055.0,1.0
"beta_dist[Musgrove, Joe]",1.92,0.306,1.357,2.504,0.003,0.003,8638.0,5819.0,1.0
"beta_dist[Young, Andrew]",2.024,0.305,1.457,2.604,0.003,0.004,9355.0,5990.0,1.0
"beta_dist[Jones, JaCoby]",2.426,0.16,2.115,2.717,0.002,0.002,5887.0,6550.0,1.0
"beta_dist[Blandino, Alex]",1.927,0.31,1.334,2.501,0.003,0.004,10573.0,5756.0,1.0
"beta_dist[Williams, Nick]",1.977,0.31,1.388,2.549,0.003,0.004,9209.0,5884.0,1.0
"beta_dist[Farmer, Kyle]",1.929,0.307,1.348,2.492,0.003,0.004,9305.0,5993.0,1.0
"beta_dist[Kingery, Scott]",1.788,0.289,1.241,2.323,0.003,0.003,9022.0,6072.0,1.0
"beta_dist[Inciarte, Ender]",2.561,0.169,2.244,2.875,0.002,0.002,4987.0,5726.0,1.0
"beta_dist[Almora Jr., Albert]",1.834,0.237,1.403,2.287,0.003,0.003,8345.0,5700.0,1.0
"beta_dist[Kwan, Steven]",1.865,0.168,1.559,2.19,0.002,0.002,7169.0,5744.0,1.0
"beta_dist[Cabrera, Oswaldo]",1.952,0.24,1.505,2.393,0.003,0.003,8595.0,6074.0,1.0
"beta_dist[Azócar, José]",2.071,0.24,1.612,2.515,0.003,0.003,8592.0,5906.0,1.0
"beta_dist[Thompson, Trayce]",2.172,0.209,1.758,2.549,0.002,0.002,7760.0,5549.0,1.0
"beta_dist[Carroll, Corbin]",1.741,0.211,1.342,2.136,0.002,0.002,8465.0,5654.0,1.0
"beta_dist[Hicks, Aaron]",1.916,0.179,1.593,2.265,0.002,0.002,8272.0,6388.0,1.0
"beta_dist[Vavra, Terrin]",1.921,0.292,1.395,2.479,0.003,0.003,8909.0,5997.0,1.0
"beta_dist[Velázquez, Nelson]",1.873,0.245,1.414,2.331,0.003,0.003,8857.0,6449.0,1.0
"beta_dist[Bouchard, Sean]",1.758,0.276,1.241,2.283,0.003,0.003,8894.0,5810.0,1.0
"beta_dist[Vargas, Miguel]",1.835,0.307,1.267,2.41,0.003,0.004,9225.0,4993.0,1.0
"beta_dist[Bleday, JJ]",1.765,0.211,1.378,2.162,0.002,0.002,7832.0,5755.0,1.0
"beta_dist[Smith, Josh]",1.962,0.269,1.469,2.475,0.003,0.003,10053.0,6133.0,1.0
"beta_dist[Brennan, Will]",2.25,0.221,1.841,2.669,0.002,0.002,8455.0,6119.0,1.0
"beta_dist[Hensley, David]",1.926,0.31,1.329,2.502,0.003,0.004,9208.0,5960.0,1.0
"beta_dist[Thompson, Bubba]",2.321,0.252,1.857,2.802,0.003,0.003,7022.0,5962.0,1.0
"beta_dist[Hernández, César]",1.989,0.302,1.429,2.572,0.003,0.004,9738.0,6368.0,1.0
"beta_dist[Waters, Drew]",1.756,0.208,1.358,2.142,0.002,0.002,8137.0,5862.0,1.0
"beta_dist[Mancini, Trey]",1.936,0.28,1.412,2.459,0.003,0.003,10688.0,6138.0,1.0
"beta_dist[Bae, Ji Hwan]",1.958,0.275,1.42,2.45,0.003,0.003,10631.0,6104.0,1.0
"beta_dist[Yepez, Juan]",1.747,0.262,1.239,2.225,0.003,0.003,8244.0,6070.0,1.0
"beta_dist[Suwinski, Jack]",1.685,0.185,1.326,2.019,0.002,0.002,8465.0,5634.0,1.0
"beta_dist[Burdick, Peyton]",2.12,0.26,1.636,2.614,0.003,0.003,7637.0,5716.0,1.0
"beta_dist[Melendez, MJ]",2.416,0.193,2.061,2.783,0.002,0.002,6127.0,6140.0,1.0
"beta_dist[Call, Alex]",2.253,0.158,1.961,2.555,0.002,0.002,7079.0,5715.0,1.0
"beta_dist[Stowers, Kyle]",1.948,0.256,1.451,2.412,0.003,0.003,7879.0,5692.0,1.0
"beta_dist[Dubón, Mauricio]",1.887,0.214,1.479,2.288,0.002,0.002,7767.0,6083.0,1.0
"beta_dist[Contreras, Mark]",1.872,0.274,1.358,2.39,0.003,0.003,9122.0,5793.0,1.0
"beta_dist[Calhoun, Kole]",2.103,0.188,1.764,2.474,0.002,0.002,7312.0,5914.0,1.0
"beta_dist[Lopez, Alejo]",1.902,0.31,1.298,2.46,0.004,0.004,7827.0,5728.0,1.0
"beta_dist[Garrett, Stone]",1.794,0.273,1.288,2.312,0.003,0.003,9928.0,6183.0,1.0
"beta_dist[McCarthy, Jake]",2.199,0.189,1.829,2.538,0.002,0.002,8017.0,5900.0,1.0
"beta_dist[Palacios, Richie]",2.315,0.235,1.87,2.744,0.003,0.003,8347.0,5734.0,1.0
"beta_dist[Garcia, Dérmis]",2.031,0.307,1.432,2.598,0.003,0.003,8752.0,6232.0,1.0
"beta_dist[Encarnacion, Jerar]",1.792,0.301,1.216,2.346,0.003,0.004,10033.0,4866.0,1.0
"beta_dist[Carpenter, Kerry]",2.029,0.236,1.593,2.487,0.003,0.003,7736.0,6042.0,1.0
"beta_dist[Donovan, Brendan]",1.897,0.26,1.408,2.388,0.003,0.003,8882.0,6011.0,1.0
"beta_dist[Benson, Will]",2.021,0.216,1.608,2.416,0.002,0.002,8132.0,5597.0,1.0
"beta_dist[Thomas, Cody]",1.828,0.281,1.271,2.325,0.003,0.003,11154.0,6014.0,1.0
"beta_dist[Burleson, Alec]",1.907,0.236,1.475,2.359,0.002,0.003,9395.0,5940.0,1.0
"beta_dist[Eaton, Nate]",1.589,0.267,1.102,2.101,0.003,0.003,8692.0,5650.0,1.0
"beta_dist[Gore, Terrance]",1.971,0.304,1.406,2.546,0.003,0.003,9618.0,6197.0,1.0
"beta_dist[Morel, Christopher]",1.671,0.24,1.216,2.118,0.003,0.003,8129.0,5287.0,1.0
"beta_dist[Florial, Estevan]",1.941,0.257,1.452,2.425,0.003,0.003,8265.0,6191.0,1.0
"beta_dist[Aguilar, Ryan]",1.92,0.297,1.384,2.51,0.003,0.003,9524.0,5623.0,1.0
"beta_dist[Anderson, Brian]",1.432,0.254,0.946,1.89,0.003,0.003,9111.0,5551.0,1.0
"beta_dist[Johnson, Bryce]",1.786,0.283,1.267,2.322,0.003,0.004,10690.0,6007.0,1.0
"beta_dist[Ruiz, Esteury]",1.769,0.232,1.346,2.206,0.003,0.003,8190.0,5654.0,1.0
"beta_dist[Stevenson, Cal]",1.55,0.252,1.075,2.018,0.003,0.003,8154.0,5426.0,1.0
"beta_dist[Maton, Nick]",1.911,0.291,1.369,2.466,0.003,0.004,9259.0,5086.0,1.0
"beta_dist[Sosa, Edmundo]",1.96,0.307,1.369,2.518,0.003,0.003,9541.0,6199.0,1.0
"beta_dist[Beckham, Tim]",1.979,0.308,1.429,2.588,0.003,0.004,8337.0,5713.0,1.0
"beta_dist[Bernard, Wynton]",1.755,0.29,1.234,2.325,0.003,0.003,8709.0,5959.0,1.0
"beta_dist[Pratto, Nick]",1.967,0.269,1.455,2.471,0.003,0.003,10226.0,6343.0,1.0
"beta_dist[Celestino, Gilberto]",1.618,0.225,1.188,2.027,0.002,0.002,8274.0,6142.0,1.0
"beta_dist[Hernandez, Elier]",1.972,0.303,1.409,2.555,0.003,0.004,10404.0,5628.0,1.0
"beta_dist[Piscotty, Stephen]",1.697,0.227,1.258,2.107,0.002,0.003,8810.0,5459.0,1.0
"beta_dist[Lewis, Kyle]",1.556,0.236,1.114,1.996,0.003,0.003,7672.0,5690.0,1.0
"beta_dist[Meneses, Joey]",1.778,0.277,1.27,2.302,0.003,0.003,8353.0,5238.0,1.0
"beta_dist[Outman, James]",1.814,0.216,1.399,2.209,0.002,0.002,8102.0,6348.0,1.0
"beta_dist[Reynolds, Matt]",1.869,0.302,1.316,2.438,0.003,0.004,10323.0,5719.0,1.0
"beta_dist[Madris, Bligh]",2.025,0.261,1.552,2.523,0.003,0.003,8416.0,5418.0,1.0
"beta_dist[Marsh, Brandon]",1.607,0.175,1.287,1.941,0.002,0.002,7123.0,6200.0,1.0
"beta_dist[Mercedes, Yermín]",1.919,0.305,1.333,2.466,0.003,0.003,8949.0,5623.0,1.0
"beta_dist[Carpenter, Matt]",1.98,0.298,1.427,2.541,0.003,0.004,9072.0,5748.0,1.0
"beta_dist[Soler, Jorge]",2.122,0.197,1.75,2.487,0.002,0.002,7610.0,5462.0,1.0
"beta_dist[Clemens, Kody]",1.745,0.302,1.187,2.32,0.003,0.003,8579.0,6352.0,1.0
"beta_dist[Harrison, Monte]",1.953,0.288,1.409,2.488,0.003,0.004,11585.0,5805.0,1.0
"beta_dist[Hummel, Cooper]",2.073,0.275,1.549,2.587,0.003,0.003,10171.0,5830.0,1.0
"beta_dist[Mazara, Nomar]",1.811,0.228,1.359,2.218,0.002,0.003,10496.0,6122.0,1.0
"beta_dist[Batten, Matthew]",1.927,0.307,1.358,2.505,0.003,0.004,10334.0,5670.0,1.0
"beta_dist[Alvarez, Eddy]",1.877,0.303,1.294,2.434,0.003,0.004,8373.0,6031.0,1.0
"beta_dist[Smith-Njigba, Canaan]",1.986,0.287,1.447,2.524,0.003,0.003,9344.0,6031.0,1.0
"beta_dist[Ramos, Heliot]",2.012,0.277,1.502,2.546,0.003,0.003,9599.0,5915.0,1.0
"beta_dist[Swaggerty, Travis]",1.922,0.312,1.319,2.498,0.003,0.004,8653.0,5573.0,1.0
"beta_dist[Walker, Steele]",2.089,0.298,1.524,2.646,0.003,0.004,10668.0,5897.0,1.0
"beta_dist[Plummer, Nick]",2.05,0.297,1.486,2.59,0.003,0.003,10448.0,6018.0,1.0
"beta_dist[Rosario, Amed]",1.787,0.301,1.215,2.347,0.003,0.004,8899.0,5791.0,1.0
"beta_dist[Contreras, William]",1.916,0.303,1.341,2.495,0.003,0.004,10387.0,6131.0,1.0
"beta_dist[Mayfield, Jack]",1.895,0.31,1.311,2.466,0.003,0.004,9680.0,5578.0,1.0
"beta_dist[Krizan, Jason]",1.916,0.309,1.35,2.511,0.003,0.004,9591.0,6490.0,1.0
"beta_dist[Walsh, Jared]",1.932,0.282,1.412,2.469,0.003,0.003,10277.0,6012.0,1.0
"beta_dist[Mendick, Danny]",1.968,0.301,1.402,2.526,0.003,0.003,9944.0,5833.0,1.0
"beta_dist[Castellanos, Nick]",2.095,0.147,1.827,2.377,0.002,0.002,6214.0,5797.0,1.0
"beta_dist[Cruz, Oneil]",1.935,0.31,1.353,2.494,0.003,0.004,9356.0,5830.0,1.0
"beta_dist[Capel, Conner]",1.735,0.257,1.23,2.184,0.003,0.003,9580.0,5607.0,1.0
"beta_dist[Haniger, Mitch]",1.898,0.18,1.555,2.23,0.002,0.002,8494.0,5525.0,1.0
"beta_dist[Grichuk, Randal]",1.7,0.157,1.397,1.985,0.002,0.002,7450.0,6627.0,1.0
"beta_dist[Senzel, Nick]",1.399,0.208,0.999,1.788,0.002,0.002,8286.0,6072.0,1.0
"beta_dist[Kiner-Falefa, Isiah]",1.915,0.246,1.458,2.384,0.003,0.003,9326.0,5945.0,1.0
"beta_dist[Yoshida, Masataka]",1.758,0.239,1.315,2.217,0.002,0.003,9587.0,6379.0,1.0
"beta_dist[Julks, Corey]",2.057,0.255,1.578,2.546,0.003,0.003,8984.0,5790.0,1.0
"beta_dist[Sabol, Blake]",1.881,0.28,1.348,2.397,0.003,0.003,9533.0,6073.0,1.0
"beta_dist[Lukes, Nathan]",1.941,0.306,1.377,2.522,0.003,0.004,10199.0,6123.0,1.0
"beta_dist[Alu, Jake]",1.933,0.28,1.389,2.453,0.003,0.003,9939.0,6473.0,1.0
"beta_dist[Miller, Owen]",1.931,0.31,1.37,2.526,0.004,0.003,7091.0,5919.0,1.0
"beta_dist[Mastrobuoni, Miles]",1.847,0.298,1.27,2.401,0.003,0.004,9730.0,6068.0,1.0
"beta_dist[Guthrie, Dalton]",1.847,0.29,1.299,2.388,0.003,0.003,7797.0,5783.0,1.0
"beta_dist[Fletcher, Dominic]",2.034,0.258,1.541,2.508,0.003,0.003,8193.0,5772.0,1.0
"beta_dist[Perkins, Blake]",1.801,0.271,1.284,2.297,0.003,0.003,9051.0,6058.0,1.0
"beta_dist[Rengifo, Luis]",1.952,0.277,1.416,2.466,0.003,0.003,10421.0,5818.0,1.0
"beta_dist[García, Avisaíl]",2.056,0.165,1.748,2.362,0.002,0.002,7063.0,5989.0,1.0
"beta_dist[Wiemer, Joey]",1.935,0.212,1.542,2.33,0.002,0.002,7997.0,5747.0,1.0
"beta_dist[Duran, Ezequiel]",2.025,0.273,1.516,2.545,0.003,0.003,7640.0,5649.0,1.0
"beta_dist[Greene, Riley]",2.021,0.203,1.661,2.429,0.002,0.002,7373.0,6160.0,1.0
"beta_dist[Walker, Jordan]",1.968,0.238,1.515,2.411,0.003,0.003,8620.0,6080.0,1.0
"beta_dist[Adams, Jordyn]",1.875,0.293,1.304,2.394,0.003,0.003,8610.0,5738.0,1.0
"beta_dist[Wisely, Brett]",1.835,0.286,1.263,2.332,0.003,0.003,9306.0,5972.0,1.0
"beta_dist[Toglia, Michael]",1.865,0.264,1.375,2.361,0.003,0.003,10670.0,5910.0,1.0
"beta_dist[Cowser, Colton]",1.751,0.28,1.217,2.271,0.003,0.003,9187.0,5851.0,1.0
"beta_dist[Carter, Evan]",1.796,0.272,1.288,2.307,0.003,0.003,9614.0,5648.0,1.0
"beta_dist[Wallner, Matt]",1.694,0.25,1.248,2.183,0.002,0.003,10482.0,6225.0,1.0
"beta_dist[Abreu, Wilyer]",1.921,0.283,1.389,2.452,0.003,0.003,10505.0,6151.0,1.0
"beta_dist[Kjerstad, Heston]",1.926,0.307,1.337,2.489,0.003,0.004,9618.0,5870.0,1.0
"beta_dist[Pereira, Everson]",1.98,0.274,1.467,2.49,0.003,0.003,9828.0,6760.0,1.0
"beta_dist[Conforto, Michael]",1.858,0.188,1.505,2.207,0.002,0.002,7331.0,5859.0,1.0
"beta_dist[Canzone, Dominic]",1.913,0.273,1.399,2.426,0.003,0.003,10141.0,5777.0,1.0
"beta_dist[Jones, Nolan]",1.977,0.219,1.562,2.376,0.002,0.002,8713.0,6276.0,1.0
"beta_dist[Eden, Cam]",1.919,0.315,1.335,2.524,0.003,0.004,10400.0,5536.0,1.0
"beta_dist[Matos, Luis]",1.853,0.248,1.381,2.295,0.002,0.003,10329.0,5116.0,1.0
"beta_dist[Blanco, Dairon]",1.752,0.259,1.271,2.246,0.003,0.003,10538.0,5661.0,1.0
"beta_dist[Steer, Spencer]",2.096,0.262,1.602,2.598,0.003,0.003,9603.0,6097.0,1.0
"beta_dist[Wall, Forrest]",1.908,0.304,1.337,2.476,0.003,0.004,8994.0,5558.0,1.0
"beta_dist[Remillard, Zach]",1.925,0.305,1.356,2.498,0.003,0.004,8077.0,6003.0,1.0
"beta_dist[Frelick, Sal]",2.226,0.276,1.728,2.751,0.003,0.003,7985.0,5911.0,1.0
"beta_dist[Rutherford, Blake]",2.059,0.303,1.49,2.619,0.003,0.004,8878.0,5677.0,1.0
"beta_dist[Marlowe, Cade]",1.909,0.284,1.368,2.424,0.003,0.003,9433.0,5822.0,1.0
"beta_dist[Taylor, Samad]",1.817,0.296,1.275,2.396,0.003,0.004,9002.0,5817.0,1.0
"beta_dist[Meckler, Wade]",1.962,0.287,1.419,2.505,0.003,0.003,10219.0,5864.0,1.0
"beta_dist[Martínez, J.P.]",1.844,0.306,1.277,2.424,0.003,0.004,9603.0,5277.0,1.0
"beta_dist[Schneider, Davis]",1.908,0.307,1.34,2.49,0.003,0.003,8771.0,5741.0,1.0
"beta_dist[Gonzalez, Oscar]",2.263,0.211,1.877,2.674,0.002,0.002,8176.0,5783.0,1.0
"beta_dist[Siani, Michael]",2.118,0.294,1.554,2.662,0.003,0.003,8951.0,5554.0,1.0
"beta_dist[Hopkins, TJ]",1.721,0.288,1.192,2.274,0.003,0.003,8702.0,5924.0,1.0
"beta_dist[Wilson, Weston]",1.97,0.306,1.405,2.543,0.003,0.004,9754.0,5587.0,1.0
"beta_dist[Kohlwey, Taylor]",1.935,0.307,1.342,2.495,0.003,0.004,8601.0,6004.0,1.0
"beta_dist[Lopez, Nicky]",1.892,0.303,1.314,2.455,0.003,0.004,10147.0,5956.0,1.0
"beta_dist[DeLuca, Jonny]",2.118,0.295,1.588,2.698,0.003,0.003,8699.0,5851.0,1.0
"beta_dist[Fry, David]",1.874,0.294,1.335,2.433,0.003,0.003,7911.0,6160.0,1.0
"beta_dist[Freeman, Tyler]",1.923,0.311,1.345,2.516,0.003,0.004,10024.0,5446.0,1.0
"beta_dist[Heyward, Jason]",1.746,0.189,1.387,2.087,0.002,0.002,7412.0,5963.0,1.0
"beta_dist[Noda, Ryan]",1.94,0.304,1.39,2.544,0.003,0.004,9285.0,5547.0,1.0
"beta_dist[Bellinger, Cody]",2.016,0.176,1.694,2.351,0.002,0.002,6918.0,6026.0,1.0
"beta_dist[Kiermaier, Kevin]",2.034,0.169,1.703,2.337,0.002,0.002,5051.0,5311.0,1.0
"beta_dist[Laureano, Ramón]",1.888,0.173,1.559,2.212,0.002,0.002,7217.0,6034.0,1.0
"beta_dist[Robert Jr., Luis]",1.926,0.174,1.596,2.254,0.002,0.002,6473.0,5864.0,1.0
"beta_dist[Springer, George]",2.038,0.18,1.708,2.38,0.002,0.002,6410.0,6500.0,1.0
"beta_dist[Kepler, Max]",1.597,0.17,1.296,1.931,0.002,0.002,7309.0,5771.0,1.0
"beta_dist[Bader, Harrison]",1.734,0.169,1.407,2.048,0.002,0.002,6114.0,5946.0,1.0
"beta_dist[Straw, Myles]",1.312,0.154,1.018,1.588,0.002,0.002,7694.0,6499.0,1.0
"beta_dist[Acuña Jr., Ronald]",1.988,0.178,1.662,2.33,0.002,0.002,8718.0,6065.0,1.0
"beta_dist[Grisham, Trent]",1.941,0.164,1.645,2.258,0.002,0.002,6104.0,6260.0,1.0
"beta_dist[Buxton, Byron]",1.293,0.216,0.893,1.705,0.003,0.002,7245.0,5754.0,1.0
"beta_dist[Hill, Derek]",1.822,0.222,1.406,2.236,0.003,0.002,7823.0,6221.0,1.0
"beta_dist[Taveras, Leody]",2.28,0.175,1.955,2.614,0.002,0.002,5762.0,4991.0,1.0
"beta_dist[Robles, Victor]",1.457,0.176,1.136,1.792,0.002,0.002,9612.0,6316.0,1.0
"beta_dist[Lorenzen, Michael]",1.938,0.311,1.324,2.493,0.003,0.004,12080.0,6162.0,1.0
"beta_dist[Trout, Mike]",2.019,0.192,1.664,2.385,0.002,0.002,7650.0,6122.0,1.0
"beta_dist[Starling, Bubba]",1.928,0.288,1.37,2.451,0.003,0.004,9366.0,5882.0,1.0
"beta_dist[Tucker, Cole]",1.609,0.266,1.093,2.089,0.003,0.003,9023.0,6266.0,1.0
"beta_dist[Torreyes, Ronald]",1.951,0.31,1.363,2.52,0.003,0.004,11247.0,5798.0,1.0
"beta_dist[Harper, Bryce]",1.614,0.179,1.274,1.95,0.002,0.002,7578.0,6312.0,1.0
"beta_dist[Marte, Ketel]",2.166,0.223,1.761,2.593,0.003,0.002,7615.0,5619.0,1.0
"beta_dist[Smith, Mallex]",1.877,0.3,1.318,2.442,0.003,0.004,9658.0,5922.0,1.0
"beta_dist[Cordell, Ryan]",1.951,0.307,1.357,2.493,0.003,0.004,8857.0,6160.0,1.0
"beta_dist[Betts, Mookie]",2.031,0.177,1.703,2.368,0.002,0.002,8663.0,5718.0,1.0
"beta_dist[Cain, Lorenzo]",1.794,0.253,1.327,2.279,0.003,0.003,8803.0,5579.0,1.0
"beta_dist[Whitefield, Aaron]",1.984,0.31,1.397,2.561,0.003,0.004,9229.0,5914.0,1.0
"beta_dist[Villar, Jonathan]",1.929,0.315,1.337,2.521,0.004,0.004,6759.0,5864.0,1.0
"beta_dist[Renfroe, Hunter]",1.76,0.16,1.463,2.067,0.002,0.002,5356.0,5538.0,1.0
"beta_dist[Barrero, José]",1.767,0.283,1.267,2.335,0.003,0.003,9060.0,5715.0,1.0
"beta_dist[Tatis Jr., Fernando]",1.892,0.214,1.496,2.3,0.002,0.002,8137.0,5911.0,1.0
"beta_dist[Judge, Aaron]",2.048,0.177,1.718,2.374,0.002,0.002,6408.0,5887.0,1.0
"beta_dist[Bruján, Vidal]",2.067,0.289,1.52,2.601,0.003,0.004,9556.0,5487.0,1.0
"beta_dist[Andreoli, John]",1.869,0.314,1.273,2.452,0.003,0.004,9148.0,5218.0,1.0
"beta_dist[Difo, Wilmer]",2.085,0.295,1.54,2.639,0.003,0.003,9158.0,6069.0,1.0
"beta_dist[Fowler, Dustin]",2.288,0.288,1.756,2.836,0.003,0.003,7444.0,5712.0,1.0
"beta_dist[Hurst, Scott]",1.928,0.313,1.343,2.519,0.003,0.004,9844.0,5584.0,1.0
"beta_dist[Harris II, Michael]",1.713,0.197,1.355,2.092,0.002,0.002,8175.0,6140.0,1.0
"beta_dist[Rodríguez, Julio]",1.742,0.194,1.385,2.12,0.002,0.002,6231.0,5977.0,1.0
"beta_dist[DeLuzio, Ben]",1.879,0.297,1.318,2.444,0.003,0.003,8021.0,6006.0,1.0
"beta_dist[Mitchell, Garrett]",1.976,0.274,1.478,2.505,0.003,0.003,9862.0,5501.0,1.0
"beta_dist[Kreidler, Ryan]",1.922,0.311,1.339,2.507,0.003,0.004,9958.0,6097.0,1.0
"beta_dist[Thomas, Alek]",1.823,0.183,1.469,2.157,0.002,0.002,6294.0,5401.0,1.0
"beta_dist[Crook, Narciso]",1.88,0.31,1.316,2.47,0.003,0.003,7930.0,5863.0,1.0
"beta_dist[Lopez, Otto]",1.935,0.317,1.322,2.519,0.003,0.004,8744.0,5297.0,1.0
"beta_dist[Lee, Khalil]",1.899,0.306,1.318,2.463,0.003,0.004,8280.0,5241.0,1.0
"beta_dist[Lewis, Royce]",1.921,0.305,1.351,2.496,0.003,0.003,9127.0,5853.0,1.0
"beta_dist[Hicklen, Brewer]",1.915,0.311,1.313,2.481,0.003,0.004,7977.0,6101.0,1.0
"beta_dist[McDonald, Mickey]",1.915,0.314,1.316,2.504,0.003,0.004,11424.0,5494.0,1.0
"beta_dist[Muzziotti, Símon]",1.974,0.312,1.41,2.592,0.003,0.004,10398.0,5561.0,1.0
"beta_dist[Doyle, Brenton]",1.71,0.199,1.351,2.092,0.002,0.002,7808.0,6178.0,1.0
"beta_dist[Edwards, Xavier]",1.905,0.306,1.345,2.493,0.003,0.004,10907.0,5545.0,1.0
"beta_dist[Chisholm Jr., Jazz]",2.1,0.238,1.658,2.547,0.003,0.003,7298.0,6206.0,1.0
"beta_dist[Colás, Oscar]",1.954,0.233,1.53,2.4,0.002,0.003,9393.0,5921.0,1.0
"beta_dist[Rafaela, Ceddanne]",1.776,0.281,1.249,2.293,0.003,0.003,9980.0,5942.0,1.0
"beta_dist[Rojas, Johan]",2.199,0.261,1.701,2.694,0.003,0.003,7569.0,5389.0,1.0
"beta_dist[Domínguez, Jasson]",1.901,0.305,1.311,2.455,0.003,0.004,9617.0,5626.0,1.0
"beta_dist[Young, Jacob]",1.47,0.261,0.994,1.972,0.003,0.003,7760.0,6096.0,1.0
"beta_dist[Fitzgerald, Tyler]",1.835,0.301,1.256,2.37,0.003,0.004,8824.0,5815.0,1.0
"beta_dist[Meadows, Parker]",2.102,0.28,1.591,2.649,0.003,0.003,10181.0,5573.0,1.0
"beta_dist[Butler, Lawrence]",2.023,0.274,1.515,2.539,0.003,0.003,9846.0,6049.0,1.0
"beta_dist[Crow-Armstrong, Pete]",1.937,0.301,1.401,2.53,0.003,0.003,8860.0,5937.0,1.0
"beta_dist[Canario, Alexander]",1.959,0.298,1.414,2.529,0.003,0.003,9642.0,6693.0,1.0
"beta_dist[Paris, Kyren]",1.921,0.311,1.35,2.512,0.004,0.003,7696.0,5976.0,1.0
"beta_dist[Myers, Dane]",1.895,0.287,1.362,2.434,0.003,0.003,9659.0,6200.0,1.0
"beta_dist[Cabbage, Trey]",1.896,0.309,1.32,2.474,0.003,0.004,11842.0,5323.0,1.0
"beta_dist[Short, Zack]",1.996,0.309,1.445,2.582,0.003,0.004,9495.0,5403.0,1.0
"beta_dist[Braun, Ryan]",1.919,0.29,1.399,2.506,0.003,0.004,8217.0,5280.0,1.0
"beta_dist[Fowler, Dexter]",1.746,0.278,1.214,2.26,0.003,0.003,8892.0,5535.0,1.0
"beta_dist[Blackmon, Charlie]",1.661,0.173,1.339,1.986,0.002,0.002,7691.0,5903.0,1.0
"beta_dist[Polanco, Gregory]",1.785,0.222,1.366,2.197,0.002,0.003,9638.0,5782.0,1.0
"beta_dist[Rickard, Joey]",1.83,0.302,1.28,2.404,0.003,0.003,9129.0,6127.0,1.0
"beta_dist[Fletcher, David]",1.911,0.305,1.361,2.504,0.003,0.004,9726.0,6114.0,1.0
"beta_dist[Núñez, Eduardo]",1.923,0.32,1.318,2.525,0.003,0.004,9958.0,5712.0,1.0
"beta_dist[Motter, Taylor]",1.919,0.306,1.34,2.493,0.003,0.004,9085.0,5756.0,1.0
"beta_dist[Amburgey, Trey]",1.898,0.304,1.366,2.516,0.003,0.004,11546.0,6002.0,1.0
"beta_dist[Cooper, Garrett]",1.903,0.284,1.36,2.416,0.003,0.004,9636.0,5575.0,1.0
"beta_dist[Astudillo, Willians]",1.938,0.314,1.365,2.543,0.003,0.004,8641.0,5412.0,1.0
"beta_dist[Stokes Jr., Troy]",1.907,0.307,1.339,2.501,0.003,0.004,9766.0,5500.0,1.0
"beta_dist[Kivlehan, Patrick]",1.932,0.316,1.341,2.52,0.003,0.004,10452.0,5778.0,1.0
"beta_dist[Owen, Hunter]",1.976,0.311,1.398,2.561,0.003,0.003,9139.0,6124.0,1.0
"beta_dist[Ray, Corey]",1.912,0.308,1.329,2.484,0.003,0.004,9298.0,5527.0,1.0
"beta_dist[Suzuki, Seiya]",1.862,0.197,1.495,2.231,0.002,0.002,8128.0,5712.0,1.0
"beta_dist[Davis, Brendon]",1.96,0.309,1.389,2.547,0.003,0.003,8545.0,6054.0,1.0
"beta_dist[Mitchell, Cal]",1.744,0.255,1.278,2.245,0.003,0.003,8102.0,6201.0,1.0
"beta_dist[Castillo, Diego]",1.739,0.286,1.219,2.285,0.003,0.003,10106.0,5698.0,1.0
"beta_dist[Díaz, Yusniel]",1.92,0.315,1.306,2.492,0.003,0.004,8625.0,5312.0,1.0
"beta_dist[Arroyo, Christian]",1.753,0.297,1.211,2.325,0.003,0.003,10683.0,5955.0,1.0
"beta_dist[Wilson, Marcus]",1.962,0.31,1.387,2.548,0.003,0.004,11851.0,5566.0,1.0
"beta_dist[Alberto, Hanser]",1.942,0.31,1.346,2.504,0.003,0.003,8444.0,5790.0,1.0
"beta_dist[Abrams, CJ]",1.923,0.315,1.317,2.514,0.003,0.004,10401.0,6026.0,1.0
"beta_dist[Lopes, Christian]",1.922,0.307,1.328,2.479,0.003,0.004,8680.0,5779.0,1.0
"beta_dist[Jackson, Drew]",1.902,0.31,1.295,2.461,0.003,0.004,8803.0,5649.0,1.0
"beta_dist[Arias, Gabriel]",1.841,0.275,1.326,2.358,0.003,0.003,9078.0,6259.0,1.0
"beta_dist[Odor, Rougned]",1.876,0.312,1.27,2.443,0.003,0.004,10577.0,5892.0,1.0
"beta_dist[Basabe, Osleivis]",1.892,0.305,1.318,2.47,0.003,0.004,9597.0,6120.0,1.0
"beta_dist[Goodman, Hunter]",1.975,0.298,1.377,2.505,0.003,0.004,9644.0,5730.0,1.0
"beta_dist[Davis, Henry]",1.961,0.26,1.451,2.436,0.003,0.003,9612.0,5947.0,1.0
"beta_dist[Encarnacion-Strand, Christian]",1.928,0.309,1.359,2.519,0.003,0.004,8630.0,5692.0,1.0
