,mean,sd,hdi_3%,hdi_97%,mcse_mean,mcse_sd,ess_bulk,ess_tail,r_hat
"alpha[Gardner, Brett]",-1.787,0.169,-2.113,-1.484,0.002,0.002,12599.0,6680.0,1.0
"alpha[Brantley, Michael]",-2.456,0.214,-2.849,-2.055,0.002,0.002,14729.0,7038.0,1.0
"alpha[Soto, Juan]",-2.106,0.156,-2.402,-1.819,0.001,0.002,13108.0,5878.0,1.0
"alpha[Ozuna, Marcell]",-2.502,0.227,-2.947,-2.1,0.002,0.002,13007.0,6674.0,1.0
"alpha[Maybin, Cameron]",-2.336,0.281,-2.853,-1.795,0.002,0.003,12768.0,6415.0,1.0
"alpha[Díaz, Aledmys]",-2.058,0.364,-2.751,-1.38,0.003,0.004,16842.0,5893.0,1.0
"alpha[Stanton, Giancarlo]",-2.509,0.291,-3.085,-1.989,0.003,0.003,12283.0,6769.0,1.0
"alpha[Meadows, Austin]",-1.96,0.204,-2.333,-1.577,0.002,0.002,13057.0,6799.0,1.0
"alpha[Duvall, Adam]",-2.155,0.191,-2.517,-1.798,0.002,0.002,13960.0,5840.0,1.0
"alpha[Taylor, Chris]",-2.063,0.216,-2.466,-1.661,0.002,0.002,13583.0,6640.0,1.0
"alpha[Hernández, Enrique]",-1.438,0.189,-1.802,-1.1,0.002,0.002,13322.0,6273.0,1.0
"alpha[Markakis, Nick]",-2.568,0.25,-3.023,-2.084,0.002,0.003,13078.0,6829.0,1.0
"alpha[Beaty, Matt]",-2.399,0.309,-2.97,-1.823,0.003,0.004,13841.0,6289.0,1.0
"alpha[Cave, Jake]",-2.498,0.232,-2.929,-2.059,0.002,0.003,14715.0,6404.0,1.0
"alpha[Pollock, AJ]",-2.183,0.184,-2.507,-1.818,0.002,0.002,13167.0,6799.0,1.0
"alpha[Gamel, Ben]",-2.666,0.211,-3.075,-2.282,0.002,0.002,12843.0,6277.0,1.0
"alpha[Alvarez, Yordan]",-2.696,0.294,-3.269,-2.164,0.002,0.003,14939.0,6351.0,1.0
"alpha[Reddick, Josh]",-2.586,0.237,-3.022,-2.142,0.002,0.003,14096.0,6888.0,1.0
"alpha[Davis, J.D.]",-2.824,0.315,-3.426,-2.254,0.003,0.003,13157.0,6425.0,1.0
"alpha[Allen, Greg]",-2.313,0.249,-2.782,-1.851,0.002,0.003,15032.0,6618.0,1.0
"alpha[Stevenson, Andrew]",-1.755,0.306,-2.335,-1.191,0.003,0.003,14732.0,5961.0,1.0
"alpha[Bauers, Jake]",-2.512,0.289,-3.058,-1.971,0.002,0.003,13763.0,6212.0,1.0
"alpha[Wade Jr., LaMonte]",-2.142,0.261,-2.624,-1.648,0.002,0.003,14862.0,6147.0,1.0
"alpha[McBroom, Ryan]",-2.578,0.398,-3.315,-1.821,0.003,0.005,13536.0,6138.0,1.0
"alpha[Gordon, Alex]",-2.786,0.248,-3.268,-2.341,0.002,0.003,14725.0,6589.0,1.0
"alpha[Tapia, Raimel]",-2.305,0.19,-2.668,-1.955,0.002,0.002,12019.0,6475.0,1.0
"alpha[Spangenberg, Cory]",-2.122,0.498,-3.057,-1.199,0.004,0.007,15559.0,5387.0,1.0
"alpha[Mancini, Trey]",-2.312,0.279,-2.849,-1.811,0.002,0.003,15572.0,6418.0,1.0
"alpha[Hernández, Gorkys]",-2.199,0.413,-3.003,-1.453,0.003,0.005,15572.0,6439.0,1.0
"alpha[Gonzalez, Marwin]",-1.798,0.259,-2.281,-1.313,0.002,0.003,14007.0,6699.0,1.0
"alpha[Pham, Tommy]",-2.598,0.191,-2.958,-2.243,0.002,0.002,12451.0,6507.0,1.0
"alpha[Braun, Ryan]",-2.584,0.288,-3.112,-2.049,0.002,0.003,15169.0,6606.0,1.0
"alpha[Jiménez, Eloy]",-2.206,0.232,-2.63,-1.766,0.002,0.003,15238.0,6737.0,1.0
"alpha[Stewart, Christin]",-2.555,0.284,-3.088,-2.014,0.002,0.004,17279.0,6021.0,1.0
"alpha[Granderson, Curtis]",-2.049,0.29,-2.585,-1.489,0.003,0.003,13094.0,6444.0,1.0
"alpha[Miller, Brad]",-2.425,0.322,-3.006,-1.807,0.003,0.004,13705.0,6550.0,1.0
"alpha[Hernández, Teoscar]",-2.098,0.171,-2.421,-1.78,0.001,0.002,14039.0,6324.0,1.0
"alpha[Calhoun, Willie]",-2.439,0.279,-2.954,-1.904,0.002,0.003,15113.0,6323.0,1.0
"alpha[García, Robel]",-2.393,0.501,-3.342,-1.445,0.004,0.007,15694.0,5097.0,1.0
"alpha[Schwarber, Kyle]",-2.514,0.187,-2.867,-2.161,0.002,0.002,11909.0,7062.0,1.0
"alpha[Dickerson, Alex]",-2.561,0.258,-3.05,-2.081,0.002,0.003,14334.0,6388.0,1.0
"alpha[Grossman, Robbie]",-2.421,0.176,-2.747,-2.088,0.002,0.002,13347.0,6842.0,1.0
"alpha[Long Jr., Shed]",-2.643,0.348,-3.298,-2.001,0.003,0.004,13726.0,6069.0,1.0
"alpha[VanMeter, Josh]",-2.192,0.355,-2.856,-1.53,0.003,0.004,14971.0,6708.0,1.0
"alpha[Elmore, Jake]",-2.287,0.452,-3.145,-1.437,0.004,0.006,16266.0,5688.0,1.0
"alpha[Davis, Rajai]",-2.096,0.485,-3.033,-1.21,0.003,0.007,21192.0,5446.0,1.0
"alpha[Travis, Sam]",-2.362,0.395,-3.114,-1.637,0.003,0.005,17562.0,6339.0,1.0
"alpha[Rojas, Josh]",-2.37,0.283,-2.894,-1.833,0.002,0.003,14365.0,6277.0,1.0
"alpha[Myers, Wil]",-2.205,0.203,-2.606,-1.841,0.002,0.002,16325.0,6995.0,1.0
"alpha[Straw, Myles]",-1.374,0.159,-1.674,-1.077,0.001,0.002,14188.0,5932.0,1.0
"alpha[Ward, Taylor]",-2.511,0.218,-2.921,-2.106,0.002,0.002,13246.0,6254.0,1.0
"alpha[Gosselin, Phil]",-2.352,0.316,-2.93,-1.742,0.003,0.004,15273.0,6238.0,1.0
"alpha[Dean, Austin]",-2.646,0.338,-3.285,-2.026,0.003,0.004,14012.0,5684.0,1.0
"alpha[Ramírez, Harold]",-2.755,0.226,-3.162,-2.321,0.002,0.003,13504.0,6307.0,1.0
"alpha[Frazier, Clint]",-2.776,0.26,-3.268,-2.297,0.002,0.003,14810.0,6583.0,1.0
"alpha[García, Leury]",-1.833,0.209,-2.233,-1.447,0.002,0.002,14371.0,6428.0,1.0
"alpha[Rodríguez, Ronny]",-2.186,0.51,-3.118,-1.227,0.004,0.007,19088.0,5363.0,1.0
"alpha[Rickard, Joey]",-1.281,0.315,-1.862,-0.665,0.003,0.004,15075.0,6567.0,1.0
"alpha[Lopes, Tim]",-2.506,0.336,-3.125,-1.874,0.003,0.004,14125.0,5968.0,1.0
"alpha[Ervin, Phillip]",-1.598,0.268,-2.091,-1.092,0.002,0.003,14416.0,6683.0,1.0
"alpha[Luplow, Jordan]",-2.484,0.233,-2.927,-2.052,0.002,0.003,13559.0,6079.0,1.0
"alpha[Kramer, Kevin]",-2.265,0.448,-3.068,-1.375,0.004,0.006,15321.0,5696.0,1.0
"alpha[Nimmo, Brandon]",-1.663,0.169,-1.989,-1.351,0.002,0.002,12421.0,6727.0,1.0
"alpha[McNeil, Jeff]",-2.317,0.244,-2.79,-1.869,0.002,0.003,13910.0,6996.0,1.0
"alpha[Cordell, Ryan]",-1.904,0.283,-2.415,-1.354,0.002,0.004,15215.0,6556.0,1.0
"alpha[Benintendi, Andrew]",-2.235,0.182,-2.585,-1.892,0.002,0.002,12744.0,6407.0,1.0
"alpha[Yastrzemski, Mike]",-2.149,0.169,-2.464,-1.837,0.001,0.002,13576.0,6702.0,1.0
"alpha[Moore, Dylan]",-2.263,0.248,-2.727,-1.796,0.002,0.003,15278.0,5816.0,1.0
"alpha[Brown, Seth]",-1.918,0.224,-2.343,-1.495,0.002,0.002,12534.0,6759.0,1.0
"alpha[Naylor, Josh]",-2.525,0.256,-3.011,-2.045,0.002,0.003,15230.0,6078.0,1.0
"alpha[Kemp, Tony]",-1.928,0.244,-2.384,-1.472,0.002,0.003,14284.0,6409.0,1.0
"alpha[Parra, Gerardo]",-2.269,0.308,-2.847,-1.68,0.003,0.004,14744.0,6491.0,1.0
"alpha[Miller, Ian]",-2.145,0.434,-2.966,-1.355,0.004,0.006,15418.0,5443.0,1.0
"alpha[Dixon, Brandon]",-2.142,0.378,-2.834,-1.45,0.003,0.004,17922.0,6602.0,1.0
"alpha[Fletcher, David]",-1.977,0.37,-2.674,-1.281,0.003,0.004,14442.0,6338.0,1.0
"alpha[Tucker, Kyle]",-2.202,0.19,-2.571,-1.851,0.002,0.002,13709.0,6001.0,1.0
"alpha[Hermosillo, Michael]",-1.826,0.299,-2.38,-1.261,0.002,0.004,16289.0,6492.0,1.0
"alpha[Smith Jr., Dwight]",-2.542,0.29,-3.09,-2.003,0.002,0.003,14421.0,6198.0,1.0
"alpha[Heineman, Scott]",-2.15,0.325,-2.782,-1.555,0.003,0.004,15157.0,6607.0,1.0
"alpha[Wade, Tyler]",-2.345,0.343,-2.962,-1.671,0.003,0.004,14634.0,6185.0,1.0
"alpha[Pinder, Chad]",-2.153,0.218,-2.551,-1.746,0.002,0.002,13442.0,6347.0,1.0
"alpha[Hilliard, Sam]",-2.239,0.225,-2.654,-1.819,0.002,0.002,14272.0,7008.0,1.0
"alpha[Martini, Nick]",-2.034,0.35,-2.691,-1.389,0.003,0.004,15512.0,6977.0,1.0
"alpha[Haseley, Adam]",-2.036,0.25,-2.507,-1.563,0.002,0.003,14655.0,6194.0,1.0
"alpha[Rosario, Eddie]",-2.137,0.178,-2.472,-1.807,0.002,0.002,12446.0,6304.0,1.0
"alpha[Wilkerson, Stevie]",-1.767,0.263,-2.268,-1.275,0.002,0.003,13769.0,6580.0,1.0
"alpha[Desmond, Ian]",-2.283,0.273,-2.782,-1.752,0.002,0.003,14493.0,6144.0,1.0
"alpha[Arraez, Luis]",-2.627,0.345,-3.271,-1.993,0.003,0.004,12376.0,6400.0,1.0
"alpha[O'Neill, Tyler]",-2.555,0.226,-2.98,-2.133,0.002,0.003,14371.0,5451.0,1.0
"alpha[Fisher, Derek]",-2.013,0.354,-2.703,-1.385,0.003,0.004,14589.0,6443.0,1.0
"alpha[González, Erik]",-2.293,0.478,-3.184,-1.396,0.004,0.006,17523.0,5701.0,1.0
"alpha[Peraza, José]",-2.279,0.404,-3.032,-1.513,0.004,0.005,12371.0,6144.0,1.0
"alpha[Reyes, Pablo]",-2.191,0.343,-2.815,-1.537,0.003,0.004,16197.0,6570.0,1.0
"alpha[Heredia, Guillermo]",-1.812,0.203,-2.186,-1.419,0.002,0.002,14099.0,6871.0,1.0
"alpha[Holt, Brock]",-2.394,0.406,-3.141,-1.637,0.003,0.005,17404.0,6754.0,1.0
"alpha[Pirela, José]",-2.145,0.47,-3.048,-1.28,0.003,0.006,19223.0,5470.0,1.0
"alpha[Merrifield, Whit]",-2.25,0.231,-2.675,-1.821,0.002,0.003,12202.0,6654.0,1.0
"alpha[Bishop, Braden]",-1.63,0.356,-2.296,-0.953,0.003,0.004,15736.0,6538.0,1.0
"alpha[Alford, Anthony]",-2.18,0.296,-2.717,-1.611,0.002,0.003,14618.0,6156.0,1.0
"alpha[McKinney, Billy]",-2.102,0.261,-2.599,-1.632,0.002,0.003,15201.0,6502.0,1.0
"alpha[Locastro, Tim]",-2.005,0.245,-2.471,-1.562,0.002,0.003,15135.0,6901.0,1.0
"alpha[Gurriel Jr., Lourdes]",-2.263,0.195,-2.636,-1.904,0.002,0.002,12248.0,6588.0,1.0
"alpha[Santander, Anthony]",-2.765,0.201,-3.139,-2.387,0.002,0.002,14105.0,6354.0,1.0
"alpha[Berti, Jon]",-1.761,0.281,-2.292,-1.226,0.002,0.003,13755.0,6727.0,1.0
"alpha[Stubbs, Garrett]",-2.054,0.497,-2.965,-1.092,0.004,0.007,14958.0,4924.0,1.0
"alpha[Reyes, Victor]",-1.997,0.197,-2.372,-1.637,0.002,0.002,13739.0,6848.0,1.0
"alpha[Rios, Edwin]",-2.172,0.517,-3.141,-1.223,0.004,0.007,18211.0,5848.0,1.0
"alpha[Castellanos, Nick]",-2.621,0.175,-2.946,-2.3,0.002,0.002,12398.0,6544.0,1.0
"alpha[Davis, Johnny]",-2.207,0.503,-3.151,-1.272,0.004,0.007,18649.0,5461.0,1.0
"alpha[Phillips, Brett]",-1.678,0.201,-2.051,-1.299,0.002,0.002,12635.0,5936.0,1.0
"alpha[Grisham, Trent]",-1.126,0.16,-1.423,-0.825,0.001,0.002,12521.0,6484.0,1.0
"alpha[Vogt, Stephen]",-1.875,0.473,-2.715,-0.935,0.003,0.006,18978.0,5120.0,1.0
"alpha[Dickerson, Corey]",-1.858,0.202,-2.24,-1.485,0.002,0.002,14092.0,6716.0,1.0
"alpha[Camargo, Johan]",-2.228,0.449,-3.093,-1.4,0.003,0.006,18504.0,5044.0,1.0
"alpha[Williams, Mason]",-1.944,0.391,-2.672,-1.21,0.003,0.005,17228.0,6346.0,1.0
"alpha[Rodríguez, Sean]",-2.058,0.428,-2.866,-1.268,0.003,0.006,16139.0,5941.0,1.0
"alpha[Tauchman, Mike]",-1.915,0.234,-2.364,-1.486,0.002,0.003,15056.0,5847.0,1.0
"alpha[Slater, Austin]",-1.696,0.206,-2.072,-1.298,0.002,0.002,12865.0,6330.0,1.0
"alpha[Smith, Mallex]",-1.059,0.217,-1.46,-0.647,0.002,0.002,12770.0,6449.0,1.0
"alpha[Herrmann, Chris]",-2.174,0.522,-3.153,-1.207,0.004,0.007,18043.0,5483.0,1.0
"alpha[Upton, Justin]",-2.894,0.261,-3.394,-2.415,0.002,0.003,12354.0,5956.0,1.0
"alpha[Goodwin, Brian]",-2.218,0.202,-2.599,-1.838,0.002,0.002,12780.0,6426.0,1.0
"alpha[Ortega, Rafael]",-2.119,0.228,-2.572,-1.713,0.002,0.002,12877.0,6348.0,1.0
"alpha[Riley, Austin]",-2.3,0.302,-2.869,-1.738,0.003,0.003,14002.0,6505.0,1.0
"alpha[Reynolds, Bryan]",-1.908,0.154,-2.204,-1.62,0.001,0.002,14285.0,5584.0,1.0
"alpha[Davis, Jonathan]",-1.326,0.244,-1.762,-0.857,0.002,0.002,13067.0,6593.0,1.0
"alpha[Profar, Jurickson]",-2.507,0.23,-2.946,-2.08,0.002,0.003,13520.0,6339.0,1.0
"alpha[Dietrich, Derek]",-2.131,0.45,-2.966,-1.287,0.003,0.006,16821.0,4718.0,1.0
"alpha[Starling, Bubba]",-1.91,0.275,-2.44,-1.408,0.002,0.004,15149.0,6150.0,1.0
"alpha[Broxton, Keon]",-1.22,0.277,-1.73,-0.685,0.002,0.003,13075.0,6397.0,1.0
"alpha[O'Grady, Brian]",-1.771,0.397,-2.507,-1.011,0.003,0.005,17649.0,6090.0,1.0
"alpha[Stewart, DJ]",-2.876,0.271,-3.389,-2.381,0.002,0.003,14329.0,6547.0,1.0
"alpha[Bryant, Kris]",-2.795,0.257,-3.274,-2.305,0.002,0.003,15852.0,6479.0,1.0
"alpha[Court, Ryan]",-2.406,0.451,-3.25,-1.548,0.003,0.006,16685.0,5389.0,1.0
"alpha[Drury, Brandon]",-2.115,0.38,-2.821,-1.41,0.003,0.005,18051.0,6407.0,1.0
"alpha[Happ, Ian]",-2.089,0.185,-2.447,-1.744,0.002,0.002,13585.0,6429.0,1.0
"alpha[Mercado, Óscar]",-1.749,0.19,-2.111,-1.397,0.002,0.002,13722.0,6361.0,1.0
"alpha[Pederson, Joc]",-2.511,0.204,-2.907,-2.146,0.002,0.002,12926.0,6247.0,1.0
"alpha[Naquin, Tyler]",-2.458,0.197,-2.837,-2.095,0.002,0.002,14370.0,6345.0,1.0
"alpha[Martinez, J.D.]",-2.733,0.308,-3.296,-2.134,0.003,0.004,14840.0,6106.0,1.0
"alpha[Lorenzen, Michael]",-1.804,0.376,-2.5,-1.111,0.003,0.004,17206.0,6187.0,1.0
"alpha[Peterson, Jace]",-2.682,0.32,-3.303,-2.1,0.003,0.004,14222.0,6020.0,1.0
"alpha[Peralta, David]",-2.693,0.191,-3.05,-2.331,0.002,0.002,12567.0,6665.0,1.0
"alpha[Muñoz, Yairo]",-2.539,0.351,-3.19,-1.882,0.003,0.004,15996.0,6658.0,1.0
"alpha[Dyson, Jarrod]",-2.094,0.206,-2.482,-1.712,0.002,0.002,12318.0,6162.0,1.0
"alpha[Avelino, Abiatal]",-2.17,0.527,-3.175,-1.21,0.004,0.007,17987.0,5488.0,1.0
"alpha[Brosseau, Mike]",-2.413,0.469,-3.333,-1.566,0.003,0.006,18306.0,5486.0,1.0
"alpha[Daza, Yonathan]",-1.929,0.196,-2.278,-1.55,0.002,0.002,12427.0,6242.0,1.0
"alpha[Mejía, Francisco]",-2.148,0.527,-3.11,-1.137,0.004,0.007,19893.0,5247.0,1.0
"alpha[Garlick, Kyle]",-2.738,0.308,-3.343,-2.175,0.002,0.004,15759.0,5711.0,1.0
"alpha[Choo, Shin-Soo]",-2.729,0.284,-3.27,-2.207,0.002,0.003,13489.0,5919.0,1.0
"alpha[Rosario, Amed]",-1.745,0.408,-2.546,-0.999,0.003,0.005,17490.0,5374.0,1.0
"alpha[Altherr, Aaron]",-2.224,0.399,-2.967,-1.479,0.003,0.005,15152.0,6174.0,1.0
"alpha[Acuña Jr., Ronald]",-1.999,0.179,-2.318,-1.657,0.002,0.002,13737.0,6661.0,1.0
"alpha[Winker, Jesse]",-2.648,0.202,-3.021,-2.267,0.002,0.002,13172.0,6721.0,1.0
"alpha[Culberson, Charlie]",-2.49,0.369,-3.196,-1.813,0.003,0.005,15741.0,6290.0,1.0
"alpha[Negrón, Kristopher]",-2.317,0.406,-3.102,-1.604,0.003,0.005,15772.0,6349.0,1.0
"alpha[Castro, Harold]",-2.139,0.296,-2.677,-1.571,0.002,0.003,14703.0,6646.0,1.0
"alpha[Belt, Brandon]",-2.762,0.42,-3.538,-1.965,0.003,0.005,16598.0,5600.0,1.0
"alpha[Alberto, Hanser]",-2.422,0.48,-3.289,-1.495,0.004,0.006,15816.0,6303.0,1.0
"alpha[Bruce, Jay]",-1.822,0.291,-2.357,-1.27,0.003,0.003,13142.0,5802.0,1.0
"alpha[Verdugo, Alex]",-2.099,0.166,-2.41,-1.792,0.001,0.002,13776.0,5884.0,1.0
"alpha[Beckham, Tim]",-2.74,0.436,-3.576,-1.942,0.004,0.005,14292.0,6393.0,1.0
"alpha[Cabrera, Melky]",-3.202,0.328,-3.814,-2.59,0.003,0.004,14113.0,6222.0,1.0
"alpha[Kingery, Scott]",-2.156,0.269,-2.666,-1.666,0.002,0.003,13493.0,6570.0,1.0
"alpha[Jay, Jon]",-2.588,0.334,-3.216,-1.963,0.003,0.004,14042.0,6305.0,1.0
"alpha[Velasquez, Vince]",-2.12,0.507,-3.058,-1.14,0.004,0.007,21053.0,5440.0,1.0
"alpha[Renfroe, Hunter]",-2.567,0.193,-2.928,-2.211,0.002,0.002,12069.0,6487.0,1.0
"alpha[Osuna, José]",-2.025,0.371,-2.73,-1.337,0.003,0.004,17837.0,5780.0,1.0
"alpha[Yelich, Christian]",-2.721,0.199,-3.076,-2.333,0.002,0.002,14950.0,6643.0,1.0
"alpha[Goodrum, Niko]",-2.23,0.333,-2.88,-1.613,0.003,0.004,16615.0,6267.0,1.0
"alpha[Smith, Dominic]",-2.789,0.297,-3.323,-2.219,0.002,0.004,14948.0,6375.0,1.0
"alpha[Williams, Nick]",-2.381,0.383,-3.082,-1.648,0.003,0.004,14314.0,6544.0,1.0
"alpha[Santana, Danny]",-2.519,0.302,-3.077,-1.953,0.003,0.004,12720.0,5580.0,1.0
"alpha[Garcia, Greg]",-2.174,0.517,-3.112,-1.186,0.004,0.007,20144.0,5280.0,1.0
"alpha[Freeman, Mike]",-2.111,0.454,-3.0,-1.286,0.004,0.006,16591.0,5479.0,1.0
"alpha[Urshela, Gio]",-2.148,0.525,-3.115,-1.139,0.004,0.007,20314.0,5694.0,1.0
"alpha[Saladino, Tyler]",-2.04,0.498,-2.939,-1.075,0.004,0.006,15728.0,5539.0,1.0
"alpha[Hampson, Garrett]",-1.857,0.211,-2.243,-1.463,0.002,0.002,14639.0,6919.0,1.0
"alpha[Dahl, David]",-2.327,0.237,-2.778,-1.878,0.002,0.003,13482.0,6113.0,1.0
"alpha[Vargas, Ildemaro]",-2.137,0.488,-3.039,-1.212,0.004,0.007,15809.0,5470.0,1.0
"alpha[Martínez, José A.]",-2.721,0.292,-3.278,-2.185,0.003,0.003,13608.0,6589.0,1.0
"alpha[Williamson, Mac]",-2.332,0.36,-2.987,-1.641,0.003,0.004,14554.0,6499.0,1.0
"alpha[Gallo, Joey]",-2.268,0.185,-2.628,-1.939,0.002,0.002,13813.0,6623.0,1.0
"alpha[Tilson, Charlie]",-1.766,0.294,-2.297,-1.203,0.002,0.003,14434.0,6286.0,1.0
"alpha[Parker, Jarrett]",-2.383,0.492,-3.341,-1.5,0.004,0.007,17618.0,5897.0,1.0
"alpha[Austin, Tyler]",-2.244,0.39,-2.969,-1.51,0.003,0.004,14760.0,6580.0,1.0
"alpha[Gore, Terrance]",-1.676,0.36,-2.348,-1.006,0.003,0.005,15497.0,5817.0,1.0
"alpha[Canha, Mark]",-2.513,0.189,-2.877,-2.169,0.002,0.002,12914.0,6273.0,1.0
"alpha[Gómez, Carlos]",-2.114,0.355,-2.764,-1.425,0.003,0.004,13120.0,6578.0,1.0
"alpha[Biggio, Cavan]",-2.319,0.341,-2.993,-1.708,0.003,0.004,13096.0,5808.0,1.0
"alpha[Puello, César]",-1.576,0.318,-2.187,-0.995,0.003,0.004,14088.0,6889.0,1.0
"alpha[Bonifacio, Jorge]",-2.276,0.336,-2.89,-1.629,0.003,0.004,13920.0,6107.0,1.0
"alpha[Joyce, Matt]",-2.41,0.29,-2.945,-1.852,0.002,0.003,16157.0,6613.0,1.0
"alpha[Pence, Hunter]",-2.718,0.356,-3.4,-2.077,0.003,0.004,15320.0,6298.0,1.0
"alpha[González, Carlos]",-2.287,0.364,-2.945,-1.578,0.003,0.004,15715.0,6334.0,1.0
"alpha[Santana, Domingo]",-2.467,0.27,-2.99,-1.982,0.002,0.003,13032.0,6605.0,1.0
"alpha[Newman, Kevin]",-2.137,0.51,-3.061,-1.129,0.004,0.007,18379.0,5240.0,1.0
"alpha[McCutchen, Andrew]",-2.756,0.221,-3.159,-2.328,0.002,0.003,15934.0,6069.0,1.0
"alpha[Lowe, Brandon]",-2.488,0.369,-3.161,-1.794,0.003,0.004,16257.0,6578.0,1.0
"alpha[Owings, Chris]",-2.209,0.358,-2.885,-1.538,0.003,0.004,15765.0,6330.0,1.0
"alpha[Astudillo, Willians]",-2.345,0.478,-3.282,-1.472,0.004,0.006,14668.0,5320.0,1.0
"alpha[Swihart, Blake]",-2.849,0.42,-3.663,-2.088,0.003,0.005,15867.0,6931.0,1.0
"alpha[Adrianza, Ehire]",-2.394,0.371,-3.087,-1.699,0.003,0.004,15363.0,6271.0,1.0
"alpha[Urena, Richard]",-2.105,0.515,-3.064,-1.133,0.004,0.007,18134.0,5157.0,1.0
"alpha[Pearce, Steve]",-2.124,0.473,-3.007,-1.252,0.003,0.006,20022.0,5813.0,1.0
"alpha[Delmonico, Nicky]",-2.462,0.384,-3.217,-1.744,0.003,0.005,15382.0,6089.0,1.0
"alpha[Murphy, Tom]",-2.3,0.505,-3.306,-1.378,0.004,0.007,17486.0,5840.0,1.0
"alpha[O'Brien, Peter]",-2.163,0.469,-3.074,-1.299,0.004,0.006,17430.0,5663.0,1.0
"alpha[Eaton, Adam]",-2.121,0.189,-2.49,-1.778,0.002,0.002,12820.0,6932.0,1.0
"alpha[Pérez, Hernán]",-2.462,0.41,-3.227,-1.695,0.003,0.006,16894.0,5782.0,1.0
"alpha[Gerber, Mike]",-2.293,0.471,-3.144,-1.395,0.003,0.007,19280.0,5478.0,1.0
"alpha[Zobrist, Ben]",-2.429,0.406,-3.208,-1.689,0.003,0.005,16269.0,6041.0,1.0
"alpha[Davis, Khris]",-2.033,0.449,-2.899,-1.21,0.003,0.006,19255.0,5048.0,1.0
"alpha[Schebler, Scott]",-1.645,0.344,-2.291,-1.004,0.003,0.004,14621.0,6326.0,1.0
"alpha[Solarte, Yangervis]",-2.085,0.44,-2.909,-1.256,0.004,0.005,14971.0,6058.0,1.0
"alpha[Rondon, José]",-2.322,0.454,-3.196,-1.506,0.003,0.005,17320.0,6129.0,1.0
"alpha[Galloway, Isaac]",-2.025,0.436,-2.839,-1.209,0.003,0.005,17009.0,5744.0,1.0
"alpha[Estrada, Thairo]",-2.4,0.419,-3.198,-1.629,0.003,0.005,14584.0,6337.0,1.0
"alpha[Peterson, Dustin]",-2.338,0.443,-3.152,-1.493,0.004,0.005,15488.0,6079.0,1.0
"alpha[Moran, Colin]",-2.248,0.512,-3.174,-1.248,0.004,0.008,18080.0,5261.0,1.0
"alpha[Shuck, JB]",-2.196,0.417,-3.002,-1.443,0.003,0.005,14460.0,6248.0,1.0
"alpha[Kemp, Matt]",-2.448,0.398,-3.166,-1.659,0.003,0.004,14644.0,6434.0,1.0
"alpha[Martin, Jason]",-2.122,0.288,-2.659,-1.581,0.003,0.003,13237.0,6633.0,1.0
"alpha[Bourjos, Peter]",-1.635,0.44,-2.468,-0.794,0.003,0.005,16304.0,6209.0,1.0
"alpha[Brito, Sócrates]",-2.355,0.387,-3.092,-1.645,0.003,0.005,14942.0,6535.0,1.0
"alpha[Herrera, Rosell]",-2.46,0.365,-3.12,-1.741,0.003,0.004,17001.0,6524.0,1.0
"alpha[Joe, Connor]",-2.417,0.268,-2.943,-1.927,0.002,0.003,13755.0,6357.0,1.0
"alpha[Zagunis, Mark]",-2.425,0.462,-3.281,-1.556,0.004,0.007,16428.0,5727.0,1.0
"alpha[Jackson, Drew]",-2.193,0.486,-3.125,-1.313,0.004,0.007,19164.0,5745.0,1.0
"alpha[Margot, Manuel]",-1.269,0.164,-1.584,-0.966,0.001,0.002,12579.0,6117.0,1.0
"alpha[Arozarena, Randy]",-2.547,0.216,-2.959,-2.151,0.002,0.003,12009.0,5166.0,1.0
"alpha[Duggar, Steven]",-1.536,0.198,-1.906,-1.16,0.002,0.002,12570.0,6709.0,1.0
"alpha[Carlson, Dylan]",-2.336,0.202,-2.697,-1.949,0.002,0.002,12237.0,6404.0,1.0
"alpha[White, Eli]",-1.648,0.253,-2.118,-1.171,0.002,0.003,12533.0,5746.0,1.0
"alpha[Solak, Nick]",-2.626,0.313,-3.237,-2.073,0.003,0.003,13995.0,6101.0,1.0
"alpha[Aquino, Aristides]",-2.101,0.233,-2.549,-1.682,0.002,0.003,14270.0,5937.0,1.0
"alpha[Hays, Austin]",-2.257,0.182,-2.593,-1.914,0.002,0.002,13273.0,6717.0,1.0
"alpha[Sierra, Magneuris]",-1.502,0.243,-1.96,-1.059,0.002,0.003,14002.0,7191.0,1.0
"alpha[Engel, Adam]",-1.812,0.205,-2.203,-1.439,0.002,0.002,12903.0,6352.0,1.0
"alpha[Akiyama, Shogo]",-1.964,0.276,-2.497,-1.461,0.002,0.003,15384.0,6450.0,1.0
"alpha[Edman, Tommy]",-2.206,0.293,-2.779,-1.682,0.002,0.003,14193.0,6277.0,1.0
"alpha[Chavis, Michael]",-2.423,0.431,-3.199,-1.574,0.003,0.005,17306.0,6625.0,1.0
"alpha[Marmolejos, José]",-2.383,0.376,-3.105,-1.702,0.003,0.005,15652.0,5742.0,1.0
"alpha[Riddle, JT]",-2.231,0.326,-2.841,-1.628,0.003,0.004,15068.0,6161.0,1.0
"alpha[Lin, Tzu-Wei]",-2.387,0.443,-3.255,-1.586,0.004,0.005,15381.0,6192.0,1.0
"alpha[Smith, Pavin]",-2.405,0.261,-2.933,-1.957,0.002,0.003,14812.0,6682.0,1.0
"alpha[Mountcastle, Ryan]",-2.642,0.356,-3.384,-2.045,0.003,0.004,16278.0,5850.0,1.0
"alpha[Oliva, Jared]",-2.401,0.393,-3.141,-1.676,0.003,0.005,12972.0,6166.0,1.0
"alpha[Heath, Nick]",-1.367,0.395,-2.091,-0.621,0.003,0.005,14795.0,5733.0,1.0
"alpha[Taylor, Michael A.]",-1.422,0.154,-1.715,-1.143,0.001,0.002,11060.0,6791.0,1.0
"alpha[Moniak, Mickey]",-1.915,0.308,-2.496,-1.332,0.002,0.003,16345.0,6481.0,1.0
"alpha[Fraley, Jake]",-2.17,0.238,-2.634,-1.727,0.002,0.003,14845.0,6844.0,1.0
"alpha[Robertson, Daniel]",-2.187,0.51,-3.099,-1.18,0.004,0.007,18917.0,5520.0,1.0
"alpha[Ruf, Darin]",-2.376,0.306,-2.962,-1.815,0.002,0.003,14993.0,6322.0,1.0
"alpha[Olivares, Edward]",-2.271,0.277,-2.792,-1.762,0.002,0.003,12938.0,6482.0,1.0
"alpha[Fuentes, Joshua]",-2.165,0.532,-3.165,-1.16,0.004,0.008,18441.0,5513.0,1.0
"alpha[Frazier, Adam]",-2.309,0.33,-2.949,-1.707,0.003,0.004,14853.0,6209.0,1.0
"alpha[Tsutsugo, Yoshi]",-2.519,0.366,-3.185,-1.817,0.003,0.004,15123.0,5870.0,1.0
"alpha[Brinson, Lewis]",-2.398,0.231,-2.825,-1.958,0.002,0.002,12382.0,6389.0,1.0
"alpha[Andujar, Miguel]",-2.421,0.321,-3.054,-1.838,0.003,0.004,15200.0,5971.0,1.0
"alpha[Demeritte, Travis]",-2.296,0.271,-2.833,-1.808,0.002,0.003,15131.0,6914.0,1.0
"alpha[Ravelo, Rangel]",-2.56,0.467,-3.463,-1.709,0.004,0.006,16043.0,5498.0,1.0
"alpha[Taylor, Tyrone]",-1.856,0.218,-2.269,-1.464,0.002,0.002,12896.0,6037.0,1.0
"alpha[Basabe, Luis Alexander]",-2.136,0.455,-2.992,-1.293,0.003,0.006,18386.0,6252.0,1.0
"alpha[Thaiss, Matt]",-2.26,0.502,-3.206,-1.307,0.004,0.007,18022.0,5042.0,1.0
"alpha[Varsho, Daulton]",-2.033,0.216,-2.433,-1.628,0.002,0.002,14206.0,6725.0,1.0
"alpha[Souza Jr., Steven]",-2.303,0.417,-3.074,-1.53,0.003,0.005,14241.0,6204.0,1.0
"alpha[Walker, Neil]",-2.28,0.505,-3.219,-1.332,0.004,0.007,16959.0,5672.0,1.0
"alpha[Strange-Gordon, Dee]",-2.187,0.428,-2.971,-1.379,0.003,0.006,17177.0,5523.0,1.0
"alpha[Barreto, Franklin]",-2.178,0.5,-3.079,-1.214,0.004,0.006,17748.0,5623.0,1.0
"alpha[Rooker, Brent]",-2.777,0.323,-3.378,-2.174,0.003,0.004,14510.0,5946.0,1.0
"alpha[Haggerty, Sam]",-1.418,0.264,-1.928,-0.943,0.002,0.003,15106.0,6618.0,1.0
"alpha[Harrison, Josh]",-2.668,0.379,-3.37,-1.94,0.003,0.005,15548.0,6497.0,1.0
"alpha[Dozier, Hunter]",-2.901,0.263,-3.378,-2.396,0.002,0.003,15002.0,6579.0,1.0
"alpha[Payton, Mark]",-2.385,0.434,-3.198,-1.56,0.003,0.005,16573.0,6437.0,1.0
"alpha[Mathias, Mark]",-2.19,0.437,-3.003,-1.37,0.003,0.006,16166.0,5284.0,1.0
"alpha[Pillar, Kevin]",-1.573,0.166,-1.879,-1.256,0.001,0.002,13409.0,7150.0,1.0
"alpha[Pache, Cristian]",-1.275,0.223,-1.709,-0.874,0.002,0.002,12878.0,6703.0,1.0
"alpha[Valaika, Pat]",-2.161,0.499,-3.05,-1.186,0.004,0.007,16533.0,5715.0,1.0
"alpha[Zimmer, Bradley]",-1.318,0.218,-1.73,-0.921,0.002,0.002,13972.0,7068.0,1.0
"alpha[González, Luis]",-2.376,0.283,-2.917,-1.855,0.002,0.003,14093.0,6408.0,1.0
"alpha[Mateo, Jorge]",-2.044,0.399,-2.812,-1.321,0.003,0.005,17320.0,5252.0,1.0
"alpha[Velazquez, Andrew]",-2.15,0.471,-3.041,-1.271,0.003,0.006,18792.0,5676.0,1.0
"alpha[Refsnyder, Rob]",-2.167,0.271,-2.68,-1.664,0.002,0.003,13350.0,6519.0,1.0
"alpha[Mullins, Cedric]",-1.243,0.144,-1.517,-0.976,0.001,0.002,13597.0,6857.0,1.0
"alpha[Almonte, Abraham]",-2.29,0.315,-2.86,-1.69,0.003,0.004,14127.0,6502.0,1.0
"alpha[Mejia, Erick]",-2.02,0.424,-2.81,-1.222,0.003,0.006,16286.0,5407.0,1.0
"alpha[Johnson, Daniel]",-2.221,0.36,-2.893,-1.544,0.003,0.004,15390.0,6426.0,1.0
"alpha[Evans, Phillip]",-2.026,0.37,-2.731,-1.346,0.003,0.004,17196.0,6218.0,1.0
"alpha[Marte, Starling]",-1.752,0.158,-2.029,-1.441,0.001,0.002,12362.0,6197.0,1.0
"alpha[Cordero, Franchy]",-2.139,0.286,-2.688,-1.608,0.002,0.003,15808.0,6505.0,1.0
"alpha[García, Adolis]",-1.855,0.185,-2.206,-1.519,0.002,0.002,12801.0,6521.0,1.0
"alpha[Reyes, Franmil]",-2.523,0.292,-3.069,-1.975,0.003,0.003,13524.0,6811.0,1.0
"alpha[McCarthy, Joe]",-2.474,0.48,-3.374,-1.591,0.004,0.007,17703.0,5439.0,1.0
"alpha[Bonifácio, Emilio]",-2.162,0.498,-3.118,-1.219,0.004,0.007,18401.0,5566.0,1.0
"alpha[Hoerner, Nico]",-2.172,0.467,-3.082,-1.328,0.003,0.006,18441.0,5750.0,1.0
"alpha[Marisnick, Jake]",-1.551,0.214,-1.945,-1.152,0.002,0.002,12321.0,6414.0,1.0
"alpha[Schrock, Max]",-2.316,0.399,-3.087,-1.591,0.003,0.005,18723.0,5544.0,1.0
"alpha[Ramos, Henry]",-2.26,0.425,-3.062,-1.463,0.003,0.005,15652.0,6115.0,1.0
"alpha[Haase, Eric]",-1.902,0.384,-2.601,-1.164,0.003,0.004,14640.0,6745.0,1.0
"alpha[Miller, Brian]",-2.108,0.516,-3.087,-1.139,0.004,0.007,17397.0,5514.0,1.0
"alpha[Gordon, Nick]",-2.031,0.249,-2.493,-1.56,0.002,0.003,14270.0,6622.0,1.0
"alpha[Isbel, Kyle]",-1.769,0.234,-2.22,-1.34,0.002,0.002,14384.0,6507.0,1.0
"alpha[Deichmann, Greg]",-2.277,0.473,-3.186,-1.387,0.004,0.006,16185.0,6160.0,1.0
"alpha[Nevin, Tyler]",-2.588,0.434,-3.375,-1.741,0.003,0.005,16889.0,5879.0,1.0
"alpha[Bell, Josh]",-2.448,0.468,-3.282,-1.527,0.003,0.006,18536.0,5912.0,1.0
"alpha[McKenna, Ryan]",-1.296,0.227,-1.707,-0.865,0.002,0.002,13835.0,6730.0,1.0
"alpha[Peters, DJ]",-2.019,0.29,-2.551,-1.465,0.002,0.004,15360.0,6645.0,1.0
"alpha[Castro, Willi]",-2.178,0.276,-2.698,-1.653,0.002,0.003,13079.0,6101.0,1.0
"alpha[Lagares, Juan]",-1.915,0.213,-2.326,-1.529,0.002,0.003,12386.0,6181.0,1.0
"alpha[Hernandez, Yadiel]",-2.395,0.258,-2.896,-1.919,0.002,0.003,14091.0,5793.0,1.0
"alpha[Friedl, TJ]",-1.892,0.275,-2.425,-1.4,0.002,0.003,13665.0,6228.0,1.0
"alpha[Herrera, Odúbel]",-1.555,0.188,-1.897,-1.199,0.002,0.002,13018.0,6688.0,1.0
"alpha[Stephenson, Tyler]",-2.402,0.514,-3.365,-1.46,0.004,0.007,17950.0,6082.0,1.0
"alpha[Rojas, Jose]",-2.085,0.35,-2.731,-1.424,0.003,0.004,17064.0,6421.0,1.0
"alpha[McCormick, Chas]",-1.419,0.195,-1.773,-1.03,0.002,0.002,13778.0,6507.0,1.0
"alpha[Nootbaar, Lars]",-2.614,0.262,-3.09,-2.108,0.002,0.003,17284.0,6685.0,1.0
"alpha[Wisdom, Patrick]",-2.685,0.374,-3.376,-1.976,0.003,0.004,14049.0,6231.0,1.0
"alpha[Hamilton, Billy]",-1.225,0.214,-1.629,-0.829,0.002,0.002,12428.0,6143.0,1.0
"alpha[DeShields, Delino]",-1.662,0.213,-2.048,-1.251,0.002,0.002,12061.0,6820.0,1.0
"alpha[Baddoo, Akil]",-1.87,0.203,-2.235,-1.47,0.002,0.002,13287.0,6917.0,1.0
"alpha[Wong, Kean]",-2.218,0.432,-3.079,-1.438,0.003,0.006,17835.0,5777.0,1.0
"alpha[Meyers, Jake]",-1.55,0.255,-2.011,-1.06,0.002,0.003,12983.0,7167.0,1.0
"alpha[Lux, Gavin]",-2.263,0.328,-2.896,-1.677,0.003,0.004,15667.0,6736.0,1.0
"alpha[Vilade, Ryan]",-2.355,0.506,-3.289,-1.408,0.004,0.007,17568.0,5932.0,1.0
"alpha[Cameron, Daz]",-2.078,0.287,-2.602,-1.535,0.003,0.003,10802.0,5687.0,1.0
"alpha[Bolt, Skye]",-1.945,0.298,-2.507,-1.386,0.003,0.003,13890.0,6385.0,1.0
"alpha[Siri, Jose]",-1.187,0.235,-1.638,-0.756,0.002,0.003,13320.0,6698.0,1.0
"alpha[Vierling, Matt]",-2.118,0.247,-2.558,-1.638,0.002,0.003,13034.0,6268.0,1.0
"alpha[Rivas III, Alfonso]",-2.338,0.441,-3.186,-1.523,0.003,0.005,17811.0,5878.0,1.0
"alpha[De La Cruz, Bryan]",-1.963,0.236,-2.405,-1.53,0.002,0.002,14113.0,6634.0,1.0
"alpha[Gonzalez, Romy]",-2.128,0.509,-3.092,-1.182,0.004,0.007,16217.0,5185.0,1.0
"alpha[Sheets, Gavin]",-2.822,0.304,-3.4,-2.25,0.003,0.004,14462.0,6342.0,1.0
"alpha[Adell, Jo]",-2.511,0.249,-2.978,-2.044,0.002,0.003,12872.0,6514.0,1.0
"alpha[Lowe, Josh]",-2.432,0.33,-3.038,-1.808,0.003,0.004,14066.0,6578.0,1.0
"alpha[Vaughn, Andrew]",-2.82,0.249,-3.281,-2.345,0.002,0.003,15103.0,6322.0,1.0
"alpha[Ruiz, Rio]",-2.172,0.517,-3.161,-1.214,0.004,0.007,18821.0,5941.0,1.0
"alpha[Alfaro, Jorge]",-2.472,0.43,-3.303,-1.668,0.003,0.006,16430.0,5530.0,1.0
"alpha[Fairchild, Stuart]",-1.427,0.342,-2.053,-0.747,0.003,0.004,15546.0,6486.0,1.0
"alpha[Arcia, Orlando]",-1.996,0.394,-2.74,-1.266,0.003,0.005,17237.0,5672.0,1.0
"alpha[Thomas, Lane]",-1.991,0.199,-2.366,-1.62,0.002,0.002,13319.0,6992.0,1.0
"alpha[Smith, Kevin]",-2.272,0.508,-3.193,-1.297,0.004,0.006,15402.0,5757.0,1.0
"alpha[Lamb, Jake]",-2.673,0.384,-3.379,-1.938,0.003,0.005,16250.0,6273.0,1.0
"alpha[Jones, Taylor]",-2.897,0.442,-3.737,-2.085,0.004,0.005,15267.0,5872.0,1.0
"alpha[Ibáñez, Andy]",-2.148,0.521,-3.139,-1.169,0.004,0.007,17823.0,5262.0,1.0
"alpha[Larnach, Trevor]",-2.602,0.264,-3.085,-2.108,0.002,0.003,13623.0,6702.0,1.0
"alpha[Park, Hoy]",-2.571,0.44,-3.361,-1.712,0.003,0.005,16477.0,6269.0,1.0
"alpha[Robson, Jacob]",-2.17,0.506,-3.121,-1.22,0.004,0.006,18819.0,5742.0,1.0
"alpha[McKinstry, Zach]",-1.961,0.345,-2.613,-1.313,0.003,0.004,14449.0,6109.0,1.0
"alpha[Williams, Luke]",-1.907,0.383,-2.67,-1.231,0.003,0.004,15302.0,6651.0,1.0
"alpha[Duran, Jarren]",-2.221,0.266,-2.728,-1.732,0.002,0.003,15338.0,6696.0,1.0
"alpha[Fargas, Johneshwy]",-1.898,0.422,-2.717,-1.131,0.003,0.006,15696.0,5655.0,1.0
"alpha[Bradley Jr., Jackie]",-1.894,0.159,-2.192,-1.597,0.001,0.002,12785.0,5944.0,1.0
"alpha[Raley, Luke]",-2.295,0.358,-2.974,-1.634,0.003,0.005,17267.0,5198.0,1.0
"alpha[LaMarre, Ryan]",-2.005,0.409,-2.745,-1.218,0.003,0.005,15007.0,6631.0,1.0
"alpha[Thomas, Dillon]",-2.131,0.437,-2.951,-1.294,0.004,0.005,15036.0,6105.0,1.0
"alpha[Reks, Zach]",-2.491,0.401,-3.235,-1.726,0.003,0.005,15615.0,5656.0,1.0
"alpha[Sánchez, Jesús]",-1.997,0.238,-2.433,-1.538,0.002,0.003,15136.0,6155.0,1.0
"alpha[Wilson, Jacob]",-2.143,0.524,-3.162,-1.183,0.004,0.008,17764.0,5091.0,1.0
"alpha[Clement, Ernie]",-2.353,0.416,-3.142,-1.577,0.003,0.005,16051.0,5489.0,1.0
"alpha[Jankowski, Travis]",-1.677,0.298,-2.209,-1.089,0.002,0.004,15021.0,6589.0,1.0
"alpha[Vosler, Jason]",-2.484,0.493,-3.435,-1.557,0.004,0.007,16795.0,5620.0,1.0
"alpha[Kirilloff, Alex]",-2.802,0.337,-3.411,-2.158,0.003,0.004,14655.0,6357.0,1.0
"alpha[Davis, Jaylin]",-2.149,0.344,-2.783,-1.504,0.003,0.004,15654.0,6241.0,1.0
"alpha[Tom, Ka'ai]",-2.343,0.373,-3.039,-1.646,0.003,0.004,15121.0,6604.0,1.0
"alpha[O'Hearn, Ryan]",-2.518,0.357,-3.197,-1.854,0.003,0.004,12447.0,6268.0,1.0
"alpha[Walton, Donovan]",-1.98,0.49,-2.889,-1.06,0.003,0.007,19799.0,5471.0,1.0
"alpha[Trammell, Taylor]",-2.065,0.275,-2.583,-1.549,0.002,0.003,14461.0,6788.0,1.0
"alpha[Blankenhorn, Travis]",-2.133,0.506,-3.095,-1.168,0.004,0.007,18172.0,5396.0,1.0
"alpha[Marcano, Tucupita]",-2.415,0.364,-3.104,-1.739,0.003,0.004,15694.0,6599.0,1.0
"alpha[Hiura, Keston]",-2.326,0.457,-3.182,-1.466,0.003,0.006,19205.0,5691.0,1.0
"alpha[Kelenic, Jarred]",-1.847,0.208,-2.231,-1.46,0.002,0.002,13250.0,6971.0,1.0
"alpha[Quinn, Roman]",-1.764,0.246,-2.221,-1.312,0.002,0.003,13889.0,6233.0,1.0
"alpha[Williams, Justin]",-2.679,0.355,-3.331,-1.989,0.003,0.004,15229.0,6644.0,1.0
"alpha[Barrera, Luis]",-1.443,0.371,-2.159,-0.769,0.003,0.004,17622.0,6529.0,1.0
"alpha[Hager, Jake]",-2.347,0.489,-3.228,-1.426,0.004,0.007,16571.0,5834.0,1.0
"alpha[Duffy, Matt]",-2.432,0.481,-3.303,-1.507,0.003,0.007,19671.0,5178.0,1.0
"alpha[Neuse, Sheldon]",-2.316,0.493,-3.215,-1.386,0.004,0.006,17094.0,6034.0,1.0
"alpha[Mathisen, Wyatt]",-2.219,0.489,-3.148,-1.3,0.003,0.007,20910.0,5113.0,1.0
"alpha[Ohtani, Shohei]",-2.176,0.524,-3.162,-1.194,0.004,0.008,17548.0,5022.0,1.0
"alpha[Bemboom, Anthony]",-2.161,0.525,-3.143,-1.143,0.004,0.007,17675.0,5537.0,1.0
"alpha[Jones, JaCoby]",-1.765,0.212,-2.158,-1.368,0.002,0.002,12878.0,6704.0,1.0
"alpha[Palacios, Joshua]",-2.369,0.38,-3.065,-1.65,0.003,0.004,15005.0,6368.0,1.0
"alpha[Young, Andrew]",-2.356,0.507,-3.35,-1.46,0.004,0.007,18515.0,5419.0,1.0
"alpha[Musgrove, Joe]",-2.15,0.516,-3.099,-1.179,0.004,0.007,15891.0,5412.0,1.0
"alpha[Blandino, Alex]",-2.165,0.522,-3.176,-1.204,0.004,0.007,17821.0,4968.0,1.0
"alpha[Farmer, Kyle]",-2.172,0.522,-3.2,-1.201,0.004,0.008,21154.0,5301.0,1.0
"alpha[Almora Jr., Albert]",-1.918,0.206,-2.305,-1.527,0.002,0.002,13490.0,6380.0,1.0
"alpha[Inciarte, Ender]",-1.469,0.202,-1.824,-1.063,0.002,0.002,11016.0,6963.0,1.0
"alpha[Azócar, José]",-1.734,0.278,-2.242,-1.19,0.002,0.003,14742.0,5888.0,1.0
"alpha[Thompson, Trayce]",-2.019,0.282,-2.551,-1.496,0.002,0.003,13697.0,6766.0,1.0
"alpha[Kwan, Steven]",-1.658,0.225,-2.089,-1.236,0.002,0.002,13354.0,6275.0,1.0
"alpha[Cabrera, Oswaldo]",-2.145,0.339,-2.787,-1.51,0.003,0.004,14425.0,6353.0,1.0
"alpha[Hicks, Aaron]",-1.614,0.186,-1.977,-1.274,0.002,0.002,13518.0,6900.0,1.0
"alpha[Velázquez, Nelson]",-2.608,0.338,-3.256,-1.973,0.003,0.004,16126.0,6357.0,1.0
"alpha[Brennan, Will]",-2.034,0.435,-2.864,-1.216,0.003,0.006,17827.0,5266.0,1.0
"alpha[Hensley, David]",-2.167,0.535,-3.133,-1.114,0.004,0.007,16041.0,4770.0,1.0
"alpha[Vargas, Miguel]",-2.41,0.473,-3.34,-1.558,0.003,0.006,18194.0,5563.0,1.0
"alpha[Bouchard, Sean]",-2.331,0.376,-3.057,-1.643,0.003,0.004,16526.0,7445.0,1.0
"alpha[Vavra, Terrin]",-2.274,0.467,-3.157,-1.419,0.003,0.006,19680.0,5387.0,1.0
"alpha[Smith, Josh]",-2.427,0.383,-3.129,-1.7,0.003,0.005,15110.0,6293.0,1.0
"alpha[Bleday, JJ]",-1.849,0.295,-2.397,-1.287,0.002,0.003,15895.0,6593.0,1.0
"alpha[Carroll, Corbin]",-1.743,0.373,-2.447,-1.047,0.003,0.004,17106.0,5796.0,1.0
"alpha[Waters, Drew]",-2.537,0.352,-3.185,-1.874,0.003,0.004,15224.0,6959.0,1.0
"alpha[Burdick, Peyton]",-2.332,0.357,-3.022,-1.693,0.003,0.004,14256.0,6348.0,1.0
"alpha[Hernández, César]",-2.106,0.446,-2.934,-1.269,0.003,0.005,18974.0,6503.0,1.0
"alpha[Thompson, Bubba]",-2.073,0.318,-2.66,-1.46,0.003,0.004,14899.0,6316.0,1.0
"alpha[Suwinski, Jack]",-2.442,0.263,-2.921,-1.938,0.002,0.003,14225.0,6116.0,1.0
"alpha[Melendez, MJ]",-2.245,0.328,-2.832,-1.617,0.003,0.004,15611.0,6587.0,1.0
"alpha[Call, Alex]",-1.908,0.36,-2.588,-1.232,0.003,0.005,16073.0,5590.0,1.0
"alpha[Contreras, Mark]",-1.873,0.363,-2.513,-1.154,0.003,0.005,16123.0,5636.0,1.0
"alpha[Calhoun, Kole]",-2.644,0.198,-3.013,-2.271,0.002,0.002,14095.0,6511.0,1.0
"alpha[Bae, Ji Hwan]",-1.869,0.458,-2.73,-1.01,0.004,0.006,17038.0,5826.0,1.0
"alpha[Yepez, Juan]",-2.911,0.384,-3.633,-2.198,0.003,0.004,13257.0,5732.0,1.0
"alpha[Stowers, Kyle]",-2.586,0.367,-3.303,-1.927,0.003,0.004,15462.0,6396.0,1.0
"alpha[Dubón, Mauricio]",-1.531,0.241,-1.993,-1.086,0.002,0.003,14313.0,6538.0,1.0
"alpha[Garrett, Stone]",-2.395,0.402,-3.112,-1.605,0.003,0.005,18055.0,5743.0,1.0
"alpha[Lopez, Alejo]",-2.035,0.484,-2.931,-1.114,0.004,0.006,18233.0,6226.0,1.0
"alpha[McCarthy, Jake]",-2.644,0.277,-3.16,-2.118,0.002,0.003,13370.0,5909.0,1.0
"alpha[Encarnacion, Jerar]",-2.226,0.423,-3.036,-1.428,0.003,0.006,15972.0,6246.0,1.0
"alpha[Palacios, Richie]",-2.485,0.375,-3.187,-1.787,0.003,0.004,14670.0,6168.0,1.0
"alpha[Garcia, Dérmis]",-2.393,0.502,-3.324,-1.454,0.004,0.007,18025.0,5480.0,1.0
"alpha[Donovan, Brendan]",-2.18,0.351,-2.826,-1.509,0.003,0.004,14745.0,6306.0,1.0
"alpha[Thomas, Cody]",-2.742,0.431,-3.528,-1.938,0.004,0.005,14509.0,5993.0,1.0
"alpha[Benson, Will]",-2.511,0.378,-3.241,-1.817,0.003,0.004,14330.0,6268.0,1.0
"alpha[Burleson, Alec]",-2.434,0.402,-3.169,-1.664,0.003,0.005,17039.0,6380.0,1.0
"alpha[Carpenter, Kerry]",-1.949,0.408,-2.738,-1.221,0.003,0.005,20002.0,5954.0,1.0
"alpha[Eaton, Nate]",-1.741,0.35,-2.377,-1.06,0.003,0.004,16640.0,6673.0,1.0
"alpha[Florial, Estevan]",-1.874,0.353,-2.548,-1.23,0.003,0.004,13453.0,6994.0,1.0
"alpha[Morel, Christopher]",-2.254,0.317,-2.867,-1.682,0.003,0.004,14316.0,5986.0,1.0
"alpha[Anderson, Brian]",-2.188,0.265,-2.7,-1.708,0.002,0.003,15124.0,6673.0,1.0
"alpha[Johnson, Bryce]",-2.316,0.445,-3.209,-1.54,0.003,0.006,16158.0,5434.0,1.0
"alpha[Ruiz, Esteury]",-1.824,0.406,-2.621,-1.091,0.003,0.005,16874.0,5898.0,1.0
"alpha[Aguilar, Ryan]",-1.95,0.444,-2.77,-1.119,0.003,0.005,16566.0,6284.0,1.0
"alpha[Stevenson, Cal]",-1.731,0.384,-2.454,-1.016,0.003,0.004,16734.0,6572.0,1.0
"alpha[Maton, Nick]",-2.394,0.407,-3.128,-1.603,0.003,0.005,15387.0,6676.0,1.0
"alpha[Sosa, Edmundo]",-2.16,0.522,-3.075,-1.138,0.004,0.008,17872.0,5348.0,1.0
"alpha[Bernard, Wynton]",-2.225,0.413,-2.984,-1.424,0.003,0.005,13995.0,6024.0,1.0
"alpha[Celestino, Gilberto]",-1.769,0.227,-2.184,-1.336,0.002,0.002,13694.0,6806.0,1.0
"alpha[Pratto, Nick]",-2.223,0.462,-3.112,-1.37,0.004,0.006,16797.0,6282.0,1.0
"alpha[Piscotty, Stephen]",-2.959,0.253,-3.433,-2.48,0.002,0.003,13828.0,6530.0,1.0
"alpha[Hernandez, Elier]",-1.942,0.483,-2.876,-1.049,0.004,0.007,15807.0,5404.0,1.0
"alpha[Lewis, Kyle]",-1.669,0.236,-2.126,-1.239,0.002,0.002,14857.0,6829.0,1.0
"alpha[Outman, James]",-2.045,0.501,-3.005,-1.12,0.004,0.007,17823.0,5512.0,1.0
"alpha[Meneses, Joey]",-2.545,0.365,-3.234,-1.876,0.003,0.004,13560.0,6074.0,1.0
"alpha[Reynolds, Matt]",-2.137,0.442,-2.957,-1.29,0.003,0.006,16066.0,5866.0,1.0
"alpha[Madris, Bligh]",-2.446,0.36,-3.112,-1.762,0.003,0.004,16228.0,6553.0,1.0
"alpha[Marsh, Brandon]",-1.855,0.206,-2.263,-1.485,0.002,0.002,14699.0,7049.0,1.0
"alpha[Mercedes, Yermín]",-2.118,0.493,-3.048,-1.225,0.004,0.006,18329.0,5860.0,1.0
"alpha[Soler, Jorge]",-2.447,0.223,-2.868,-2.03,0.002,0.002,13075.0,6377.0,1.0
"alpha[Carpenter, Matt]",-2.208,0.409,-2.969,-1.422,0.003,0.005,14434.0,6319.0,1.0
"alpha[Clemens, Kody]",-2.141,0.461,-3.013,-1.294,0.003,0.006,17910.0,5498.0,1.0
"alpha[Harrison, Monte]",-1.924,0.362,-2.607,-1.249,0.003,0.005,16287.0,5958.0,1.0
"alpha[Hummel, Cooper]",-2.225,0.369,-2.927,-1.541,0.003,0.004,15619.0,6564.0,1.0
"alpha[Mazara, Nomar]",-2.567,0.222,-2.974,-2.146,0.002,0.003,14116.0,6425.0,1.0
"alpha[Batten, Matthew]",-2.109,0.514,-3.061,-1.151,0.003,0.007,22069.0,6372.0,1.0
"alpha[Alvarez, Eddy]",-2.378,0.473,-3.29,-1.49,0.004,0.006,15412.0,5937.0,1.0
"alpha[Smith-Njigba, Canaan]",-2.362,0.5,-3.307,-1.425,0.004,0.006,20048.0,6122.0,1.0
"alpha[Ramos, Heliot]",-2.519,0.43,-3.314,-1.697,0.003,0.005,18017.0,5322.0,1.0
"alpha[Swaggerty, Travis]",-2.248,0.497,-3.226,-1.343,0.004,0.007,14874.0,5348.0,1.0
"alpha[Walker, Steele]",-2.316,0.43,-3.132,-1.54,0.003,0.005,20046.0,5594.0,1.0
"alpha[Plummer, Nick]",-2.252,0.457,-3.134,-1.436,0.004,0.006,15548.0,5867.0,1.0
"alpha[Contreras, William]",-2.629,0.501,-3.54,-1.684,0.004,0.006,14415.0,5999.0,1.0
"alpha[Mayfield, Jack]",-2.403,0.473,-3.277,-1.532,0.003,0.007,18706.0,5055.0,1.0
"alpha[Walsh, Jared]",-2.102,0.402,-2.863,-1.351,0.003,0.005,16322.0,5912.0,1.0
"alpha[Krizan, Jason]",-2.207,0.508,-3.158,-1.254,0.004,0.007,18851.0,5599.0,1.0
"alpha[Mendick, Danny]",-2.369,0.46,-3.197,-1.46,0.003,0.006,17631.0,5375.0,1.0
"alpha[Cruz, Oneil]",-2.255,0.499,-3.207,-1.33,0.004,0.007,16951.0,4985.0,1.0
"alpha[Capel, Conner]",-2.325,0.376,-3.031,-1.623,0.003,0.005,16660.0,6240.0,1.0
"alpha[Robles, Victor]",-1.289,0.136,-1.541,-1.035,0.001,0.001,12640.0,6593.0,1.0
"alpha[Bader, Harrison]",-1.304,0.159,-1.61,-1.013,0.001,0.002,12511.0,6514.0,1.0
"alpha[Springer, George]",-1.357,0.175,-1.695,-1.041,0.002,0.002,12781.0,6555.0,1.0
"alpha[Fowler, Dexter]",-2.55,0.243,-2.999,-2.095,0.002,0.003,12308.0,6049.0,1.0
"alpha[Kiermaier, Kevin]",-1.04,0.148,-1.314,-0.762,0.001,0.002,10984.0,7120.0,1.0
"alpha[Bellinger, Cody]",-1.563,0.161,-1.863,-1.264,0.001,0.002,13342.0,6413.0,1.0
"alpha[Kepler, Max]",-2.154,0.176,-2.471,-1.807,0.002,0.002,12941.0,5606.0,1.0
"alpha[Cain, Lorenzo]",-1.228,0.182,-1.57,-0.886,0.002,0.002,12924.0,6007.0,1.0
"alpha[Laureano, Ramón]",-1.828,0.168,-2.145,-1.522,0.002,0.002,12241.0,7035.0,1.0
"alpha[Heyward, Jason]",-2.011,0.182,-2.353,-1.679,0.002,0.002,13746.0,6566.0,1.0
"alpha[Grichuk, Randal]",-2.236,0.17,-2.568,-1.924,0.001,0.002,13651.0,6173.0,1.0
"alpha[García, Avisaíl]",-2.404,0.191,-2.757,-2.039,0.002,0.002,10055.0,6475.0,1.0
"alpha[Marte, Ketel]",-1.741,0.212,-2.131,-1.333,0.002,0.003,14487.0,6032.0,1.0
"alpha[Trout, Mike]",-1.402,0.163,-1.691,-1.079,0.001,0.002,13115.0,5937.0,1.0
"alpha[Betts, Mookie]",-2.346,0.18,-2.685,-2.013,0.002,0.002,11318.0,6112.0,1.0
"alpha[Buxton, Byron]",-1.24,0.182,-1.571,-0.883,0.002,0.002,12167.0,6820.0,1.0
"alpha[Senzel, Nick]",-1.528,0.185,-1.876,-1.182,0.002,0.002,14621.0,6643.0,1.0
"alpha[Conforto, Michael]",-2.753,0.195,-3.115,-2.39,0.002,0.002,14504.0,6157.0,1.0
"alpha[Jones, Adam]",-2.824,0.281,-3.351,-2.3,0.002,0.003,12919.0,6084.0,1.0
"alpha[Rivera, Yadiel]",-2.148,0.5,-3.099,-1.224,0.004,0.007,18445.0,5303.0,1.0
"alpha[Martin, Leonys]",-1.717,0.269,-2.231,-1.23,0.002,0.003,13594.0,6346.0,1.0
"alpha[Haniger, Mitch]",-2.015,0.203,-2.401,-1.64,0.002,0.002,15391.0,6204.0,1.0
"alpha[Robinson, Drew]",-2.096,0.516,-3.026,-1.082,0.004,0.008,17626.0,5084.0,1.0
"alpha[Mahtook, Mikie]",-2.014,0.429,-2.812,-1.201,0.003,0.006,15315.0,5324.0,1.0
"alpha[Robert Jr., Luis]",-1.368,0.191,-1.729,-1.015,0.002,0.002,11672.0,7128.0,1.0
"alpha[Taveras, Leody]",-1.364,0.185,-1.718,-1.02,0.002,0.002,13377.0,6256.0,1.0
"alpha[Hill, Derek]",-1.545,0.239,-1.984,-1.102,0.002,0.003,15295.0,6910.0,1.0
"alpha[Tucker, Cole]",-2.705,0.336,-3.323,-2.057,0.003,0.004,14429.0,6406.0,1.0
"alpha[Torreyes, Ronald]",-2.038,0.503,-2.967,-1.09,0.004,0.006,18263.0,5387.0,1.0
"alpha[Harper, Bryce]",-2.692,0.196,-3.05,-2.323,0.002,0.002,12530.0,6563.0,1.0
"alpha[Whitefield, Aaron]",-2.162,0.462,-3.017,-1.274,0.004,0.006,17275.0,5566.0,1.0
"alpha[Villar, Jonathan]",-2.053,0.494,-2.943,-1.112,0.003,0.006,20842.0,6362.0,1.0
"alpha[Tatis Jr., Fernando]",-2.383,0.411,-3.145,-1.605,0.003,0.005,14250.0,6617.0,1.0
"alpha[Barrero, José]",-1.64,0.464,-2.553,-0.81,0.004,0.006,15650.0,5414.0,1.0
"alpha[Judge, Aaron]",-1.814,0.167,-2.125,-1.493,0.001,0.002,12574.0,6199.0,1.0
"alpha[Bruján, Vidal]",-2.007,0.422,-2.78,-1.19,0.003,0.005,19896.0,5687.0,1.0
"alpha[Andreoli, John]",-1.939,0.503,-2.864,-0.952,0.004,0.007,17219.0,5251.0,1.0
"alpha[Difo, Wilmer]",-2.843,0.421,-3.634,-2.074,0.003,0.005,16268.0,5967.0,1.0
"alpha[Fowler, Dustin]",-1.616,0.404,-2.404,-0.89,0.003,0.005,15456.0,5831.0,1.0
"alpha[Hurst, Scott]",-2.142,0.527,-3.124,-1.167,0.004,0.007,19233.0,5648.0,1.0
"alpha[Siani, Michael]",-2.303,0.463,-3.213,-1.471,0.004,0.006,16540.0,5303.0,1.0
"alpha[DeLuzio, Ben]",-1.657,0.44,-2.474,-0.808,0.003,0.006,16668.0,5468.0,1.0
"alpha[Greene, Riley]",-1.304,0.238,-1.764,-0.867,0.002,0.002,14223.0,6908.0,1.0
"alpha[Rodríguez, Julio]",-1.531,0.225,-1.95,-1.108,0.002,0.002,13845.0,6579.0,1.0
"alpha[Harris II, Michael]",-1.473,0.238,-1.933,-1.047,0.002,0.002,14443.0,7023.0,1.0
"alpha[Mitchell, Garrett]",-1.919,0.399,-2.68,-1.163,0.003,0.005,17231.0,5916.0,1.0
"alpha[Kreidler, Ryan]",-2.22,0.518,-3.165,-1.221,0.004,0.007,14755.0,5655.0,1.0
"alpha[Thomas, Alek]",-1.701,0.227,-2.143,-1.29,0.002,0.003,12991.0,5959.0,1.0
"alpha[Crook, Narciso]",-2.133,0.48,-3.025,-1.227,0.004,0.007,14988.0,5443.0,1.0
"alpha[Lopez, Otto]",-2.193,0.521,-3.181,-1.225,0.004,0.007,18939.0,5181.0,1.0
"alpha[Lee, Khalil]",-2.177,0.478,-3.106,-1.305,0.004,0.006,15692.0,5401.0,1.0
"alpha[Lewis, Royce]",-2.079,0.502,-2.982,-1.118,0.004,0.006,17562.0,6173.0,1.0
"alpha[Hicklen, Brewer]",-2.112,0.513,-3.084,-1.173,0.004,0.007,18679.0,5421.0,1.0
"alpha[Blanco, Dairon]",-1.904,0.467,-2.735,-0.977,0.003,0.006,20076.0,5466.0,1.0
"alpha[McDonald, Mickey]",-2.087,0.508,-3.051,-1.13,0.004,0.008,19532.0,4860.0,1.0
"alpha[Muzziotti, Símon]",-1.758,0.478,-2.645,-0.844,0.003,0.006,19523.0,5553.0,1.0
"alpha[Blackmon, Charlie]",-3.155,0.215,-3.582,-2.767,0.002,0.003,12085.0,6015.0,1.0
"alpha[Palka, Daniel]",-0.475,0.267,-0.988,0.013,0.002,0.004,16453.0,5938.0,1.0
"alpha[Wendle, Joey]",-2.172,0.533,-3.194,-1.206,0.004,0.007,16504.0,5229.0,1.0
"alpha[Puig, Yasiel]",-2.587,0.245,-3.069,-2.137,0.002,0.003,13876.0,5677.0,1.0
"alpha[Joseph, Corban]",-2.136,0.509,-3.115,-1.233,0.004,0.007,18957.0,5990.0,1.0
"alpha[Goins, Ryan]",-2.673,0.464,-3.54,-1.798,0.004,0.005,15643.0,6626.0,1.0
"alpha[Cooper, Garrett]",-2.545,0.352,-3.191,-1.887,0.003,0.004,15987.0,5925.0,1.0
"alpha[Thames, Eric]",-2.16,0.489,-3.033,-1.197,0.004,0.007,17918.0,5498.0,1.0
"alpha[Nola, Austin]",-2.306,0.499,-3.194,-1.305,0.004,0.007,16405.0,5443.0,1.0
"alpha[Sogard, Eric]",-1.963,0.484,-2.864,-1.053,0.004,0.006,17738.0,5825.0,1.0
"alpha[Contreras, Willson]",-1.954,0.513,-2.906,-0.998,0.004,0.007,17201.0,5261.0,1.0
"alpha[Polanco, Gregory]",-2.695,0.236,-3.134,-2.259,0.002,0.003,14269.0,7149.0,1.0
"alpha[Davis, Chris]",-2.129,0.508,-3.121,-1.214,0.004,0.007,16193.0,5419.0,1.0
"alpha[Adduci, James]",-2.057,0.489,-2.955,-1.109,0.004,0.006,19178.0,6128.0,1.0
"alpha[Bote, David]",-2.129,0.507,-3.061,-1.174,0.004,0.007,18389.0,4726.0,1.0
"alpha[Hanson, Alen]",-2.284,0.497,-3.213,-1.357,0.004,0.007,19202.0,5838.0,1.0
"alpha[Reed, Michael]",-2.361,0.489,-3.323,-1.494,0.004,0.006,16870.0,5344.0,1.0
"alpha[Núñez, Eduardo]",-2.153,0.51,-3.11,-1.189,0.004,0.007,19043.0,4862.0,1.0
"alpha[Motter, Taylor]",-2.061,0.51,-3.0,-1.097,0.004,0.007,16481.0,5750.0,1.0
"alpha[Amburgey, Trey]",-1.836,0.478,-2.768,-0.968,0.004,0.007,16971.0,5688.0,1.0
"alpha[Rengifo, Luis]",-2.39,0.4,-3.132,-1.628,0.003,0.005,16025.0,6092.0,1.0
"alpha[Stokes Jr., Troy]",-2.149,0.459,-3.045,-1.311,0.004,0.007,17213.0,4600.0,1.0
"alpha[Kivlehan, Patrick]",-2.164,0.515,-3.124,-1.193,0.004,0.007,19019.0,5830.0,1.0
"alpha[Owen, Hunter]",-2.307,0.51,-3.266,-1.348,0.004,0.007,17681.0,5809.0,1.0
"alpha[Ray, Corey]",-2.098,0.512,-3.059,-1.146,0.004,0.007,18181.0,5413.0,1.0
"alpha[Gonzalez, Oscar]",-2.419,0.293,-2.953,-1.852,0.002,0.004,16238.0,5580.0,1.0
"alpha[Suzuki, Seiya]",-2.641,0.294,-3.17,-2.071,0.003,0.003,13571.0,6348.0,1.0
"alpha[Davis, Brendon]",-2.317,0.491,-3.259,-1.431,0.004,0.007,18448.0,5183.0,1.0
"alpha[Wallner, Matt]",-2.283,0.415,-3.07,-1.518,0.003,0.005,15442.0,6233.0,1.0
"alpha[Mastrobuoni, Miles]",-2.074,0.502,-3.021,-1.148,0.004,0.007,19000.0,5162.0,1.0
"alpha[Guthrie, Dalton]",-2.273,0.438,-3.068,-1.439,0.003,0.006,18213.0,5297.0,1.0
"alpha[Toglia, Michael]",-2.892,0.392,-3.619,-2.149,0.003,0.005,15564.0,5679.0,1.0
"alpha[Mitchell, Cal]",-2.494,0.318,-3.104,-1.928,0.003,0.004,14293.0,6042.0,1.0
"alpha[Castillo, Diego]",-2.536,0.376,-3.219,-1.812,0.003,0.005,17445.0,6179.0,1.0
"alpha[Jones, Nolan]",-1.821,0.388,-2.55,-1.083,0.003,0.005,15418.0,5836.0,1.0
"alpha[Díaz, Yusniel]",-2.16,0.523,-3.166,-1.199,0.004,0.007,20462.0,5460.0,1.0
"alpha[Arroyo, Christian]",-2.67,0.405,-3.413,-1.886,0.003,0.005,15594.0,5887.0,1.0
"alpha[Wilson, Marcus]",-2.307,0.507,-3.254,-1.363,0.004,0.007,19370.0,5591.0,1.0
"alpha[Abrams, CJ]",-2.123,0.502,-3.056,-1.203,0.004,0.007,19444.0,5910.0,1.0
"alpha[Lopes, Christian]",-2.152,0.512,-3.094,-1.172,0.004,0.007,16804.0,5316.0,1.0
"beta_speed[Gardner, Brett]",-17.308,0.957,-19.064,-15.507,0.008,0.012,12847.0,6201.0,1.0
"beta_speed[Brantley, Michael]",-18.434,1.037,-20.514,-16.628,0.008,0.012,15138.0,6467.0,1.0
"beta_speed[Soto, Juan]",-17.662,0.814,-19.267,-16.204,0.007,0.009,13664.0,6038.0,1.0
"beta_speed[Ozuna, Marcell]",-17.862,1.028,-19.803,-16.005,0.009,0.012,12560.0,6004.0,1.0
"beta_speed[Maybin, Cameron]",-18.003,1.263,-20.376,-15.597,0.011,0.015,14000.0,6297.0,1.0
"beta_speed[Díaz, Aledmys]",-17.603,1.438,-20.385,-14.99,0.012,0.018,15366.0,5950.0,1.0
"beta_speed[Stanton, Giancarlo]",-18.281,1.24,-20.49,-15.873,0.011,0.013,11892.0,6332.0,1.0
"beta_speed[Meadows, Austin]",-17.365,1.03,-19.301,-15.461,0.009,0.012,12618.0,6438.0,1.0
"beta_speed[Duvall, Adam]",-18.918,0.999,-20.808,-17.07,0.008,0.013,15323.0,5790.0,1.0
"beta_speed[Taylor, Chris]",-18.594,1.079,-20.668,-16.633,0.01,0.012,12328.0,6390.0,1.0
"beta_speed[Hernández, Enrique]",-17.332,1.037,-19.226,-15.386,0.01,0.013,10922.0,6592.0,1.0
"beta_speed[Markakis, Nick]",-18.975,1.158,-21.038,-16.734,0.01,0.014,13320.0,5672.0,1.0
"beta_speed[Beaty, Matt]",-18.091,1.343,-20.601,-15.559,0.011,0.016,14529.0,6443.0,1.0
"beta_speed[Cave, Jake]",-20.451,1.168,-22.587,-18.209,0.01,0.014,14254.0,6209.0,1.0
"beta_speed[Pollock, AJ]",-18.182,0.948,-19.867,-16.331,0.008,0.011,13845.0,6659.0,1.0
"beta_speed[Gamel, Ben]",-18.901,1.027,-20.784,-16.971,0.01,0.012,11278.0,6326.0,1.0
"beta_speed[Alvarez, Yordan]",-17.467,1.178,-19.69,-15.263,0.01,0.015,14247.0,6110.0,1.0
"beta_speed[Reddick, Josh]",-18.897,1.092,-20.889,-16.861,0.01,0.013,13049.0,5903.0,1.0
"beta_speed[Davis, J.D.]",-17.181,1.226,-19.462,-14.875,0.01,0.015,15191.0,6004.0,1.0
"beta_speed[Allen, Greg]",-17.955,1.188,-20.196,-15.761,0.01,0.013,13399.0,6629.0,1.0
"beta_speed[Stevenson, Andrew]",-18.174,1.383,-20.716,-15.55,0.011,0.017,15332.0,5839.0,1.0
"beta_speed[Bauers, Jake]",-17.821,1.264,-20.17,-15.489,0.012,0.015,11982.0,6178.0,1.0
"beta_speed[Wade Jr., LaMonte]",-17.669,1.182,-19.886,-15.513,0.01,0.014,14085.0,6243.0,1.0
"beta_speed[McBroom, Ryan]",-17.805,1.522,-20.633,-14.921,0.013,0.019,14379.0,5888.0,1.0
"beta_speed[Gordon, Alex]",-19.816,1.162,-22.06,-17.701,0.01,0.014,14449.0,6702.0,1.0
"beta_speed[Tapia, Raimel]",-18.101,0.963,-19.964,-16.286,0.009,0.012,12583.0,5433.0,1.0
"beta_speed[Spangenberg, Cory]",-18.203,1.761,-21.475,-14.884,0.014,0.023,15888.0,5763.0,1.0
"beta_speed[Mancini, Trey]",-17.545,1.224,-19.886,-15.299,0.01,0.016,13919.0,6038.0,1.0
"beta_speed[Hernández, Gorkys]",-18.653,1.616,-21.69,-15.608,0.012,0.019,17238.0,6260.0,1.0
"beta_speed[Gonzalez, Marwin]",-16.028,1.169,-18.242,-13.875,0.01,0.013,14076.0,6276.0,1.0
"beta_speed[Pham, Tommy]",-18.229,0.939,-19.897,-16.374,0.008,0.011,12624.0,6494.0,1.0
"beta_speed[Braun, Ryan]",-19.2,1.242,-21.552,-16.922,0.01,0.014,14394.0,6323.0,1.0
"beta_speed[Jiménez, Eloy]",-16.853,1.028,-18.849,-15.02,0.009,0.013,13833.0,5761.0,1.0
"beta_speed[Stewart, Christin]",-18.717,1.267,-21.088,-16.354,0.01,0.015,14842.0,6701.0,1.0
"beta_speed[Granderson, Curtis]",-16.29,1.218,-18.632,-14.009,0.01,0.014,14413.0,5908.0,1.0
"beta_speed[Miller, Brad]",-17.799,1.327,-20.258,-15.27,0.011,0.015,14652.0,6576.0,1.0
"beta_speed[Hernández, Teoscar]",-17.732,0.881,-19.415,-16.088,0.007,0.011,14592.0,5813.0,1.0
"beta_speed[Calhoun, Willie]",-17.913,1.173,-20.177,-15.768,0.01,0.014,14427.0,6211.0,1.0
"beta_speed[García, Robel]",-17.2,1.689,-20.244,-13.972,0.013,0.023,17790.0,5535.0,1.0
"beta_speed[Schwarber, Kyle]",-17.544,0.884,-19.261,-15.957,0.008,0.01,11904.0,6513.0,1.0
"beta_speed[Dickerson, Alex]",-18.494,1.166,-20.759,-16.331,0.01,0.014,13967.0,6257.0,1.0
"beta_speed[Grossman, Robbie]",-19.325,0.92,-21.042,-17.529,0.008,0.011,13500.0,6050.0,1.0
"beta_speed[Long Jr., Shed]",-18.428,1.405,-21.033,-15.841,0.012,0.016,14674.0,6428.0,1.0
"beta_speed[VanMeter, Josh]",-17.874,1.418,-20.713,-15.352,0.012,0.016,14110.0,5873.0,1.0
"beta_speed[Elmore, Jake]",-17.301,1.602,-20.346,-14.336,0.012,0.019,16576.0,6140.0,1.0
"beta_speed[Davis, Rajai]",-18.347,1.744,-21.635,-15.064,0.013,0.025,17370.0,5097.0,1.0
"beta_speed[Travis, Sam]",-18.011,1.554,-20.942,-15.131,0.012,0.019,16783.0,6039.0,1.0
"beta_speed[Rojas, Josh]",-18.17,1.269,-20.51,-15.746,0.01,0.015,15223.0,5876.0,1.0
"beta_speed[Myers, Wil]",-19.21,1.043,-21.158,-17.265,0.009,0.012,13321.0,6576.0,1.0
"beta_speed[Straw, Myles]",-16.664,0.917,-18.344,-14.926,0.008,0.01,13635.0,6276.0,1.0
"beta_speed[Ward, Taylor]",-19.442,1.07,-21.413,-17.391,0.009,0.013,14086.0,6511.0,1.0
"beta_speed[Gosselin, Phil]",-16.956,1.262,-19.448,-14.735,0.011,0.015,13991.0,6185.0,1.0
"beta_speed[Dean, Austin]",-17.09,1.341,-19.599,-14.54,0.011,0.018,13951.0,5284.0,1.0
"beta_speed[Ramírez, Harold]",-19.745,1.092,-21.861,-17.762,0.01,0.012,12049.0,6156.0,1.0
"beta_speed[Frazier, Clint]",-18.138,1.176,-20.314,-15.885,0.009,0.015,15443.0,5436.0,1.0
"beta_speed[García, Leury]",-16.7,1.047,-18.732,-14.819,0.009,0.012,14463.0,6320.0,1.0
"beta_speed[Rodríguez, Ronny]",-18.013,1.749,-21.32,-14.815,0.013,0.023,18693.0,5439.0,1.0
"beta_speed[Rickard, Joey]",-17.772,1.458,-20.399,-14.937,0.013,0.017,13291.0,6444.0,1.0
"beta_speed[Lopes, Tim]",-18.023,1.348,-20.434,-15.392,0.011,0.016,15601.0,6398.0,1.0
"beta_speed[Ervin, Phillip]",-18.127,1.323,-20.722,-15.76,0.011,0.015,14212.0,6478.0,1.0
"beta_speed[Luplow, Jordan]",-19.174,1.139,-21.315,-17.034,0.01,0.013,13156.0,6270.0,1.0
"beta_speed[Kramer, Kevin]",-17.818,1.626,-20.904,-14.833,0.013,0.02,16885.0,6099.0,1.0
"beta_speed[Nimmo, Brandon]",-18.884,1.014,-20.782,-17.0,0.009,0.011,12885.0,6755.0,1.0
"beta_speed[McNeil, Jeff]",-19.422,1.199,-21.616,-17.106,0.01,0.013,13685.0,6428.0,1.0
"beta_speed[Cordell, Ryan]",-18.716,1.322,-21.241,-16.249,0.011,0.016,14690.0,6778.0,1.0
"beta_speed[Benintendi, Andrew]",-16.813,0.893,-18.507,-15.165,0.008,0.011,11315.0,5906.0,1.0
"beta_speed[Yastrzemski, Mike]",-18.569,0.918,-20.308,-16.871,0.008,0.01,12528.0,6569.0,1.0
"beta_speed[Moore, Dylan]",-19.252,1.214,-21.503,-16.981,0.01,0.016,14186.0,5591.0,1.0
"beta_speed[Brown, Seth]",-17.101,1.07,-19.07,-15.086,0.01,0.012,10491.0,5727.0,1.0
"beta_speed[Naylor, Josh]",-17.49,1.18,-19.723,-15.258,0.01,0.014,12896.0,5759.0,1.0
"beta_speed[Kemp, Tony]",-17.089,1.198,-19.496,-14.988,0.011,0.014,12980.0,5999.0,1.0
"beta_speed[Parra, Gerardo]",-18.217,1.288,-20.718,-15.918,0.011,0.014,13368.0,6242.0,1.0
"beta_speed[Miller, Ian]",-18.89,1.642,-22.003,-15.867,0.013,0.025,16451.0,5102.0,1.0
"beta_speed[Dixon, Brandon]",-19.053,1.547,-21.927,-16.134,0.013,0.019,15473.0,5692.0,1.0
"beta_speed[Fletcher, David]",-18.719,1.554,-21.623,-15.78,0.013,0.021,14991.0,5915.0,1.0
"beta_speed[Tucker, Kyle]",-19.217,0.962,-21.068,-17.432,0.008,0.012,14403.0,6239.0,1.0
"beta_speed[Hermosillo, Michael]",-18.145,1.341,-20.59,-15.548,0.012,0.015,13383.0,6154.0,1.0
"beta_speed[Smith Jr., Dwight]",-17.576,1.218,-19.708,-15.176,0.011,0.015,13173.0,6397.0,1.0
"beta_speed[Heineman, Scott]",-19.463,1.486,-22.275,-16.711,0.012,0.017,15849.0,6862.0,1.0
"beta_speed[Wade, Tyler]",-17.465,1.407,-20.145,-14.922,0.013,0.017,12685.0,5022.0,1.0
"beta_speed[Pinder, Chad]",-18.839,1.088,-20.876,-16.789,0.01,0.013,13104.0,6140.0,1.0
"beta_speed[Hilliard, Sam]",-17.443,1.05,-19.349,-15.42,0.009,0.012,13315.0,6183.0,1.0
"beta_speed[Martini, Nick]",-17.741,1.422,-20.558,-15.219,0.012,0.016,14176.0,6673.0,1.0
"beta_speed[Haseley, Adam]",-18.982,1.259,-21.29,-16.564,0.011,0.015,12753.0,6292.0,1.0
"beta_speed[Rosario, Eddie]",-17.361,0.913,-19.103,-15.728,0.008,0.011,12687.0,5868.0,1.0
"beta_speed[Wilkerson, Stevie]",-17.787,1.266,-20.033,-15.246,0.011,0.014,12669.0,5976.0,1.0
"beta_speed[Desmond, Ian]",-17.675,1.189,-19.934,-15.508,0.01,0.014,13757.0,6185.0,1.0
"beta_speed[Arraez, Luis]",-18.276,1.369,-20.99,-15.906,0.012,0.016,14148.0,6117.0,1.0
"beta_speed[O'Neill, Tyler]",-20.052,1.086,-22.113,-18.015,0.009,0.015,14245.0,5691.0,1.0
"beta_speed[Fisher, Derek]",-16.799,1.432,-19.599,-14.213,0.012,0.017,15417.0,6019.0,1.0
"beta_speed[González, Erik]",-17.631,1.681,-20.699,-14.419,0.012,0.02,19675.0,5727.0,1.0
"beta_speed[Peraza, José]",-16.322,1.413,-18.996,-13.761,0.012,0.016,13424.0,6333.0,1.0
"beta_speed[Reyes, Pablo]",-17.89,1.43,-20.596,-15.319,0.012,0.016,14813.0,7009.0,1.0
"beta_speed[Heredia, Guillermo]",-18.292,1.093,-20.314,-16.218,0.01,0.014,12603.0,5536.0,1.0
"beta_speed[Holt, Brock]",-17.488,1.474,-20.159,-14.681,0.013,0.017,13756.0,6065.0,1.0
"beta_speed[Pirela, José]",-18.396,1.713,-21.584,-15.272,0.014,0.022,14350.0,5435.0,1.0
"beta_speed[Merrifield, Whit]",-17.781,1.075,-19.816,-15.811,0.01,0.013,12259.0,6003.0,1.0
"beta_speed[Bishop, Braden]",-19.37,1.559,-22.201,-16.302,0.012,0.018,15806.0,6121.0,1.0
"beta_speed[Alford, Anthony]",-17.099,1.295,-19.583,-14.753,0.012,0.014,12705.0,6609.0,1.0
"beta_speed[McKinney, Billy]",-18.366,1.233,-20.667,-16.024,0.011,0.015,13052.0,6124.0,1.0
"beta_speed[Locastro, Tim]",-17.622,1.141,-19.832,-15.563,0.009,0.014,14970.0,6318.0,1.0
"beta_speed[Gurriel Jr., Lourdes]",-17.595,0.945,-19.346,-15.79,0.008,0.01,13197.0,6303.0,1.0
"beta_speed[Santander, Anthony]",-18.781,0.958,-20.542,-16.966,0.008,0.012,13802.0,5533.0,1.0
"beta_speed[Berti, Jon]",-17.797,1.337,-20.261,-15.251,0.011,0.015,14024.0,6497.0,1.0
"beta_speed[Stubbs, Garrett]",-18.488,1.678,-21.638,-15.353,0.012,0.023,20235.0,5973.0,1.0
"beta_speed[Reyes, Victor]",-18.188,1.031,-20.226,-16.365,0.009,0.012,13391.0,6329.0,1.0
"beta_speed[Rios, Edwin]",-17.981,1.803,-21.39,-14.655,0.013,0.025,19638.0,5660.0,1.0
"beta_speed[Castellanos, Nick]",-18.658,0.871,-20.302,-17.039,0.008,0.011,12396.0,5663.0,1.0
"beta_speed[Davis, Johnny]",-18.138,1.796,-21.614,-14.809,0.013,0.026,20111.0,5276.0,1.0
"beta_speed[Phillips, Brett]",-20.352,1.22,-22.57,-18.005,0.011,0.015,12682.0,6185.0,1.0
"beta_speed[Grisham, Trent]",-16.967,0.913,-18.664,-15.23,0.008,0.011,13427.0,6134.0,1.0
"beta_speed[Vogt, Stephen]",-18.705,1.714,-21.796,-15.403,0.013,0.023,17331.0,5315.0,1.0
"beta_speed[Dickerson, Corey]",-15.53,0.962,-17.349,-13.767,0.008,0.011,13612.0,6245.0,1.0
"beta_speed[Camargo, Johan]",-18.405,1.606,-21.515,-15.501,0.012,0.02,16734.0,6323.0,1.0
"beta_speed[Williams, Mason]",-17.86,1.485,-20.727,-15.124,0.012,0.018,15734.0,6281.0,1.0
"beta_speed[Rodríguez, Sean]",-18.332,1.689,-21.527,-15.222,0.013,0.023,17892.0,4901.0,1.0
"beta_speed[Tauchman, Mike]",-19.154,1.19,-21.441,-16.953,0.011,0.014,12348.0,5663.0,1.0
"beta_speed[Slater, Austin]",-17.119,1.103,-19.139,-14.998,0.01,0.012,11915.0,6630.0,1.0
"beta_speed[Smith, Mallex]",-16.153,1.149,-18.383,-14.024,0.01,0.014,13354.0,5904.0,1.0
"beta_speed[Herrmann, Chris]",-17.986,1.774,-21.241,-14.606,0.013,0.027,19551.0,4801.0,1.0
"beta_speed[Upton, Justin]",-19.105,1.141,-21.291,-17.032,0.01,0.014,12697.0,6020.0,1.0
"beta_speed[Goodwin, Brian]",-17.598,1.007,-19.378,-15.575,0.009,0.012,11571.0,6190.0,1.0
"beta_speed[Ortega, Rafael]",-19.474,1.202,-21.73,-17.236,0.011,0.014,12557.0,5765.0,1.0
"beta_speed[Riley, Austin]",-18.003,1.378,-20.727,-15.552,0.012,0.015,14296.0,6346.0,1.0
"beta_speed[Reynolds, Bryan]",-17.479,0.865,-19.141,-15.896,0.008,0.01,12972.0,6393.0,1.0
"beta_speed[Davis, Jonathan]",-16.265,1.234,-18.519,-13.864,0.011,0.014,13403.0,6454.0,1.0
"beta_speed[Profar, Jurickson]",-18.459,1.051,-20.403,-16.504,0.009,0.011,13183.0,6685.0,1.0
"beta_speed[Dietrich, Derek]",-18.407,1.665,-21.585,-15.354,0.013,0.021,15989.0,5791.0,1.0
"beta_speed[Starling, Bubba]",-18.337,1.352,-20.915,-15.814,0.012,0.016,13346.0,5867.0,1.0
"beta_speed[Broxton, Keon]",-18.275,1.372,-20.72,-15.533,0.011,0.016,14265.0,5953.0,1.0
"beta_speed[O'Grady, Brian]",-17.947,1.56,-20.947,-15.139,0.012,0.02,15780.0,6111.0,1.0
"beta_speed[Stewart, DJ]",-17.901,1.179,-20.102,-15.723,0.01,0.013,12895.0,6696.0,1.0
"beta_speed[Bryant, Kris]",-20.143,1.246,-22.458,-17.782,0.01,0.015,14197.0,5855.0,1.0
"beta_speed[Court, Ryan]",-17.429,1.679,-20.692,-14.403,0.013,0.021,16465.0,5694.0,1.0
"beta_speed[Drury, Brandon]",-18.737,1.523,-21.766,-16.022,0.012,0.018,15018.0,6522.0,1.0
"beta_speed[Happ, Ian]",-18.201,0.978,-20.1,-16.424,0.009,0.012,12782.0,6188.0,1.0
"beta_speed[Mercado, Óscar]",-17.941,1.034,-19.986,-16.125,0.009,0.012,13260.0,6075.0,1.0
"beta_speed[Pederson, Joc]",-18.351,0.986,-20.162,-16.479,0.009,0.011,12857.0,6034.0,1.0
"beta_speed[Naquin, Tyler]",-17.99,0.948,-19.782,-16.264,0.008,0.012,15284.0,6037.0,1.0
"beta_speed[Martinez, J.D.]",-17.746,1.245,-20.093,-15.455,0.011,0.016,13564.0,6505.0,1.0
"beta_speed[Lorenzen, Michael]",-17.416,1.595,-20.3,-14.385,0.012,0.02,17809.0,6410.0,1.0
"beta_speed[Peterson, Jace]",-18.693,1.368,-21.188,-16.038,0.011,0.018,14409.0,5759.0,1.0
"beta_speed[Peralta, David]",-20.513,0.981,-22.276,-18.619,0.009,0.011,12248.0,6246.0,1.0
"beta_speed[Muñoz, Yairo]",-18.751,1.457,-21.43,-15.979,0.012,0.016,15283.0,6716.0,1.0
"beta_speed[Dyson, Jarrod]",-19.694,1.163,-21.811,-17.453,0.01,0.012,12486.0,6450.0,1.0
"beta_speed[Avelino, Abiatal]",-18.007,1.803,-21.321,-14.494,0.013,0.026,19851.0,5269.0,1.0
"beta_speed[Brosseau, Mike]",-17.335,1.588,-20.331,-14.427,0.012,0.021,18211.0,6152.0,1.0
"beta_speed[Daza, Yonathan]",-18.059,1.044,-20.032,-16.133,0.01,0.011,11665.0,6776.0,1.0
"beta_speed[Mejía, Francisco]",-18.091,1.787,-21.341,-14.588,0.013,0.024,17949.0,5707.0,1.0
"beta_speed[Garlick, Kyle]",-17.775,1.195,-20.004,-15.567,0.01,0.014,14865.0,6413.0,1.0
"beta_speed[Choo, Shin-Soo]",-18.392,1.188,-20.603,-16.143,0.01,0.014,13090.0,5882.0,1.0
"beta_speed[Rosario, Amed]",-18.769,1.585,-21.859,-15.874,0.012,0.021,16722.0,6235.0,1.0
"beta_speed[Altherr, Aaron]",-18.517,1.576,-21.499,-15.557,0.012,0.02,16139.0,6164.0,1.0
"beta_speed[Acuña Jr., Ronald]",-17.742,0.901,-19.405,-15.982,0.008,0.01,12954.0,6032.0,1.0
"beta_speed[Winker, Jesse]",-19.012,0.995,-20.876,-17.171,0.009,0.012,12467.0,5579.0,1.0
"beta_speed[Culberson, Charlie]",-17.958,1.4,-20.58,-15.382,0.011,0.018,14850.0,5755.0,1.0
"beta_speed[Negrón, Kristopher]",-18.502,1.558,-21.449,-15.629,0.013,0.018,14060.0,6065.0,1.0
"beta_speed[Castro, Harold]",-17.855,1.292,-20.193,-15.338,0.011,0.015,12924.0,6744.0,1.0
"beta_speed[Belt, Brandon]",-17.268,1.534,-20.169,-14.343,0.012,0.018,17710.0,6005.0,1.0
"beta_speed[Alberto, Hanser]",-17.526,1.616,-20.566,-14.497,0.012,0.022,18164.0,5183.0,1.0
"beta_speed[Bruce, Jay]",-18.857,1.361,-21.537,-16.435,0.011,0.016,14777.0,6293.0,1.0
"beta_speed[Verdugo, Alex]",-16.066,0.831,-17.601,-14.527,0.007,0.01,13328.0,5655.0,1.0
"beta_speed[Beckham, Tim]",-16.56,1.512,-19.441,-13.78,0.012,0.017,15013.0,6310.0,1.0
"beta_speed[Cabrera, Melky]",-18.379,1.288,-20.777,-15.939,0.011,0.016,14022.0,5955.0,1.0
"beta_speed[Kingery, Scott]",-20.303,1.384,-23.041,-17.8,0.012,0.016,14093.0,5737.0,1.0
"beta_speed[Jay, Jon]",-17.969,1.364,-20.447,-15.375,0.012,0.016,13388.0,5944.0,1.0
"beta_speed[Velasquez, Vince]",-18.162,1.74,-21.554,-15.032,0.013,0.024,18983.0,5428.0,1.0
"beta_speed[Renfroe, Hunter]",-19.717,0.98,-21.515,-17.859,0.009,0.011,12170.0,6536.0,1.0
"beta_speed[Osuna, José]",-17.773,1.47,-20.468,-14.926,0.011,0.017,16601.0,6448.0,1.0
"beta_speed[Yelich, Christian]",-19.482,0.981,-21.352,-17.687,0.008,0.012,14345.0,5804.0,1.0
"beta_speed[Goodrum, Niko]",-16.711,1.339,-19.315,-14.309,0.01,0.016,16353.0,5980.0,1.0
"beta_speed[Smith, Dominic]",-18.346,1.192,-20.54,-16.086,0.01,0.015,13437.0,6091.0,1.0
"beta_speed[Williams, Nick]",-17.601,1.418,-20.212,-14.939,0.011,0.016,15994.0,6645.0,1.0
"beta_speed[Santana, Danny]",-19.108,1.301,-21.601,-16.738,0.012,0.016,12728.0,6363.0,1.0
"beta_speed[Garcia, Greg]",-17.978,1.764,-21.148,-14.481,0.014,0.024,16916.0,5338.0,1.0
"beta_speed[Freeman, Mike]",-18.764,1.6,-21.71,-15.765,0.013,0.019,16080.0,6111.0,1.0
"beta_speed[Urshela, Gio]",-18.091,1.757,-21.64,-15.023,0.014,0.024,16941.0,5156.0,1.0
"beta_speed[Saladino, Tyler]",-18.433,1.72,-21.674,-15.19,0.013,0.022,16362.0,5517.0,1.0
"beta_speed[Hampson, Garrett]",-18.191,1.133,-20.281,-16.105,0.009,0.012,14476.0,6623.0,1.0
"beta_speed[Dahl, David]",-16.95,1.108,-19.004,-14.864,0.01,0.013,12370.0,6599.0,1.0
"beta_speed[Vargas, Ildemaro]",-18.235,1.745,-21.437,-14.872,0.014,0.025,16637.0,4895.0,1.0
"beta_speed[Martínez, José A.]",-17.383,1.256,-19.621,-14.938,0.011,0.014,13257.0,6670.0,1.0
"beta_speed[Williamson, Mac]",-18.74,1.456,-21.427,-15.979,0.012,0.018,14816.0,5822.0,1.0
"beta_speed[Gallo, Joey]",-18.919,0.956,-20.759,-17.192,0.008,0.011,14658.0,6795.0,1.0
"beta_speed[Tilson, Charlie]",-16.643,1.316,-19.213,-14.276,0.012,0.016,12949.0,5571.0,1.0
"beta_speed[Parker, Jarrett]",-17.074,1.656,-20.296,-14.103,0.012,0.02,19286.0,6137.0,1.0
"beta_speed[Austin, Tyler]",-17.274,1.499,-20.066,-14.428,0.012,0.017,14615.0,6374.0,1.0
"beta_speed[Gore, Terrance]",-18.318,1.62,-21.35,-15.25,0.012,0.02,17929.0,6257.0,1.0
"beta_speed[Canha, Mark]",-19.884,0.979,-21.811,-18.126,0.009,0.012,12549.0,5798.0,1.0
"beta_speed[Gómez, Carlos]",-18.033,1.459,-20.776,-15.258,0.011,0.018,16482.0,6284.0,1.0
"beta_speed[Biggio, Cavan]",-17.427,1.411,-20.041,-14.712,0.012,0.016,14436.0,5812.0,1.0
"beta_speed[Puello, César]",-17.46,1.387,-19.996,-14.775,0.012,0.015,14055.0,7071.0,1.0
"beta_speed[Bonifacio, Jorge]",-17.664,1.38,-20.261,-15.106,0.012,0.016,14021.0,6339.0,1.0
"beta_speed[Joyce, Matt]",-17.465,1.225,-19.775,-15.183,0.01,0.014,14036.0,6626.0,1.0
"beta_speed[Pence, Hunter]",-17.646,1.352,-20.218,-15.13,0.011,0.016,16299.0,6059.0,1.0
"beta_speed[González, Carlos]",-18.718,1.467,-21.496,-15.983,0.012,0.016,15409.0,6450.0,1.0
"beta_speed[Santana, Domingo]",-18.624,1.189,-20.784,-16.348,0.01,0.014,13205.0,6034.0,1.0
"beta_speed[Newman, Kevin]",-18.117,1.783,-21.428,-14.635,0.013,0.025,18742.0,5153.0,1.0
"beta_speed[McCutchen, Andrew]",-19.815,1.074,-21.853,-17.83,0.009,0.013,14310.0,5981.0,1.0
"beta_speed[Lowe, Brandon]",-17.869,1.451,-20.556,-15.163,0.012,0.016,14434.0,6695.0,1.0
"beta_speed[Owings, Chris]",-18.616,1.494,-21.444,-15.877,0.012,0.017,15202.0,6811.0,1.0
"beta_speed[Astudillo, Willians]",-17.667,1.67,-20.784,-14.499,0.012,0.023,17908.0,5622.0,1.0
"beta_speed[Swihart, Blake]",-16.934,1.504,-19.78,-14.197,0.012,0.017,15836.0,6736.0,1.0
"beta_speed[Adrianza, Ehire]",-17.221,1.418,-19.894,-14.532,0.011,0.017,16220.0,6155.0,1.0
"beta_speed[Urena, Richard]",-18.157,1.79,-21.581,-14.82,0.015,0.026,15061.0,5127.0,1.0
"beta_speed[Pearce, Steve]",-18.227,1.742,-21.306,-14.843,0.013,0.024,18092.0,5533.0,1.0
"beta_speed[Delmonico, Nicky]",-17.483,1.465,-20.27,-14.816,0.012,0.018,14849.0,5936.0,1.0
"beta_speed[Murphy, Tom]",-17.743,1.764,-20.954,-14.412,0.013,0.023,18067.0,5926.0,1.0
"beta_speed[O'Brien, Peter]",-17.929,1.601,-20.832,-14.921,0.012,0.021,16712.0,5348.0,1.0
"beta_speed[Eaton, Adam]",-16.925,0.906,-18.559,-15.179,0.008,0.01,11447.0,6165.0,1.0
"beta_speed[Pérez, Hernán]",-17.847,1.525,-20.791,-15.071,0.012,0.018,15379.0,6391.0,1.0
"beta_speed[Gerber, Mike]",-17.748,1.678,-20.891,-14.595,0.013,0.021,16715.0,6239.0,1.0
"beta_speed[Zobrist, Ben]",-18.142,1.54,-21.157,-15.4,0.013,0.018,13503.0,6130.0,1.0
"beta_speed[Davis, Khris]",-17.554,1.7,-20.611,-14.214,0.013,0.023,17253.0,5747.0,1.0
"beta_speed[Schebler, Scott]",-17.872,1.531,-20.73,-14.957,0.013,0.018,13948.0,6110.0,1.0
"beta_speed[Solarte, Yangervis]",-18.096,1.672,-21.184,-14.98,0.013,0.022,16052.0,5224.0,1.0
"beta_speed[Rondon, José]",-17.72,1.655,-20.942,-14.748,0.013,0.021,17326.0,5991.0,1.0
"beta_speed[Galloway, Isaac]",-18.443,1.618,-21.448,-15.373,0.012,0.019,18168.0,5920.0,1.0
"beta_speed[Estrada, Thairo]",-17.212,1.52,-20.011,-14.33,0.012,0.017,15575.0,6469.0,1.0
"beta_speed[Peterson, Dustin]",-18.084,1.62,-21.117,-15.017,0.011,0.025,19907.0,4777.0,1.0
"beta_speed[Moran, Colin]",-17.994,1.749,-21.374,-14.849,0.013,0.023,17235.0,5657.0,1.0
"beta_speed[Shuck, JB]",-17.873,1.565,-20.666,-14.834,0.013,0.019,15694.0,6308.0,1.0
"beta_speed[Kemp, Matt]",-17.51,1.563,-20.574,-14.722,0.012,0.019,15759.0,6027.0,1.0
"beta_speed[Martin, Jason]",-17.583,1.292,-20.061,-15.215,0.01,0.014,15270.0,6588.0,1.0
"beta_speed[Bourjos, Peter]",-18.694,1.65,-21.917,-15.686,0.013,0.021,16658.0,5673.0,1.0
"beta_speed[Brito, Sócrates]",-18.604,1.548,-21.452,-15.642,0.012,0.018,15894.0,6403.0,1.0
"beta_speed[Herrera, Rosell]",-18.286,1.456,-21.05,-15.571,0.012,0.018,14823.0,5439.0,1.0
"beta_speed[Joe, Connor]",-18.425,1.196,-20.636,-16.209,0.01,0.014,14509.0,6158.0,1.0
"beta_speed[Zagunis, Mark]",-17.725,1.667,-20.814,-14.564,0.012,0.023,19521.0,5483.0,1.0
"beta_speed[Jackson, Drew]",-18.158,1.73,-21.298,-14.814,0.012,0.023,19772.0,5568.0,1.0
"beta_speed[Margot, Manuel]",-17.418,0.962,-19.235,-15.587,0.009,0.012,11430.0,5741.0,1.0
"beta_speed[Arozarena, Randy]",-19.222,1.02,-21.203,-17.384,0.01,0.012,11417.0,6288.0,1.0
"beta_speed[Duggar, Steven]",-16.321,1.038,-18.231,-14.354,0.009,0.012,12702.0,5960.0,1.0
"beta_speed[Carlson, Dylan]",-19.481,1.028,-21.439,-17.595,0.009,0.012,11825.0,5594.0,1.0
"beta_speed[White, Eli]",-17.841,1.23,-20.168,-15.593,0.011,0.014,12756.0,5859.0,1.0
"beta_speed[Solak, Nick]",-17.127,1.261,-19.522,-14.842,0.011,0.014,13883.0,6778.0,1.0
"beta_speed[Aquino, Aristides]",-17.922,1.086,-19.991,-15.898,0.01,0.013,12682.0,6181.0,1.0
"beta_speed[Hays, Austin]",-18.625,0.941,-20.441,-16.874,0.008,0.011,13834.0,6252.0,1.0
"beta_speed[Sierra, Magneuris]",-17.706,1.214,-19.961,-15.411,0.01,0.014,13958.0,6571.0,1.0
"beta_speed[Engel, Adam]",-18.408,1.104,-20.456,-16.307,0.01,0.013,13027.0,6097.0,1.0
"beta_speed[Akiyama, Shogo]",-18.644,1.307,-21.087,-16.219,0.011,0.014,13046.0,6382.0,1.0
"beta_speed[Edman, Tommy]",-18.498,1.309,-20.882,-15.984,0.011,0.015,14207.0,6408.0,1.0
"beta_speed[Chavis, Michael]",-16.83,1.533,-19.645,-13.897,0.012,0.018,16785.0,6745.0,1.0
"beta_speed[Marmolejos, José]",-18.06,1.447,-20.804,-15.468,0.012,0.017,14725.0,6174.0,1.0
"beta_speed[Riddle, JT]",-17.758,1.433,-20.416,-15.06,0.012,0.016,13595.0,6289.0,1.0
"beta_speed[Lin, Tzu-Wei]",-17.938,1.565,-20.83,-14.985,0.012,0.018,17575.0,6445.0,1.0
"beta_speed[Smith, Pavin]",-18.181,1.133,-20.296,-16.09,0.01,0.013,13459.0,6216.0,1.0
"beta_speed[Mountcastle, Ryan]",-17.038,1.309,-19.542,-14.626,0.011,0.015,15092.0,6079.0,1.0
"beta_speed[Oliva, Jared]",-18.213,1.475,-21.072,-15.584,0.012,0.017,14717.0,6414.0,1.0
"beta_speed[Heath, Nick]",-18.819,1.604,-21.679,-15.63,0.012,0.02,17816.0,6020.0,1.0
"beta_speed[Taylor, Michael A.]",-16.954,0.887,-18.555,-15.238,0.008,0.01,11746.0,6245.0,1.0
"beta_speed[Moniak, Mickey]",-19.023,1.409,-21.818,-16.524,0.011,0.016,15800.0,6687.0,1.0
"beta_speed[Fraley, Jake]",-18.161,1.148,-20.339,-16.035,0.009,0.013,14592.0,6389.0,1.0
"beta_speed[Robertson, Daniel]",-18.011,1.774,-21.523,-14.879,0.013,0.022,17388.0,5794.0,1.0
"beta_speed[Ruf, Darin]",-17.218,1.282,-19.575,-14.738,0.011,0.014,13905.0,5572.0,1.0
"beta_speed[Olivares, Edward]",-16.926,1.181,-19.088,-14.64,0.01,0.014,13484.0,6270.0,1.0
"beta_speed[Fuentes, Joshua]",-17.983,1.84,-21.436,-14.55,0.015,0.025,15117.0,5286.0,1.0
"beta_speed[Frazier, Adam]",-19.147,1.441,-21.793,-16.395,0.012,0.017,14281.0,6024.0,1.0
"beta_speed[Tsutsugo, Yoshi]",-17.502,1.397,-20.165,-14.877,0.012,0.016,14363.0,6504.0,1.0
"beta_speed[Brinson, Lewis]",-18.931,1.128,-21.149,-16.952,0.01,0.013,12228.0,6296.0,1.0
"beta_speed[Andujar, Miguel]",-18.868,1.363,-21.448,-16.362,0.011,0.016,14267.0,6539.0,1.0
"beta_speed[Demeritte, Travis]",-16.733,1.157,-18.979,-14.634,0.01,0.013,12904.0,6363.0,1.0
"beta_speed[Ravelo, Rangel]",-17.398,1.658,-20.478,-14.288,0.012,0.02,18284.0,5656.0,1.0
"beta_speed[Taylor, Tyrone]",-18.056,1.13,-20.138,-15.887,0.01,0.013,13789.0,5929.0,1.0
"beta_speed[Basabe, Luis Alexander]",-18.243,1.677,-21.464,-15.239,0.012,0.023,18062.0,5776.0,1.0
"beta_speed[Thaiss, Matt]",-17.879,1.81,-21.361,-14.545,0.013,0.026,19948.0,5248.0,1.0
"beta_speed[Varsho, Daulton]",-18.781,1.107,-20.92,-16.774,0.01,0.013,12582.0,6272.0,1.0
"beta_speed[Souza Jr., Steven]",-16.819,1.419,-19.543,-14.227,0.012,0.016,15075.0,6548.0,1.0
"beta_speed[Walker, Neil]",-17.917,1.778,-21.133,-14.35,0.013,0.025,19834.0,5390.0,1.0
"beta_speed[Strange-Gordon, Dee]",-18.57,1.559,-21.415,-15.609,0.012,0.019,15812.0,6290.0,1.0
"beta_speed[Barreto, Franklin]",-18.165,1.76,-21.388,-14.773,0.012,0.024,20936.0,5404.0,1.0
"beta_speed[Rooker, Brent]",-18.077,1.309,-20.608,-15.719,0.011,0.017,14491.0,5475.0,1.0
"beta_speed[Haggerty, Sam]",-18.383,1.37,-20.969,-15.834,0.012,0.015,13320.0,6758.0,1.0
"beta_speed[Harrison, Josh]",-17.241,1.448,-19.951,-14.54,0.012,0.018,14017.0,6247.0,1.0
"beta_speed[Dozier, Hunter]",-18.866,1.171,-21.111,-16.707,0.01,0.014,14354.0,6071.0,1.0
"beta_speed[Payton, Mark]",-18.153,1.553,-21.032,-15.168,0.013,0.017,14924.0,6419.0,1.0
"beta_speed[Mathias, Mark]",-18.53,1.658,-21.582,-15.32,0.013,0.022,15071.0,5586.0,1.0
"beta_speed[Pillar, Kevin]",-16.504,0.932,-18.305,-14.817,0.008,0.01,12422.0,6157.0,1.0
"beta_speed[Pache, Cristian]",-16.523,1.194,-18.712,-14.272,0.01,0.012,14629.0,6020.0,1.0
"beta_speed[Valaika, Pat]",-17.564,1.603,-20.579,-14.551,0.012,0.019,17570.0,6405.0,1.0
"beta_speed[Zimmer, Bradley]",-17.54,1.184,-19.763,-15.305,0.01,0.013,14341.0,6724.0,1.0
"beta_speed[González, Luis]",-17.066,1.201,-19.24,-14.743,0.011,0.014,12771.0,6140.0,1.0
"beta_speed[Mateo, Jorge]",-18.932,1.626,-22.107,-16.017,0.013,0.02,16713.0,6063.0,1.0
"beta_speed[Velazquez, Andrew]",-18.094,1.761,-21.31,-14.809,0.012,0.023,20881.0,5896.0,1.0
"beta_speed[Refsnyder, Rob]",-18.254,1.268,-20.621,-15.819,0.011,0.015,13647.0,6074.0,1.0
"beta_speed[Mullins, Cedric]",-16.373,0.857,-17.997,-14.801,0.007,0.01,14088.0,6389.0,1.0
"beta_speed[Almonte, Abraham]",-17.754,1.318,-20.256,-15.251,0.011,0.015,15281.0,6694.0,1.0
"beta_speed[Mejia, Erick]",-18.502,1.574,-21.526,-15.687,0.012,0.021,15885.0,5789.0,1.0
"beta_speed[Johnson, Daniel]",-18.885,1.52,-21.829,-16.101,0.013,0.02,13715.0,6180.0,1.0
"beta_speed[Evans, Phillip]",-16.82,1.384,-19.387,-14.226,0.012,0.015,12464.0,5838.0,1.0
"beta_speed[Marte, Starling]",-17.076,0.872,-18.684,-15.435,0.008,0.01,12102.0,6303.0,1.0
"beta_speed[Cordero, Franchy]",-16.871,1.227,-19.078,-14.466,0.01,0.015,14735.0,5894.0,1.0
"beta_speed[García, Adolis]",-17.945,0.988,-19.862,-16.141,0.009,0.011,13114.0,6083.0,1.0
"beta_speed[Reyes, Franmil]",-18.403,1.247,-20.72,-16.054,0.011,0.015,13989.0,6243.0,1.0
"beta_speed[McCarthy, Joe]",-17.493,1.731,-20.921,-14.349,0.013,0.024,16439.0,5209.0,1.0
"beta_speed[Bonifácio, Emilio]",-18.08,1.788,-21.461,-14.776,0.013,0.025,17882.0,5224.0,1.0
"beta_speed[Hoerner, Nico]",-17.848,1.693,-21.049,-14.695,0.013,0.022,17410.0,5387.0,1.0
"beta_speed[Marisnick, Jake]",-18.748,1.205,-21.014,-16.54,0.011,0.014,12369.0,6302.0,1.0
"beta_speed[Schrock, Max]",-18.381,1.521,-21.138,-15.433,0.012,0.018,15991.0,6043.0,1.0
"beta_speed[Ramos, Henry]",-18.58,1.584,-21.462,-15.556,0.013,0.019,16054.0,6054.0,1.0
"beta_speed[Haase, Eric]",-17.669,1.447,-20.247,-14.812,0.011,0.017,16105.0,6972.0,1.0
"beta_speed[Miller, Brian]",-18.115,1.778,-21.337,-14.692,0.013,0.025,20119.0,5197.0,1.0
"beta_speed[Gordon, Nick]",-17.568,1.189,-19.791,-15.33,0.01,0.016,13434.0,4701.0,1.0
"beta_speed[Isbel, Kyle]",-19.343,1.287,-21.808,-17.007,0.011,0.015,14685.0,6425.0,1.0
"beta_speed[Deichmann, Greg]",-18.266,1.637,-21.411,-15.338,0.012,0.021,18083.0,6185.0,1.0
"beta_speed[Nevin, Tyler]",-17.085,1.565,-20.076,-14.18,0.012,0.021,17228.0,5616.0,1.0
"beta_speed[Bell, Josh]",-17.931,1.645,-21.023,-14.927,0.013,0.021,16270.0,5773.0,1.0
"beta_speed[McKenna, Ryan]",-14.601,1.038,-16.655,-12.756,0.009,0.012,12103.0,6381.0,1.0
"beta_speed[Peters, DJ]",-18.573,1.354,-21.148,-16.108,0.012,0.016,12691.0,6311.0,1.0
"beta_speed[Castro, Willi]",-18.191,1.246,-20.433,-15.74,0.01,0.015,14921.0,5563.0,1.0
"beta_speed[Lagares, Juan]",-18.291,1.12,-20.35,-16.146,0.011,0.014,11068.0,5641.0,1.0
"beta_speed[Hernandez, Yadiel]",-17.644,1.123,-19.752,-15.549,0.01,0.013,13920.0,6147.0,1.0
"beta_speed[Friedl, TJ]",-18.157,1.332,-20.559,-15.645,0.011,0.014,15302.0,6546.0,1.0
"beta_speed[Herrera, Odúbel]",-17.243,1.038,-19.186,-15.332,0.009,0.011,13800.0,6224.0,1.0
"beta_speed[Stephenson, Tyler]",-16.842,1.768,-20.259,-13.602,0.013,0.025,17267.0,5661.0,1.0
"beta_speed[Rojas, Jose]",-16.378,1.352,-18.976,-13.896,0.011,0.016,15149.0,5731.0,1.0
"beta_speed[McCormick, Chas]",-16.652,1.049,-18.533,-14.606,0.01,0.011,12208.0,6861.0,1.0
"beta_speed[Nootbaar, Lars]",-19.67,1.216,-21.965,-17.353,0.01,0.015,14937.0,5814.0,1.0
"beta_speed[Wisdom, Patrick]",-17.351,1.382,-19.963,-14.752,0.012,0.016,14079.0,5967.0,1.0
"beta_speed[Hamilton, Billy]",-18.106,1.226,-20.502,-15.89,0.01,0.013,13816.0,6550.0,1.0
"beta_speed[DeShields, Delino]",-18.387,1.185,-20.571,-16.104,0.011,0.014,12647.0,6521.0,1.0
"beta_speed[Baddoo, Akil]",-17.888,1.062,-19.857,-15.846,0.009,0.012,13749.0,6843.0,1.0
"beta_speed[Wong, Kean]",-16.923,1.496,-19.655,-14.078,0.012,0.018,15433.0,6721.0,1.0
"beta_speed[Meyers, Jake]",-19.119,1.306,-21.538,-16.694,0.011,0.015,14321.0,6170.0,1.0
"beta_speed[Lux, Gavin]",-15.883,1.312,-18.323,-13.409,0.011,0.015,14660.0,6154.0,1.0
"beta_speed[Vilade, Ryan]",-16.955,1.687,-20.044,-13.789,0.013,0.023,17605.0,5858.0,1.0
"beta_speed[Cameron, Daz]",-16.924,1.223,-19.104,-14.557,0.012,0.014,11153.0,5791.0,1.0
"beta_speed[Bolt, Skye]",-19.215,1.355,-21.835,-16.711,0.011,0.016,14555.0,6509.0,1.0
"beta_speed[Siri, Jose]",-17.976,1.266,-20.302,-15.497,0.011,0.014,13229.0,6263.0,1.0
"beta_speed[Vierling, Matt]",-18.82,1.23,-21.182,-16.591,0.011,0.013,11625.0,6329.0,1.0
"beta_speed[Rivas III, Alfonso]",-18.125,1.584,-21.108,-15.229,0.012,0.019,17195.0,6027.0,1.0
"beta_speed[De La Cruz, Bryan]",-18.105,1.154,-20.363,-16.066,0.01,0.012,14131.0,6723.0,1.0
"beta_speed[Gonzalez, Romy]",-18.141,1.779,-21.378,-14.772,0.013,0.024,19511.0,5610.0,1.0
"beta_speed[Sheets, Gavin]",-18.507,1.198,-20.731,-16.255,0.011,0.014,12487.0,5898.0,1.0
"beta_speed[Adell, Jo]",-18.412,1.108,-20.478,-16.328,0.01,0.013,13270.0,6327.0,1.0
"beta_speed[Lowe, Josh]",-18.699,1.376,-21.271,-16.115,0.011,0.016,14734.0,6360.0,1.0
"beta_speed[Vaughn, Andrew]",-18.472,1.109,-20.594,-16.418,0.009,0.014,17095.0,5423.0,1.0
"beta_speed[Ruiz, Rio]",-17.988,1.821,-21.499,-14.707,0.014,0.026,16182.0,4560.0,1.0
"beta_speed[Alfaro, Jorge]",-17.281,1.536,-20.3,-14.467,0.012,0.018,16188.0,6212.0,1.0
"beta_speed[Fairchild, Stuart]",-19.098,1.576,-22.077,-16.123,0.013,0.021,15684.0,5639.0,1.0
"beta_speed[Arcia, Orlando]",-16.289,1.407,-18.967,-13.71,0.012,0.016,13597.0,6602.0,1.0
"beta_speed[Thomas, Lane]",-17.714,1.009,-19.578,-15.823,0.009,0.011,13138.0,6478.0,1.0
"beta_speed[Smith, Kevin]",-17.747,1.758,-21.015,-14.395,0.013,0.026,17869.0,4665.0,1.0
"beta_speed[Lamb, Jake]",-17.948,1.427,-20.674,-15.311,0.012,0.015,13515.0,6416.0,1.0
"beta_speed[Jones, Taylor]",-15.49,1.508,-18.237,-12.64,0.012,0.017,14907.0,6837.0,1.0
"beta_speed[Ibáñez, Andy]",-18.053,1.807,-21.617,-14.825,0.013,0.024,19005.0,5759.0,1.0
"beta_speed[Larnach, Trevor]",-20.087,1.249,-22.453,-17.8,0.011,0.015,12817.0,6233.0,1.0
"beta_speed[Park, Hoy]",-17.182,1.577,-20.153,-14.218,0.012,0.019,17291.0,6134.0,1.0
"beta_speed[Robson, Jacob]",-18.088,1.733,-21.36,-14.883,0.013,0.023,17169.0,5365.0,1.0
"beta_speed[McKinstry, Zach]",-17.778,1.478,-20.633,-15.148,0.012,0.017,15062.0,6604.0,1.0
"beta_speed[Williams, Luke]",-17.245,1.428,-19.997,-14.692,0.011,0.017,16665.0,6121.0,1.0
"beta_speed[Duran, Jarren]",-18.575,1.264,-20.985,-16.249,0.011,0.014,12781.0,6433.0,1.0
"beta_speed[Fargas, Johneshwy]",-18.403,1.642,-21.498,-15.357,0.013,0.021,16436.0,6347.0,1.0
"beta_speed[Bradley Jr., Jackie]",-18.364,0.939,-20.094,-16.609,0.008,0.011,13114.0,6062.0,1.0
"beta_speed[Raley, Luke]",-18.17,1.451,-20.921,-15.434,0.012,0.018,15591.0,5649.0,1.0
"beta_speed[LaMarre, Ryan]",-18.068,1.589,-21.14,-15.164,0.013,0.02,16111.0,5578.0,1.0
"beta_speed[Thomas, Dillon]",-18.367,1.626,-21.286,-15.192,0.012,0.021,18736.0,5660.0,1.0
"beta_speed[Reks, Zach]",-18.28,1.539,-21.03,-15.306,0.012,0.019,16391.0,5725.0,1.0
"beta_speed[Sánchez, Jesús]",-17.885,1.155,-19.967,-15.65,0.01,0.013,14300.0,6460.0,1.0
"beta_speed[Wilson, Jacob]",-18.087,1.762,-21.278,-14.707,0.012,0.024,20048.0,5249.0,1.0
"beta_speed[Clement, Ernie]",-16.135,1.574,-19.035,-13.216,0.012,0.019,15988.0,6309.0,1.0
"beta_speed[Jankowski, Travis]",-19.387,1.447,-22.053,-16.626,0.011,0.018,16172.0,6182.0,1.0
"beta_speed[Vosler, Jason]",-17.598,1.732,-20.802,-14.307,0.013,0.022,18954.0,5919.0,1.0
"beta_speed[Kirilloff, Alex]",-18.544,1.35,-20.996,-15.983,0.012,0.016,13684.0,5794.0,1.0
"beta_speed[Davis, Jaylin]",-17.191,1.398,-19.868,-14.592,0.012,0.015,14376.0,6131.0,1.0
"beta_speed[Tom, Ka'ai]",-17.729,1.429,-20.304,-14.939,0.012,0.016,15007.0,6340.0,1.0
"beta_speed[O'Hearn, Ryan]",-17.592,1.397,-20.074,-14.798,0.011,0.017,15667.0,6019.0,1.0
"beta_speed[Walton, Donovan]",-18.289,1.766,-21.588,-14.956,0.013,0.025,17156.0,5297.0,1.0
"beta_speed[Trammell, Taylor]",-18.272,1.257,-20.588,-15.835,0.011,0.014,13388.0,6896.0,1.0
"beta_speed[Blankenhorn, Travis]",-18.111,1.804,-21.547,-14.759,0.014,0.023,16904.0,5782.0,1.0
"beta_speed[Marcano, Tucupita]",-16.317,1.34,-18.788,-13.804,0.011,0.015,14815.0,6353.0,1.0
"beta_speed[Hiura, Keston]",-17.878,1.65,-20.847,-14.636,0.012,0.022,17865.0,5905.0,1.0
"beta_speed[Kelenic, Jarred]",-18.484,1.119,-20.536,-16.379,0.01,0.012,11800.0,6614.0,1.0
"beta_speed[Quinn, Roman]",-19.168,1.285,-21.616,-16.782,0.011,0.017,12603.0,5657.0,1.0
"beta_speed[Williams, Justin]",-18.237,1.394,-20.905,-15.712,0.011,0.016,15697.0,5896.0,1.0
"beta_speed[Barrera, Luis]",-18.516,1.559,-21.605,-15.732,0.011,0.019,20649.0,6384.0,1.0
"beta_speed[Hager, Jake]",-17.613,1.715,-20.916,-14.468,0.013,0.023,16134.0,6170.0,1.0
"beta_speed[Duffy, Matt]",-17.497,1.668,-20.662,-14.321,0.013,0.023,17335.0,5554.0,1.0
"beta_speed[Neuse, Sheldon]",-17.783,1.695,-20.909,-14.55,0.013,0.022,17859.0,5806.0,1.0
"beta_speed[Mathisen, Wyatt]",-17.821,1.765,-21.106,-14.527,0.013,0.023,19833.0,5163.0,1.0
"beta_speed[Ohtani, Shohei]",-17.98,1.719,-21.036,-14.694,0.012,0.021,19017.0,5299.0,1.0
"beta_speed[Bemboom, Anthony]",-18.049,1.751,-21.294,-14.727,0.013,0.024,18499.0,5461.0,1.0
"beta_speed[Jones, JaCoby]",-17.735,1.112,-19.771,-15.623,0.01,0.013,12845.0,6095.0,1.0
"beta_speed[Palacios, Joshua]",-17.493,1.452,-20.278,-14.887,0.012,0.018,14351.0,5896.0,1.0
"beta_speed[Young, Andrew]",-17.138,1.744,-20.396,-13.825,0.012,0.026,21126.0,5563.0,1.0
"beta_speed[Musgrove, Joe]",-18.065,1.777,-21.384,-14.769,0.014,0.023,17257.0,5713.0,1.0
"beta_speed[Blandino, Alex]",-17.982,1.735,-21.25,-14.794,0.014,0.023,16361.0,5666.0,1.0
"beta_speed[Farmer, Kyle]",-17.979,1.821,-21.614,-14.718,0.014,0.025,18159.0,5503.0,1.0
"beta_speed[Almora Jr., Albert]",-19.33,1.159,-21.557,-17.259,0.01,0.013,14172.0,6337.0,1.0
"beta_speed[Inciarte, Ender]",-16.372,1.056,-18.317,-14.348,0.01,0.011,10243.0,7178.0,1.0
"beta_speed[Azócar, José]",-18.715,1.372,-21.372,-16.14,0.012,0.017,12850.0,5973.0,1.0
"beta_speed[Thompson, Trayce]",-18.493,1.264,-20.882,-16.151,0.01,0.014,14974.0,6114.0,1.0
"beta_speed[Kwan, Steven]",-16.698,1.115,-18.718,-14.539,0.01,0.014,12275.0,6027.0,1.0
"beta_speed[Cabrera, Oswaldo]",-18.196,1.431,-20.801,-15.422,0.012,0.016,14949.0,7091.0,1.0
"beta_speed[Hicks, Aaron]",-16.421,0.969,-18.235,-14.606,0.009,0.011,12704.0,6221.0,1.0
"beta_speed[Velázquez, Nelson]",-18.69,1.375,-21.243,-16.078,0.012,0.017,13152.0,5515.0,1.0
"beta_speed[Brennan, Will]",-18.311,1.679,-21.523,-15.175,0.012,0.021,18180.0,5663.0,1.0
"beta_speed[Hensley, David]",-18.021,1.79,-21.313,-14.536,0.013,0.026,17740.0,5284.0,1.0
"beta_speed[Vargas, Miguel]",-17.689,1.654,-20.884,-14.669,0.012,0.02,17591.0,6022.0,1.0
"beta_speed[Bouchard, Sean]",-18.051,1.437,-20.946,-15.589,0.012,0.017,13772.0,5976.0,1.0
"beta_speed[Vavra, Terrin]",-18.298,1.602,-21.276,-15.339,0.012,0.022,16900.0,5740.0,1.0
"beta_speed[Smith, Josh]",-17.502,1.453,-20.263,-14.828,0.012,0.017,14004.0,6208.0,1.0
"beta_speed[Bleday, JJ]",-16.779,1.296,-19.149,-14.288,0.011,0.014,13111.0,6132.0,1.0
"beta_speed[Carroll, Corbin]",-19.5,1.593,-22.36,-16.464,0.012,0.02,17796.0,6188.0,1.0
"beta_speed[Waters, Drew]",-18.586,1.461,-21.265,-15.813,0.012,0.017,13936.0,6278.0,1.0
"beta_speed[Burdick, Peyton]",-16.845,1.358,-19.421,-14.308,0.011,0.016,14359.0,5963.0,1.0
"beta_speed[Hernández, César]",-18.14,1.619,-21.245,-15.155,0.012,0.02,18005.0,5565.0,1.0
"beta_speed[Thompson, Bubba]",-17.47,1.292,-19.932,-15.067,0.011,0.016,14458.0,6110.0,1.0
"beta_speed[Suwinski, Jack]",-18.891,1.237,-21.13,-16.455,0.011,0.014,13884.0,5825.0,1.0
"beta_speed[Melendez, MJ]",-17.606,1.365,-20.132,-15.052,0.011,0.015,15393.0,6195.0,1.0
"beta_speed[Call, Alex]",-17.451,1.387,-20.086,-14.924,0.012,0.015,13638.0,6348.0,1.0
"beta_speed[Contreras, Mark]",-18.179,1.545,-21.068,-15.192,0.012,0.019,16333.0,6507.0,1.0
"beta_speed[Calhoun, Kole]",-19.523,0.987,-21.348,-17.674,0.008,0.012,13901.0,5747.0,1.0
"beta_speed[Bae, Ji Hwan]",-18.261,1.749,-21.611,-15.067,0.013,0.022,19546.0,5735.0,1.0
"beta_speed[Yepez, Juan]",-17.889,1.408,-20.701,-15.394,0.012,0.016,13833.0,6211.0,1.0
"beta_speed[Stowers, Kyle]",-17.228,1.404,-19.845,-14.58,0.012,0.016,14765.0,6384.0,1.0
"beta_speed[Dubón, Mauricio]",-16.699,1.202,-18.868,-14.376,0.011,0.013,12122.0,6772.0,1.0
"beta_speed[Garrett, Stone]",-18.262,1.576,-21.087,-15.224,0.013,0.02,14710.0,5593.0,1.0
"beta_speed[Lopez, Alejo]",-18.454,1.695,-21.659,-15.452,0.013,0.022,17583.0,6168.0,1.0
"beta_speed[McCarthy, Jake]",-18.906,1.195,-21.105,-16.609,0.01,0.014,13190.0,6347.0,1.0
"beta_speed[Encarnacion, Jerar]",-18.753,1.584,-21.849,-15.885,0.011,0.021,18638.0,6020.0,1.0
"beta_speed[Palacios, Richie]",-18.308,1.474,-21.036,-15.49,0.012,0.016,15486.0,6248.0,1.0
"beta_speed[Garcia, Dérmis]",-16.768,1.76,-19.958,-13.396,0.013,0.022,17408.0,5957.0,1.0
"beta_speed[Donovan, Brendan]",-17.752,1.389,-20.386,-15.151,0.011,0.017,14915.0,5884.0,1.0
"beta_speed[Thomas, Cody]",-17.495,1.523,-20.375,-14.665,0.013,0.017,14383.0,6197.0,1.0
"beta_speed[Benson, Will]",-17.619,1.479,-20.428,-14.821,0.012,0.017,15004.0,5946.0,1.0
"beta_speed[Burleson, Alec]",-18.05,1.597,-20.967,-14.921,0.013,0.02,15543.0,5755.0,1.0
"beta_speed[Carpenter, Kerry]",-19.173,1.576,-22.088,-16.192,0.013,0.019,15163.0,5748.0,1.0
"beta_speed[Eaton, Nate]",-19.436,1.588,-22.396,-16.471,0.013,0.019,15508.0,5894.0,1.0
"beta_speed[Florial, Estevan]",-17.466,1.454,-20.221,-14.818,0.013,0.017,13505.0,5717.0,1.0
"beta_speed[Morel, Christopher]",-18.697,1.364,-21.221,-16.14,0.011,0.017,15579.0,6116.0,1.0
"beta_speed[Anderson, Brian]",-17.645,1.24,-20.051,-15.405,0.011,0.013,12486.0,6317.0,1.0
"beta_speed[Johnson, Bryce]",-17.977,1.637,-21.125,-15.002,0.013,0.021,16585.0,6259.0,1.0
"beta_speed[Ruiz, Esteury]",-18.717,1.639,-21.809,-15.603,0.013,0.021,17159.0,5958.0,1.0
"beta_speed[Aguilar, Ryan]",-17.99,1.628,-21.207,-15.026,0.013,0.021,15765.0,5864.0,1.0
"beta_speed[Stevenson, Cal]",-19.366,1.654,-22.41,-16.261,0.012,0.021,17609.0,5928.0,1.0
"beta_speed[Maton, Nick]",-17.903,1.544,-20.896,-15.117,0.012,0.019,16230.0,5946.0,1.0
"beta_speed[Sosa, Edmundo]",-17.989,1.766,-21.238,-14.581,0.012,0.027,20586.0,5436.0,1.0
"beta_speed[Bernard, Wynton]",-18.599,1.57,-21.641,-15.75,0.012,0.019,16060.0,6185.0,1.0
"beta_speed[Celestino, Gilberto]",-18.764,1.211,-21.112,-16.59,0.011,0.014,12732.0,6053.0,1.0
"beta_speed[Pratto, Nick]",-17.699,1.66,-20.81,-14.505,0.012,0.022,18921.0,5998.0,1.0
"beta_speed[Piscotty, Stephen]",-19.992,1.125,-22.118,-17.921,0.01,0.015,12311.0,6069.0,1.0
"beta_speed[Hernandez, Elier]",-18.419,1.681,-21.526,-15.169,0.012,0.022,18197.0,5529.0,1.0
"beta_speed[Lewis, Kyle]",-18.689,1.238,-21.022,-16.381,0.011,0.013,13825.0,7010.0,1.0
"beta_speed[Outman, James]",-18.331,1.759,-21.55,-14.944,0.013,0.025,17795.0,5414.0,1.0
"beta_speed[Meneses, Joey]",-18.686,1.483,-21.557,-15.988,0.012,0.017,14982.0,6247.0,1.0
"beta_speed[Reynolds, Matt]",-18.542,1.657,-21.607,-15.337,0.013,0.021,15384.0,5863.0,1.0
"beta_speed[Madris, Bligh]",-17.69,1.458,-20.553,-15.104,0.012,0.017,15671.0,5809.0,1.0
"beta_speed[Marsh, Brandon]",-19.843,1.186,-22.001,-17.556,0.01,0.013,13810.0,6808.0,1.0
"beta_speed[Mercedes, Yermín]",-18.298,1.69,-21.471,-15.115,0.012,0.022,19512.0,5694.0,1.0
"beta_speed[Soler, Jorge]",-17.804,1.024,-19.724,-15.925,0.01,0.012,10665.0,6138.0,1.0
"beta_speed[Carpenter, Matt]",-18.232,1.516,-21.173,-15.524,0.012,0.017,16226.0,6215.0,1.0
"beta_speed[Clemens, Kody]",-18.657,1.63,-21.533,-15.369,0.013,0.02,15881.0,5825.0,1.0
"beta_speed[Harrison, Monte]",-18.136,1.507,-21.013,-15.407,0.012,0.019,15387.0,5686.0,1.0
"beta_speed[Hummel, Cooper]",-16.925,1.439,-19.5,-14.146,0.012,0.016,14365.0,6420.0,1.0
"beta_speed[Mazara, Nomar]",-19.34,1.084,-21.521,-17.36,0.01,0.013,12620.0,6131.0,1.0
"beta_speed[Batten, Matthew]",-18.079,1.763,-21.386,-14.748,0.013,0.024,17072.0,4911.0,1.0
"beta_speed[Alvarez, Eddy]",-17.724,1.635,-20.663,-14.505,0.011,0.021,20883.0,5763.0,1.0
"beta_speed[Smith-Njigba, Canaan]",-17.652,1.689,-20.82,-14.503,0.012,0.021,20397.0,5738.0,1.0
"beta_speed[Ramos, Heliot]",-16.747,1.551,-19.743,-13.906,0.013,0.019,15053.0,6036.0,1.0
"beta_speed[Swaggerty, Travis]",-17.995,1.762,-21.301,-14.733,0.014,0.023,15649.0,5673.0,1.0
"beta_speed[Walker, Steele]",-17.252,1.615,-20.073,-13.967,0.011,0.019,21613.0,6693.0,1.0
"beta_speed[Plummer, Nick]",-17.478,1.644,-20.544,-14.401,0.013,0.02,16900.0,5961.0,1.0
"beta_speed[Contreras, William]",-16.299,1.721,-19.438,-12.919,0.014,0.021,16050.0,6226.0,1.0
"beta_speed[Mayfield, Jack]",-17.609,1.661,-20.886,-14.576,0.012,0.021,18620.0,6251.0,1.0
"beta_speed[Walsh, Jared]",-18.425,1.56,-21.431,-15.614,0.012,0.018,17714.0,6420.0,1.0
"beta_speed[Krizan, Jason]",-18.107,1.766,-21.469,-14.873,0.014,0.023,16580.0,5322.0,1.0
"beta_speed[Mendick, Danny]",-17.102,1.631,-20.162,-14.095,0.012,0.022,18107.0,6061.0,1.0
"beta_speed[Cruz, Oneil]",-17.966,1.785,-21.287,-14.564,0.014,0.025,16328.0,5435.0,1.0
"beta_speed[Capel, Conner]",-18.578,1.543,-21.48,-15.721,0.012,0.019,16152.0,5835.0,1.0
"beta_speed[Robles, Victor]",-16.868,0.823,-18.417,-15.32,0.008,0.009,11489.0,6456.0,1.0
"beta_speed[Bader, Harrison]",-18.539,0.99,-20.323,-16.568,0.009,0.011,13211.0,6175.0,1.0
"beta_speed[Springer, George]",-17.041,1.012,-18.956,-15.177,0.009,0.012,13101.0,6304.0,1.0
"beta_speed[Fowler, Dexter]",-19.257,1.172,-21.439,-17.038,0.01,0.014,12473.0,6124.0,1.0
"beta_speed[Kiermaier, Kevin]",-15.471,0.88,-17.034,-13.756,0.008,0.01,11965.0,6249.0,1.0
"beta_speed[Bellinger, Cody]",-18.018,0.955,-19.841,-16.261,0.008,0.012,13833.0,5610.0,1.0
"beta_speed[Kepler, Max]",-18.579,0.939,-20.328,-16.82,0.008,0.012,12732.0,5703.0,1.0
"beta_speed[Cain, Lorenzo]",-18.609,1.125,-20.768,-16.547,0.01,0.013,12556.0,6112.0,1.0
"beta_speed[Laureano, Ramón]",-17.889,0.926,-19.546,-16.081,0.008,0.01,13914.0,6629.0,1.0
"beta_speed[Heyward, Jason]",-17.994,0.98,-19.833,-16.118,0.009,0.012,11650.0,6326.0,1.0
"beta_speed[Grichuk, Randal]",-17.832,0.894,-19.493,-16.146,0.008,0.01,13023.0,6039.0,1.0
"beta_speed[García, Avisaíl]",-18.879,0.979,-20.713,-17.024,0.01,0.011,10605.0,5988.0,1.0
"beta_speed[Marte, Ketel]",-17.247,1.098,-19.236,-15.122,0.01,0.014,13220.0,5661.0,1.0
"beta_speed[Trout, Mike]",-16.491,0.915,-18.241,-14.806,0.008,0.01,13441.0,6141.0,1.0
"beta_speed[Betts, Mookie]",-19.099,0.886,-20.781,-17.469,0.008,0.01,11055.0,6070.0,1.0
"beta_speed[Buxton, Byron]",-18.721,1.113,-20.876,-16.703,0.01,0.013,12397.0,5937.0,1.0
"beta_speed[Senzel, Nick]",-18.071,1.074,-20.046,-16.042,0.009,0.012,14016.0,6474.0,1.0
"beta_speed[Conforto, Michael]",-19.189,0.973,-20.977,-17.372,0.008,0.012,14456.0,6281.0,1.0
"beta_speed[Jones, Adam]",-19.638,1.261,-22.009,-17.27,0.011,0.015,13531.0,6119.0,1.0
"beta_speed[Rivera, Yadiel]",-18.218,1.741,-21.682,-15.123,0.012,0.023,19810.0,5369.0,1.0
"beta_speed[Martin, Leonys]",-17.748,1.31,-20.206,-15.295,0.011,0.015,13747.0,6193.0,1.0
"beta_speed[Haniger, Mitch]",-18.376,1.035,-20.375,-16.487,0.009,0.013,14418.0,5883.0,1.0
"beta_speed[Robinson, Drew]",-18.12,1.766,-21.492,-14.889,0.013,0.028,17747.0,4757.0,1.0
"beta_speed[Mahtook, Mikie]",-18.901,1.693,-22.069,-15.731,0.012,0.021,18920.0,5364.0,1.0
"beta_speed[Robert Jr., Luis]",-17.718,1.065,-19.763,-15.798,0.01,0.012,11549.0,5910.0,1.0
"beta_speed[Taveras, Leody]",-16.493,0.996,-18.418,-14.694,0.009,0.011,12640.0,6601.0,1.0
"beta_speed[Hill, Derek]",-17.77,1.252,-20.11,-15.419,0.011,0.013,13012.0,6896.0,1.0
"beta_speed[Tucker, Cole]",-18.361,1.393,-21.084,-15.779,0.012,0.016,12679.0,5775.0,1.0
"beta_speed[Torreyes, Ronald]",-18.098,1.762,-21.456,-14.856,0.014,0.025,16924.0,5090.0,1.0
"beta_speed[Harper, Bryce]",-19.138,0.985,-20.939,-17.231,0.009,0.012,12115.0,5796.0,1.0
"beta_speed[Whitefield, Aaron]",-17.723,1.672,-21.065,-14.747,0.013,0.022,17043.0,5770.0,1.0
"beta_speed[Villar, Jonathan]",-18.172,1.808,-21.451,-14.723,0.013,0.023,20593.0,5698.0,1.0
"beta_speed[Tatis Jr., Fernando]",-17.824,1.512,-20.655,-15.033,0.012,0.019,15888.0,5939.0,1.0
"beta_speed[Barrero, José]",-18.287,1.699,-21.486,-15.138,0.012,0.025,20462.0,5020.0,1.0
"beta_speed[Judge, Aaron]",-18.408,0.929,-20.243,-16.761,0.008,0.011,12811.0,6341.0,1.0
"beta_speed[Bruján, Vidal]",-18.571,1.633,-21.52,-15.454,0.012,0.02,19793.0,6386.0,1.0
"beta_speed[Andreoli, John]",-18.177,1.801,-21.518,-14.715,0.013,0.023,18332.0,5195.0,1.0
"beta_speed[Difo, Wilmer]",-16.233,1.492,-19.079,-13.493,0.013,0.018,14059.0,6045.0,1.0
"beta_speed[Fowler, Dustin]",-16.619,1.46,-19.372,-13.91,0.011,0.017,16465.0,6910.0,1.0
"beta_speed[Hurst, Scott]",-18.075,1.789,-21.435,-14.836,0.013,0.025,20280.0,5183.0,1.0
"beta_speed[Siani, Michael]",-18.095,1.585,-20.981,-15.035,0.012,0.02,16451.0,5883.0,1.0
"beta_speed[DeLuzio, Ben]",-19.084,1.672,-22.277,-15.994,0.012,0.021,17996.0,6086.0,1.0
"beta_speed[Greene, Riley]",-17.239,1.203,-19.464,-14.988,0.01,0.013,13492.0,6938.0,1.0
"beta_speed[Rodríguez, Julio]",-20.133,1.236,-22.392,-17.765,0.011,0.013,12929.0,7006.0,1.0
"beta_speed[Harris II, Michael]",-18.069,1.234,-20.338,-15.726,0.011,0.014,13723.0,5965.0,1.0
"beta_speed[Mitchell, Garrett]",-18.987,1.581,-21.948,-16.003,0.013,0.02,15703.0,6304.0,1.0
"beta_speed[Kreidler, Ryan]",-17.966,1.829,-21.338,-14.541,0.014,0.025,18109.0,5322.0,1.0
"beta_speed[Thomas, Alek]",-18.577,1.222,-20.922,-16.333,0.011,0.016,13571.0,5928.0,1.0
"beta_speed[Crook, Narciso]",-18.375,1.712,-21.444,-15.052,0.013,0.023,17268.0,5461.0,1.0
"beta_speed[Lopez, Otto]",-17.974,1.787,-21.44,-14.756,0.014,0.024,17363.0,5388.0,1.0
"beta_speed[Lee, Khalil]",-17.916,1.706,-21.17,-14.851,0.013,0.025,18414.0,5594.0,1.0
"beta_speed[Lewis, Royce]",-18.211,1.727,-21.287,-14.839,0.013,0.024,19016.0,5835.0,1.0
"beta_speed[Hicklen, Brewer]",-18.183,1.755,-21.433,-14.849,0.013,0.026,18839.0,4944.0,1.0
"beta_speed[Blanco, Dairon]",-18.086,1.749,-21.445,-14.847,0.014,0.023,16514.0,5615.0,1.0
"beta_speed[McDonald, Mickey]",-18.167,1.741,-21.282,-14.741,0.014,0.022,15612.0,5653.0,1.0
"beta_speed[Muzziotti, Símon]",-18.027,1.7,-21.287,-14.917,0.013,0.022,17616.0,5649.0,1.0
"beta_speed[Blackmon, Charlie]",-19.308,0.985,-21.115,-17.447,0.009,0.012,11539.0,6060.0,1.0
"beta_speed[Palka, Daniel]",0.025,0.078,-0.106,0.182,0.001,0.001,6402.0,3945.0,1.0
"beta_speed[Wendle, Joey]",-17.985,1.806,-21.52,-14.716,0.013,0.025,17876.0,5480.0,1.0
"beta_speed[Puig, Yasiel]",-18.369,1.154,-20.556,-16.268,0.01,0.014,13272.0,5832.0,1.0
"beta_speed[Joseph, Corban]",-18.107,1.757,-21.493,-14.893,0.013,0.024,19840.0,5749.0,1.0
"beta_speed[Goins, Ryan]",-16.27,1.601,-19.252,-13.33,0.012,0.019,17329.0,6081.0,1.0
"beta_speed[Cooper, Garrett]",-17.757,1.336,-20.318,-15.28,0.012,0.016,13364.0,6251.0,1.0
"beta_speed[Thames, Eric]",-18.367,1.708,-21.638,-15.227,0.013,0.024,17608.0,5283.0,1.0
"beta_speed[Nola, Austin]",-17.76,1.786,-21.071,-14.259,0.013,0.023,18560.0,5656.0,1.0
"beta_speed[Sogard, Eric]",-18.633,1.66,-21.719,-15.46,0.013,0.021,16660.0,5525.0,1.0
"beta_speed[Contreras, Willson]",-18.183,1.766,-21.39,-14.745,0.014,0.026,15722.0,5316.0,1.0
"beta_speed[Polanco, Gregory]",-19.119,1.117,-21.258,-17.075,0.01,0.013,13853.0,6455.0,1.0
"beta_speed[Davis, Chris]",-18.118,1.736,-21.386,-14.92,0.012,0.023,19431.0,5505.0,1.0
"beta_speed[Adduci, James]",-18.332,1.758,-21.647,-15.1,0.013,0.025,18765.0,5530.0,1.0
"beta_speed[Bote, David]",-18.135,1.775,-21.584,-14.841,0.013,0.024,18794.0,5290.0,1.0
"beta_speed[Hanson, Alen]",-17.927,1.715,-21.079,-14.729,0.012,0.022,20386.0,6488.0,1.0
"beta_speed[Reed, Michael]",-18.095,1.725,-21.335,-14.847,0.013,0.024,17807.0,5201.0,1.0
"beta_speed[Núñez, Eduardo]",-18.071,1.768,-21.538,-14.754,0.013,0.026,18735.0,4734.0,1.0
"beta_speed[Motter, Taylor]",-18.176,1.775,-21.498,-14.925,0.015,0.023,14210.0,5191.0,1.0
"beta_speed[Amburgey, Trey]",-18.465,1.744,-21.816,-15.3,0.013,0.023,19246.0,6065.0,1.0
"beta_speed[Rengifo, Luis]",-17.338,1.472,-20.116,-14.562,0.011,0.017,17223.0,5977.0,1.0
"beta_speed[Stokes Jr., Troy]",-18.58,1.678,-21.752,-15.422,0.012,0.024,20303.0,5365.0,1.0
"beta_speed[Kivlehan, Patrick]",-18.013,1.794,-21.414,-14.728,0.012,0.023,21393.0,5612.0,1.0
"beta_speed[Owen, Hunter]",-17.562,1.738,-20.917,-14.379,0.012,0.022,19956.0,5842.0,1.0
"beta_speed[Ray, Corey]",-18.166,1.756,-21.386,-14.785,0.013,0.024,17056.0,5964.0,1.0
"beta_speed[Gonzalez, Oscar]",-18.101,1.233,-20.466,-15.826,0.01,0.015,15816.0,5846.0,1.0
"beta_speed[Suzuki, Seiya]",-18.814,1.224,-21.19,-16.604,0.011,0.014,13053.0,6652.0,1.0
"beta_speed[Davis, Brendon]",-17.65,1.73,-20.873,-14.456,0.013,0.025,18482.0,5386.0,1.0
"beta_speed[Wallner, Matt]",-17.954,1.559,-20.934,-15.051,0.013,0.018,14181.0,6409.0,1.0
"beta_speed[Mastrobuoni, Miles]",-18.337,1.685,-21.406,-15.09,0.013,0.023,16823.0,5316.0,1.0
"beta_speed[Guthrie, Dalton]",-18.249,1.659,-21.324,-15.137,0.013,0.022,17177.0,5321.0,1.0
"beta_speed[Toglia, Michael]",-17.392,1.489,-20.282,-14.667,0.012,0.016,16364.0,6519.0,1.0
"beta_speed[Mitchell, Cal]",-17.595,1.343,-20.104,-15.106,0.011,0.015,13730.0,6054.0,1.0
"beta_speed[Castillo, Diego]",-18.045,1.536,-20.844,-15.121,0.013,0.018,14764.0,6850.0,1.0
"beta_speed[Jones, Nolan]",-18.793,1.5,-21.468,-15.852,0.011,0.019,17726.0,5898.0,1.0
"beta_speed[Díaz, Yusniel]",-18.047,1.804,-21.392,-14.613,0.013,0.026,19375.0,4793.0,1.0
"beta_speed[Arroyo, Christian]",-16.605,1.513,-19.372,-13.707,0.012,0.018,15831.0,6290.0,1.0
"beta_speed[Wilson, Marcus]",-17.66,1.744,-21.026,-14.53,0.013,0.024,18811.0,4804.0,1.0
"beta_speed[Abrams, CJ]",-18.187,1.79,-21.499,-14.707,0.013,0.024,18687.0,5095.0,1.0
"beta_speed[Lopes, Christian]",-18.042,1.756,-21.396,-14.891,0.013,0.024,17815.0,5288.0,1.0
"beta_cos[Gardner, Brett]",-0.588,0.107,-0.79,-0.393,0.001,0.001,14808.0,6741.0,1.0
"beta_cos[Brantley, Michael]",-0.13,0.115,-0.344,0.086,0.001,0.002,19139.0,6218.0,1.0
"beta_cos[Soto, Juan]",-0.032,0.086,-0.197,0.128,0.001,0.001,15624.0,5462.0,1.0
"beta_cos[Ozuna, Marcell]",-0.676,0.12,-0.898,-0.449,0.001,0.001,15235.0,6069.0,1.0
"beta_cos[Maybin, Cameron]",-0.319,0.148,-0.592,-0.039,0.001,0.002,16466.0,5049.0,1.0
"beta_cos[Díaz, Aledmys]",-0.162,0.171,-0.462,0.175,0.001,0.002,16552.0,5237.0,1.0
"beta_cos[Stanton, Giancarlo]",-0.148,0.155,-0.439,0.143,0.001,0.002,16132.0,5427.0,1.0
"beta_cos[Meadows, Austin]",-0.179,0.126,-0.403,0.069,0.001,0.002,15837.0,5560.0,1.0
"beta_cos[Duvall, Adam]",-0.444,0.115,-0.659,-0.229,0.001,0.001,15647.0,5120.0,1.0
"beta_cos[Taylor, Chris]",-0.268,0.119,-0.493,-0.048,0.001,0.002,17071.0,6012.0,1.0
"beta_cos[Hernández, Enrique]",-0.008,0.124,-0.235,0.228,0.001,0.002,16973.0,5322.0,1.0
"beta_cos[Markakis, Nick]",-0.398,0.135,-0.647,-0.141,0.001,0.002,15912.0,5757.0,1.0
"beta_cos[Beaty, Matt]",-0.286,0.157,-0.573,0.02,0.001,0.002,18795.0,5734.0,1.0
"beta_cos[Cave, Jake]",-0.209,0.127,-0.449,0.031,0.001,0.002,17952.0,5828.0,1.0
"beta_cos[Pollock, AJ]",-0.375,0.108,-0.571,-0.169,0.001,0.001,19764.0,6799.0,1.0
"beta_cos[Gamel, Ben]",-0.392,0.109,-0.591,-0.184,0.001,0.001,17300.0,5828.0,1.0
"beta_cos[Alvarez, Yordan]",-0.133,0.147,-0.403,0.149,0.001,0.002,17493.0,5872.0,1.0
"beta_cos[Reddick, Josh]",-0.307,0.126,-0.54,-0.072,0.001,0.002,18322.0,6332.0,1.0
"beta_cos[Davis, J.D.]",-0.31,0.151,-0.597,-0.034,0.001,0.002,18982.0,5406.0,1.0
"beta_cos[Allen, Greg]",-0.216,0.133,-0.462,0.034,0.001,0.002,19194.0,5861.0,1.0
"beta_cos[Stevenson, Andrew]",-0.369,0.166,-0.686,-0.064,0.001,0.002,18641.0,6154.0,1.0
"beta_cos[Bauers, Jake]",-0.082,0.149,-0.354,0.198,0.001,0.002,12869.0,4990.0,1.0
"beta_cos[Wade Jr., LaMonte]",-0.38,0.15,-0.676,-0.117,0.001,0.002,15560.0,5139.0,1.0
"beta_cos[McBroom, Ryan]",-0.193,0.183,-0.533,0.148,0.001,0.002,15692.0,6087.0,1.0
"beta_cos[Gordon, Alex]",-0.309,0.13,-0.557,-0.072,0.001,0.002,18422.0,5858.0,1.0
"beta_cos[Tapia, Raimel]",-0.297,0.102,-0.494,-0.109,0.001,0.001,14718.0,5611.0,1.0
"beta_cos[Spangenberg, Cory]",-0.292,0.188,-0.637,0.073,0.001,0.003,17460.0,5086.0,1.0
"beta_cos[Mancini, Trey]",-0.205,0.143,-0.489,0.053,0.001,0.002,20393.0,5745.0,1.0
"beta_cos[Hernández, Gorkys]",-0.249,0.191,-0.622,0.093,0.001,0.003,17673.0,5467.0,1.0
"beta_cos[Gonzalez, Marwin]",-0.181,0.146,-0.447,0.107,0.001,0.002,16007.0,4952.0,1.0
"beta_cos[Pham, Tommy]",-0.198,0.104,-0.394,-0.004,0.001,0.001,17862.0,5662.0,1.0
"beta_cos[Braun, Ryan]",-0.218,0.146,-0.504,0.044,0.001,0.002,16892.0,5580.0,1.0
"beta_cos[Jiménez, Eloy]",-0.454,0.123,-0.677,-0.219,0.001,0.002,15201.0,5239.0,1.0
"beta_cos[Stewart, Christin]",-0.062,0.15,-0.335,0.228,0.001,0.002,17057.0,5139.0,1.0
"beta_cos[Granderson, Curtis]",-0.237,0.156,-0.528,0.056,0.001,0.002,20438.0,4467.0,1.0
"beta_cos[Miller, Brad]",-0.22,0.161,-0.516,0.084,0.001,0.002,17973.0,5218.0,1.0
"beta_cos[Hernández, Teoscar]",-0.338,0.1,-0.529,-0.154,0.001,0.001,16398.0,5552.0,1.0
"beta_cos[Calhoun, Willie]",-0.393,0.142,-0.677,-0.137,0.001,0.002,15776.0,6001.0,1.0
"beta_cos[García, Robel]",-0.217,0.191,-0.587,0.131,0.001,0.003,17141.0,4899.0,1.0
"beta_cos[Schwarber, Kyle]",-0.036,0.095,-0.22,0.136,0.001,0.001,17372.0,5914.0,1.0
"beta_cos[Dickerson, Alex]",-0.21,0.14,-0.487,0.041,0.001,0.002,19494.0,5345.0,1.0
"beta_cos[Grossman, Robbie]",-0.326,0.098,-0.508,-0.139,0.001,0.001,18206.0,5727.0,1.0
"beta_cos[Long Jr., Shed]",-0.28,0.17,-0.6,0.038,0.001,0.002,18504.0,6327.0,1.0
"beta_cos[VanMeter, Josh]",-0.32,0.168,-0.64,-0.013,0.001,0.002,21134.0,5826.0,1.0
"beta_cos[Elmore, Jake]",-0.224,0.188,-0.593,0.114,0.001,0.003,19516.0,5428.0,1.0
"beta_cos[Davis, Rajai]",-0.275,0.192,-0.649,0.073,0.001,0.003,19353.0,5325.0,1.0
"beta_cos[Travis, Sam]",-0.14,0.177,-0.479,0.188,0.001,0.002,19234.0,5586.0,1.0
"beta_cos[Rojas, Josh]",-0.347,0.15,-0.631,-0.07,0.001,0.002,18820.0,5478.0,1.0
"beta_cos[Myers, Wil]",-0.455,0.122,-0.677,-0.225,0.001,0.002,13492.0,5302.0,1.0
"beta_cos[Straw, Myles]",-0.279,0.101,-0.471,-0.093,0.001,0.001,17614.0,5278.0,1.0
"beta_cos[Ward, Taylor]",-0.308,0.118,-0.524,-0.081,0.001,0.002,17192.0,5429.0,1.0
"beta_cos[Gosselin, Phil]",-0.241,0.158,-0.54,0.053,0.001,0.002,15543.0,5463.0,1.0
"beta_cos[Dean, Austin]",-0.294,0.156,-0.6,-0.011,0.001,0.002,18535.0,5728.0,1.0
"beta_cos[Ramírez, Harold]",-0.238,0.119,-0.461,-0.016,0.001,0.002,18761.0,5306.0,1.0
"beta_cos[Frazier, Clint]",-0.217,0.135,-0.464,0.044,0.001,0.002,17297.0,5197.0,1.0
"beta_cos[García, Leury]",-0.109,0.123,-0.346,0.118,0.001,0.002,15369.0,5067.0,1.0
"beta_cos[Rodríguez, Ronny]",-0.272,0.198,-0.636,0.116,0.001,0.003,18412.0,4406.0,1.0
"beta_cos[Rickard, Joey]",-0.309,0.167,-0.614,0.009,0.001,0.002,17881.0,5452.0,1.0
"beta_cos[Lopes, Tim]",-0.24,0.167,-0.557,0.074,0.001,0.002,17990.0,5582.0,1.0
"beta_cos[Ervin, Phillip]",-0.271,0.155,-0.562,0.024,0.001,0.002,18424.0,5527.0,1.0
"beta_cos[Luplow, Jordan]",-0.13,0.127,-0.37,0.1,0.001,0.002,16908.0,5741.0,1.0
"beta_cos[Kramer, Kevin]",-0.315,0.185,-0.675,0.02,0.001,0.003,20284.0,5247.0,1.0
"beta_cos[Nimmo, Brandon]",-0.36,0.111,-0.56,-0.144,0.001,0.001,16995.0,5928.0,1.0
"beta_cos[McNeil, Jeff]",-0.218,0.137,-0.479,0.039,0.001,0.002,19169.0,5838.0,1.0
"beta_cos[Cordell, Ryan]",-0.269,0.156,-0.554,0.031,0.001,0.002,16563.0,5193.0,1.0
"beta_cos[Benintendi, Andrew]",-0.089,0.098,-0.269,0.098,0.001,0.001,18838.0,5908.0,1.0
"beta_cos[Yastrzemski, Mike]",-0.274,0.099,-0.459,-0.087,0.001,0.001,16013.0,5331.0,1.0
"beta_cos[Moore, Dylan]",-0.105,0.138,-0.368,0.148,0.001,0.002,14910.0,5895.0,1.0
"beta_cos[Brown, Seth]",-0.345,0.136,-0.602,-0.088,0.001,0.002,16379.0,5528.0,1.0
"beta_cos[Naylor, Josh]",-0.025,0.14,-0.289,0.24,0.001,0.002,16207.0,5383.0,1.0
"beta_cos[Kemp, Tony]",-0.205,0.14,-0.457,0.07,0.001,0.002,17341.0,5525.0,1.0
"beta_cos[Parra, Gerardo]",-0.264,0.158,-0.555,0.033,0.001,0.002,15892.0,5002.0,1.0
"beta_cos[Miller, Ian]",-0.288,0.184,-0.651,0.038,0.001,0.002,17343.0,5356.0,1.0
"beta_cos[Dixon, Brandon]",-0.297,0.182,-0.638,0.048,0.001,0.003,19810.0,5278.0,1.0
"beta_cos[Fletcher, David]",-0.182,0.174,-0.502,0.158,0.001,0.002,18319.0,5761.0,1.0
"beta_cos[Tucker, Kyle]",-0.385,0.111,-0.596,-0.179,0.001,0.001,16005.0,5636.0,1.0
"beta_cos[Hermosillo, Michael]",-0.429,0.167,-0.75,-0.117,0.001,0.002,18524.0,5919.0,1.0
"beta_cos[Smith Jr., Dwight]",-0.229,0.149,-0.504,0.056,0.001,0.002,15950.0,5418.0,1.0
"beta_cos[Heineman, Scott]",-0.386,0.17,-0.693,-0.056,0.001,0.002,17458.0,6187.0,1.0
"beta_cos[Wade, Tyler]",-0.356,0.171,-0.677,-0.029,0.001,0.002,15800.0,5361.0,1.0
"beta_cos[Pinder, Chad]",-0.02,0.129,-0.27,0.215,0.001,0.002,14413.0,5146.0,1.0
"beta_cos[Hilliard, Sam]",-0.366,0.123,-0.595,-0.133,0.001,0.002,16133.0,5845.0,1.0
"beta_cos[Martini, Nick]",-0.251,0.178,-0.591,0.07,0.001,0.002,16060.0,5785.0,1.0
"beta_cos[Haseley, Adam]",-0.249,0.144,-0.516,0.026,0.001,0.002,14459.0,5877.0,1.0
"beta_cos[Rosario, Eddie]",-0.237,0.095,-0.412,-0.06,0.001,0.001,17440.0,6139.0,1.0
"beta_cos[Wilkerson, Stevie]",-0.344,0.155,-0.636,-0.059,0.001,0.002,17609.0,5639.0,1.0
"beta_cos[Desmond, Ian]",-0.409,0.151,-0.71,-0.136,0.001,0.002,16995.0,5610.0,1.0
"beta_cos[Arraez, Luis]",-0.04,0.174,-0.39,0.275,0.001,0.002,15694.0,5703.0,1.0
"beta_cos[O'Neill, Tyler]",-0.455,0.119,-0.683,-0.236,0.001,0.002,19334.0,5994.0,1.0
"beta_cos[Fisher, Derek]",-0.314,0.172,-0.628,0.024,0.001,0.002,17094.0,5936.0,1.0
"beta_cos[González, Erik]",-0.252,0.188,-0.607,0.087,0.001,0.003,16671.0,5598.0,1.0
"beta_cos[Peraza, José]",-0.167,0.181,-0.527,0.156,0.001,0.003,16733.0,5152.0,1.0
"beta_cos[Reyes, Pablo]",-0.283,0.181,-0.623,0.051,0.001,0.003,15186.0,5490.0,1.0
"beta_cos[Heredia, Guillermo]",-0.326,0.125,-0.57,-0.099,0.001,0.001,16840.0,5966.0,1.0
"beta_cos[Holt, Brock]",-0.363,0.177,-0.683,-0.019,0.001,0.003,16503.0,5076.0,1.0
"beta_cos[Pirela, José]",-0.27,0.186,-0.632,0.073,0.001,0.002,17688.0,5417.0,1.0
"beta_cos[Merrifield, Whit]",-0.287,0.126,-0.525,-0.052,0.001,0.002,19335.0,5030.0,1.0
"beta_cos[Bishop, Braden]",-0.36,0.178,-0.69,-0.032,0.001,0.002,17838.0,5086.0,1.0
"beta_cos[Alford, Anthony]",-0.266,0.163,-0.578,0.025,0.001,0.002,16141.0,4771.0,1.0
"beta_cos[McKinney, Billy]",-0.323,0.147,-0.602,-0.052,0.001,0.002,17343.0,5599.0,1.0
"beta_cos[Locastro, Tim]",-0.344,0.134,-0.605,-0.107,0.001,0.002,19058.0,5725.0,1.0
"beta_cos[Gurriel Jr., Lourdes]",0.003,0.11,-0.197,0.216,0.001,0.001,18013.0,5841.0,1.0
"beta_cos[Santander, Anthony]",-0.269,0.102,-0.46,-0.077,0.001,0.001,17288.0,5471.0,1.0
"beta_cos[Berti, Jon]",-0.164,0.165,-0.485,0.131,0.001,0.002,18964.0,5541.0,1.0
"beta_cos[Stubbs, Garrett]",-0.279,0.188,-0.627,0.074,0.001,0.003,19310.0,5551.0,1.0
"beta_cos[Reyes, Victor]",-0.317,0.117,-0.536,-0.093,0.001,0.002,17724.0,5287.0,1.0
"beta_cos[Rios, Edwin]",-0.271,0.19,-0.645,0.069,0.001,0.003,21519.0,5604.0,1.0
"beta_cos[Castellanos, Nick]",-0.247,0.091,-0.418,-0.079,0.001,0.001,18882.0,5375.0,1.0
"beta_cos[Davis, Johnny]",-0.265,0.191,-0.642,0.082,0.001,0.003,18999.0,5373.0,1.0
"beta_cos[Phillips, Brett]",-0.27,0.132,-0.5,-0.007,0.001,0.002,13810.0,5997.0,1.0
"beta_cos[Grisham, Trent]",-0.037,0.113,-0.249,0.177,0.001,0.001,17172.0,5769.0,1.0
"beta_cos[Vogt, Stephen]",-0.266,0.19,-0.624,0.091,0.001,0.003,20469.0,5253.0,1.0
"beta_cos[Dickerson, Corey]",-0.17,0.12,-0.39,0.062,0.001,0.002,16137.0,4865.0,1.0
"beta_cos[Camargo, Johan]",-0.24,0.18,-0.568,0.11,0.001,0.002,18498.0,5728.0,1.0
"beta_cos[Williams, Mason]",-0.396,0.182,-0.739,-0.056,0.001,0.002,16724.0,5188.0,1.0
"beta_cos[Rodríguez, Sean]",-0.279,0.189,-0.621,0.081,0.001,0.003,17950.0,5561.0,1.0
"beta_cos[Tauchman, Mike]",-0.288,0.134,-0.535,-0.033,0.001,0.002,17370.0,6121.0,1.0
"beta_cos[Slater, Austin]",-0.267,0.126,-0.513,-0.037,0.001,0.002,19676.0,5794.0,1.0
"beta_cos[Smith, Mallex]",-0.248,0.14,-0.505,0.021,0.001,0.002,17916.0,5729.0,1.0
"beta_cos[Herrmann, Chris]",-0.27,0.19,-0.624,0.094,0.001,0.003,16904.0,5520.0,1.0
"beta_cos[Upton, Justin]",-0.377,0.129,-0.609,-0.124,0.001,0.002,17548.0,5608.0,1.0
"beta_cos[Goodwin, Brian]",-0.363,0.119,-0.59,-0.145,0.001,0.002,16846.0,5749.0,1.0
"beta_cos[Ortega, Rafael]",-0.245,0.131,-0.481,0.014,0.001,0.002,15760.0,5321.0,1.0
"beta_cos[Riley, Austin]",-0.337,0.156,-0.635,-0.051,0.001,0.002,19689.0,5726.0,1.0
"beta_cos[Reynolds, Bryan]",-0.179,0.092,-0.355,-0.009,0.001,0.001,14884.0,5511.0,1.0
"beta_cos[Davis, Jonathan]",-0.307,0.154,-0.586,-0.01,0.001,0.002,18032.0,5740.0,1.0
"beta_cos[Profar, Jurickson]",-0.272,0.121,-0.503,-0.052,0.001,0.002,18102.0,5640.0,1.0
"beta_cos[Dietrich, Derek]",-0.246,0.183,-0.606,0.082,0.001,0.002,16636.0,5790.0,1.0
"beta_cos[Starling, Bubba]",-0.182,0.163,-0.47,0.143,0.001,0.002,16815.0,5499.0,1.0
"beta_cos[Broxton, Keon]",-0.336,0.161,-0.642,-0.038,0.001,0.002,17768.0,5654.0,1.0
"beta_cos[O'Grady, Brian]",-0.311,0.179,-0.636,0.033,0.001,0.002,19636.0,5882.0,1.0
"beta_cos[Stewart, DJ]",-0.183,0.135,-0.442,0.069,0.001,0.002,17484.0,5277.0,1.0
"beta_cos[Bryant, Kris]",-0.357,0.138,-0.609,-0.093,0.001,0.002,14456.0,5595.0,1.0
"beta_cos[Court, Ryan]",-0.183,0.188,-0.528,0.169,0.001,0.003,18172.0,5178.0,1.0
"beta_cos[Drury, Brandon]",-0.251,0.182,-0.598,0.087,0.001,0.003,19583.0,5293.0,1.0
"beta_cos[Happ, Ian]",-0.062,0.104,-0.26,0.132,0.001,0.001,17465.0,5455.0,1.0
"beta_cos[Mercado, Óscar]",-0.159,0.118,-0.371,0.066,0.001,0.001,14915.0,6411.0,1.0
"beta_cos[Pederson, Joc]",-0.408,0.114,-0.614,-0.195,0.001,0.001,19085.0,5878.0,1.0
"beta_cos[Naquin, Tyler]",-0.262,0.103,-0.456,-0.074,0.001,0.001,17630.0,5249.0,1.0
"beta_cos[Martinez, J.D.]",0.021,0.159,-0.272,0.326,0.001,0.002,14659.0,5702.0,1.0
"beta_cos[Lorenzen, Michael]",-0.234,0.176,-0.559,0.097,0.001,0.002,14771.0,5707.0,1.0
"beta_cos[Peterson, Jace]",-0.147,0.158,-0.449,0.149,0.001,0.002,19564.0,5622.0,1.0
"beta_cos[Peralta, David]",-0.213,0.101,-0.407,-0.023,0.001,0.001,15854.0,5713.0,1.0
"beta_cos[Muñoz, Yairo]",-0.27,0.174,-0.592,0.061,0.001,0.002,18503.0,5429.0,1.0
"beta_cos[Dyson, Jarrod]",-0.414,0.123,-0.631,-0.173,0.001,0.001,16468.0,6583.0,1.0
"beta_cos[Avelino, Abiatal]",-0.272,0.191,-0.653,0.075,0.002,0.003,15562.0,5389.0,1.0
"beta_cos[Brosseau, Mike]",-0.202,0.192,-0.55,0.169,0.001,0.003,18001.0,5280.0,1.0
"beta_cos[Daza, Yonathan]",-0.267,0.118,-0.496,-0.052,0.001,0.001,18323.0,5970.0,1.0
"beta_cos[Mejía, Francisco]",-0.271,0.189,-0.638,0.079,0.001,0.003,17150.0,5569.0,1.0
"beta_cos[Garlick, Kyle]",-0.156,0.149,-0.441,0.122,0.001,0.002,16080.0,5141.0,1.0
"beta_cos[Choo, Shin-Soo]",-0.441,0.145,-0.701,-0.152,0.001,0.002,17348.0,5648.0,1.0
"beta_cos[Rosario, Amed]",-0.358,0.181,-0.701,-0.026,0.001,0.003,17012.0,5262.0,1.0
"beta_cos[Altherr, Aaron]",-0.26,0.183,-0.607,0.077,0.001,0.002,18106.0,5944.0,1.0
"beta_cos[Acuña Jr., Ronald]",-0.391,0.107,-0.594,-0.192,0.001,0.001,16928.0,4913.0,1.0
"beta_cos[Winker, Jesse]",-0.382,0.11,-0.601,-0.182,0.001,0.001,15915.0,5999.0,1.0
"beta_cos[Culberson, Charlie]",-0.251,0.179,-0.568,0.098,0.001,0.002,20827.0,5340.0,1.0
"beta_cos[Negrón, Kristopher]",-0.17,0.179,-0.515,0.157,0.001,0.002,19576.0,6053.0,1.0
"beta_cos[Castro, Harold]",-0.391,0.16,-0.694,-0.101,0.001,0.002,15732.0,5879.0,1.0
"beta_cos[Belt, Brandon]",-0.147,0.179,-0.478,0.192,0.001,0.002,17025.0,5958.0,1.0
"beta_cos[Alberto, Hanser]",-0.19,0.186,-0.544,0.154,0.001,0.003,18048.0,5420.0,1.0
"beta_cos[Bruce, Jay]",-0.192,0.165,-0.496,0.112,0.001,0.002,17305.0,6049.0,1.0
"beta_cos[Verdugo, Alex]",0.118,0.092,-0.052,0.29,0.001,0.002,13742.0,5607.0,1.0
"beta_cos[Beckham, Tim]",-0.222,0.185,-0.565,0.125,0.001,0.003,17278.0,4989.0,1.0
"beta_cos[Cabrera, Melky]",-0.198,0.152,-0.471,0.097,0.001,0.002,18475.0,5250.0,1.0
"beta_cos[Kingery, Scott]",-0.395,0.155,-0.688,-0.107,0.001,0.002,20210.0,5337.0,1.0
"beta_cos[Jay, Jon]",-0.284,0.162,-0.589,0.015,0.001,0.002,16424.0,5381.0,1.0
"beta_cos[Velasquez, Vince]",-0.263,0.194,-0.625,0.098,0.001,0.003,18350.0,5307.0,1.0
"beta_cos[Renfroe, Hunter]",-0.155,0.101,-0.346,0.03,0.001,0.001,15056.0,6371.0,1.0
"beta_cos[Osuna, José]",-0.2,0.182,-0.525,0.155,0.001,0.003,17085.0,5274.0,1.0
"beta_cos[Yelich, Christian]",-0.341,0.102,-0.525,-0.142,0.001,0.001,20022.0,5970.0,1.0
"beta_cos[Goodrum, Niko]",-0.218,0.165,-0.508,0.11,0.001,0.002,16567.0,5181.0,1.0
"beta_cos[Smith, Dominic]",-0.137,0.139,-0.399,0.119,0.001,0.002,16477.0,5454.0,1.0
"beta_cos[Williams, Nick]",-0.221,0.177,-0.536,0.127,0.001,0.002,15246.0,5656.0,1.0
"beta_cos[Santana, Danny]",-0.169,0.16,-0.47,0.124,0.001,0.002,16796.0,5867.0,1.0
"beta_cos[Garcia, Greg]",-0.271,0.19,-0.626,0.078,0.001,0.003,18128.0,5702.0,1.0
"beta_cos[Freeman, Mike]",-0.243,0.186,-0.608,0.102,0.001,0.002,16712.0,5419.0,1.0
"beta_cos[Urshela, Gio]",-0.268,0.189,-0.61,0.105,0.001,0.002,18869.0,5729.0,1.0
"beta_cos[Saladino, Tyler]",-0.27,0.188,-0.614,0.087,0.001,0.003,18919.0,5018.0,1.0
"beta_cos[Hampson, Garrett]",-0.345,0.137,-0.612,-0.098,0.001,0.002,17748.0,5636.0,1.0
"beta_cos[Dahl, David]",-0.436,0.125,-0.67,-0.204,0.001,0.002,16098.0,5748.0,1.0
"beta_cos[Vargas, Ildemaro]",-0.276,0.19,-0.619,0.097,0.001,0.003,19042.0,5044.0,1.0
"beta_cos[Martínez, José A.]",-0.276,0.144,-0.545,-0.002,0.001,0.002,20120.0,5622.0,1.0
"beta_cos[Williamson, Mac]",-0.247,0.173,-0.569,0.076,0.001,0.002,17682.0,5738.0,1.0
"beta_cos[Gallo, Joey]",-0.245,0.104,-0.428,-0.046,0.001,0.001,16948.0,5903.0,1.0
"beta_cos[Tilson, Charlie]",-0.319,0.161,-0.622,-0.019,0.001,0.002,16976.0,5657.0,1.0
"beta_cos[Parker, Jarrett]",-0.308,0.186,-0.675,0.031,0.001,0.003,19004.0,5408.0,1.0
"beta_cos[Austin, Tyler]",-0.228,0.172,-0.553,0.095,0.001,0.002,17812.0,5607.0,1.0
"beta_cos[Gore, Terrance]",-0.336,0.174,-0.67,-0.017,0.001,0.002,17639.0,6264.0,1.0
"beta_cos[Canha, Mark]",-0.435,0.108,-0.634,-0.226,0.001,0.001,17728.0,5327.0,1.0
"beta_cos[Gómez, Carlos]",-0.123,0.169,-0.463,0.177,0.001,0.002,16000.0,5593.0,1.0
"beta_cos[Biggio, Cavan]",-0.124,0.17,-0.441,0.192,0.001,0.002,14307.0,5110.0,1.0
"beta_cos[Puello, César]",-0.329,0.169,-0.646,-0.018,0.001,0.002,20203.0,6061.0,1.0
"beta_cos[Bonifacio, Jorge]",-0.313,0.171,-0.637,0.0,0.001,0.002,19889.0,5563.0,1.0
"beta_cos[Joyce, Matt]",-0.217,0.151,-0.497,0.074,0.001,0.002,17291.0,5515.0,1.0
"beta_cos[Pence, Hunter]",-0.275,0.163,-0.575,0.033,0.001,0.002,19979.0,5860.0,1.0
"beta_cos[González, Carlos]",-0.157,0.168,-0.481,0.148,0.001,0.002,17769.0,5615.0,1.0
"beta_cos[Santana, Domingo]",0.022,0.14,-0.237,0.285,0.001,0.002,17677.0,5485.0,1.0
"beta_cos[Newman, Kevin]",-0.272,0.189,-0.638,0.077,0.001,0.003,19777.0,5817.0,1.0
"beta_cos[McCutchen, Andrew]",-0.125,0.116,-0.352,0.084,0.001,0.002,18912.0,5645.0,1.0
"beta_cos[Lowe, Brandon]",-0.192,0.18,-0.537,0.14,0.001,0.002,17770.0,6101.0,1.0
"beta_cos[Owings, Chris]",-0.2,0.176,-0.542,0.113,0.001,0.002,18012.0,4993.0,1.0
"beta_cos[Astudillo, Willians]",-0.279,0.192,-0.633,0.081,0.001,0.003,18631.0,4866.0,1.0
"beta_cos[Swihart, Blake]",-0.277,0.179,-0.617,0.059,0.001,0.003,18900.0,5055.0,1.0
"beta_cos[Adrianza, Ehire]",-0.199,0.177,-0.537,0.132,0.001,0.002,15096.0,5739.0,1.0
"beta_cos[Urena, Richard]",-0.278,0.19,-0.625,0.084,0.001,0.002,18084.0,5881.0,1.0
"beta_cos[Pearce, Steve]",-0.249,0.189,-0.606,0.108,0.001,0.003,19938.0,5692.0,1.0
"beta_cos[Delmonico, Nicky]",-0.284,0.175,-0.601,0.05,0.001,0.002,17997.0,6127.0,1.0
"beta_cos[Murphy, Tom]",-0.271,0.192,-0.639,0.087,0.001,0.003,20033.0,5184.0,1.0
"beta_cos[O'Brien, Peter]",-0.295,0.188,-0.648,0.056,0.001,0.003,16832.0,5351.0,1.0
"beta_cos[Eaton, Adam]",-0.188,0.105,-0.388,0.001,0.001,0.001,17850.0,6115.0,1.0
"beta_cos[Pérez, Hernán]",-0.302,0.186,-0.647,0.047,0.001,0.002,18367.0,5872.0,1.0
"beta_cos[Gerber, Mike]",-0.256,0.186,-0.615,0.077,0.001,0.003,20388.0,5506.0,1.0
"beta_cos[Zobrist, Ben]",-0.273,0.18,-0.609,0.067,0.001,0.002,18006.0,4728.0,1.0
"beta_cos[Davis, Khris]",-0.266,0.185,-0.618,0.08,0.001,0.003,18533.0,5312.0,1.0
"beta_cos[Schebler, Scott]",-0.285,0.173,-0.617,0.036,0.001,0.002,17824.0,4773.0,1.0
"beta_cos[Solarte, Yangervis]",-0.281,0.183,-0.618,0.069,0.001,0.003,20256.0,4980.0,1.0
"beta_cos[Rondon, José]",-0.213,0.186,-0.561,0.136,0.001,0.003,19514.0,5120.0,1.0
"beta_cos[Galloway, Isaac]",-0.285,0.182,-0.625,0.055,0.001,0.003,17536.0,6136.0,1.0
"beta_cos[Estrada, Thairo]",-0.262,0.179,-0.577,0.095,0.001,0.003,17820.0,4796.0,1.0
"beta_cos[Peterson, Dustin]",-0.295,0.188,-0.653,0.064,0.001,0.003,18158.0,5191.0,1.0
"beta_cos[Moran, Colin]",-0.274,0.187,-0.609,0.092,0.001,0.003,18754.0,5620.0,1.0
"beta_cos[Shuck, JB]",-0.267,0.183,-0.589,0.09,0.001,0.003,19369.0,5377.0,1.0
"beta_cos[Kemp, Matt]",-0.263,0.175,-0.601,0.057,0.001,0.002,17008.0,5344.0,1.0
"beta_cos[Martin, Jason]",-0.289,0.155,-0.577,-0.003,0.001,0.002,19125.0,5821.0,1.0
"beta_cos[Bourjos, Peter]",-0.283,0.185,-0.648,0.049,0.002,0.002,14965.0,5574.0,1.0
"beta_cos[Brito, Sócrates]",-0.205,0.177,-0.55,0.119,0.001,0.002,14370.0,5450.0,1.0
"beta_cos[Herrera, Rosell]",-0.301,0.174,-0.644,0.011,0.001,0.002,17030.0,5189.0,1.0
"beta_cos[Joe, Connor]",-0.395,0.139,-0.666,-0.139,0.001,0.002,15515.0,5572.0,1.0
"beta_cos[Zagunis, Mark]",-0.185,0.184,-0.521,0.169,0.001,0.002,17712.0,5524.0,1.0
"beta_cos[Jackson, Drew]",-0.271,0.186,-0.626,0.074,0.001,0.003,17186.0,5183.0,1.0
"beta_cos[Margot, Manuel]",-0.319,0.113,-0.529,-0.104,0.001,0.001,18980.0,5580.0,1.0
"beta_cos[Arozarena, Randy]",-0.225,0.119,-0.45,-0.012,0.001,0.002,15993.0,5308.0,1.0
"beta_cos[Duggar, Steven]",-0.229,0.124,-0.458,0.005,0.001,0.002,17903.0,5813.0,1.0
"beta_cos[Carlson, Dylan]",-0.332,0.11,-0.544,-0.131,0.001,0.001,17855.0,6305.0,1.0
"beta_cos[White, Eli]",-0.329,0.149,-0.611,-0.058,0.001,0.002,17982.0,5850.0,1.0
"beta_cos[Solak, Nick]",-0.357,0.157,-0.663,-0.069,0.001,0.002,17503.0,5282.0,1.0
"beta_cos[Aquino, Aristides]",-0.173,0.124,-0.4,0.064,0.001,0.002,17257.0,5865.0,1.0
"beta_cos[Hays, Austin]",-0.386,0.108,-0.585,-0.184,0.001,0.001,17265.0,5883.0,1.0
"beta_cos[Sierra, Magneuris]",-0.121,0.151,-0.405,0.166,0.001,0.002,17204.0,5820.0,1.0
"beta_cos[Engel, Adam]",-0.441,0.124,-0.664,-0.204,0.001,0.002,18817.0,5484.0,1.0
"beta_cos[Akiyama, Shogo]",-0.364,0.153,-0.66,-0.081,0.001,0.002,16526.0,5362.0,1.0
"beta_cos[Edman, Tommy]",-0.267,0.156,-0.554,0.028,0.001,0.002,17263.0,6226.0,1.0
"beta_cos[Chavis, Michael]",-0.098,0.188,-0.444,0.26,0.002,0.003,14451.0,4943.0,1.0
"beta_cos[Marmolejos, José]",-0.249,0.175,-0.573,0.086,0.001,0.002,18229.0,6032.0,1.0
"beta_cos[Riddle, JT]",-0.229,0.167,-0.536,0.093,0.001,0.002,17382.0,5759.0,1.0
"beta_cos[Lin, Tzu-Wei]",-0.265,0.182,-0.609,0.074,0.001,0.003,17078.0,5065.0,1.0
"beta_cos[Smith, Pavin]",-0.355,0.127,-0.591,-0.117,0.001,0.002,16082.0,5519.0,1.0
"beta_cos[Mountcastle, Ryan]",-0.336,0.171,-0.648,-0.002,0.001,0.002,17977.0,5917.0,1.0
"beta_cos[Oliva, Jared]",-0.199,0.177,-0.545,0.121,0.001,0.003,20208.0,5286.0,1.0
"beta_cos[Heath, Nick]",-0.358,0.185,-0.711,-0.011,0.001,0.002,15668.0,5484.0,1.0
"beta_cos[Taylor, Michael A.]",-0.417,0.103,-0.612,-0.23,0.001,0.001,14507.0,5520.0,1.0
"beta_cos[Moniak, Mickey]",-0.164,0.17,-0.487,0.156,0.001,0.002,16749.0,6016.0,1.0
"beta_cos[Fraley, Jake]",-0.075,0.136,-0.334,0.175,0.001,0.002,16545.0,6098.0,1.0
"beta_cos[Robertson, Daniel]",-0.273,0.188,-0.622,0.084,0.001,0.003,16151.0,5610.0,1.0
"beta_cos[Ruf, Darin]",-0.13,0.152,-0.422,0.144,0.001,0.002,14513.0,5705.0,1.0
"beta_cos[Olivares, Edward]",-0.263,0.144,-0.53,0.015,0.001,0.002,18848.0,5721.0,1.0
"beta_cos[Fuentes, Joshua]",-0.271,0.195,-0.628,0.092,0.001,0.003,17065.0,5274.0,1.0
"beta_cos[Frazier, Adam]",-0.318,0.166,-0.616,0.007,0.001,0.002,17051.0,5562.0,1.0
"beta_cos[Tsutsugo, Yoshi]",-0.222,0.17,-0.537,0.105,0.001,0.002,17042.0,5438.0,1.0
"beta_cos[Brinson, Lewis]",-0.468,0.135,-0.716,-0.21,0.001,0.002,17910.0,5485.0,1.0
"beta_cos[Andujar, Miguel]",-0.128,0.159,-0.428,0.166,0.001,0.002,16470.0,5312.0,1.0
"beta_cos[Demeritte, Travis]",-0.215,0.153,-0.484,0.086,0.001,0.002,15407.0,5741.0,1.0
"beta_cos[Ravelo, Rangel]",-0.215,0.189,-0.576,0.139,0.001,0.002,18490.0,5850.0,1.0
"beta_cos[Taylor, Tyrone]",-0.497,0.126,-0.737,-0.269,0.001,0.002,15540.0,5830.0,1.0
"beta_cos[Basabe, Luis Alexander]",-0.246,0.182,-0.585,0.104,0.001,0.003,18519.0,5239.0,1.0
"beta_cos[Thaiss, Matt]",-0.272,0.192,-0.63,0.092,0.001,0.003,19387.0,5643.0,1.0
"beta_cos[Varsho, Daulton]",-0.49,0.127,-0.721,-0.25,0.001,0.002,15549.0,5956.0,1.0
"beta_cos[Souza Jr., Steven]",-0.333,0.181,-0.678,-0.003,0.001,0.002,18422.0,5455.0,1.0
"beta_cos[Walker, Neil]",-0.26,0.191,-0.637,0.081,0.001,0.003,16688.0,5317.0,1.0
"beta_cos[Strange-Gordon, Dee]",-0.312,0.188,-0.656,0.04,0.001,0.003,17308.0,5889.0,1.0
"beta_cos[Barreto, Franklin]",-0.26,0.189,-0.611,0.101,0.001,0.003,17752.0,5524.0,1.0
"beta_cos[Rooker, Brent]",-0.385,0.162,-0.671,-0.062,0.001,0.002,15726.0,4898.0,1.0
"beta_cos[Haggerty, Sam]",-0.1,0.162,-0.408,0.193,0.001,0.002,16240.0,5274.0,1.0
"beta_cos[Harrison, Josh]",-0.156,0.173,-0.467,0.177,0.001,0.002,19458.0,5902.0,1.0
"beta_cos[Dozier, Hunter]",-0.346,0.133,-0.597,-0.089,0.001,0.002,16409.0,5652.0,1.0
"beta_cos[Payton, Mark]",-0.278,0.182,-0.616,0.07,0.001,0.002,16093.0,6187.0,1.0
"beta_cos[Mathias, Mark]",-0.276,0.186,-0.635,0.071,0.001,0.003,18659.0,5001.0,1.0
"beta_cos[Pillar, Kevin]",-0.308,0.107,-0.509,-0.106,0.001,0.001,17211.0,6288.0,1.0
"beta_cos[Pache, Cristian]",-0.181,0.144,-0.452,0.086,0.001,0.002,16449.0,6142.0,1.0
"beta_cos[Valaika, Pat]",-0.239,0.188,-0.589,0.108,0.001,0.003,18589.0,5718.0,1.0
"beta_cos[Zimmer, Bradley]",-0.525,0.146,-0.805,-0.247,0.001,0.002,16096.0,6239.0,1.0
"beta_cos[González, Luis]",-0.255,0.147,-0.526,0.02,0.001,0.002,18522.0,5748.0,1.0
"beta_cos[Mateo, Jorge]",-0.284,0.179,-0.619,0.055,0.001,0.003,18339.0,4539.0,1.0
"beta_cos[Velazquez, Andrew]",-0.23,0.187,-0.582,0.119,0.001,0.003,19051.0,5755.0,1.0
"beta_cos[Refsnyder, Rob]",-0.125,0.149,-0.404,0.158,0.001,0.002,17226.0,6002.0,1.0
"beta_cos[Mullins, Cedric]",-0.448,0.1,-0.633,-0.255,0.001,0.001,15915.0,5074.0,1.0
"beta_cos[Almonte, Abraham]",-0.207,0.161,-0.507,0.097,0.001,0.002,17485.0,5736.0,1.0
"beta_cos[Mejia, Erick]",-0.251,0.183,-0.597,0.085,0.001,0.002,18349.0,6095.0,1.0
"beta_cos[Johnson, Daniel]",-0.312,0.175,-0.656,0.006,0.001,0.002,15468.0,5593.0,1.0
"beta_cos[Evans, Phillip]",-0.271,0.18,-0.594,0.072,0.001,0.002,18541.0,5592.0,1.0
"beta_cos[Marte, Starling]",-0.258,0.095,-0.432,-0.071,0.001,0.001,16094.0,5638.0,1.0
"beta_cos[Cordero, Franchy]",0.086,0.156,-0.204,0.383,0.001,0.002,14497.0,5752.0,1.0
"beta_cos[García, Adolis]",-0.367,0.107,-0.57,-0.169,0.001,0.001,18881.0,5104.0,1.0
"beta_cos[Reyes, Franmil]",-0.225,0.148,-0.491,0.066,0.001,0.002,17396.0,5276.0,1.0
"beta_cos[McCarthy, Joe]",-0.298,0.189,-0.652,0.061,0.001,0.002,17723.0,5728.0,1.0
"beta_cos[Bonifácio, Emilio]",-0.272,0.188,-0.634,0.077,0.001,0.003,18022.0,5826.0,1.0
"beta_cos[Hoerner, Nico]",-0.261,0.185,-0.611,0.087,0.001,0.003,19986.0,5491.0,1.0
"beta_cos[Marisnick, Jake]",-0.304,0.133,-0.556,-0.055,0.001,0.002,15486.0,5719.0,1.0
"beta_cos[Schrock, Max]",-0.256,0.178,-0.601,0.072,0.001,0.002,17325.0,5627.0,1.0
"beta_cos[Ramos, Henry]",-0.368,0.18,-0.719,-0.04,0.001,0.002,16217.0,5900.0,1.0
"beta_cos[Haase, Eric]",-0.287,0.183,-0.645,0.042,0.001,0.003,18363.0,5874.0,1.0
"beta_cos[Miller, Brian]",-0.279,0.187,-0.63,0.083,0.001,0.003,15741.0,5419.0,1.0
"beta_cos[Gordon, Nick]",-0.171,0.146,-0.451,0.099,0.001,0.002,19255.0,5342.0,1.0
"beta_cos[Isbel, Kyle]",-0.209,0.14,-0.466,0.058,0.001,0.002,15173.0,5796.0,1.0
"beta_cos[Deichmann, Greg]",-0.242,0.185,-0.584,0.112,0.001,0.002,15797.0,5863.0,1.0
"beta_cos[Nevin, Tyler]",-0.258,0.183,-0.608,0.081,0.001,0.002,19624.0,5601.0,1.0
"beta_cos[Bell, Josh]",-0.255,0.187,-0.613,0.097,0.001,0.002,16686.0,5892.0,1.0
"beta_cos[McKenna, Ryan]",-0.141,0.128,-0.382,0.098,0.001,0.002,17253.0,6008.0,1.0
"beta_cos[Peters, DJ]",-0.251,0.154,-0.552,0.028,0.001,0.002,18587.0,5952.0,1.0
"beta_cos[Castro, Willi]",-0.231,0.149,-0.498,0.061,0.001,0.002,17354.0,5507.0,1.0
"beta_cos[Lagares, Juan]",-0.199,0.126,-0.441,0.029,0.001,0.002,18781.0,5864.0,1.0
"beta_cos[Hernandez, Yadiel]",-0.345,0.134,-0.605,-0.102,0.001,0.002,18009.0,5440.0,1.0
"beta_cos[Friedl, TJ]",-0.287,0.16,-0.582,0.021,0.001,0.002,17390.0,5643.0,1.0
"beta_cos[Herrera, Odúbel]",-0.319,0.126,-0.556,-0.086,0.001,0.002,17197.0,5520.0,1.0
"beta_cos[Stephenson, Tyler]",-0.282,0.19,-0.633,0.076,0.001,0.003,20221.0,6033.0,1.0
"beta_cos[Rojas, Jose]",-0.193,0.171,-0.52,0.126,0.001,0.002,18567.0,5558.0,1.0
"beta_cos[McCormick, Chas]",-0.303,0.128,-0.53,-0.047,0.001,0.002,19221.0,5637.0,1.0
"beta_cos[Nootbaar, Lars]",-0.432,0.137,-0.685,-0.17,0.001,0.002,15493.0,5947.0,1.0
"beta_cos[Wisdom, Patrick]",-0.182,0.17,-0.493,0.148,0.001,0.002,15236.0,5825.0,1.0
"beta_cos[Hamilton, Billy]",-0.446,0.146,-0.719,-0.18,0.001,0.002,16846.0,6491.0,1.0
"beta_cos[DeShields, Delino]",-0.463,0.134,-0.724,-0.222,0.001,0.002,16897.0,6157.0,1.0
"beta_cos[Baddoo, Akil]",-0.317,0.121,-0.542,-0.087,0.001,0.002,18346.0,5338.0,1.0
"beta_cos[Wong, Kean]",-0.286,0.186,-0.658,0.051,0.001,0.003,19075.0,4990.0,1.0
"beta_cos[Meyers, Jake]",-0.473,0.158,-0.772,-0.176,0.001,0.002,17282.0,5780.0,1.0
"beta_cos[Lux, Gavin]",-0.181,0.164,-0.492,0.125,0.001,0.002,17568.0,5782.0,1.0
"beta_cos[Vilade, Ryan]",-0.233,0.189,-0.574,0.129,0.001,0.003,17113.0,5857.0,1.0
"beta_cos[Cameron, Daz]",-0.375,0.154,-0.668,-0.088,0.001,0.002,17004.0,5388.0,1.0
"beta_cos[Bolt, Skye]",-0.319,0.158,-0.61,-0.016,0.001,0.002,17049.0,5862.0,1.0
"beta_cos[Siri, Jose]",-0.45,0.155,-0.747,-0.169,0.001,0.002,17305.0,5445.0,1.0
"beta_cos[Vierling, Matt]",-0.341,0.146,-0.608,-0.062,0.001,0.002,15955.0,4819.0,1.0
"beta_cos[Rivas III, Alfonso]",-0.244,0.183,-0.582,0.107,0.001,0.003,18243.0,4880.0,1.0
"beta_cos[De La Cruz, Bryan]",-0.265,0.14,-0.526,-0.001,0.001,0.002,15953.0,5836.0,1.0
"beta_cos[Gonzalez, Romy]",-0.277,0.191,-0.647,0.069,0.001,0.002,18725.0,5906.0,1.0
"beta_cos[Sheets, Gavin]",-0.283,0.157,-0.569,0.018,0.001,0.002,21039.0,4975.0,1.0
"beta_cos[Adell, Jo]",-0.322,0.133,-0.563,-0.065,0.001,0.002,19241.0,6103.0,1.0
"beta_cos[Lowe, Josh]",-0.324,0.166,-0.629,-0.008,0.001,0.002,17621.0,5243.0,1.0
"beta_cos[Vaughn, Andrew]",-0.399,0.13,-0.651,-0.159,0.001,0.002,18713.0,5976.0,1.0
"beta_cos[Ruiz, Rio]",-0.27,0.185,-0.627,0.075,0.001,0.002,17947.0,5541.0,1.0
"beta_cos[Alfaro, Jorge]",-0.263,0.188,-0.614,0.102,0.001,0.003,17485.0,5133.0,1.0
"beta_cos[Fairchild, Stuart]",-0.31,0.179,-0.652,0.019,0.001,0.002,17971.0,5035.0,1.0
"beta_cos[Arcia, Orlando]",-0.334,0.173,-0.662,-0.006,0.001,0.002,18556.0,5777.0,1.0
"beta_cos[Thomas, Lane]",-0.201,0.118,-0.422,0.02,0.001,0.002,19268.0,5816.0,1.0
"beta_cos[Smith, Kevin]",-0.282,0.189,-0.637,0.078,0.001,0.003,16969.0,5350.0,1.0
"beta_cos[Lamb, Jake]",-0.263,0.175,-0.61,0.044,0.001,0.003,16543.0,5482.0,1.0
"beta_cos[Jones, Taylor]",-0.083,0.185,-0.42,0.271,0.001,0.003,15966.0,4786.0,1.0
"beta_cos[Ibáñez, Andy]",-0.27,0.192,-0.632,0.091,0.001,0.003,18900.0,5273.0,1.0
"beta_cos[Larnach, Trevor]",-0.26,0.152,-0.525,0.043,0.001,0.002,19483.0,5160.0,1.0
"beta_cos[Park, Hoy]",-0.297,0.182,-0.641,0.038,0.001,0.002,18865.0,6064.0,1.0
"beta_cos[Robson, Jacob]",-0.264,0.188,-0.61,0.088,0.001,0.002,19103.0,5659.0,1.0
"beta_cos[McKinstry, Zach]",-0.227,0.175,-0.56,0.094,0.001,0.003,16578.0,4779.0,1.0
"beta_cos[Williams, Luke]",-0.144,0.183,-0.49,0.197,0.001,0.002,19058.0,5607.0,1.0
"beta_cos[Duran, Jarren]",-0.244,0.152,-0.531,0.045,0.001,0.002,18485.0,5559.0,1.0
"beta_cos[Fargas, Johneshwy]",-0.267,0.184,-0.597,0.097,0.001,0.003,17609.0,5535.0,1.0
"beta_cos[Bradley Jr., Jackie]",-0.219,0.097,-0.397,-0.033,0.001,0.001,17001.0,5960.0,1.0
"beta_cos[Raley, Luke]",-0.104,0.178,-0.43,0.238,0.001,0.003,17099.0,4820.0,1.0
"beta_cos[LaMarre, Ryan]",-0.21,0.181,-0.554,0.118,0.001,0.002,16792.0,6269.0,1.0
"beta_cos[Thomas, Dillon]",-0.243,0.184,-0.577,0.109,0.001,0.003,16225.0,5453.0,1.0
"beta_cos[Reks, Zach]",-0.281,0.177,-0.621,0.045,0.001,0.002,18432.0,5615.0,1.0
"beta_cos[Sánchez, Jesús]",-0.203,0.136,-0.456,0.05,0.001,0.002,18525.0,6273.0,1.0
"beta_cos[Wilson, Jacob]",-0.273,0.187,-0.635,0.074,0.001,0.003,18075.0,5519.0,1.0
"beta_cos[Clement, Ernie]",-0.121,0.183,-0.458,0.23,0.001,0.003,18770.0,5663.0,1.0
"beta_cos[Jankowski, Travis]",-0.363,0.17,-0.674,-0.043,0.001,0.002,18186.0,4902.0,1.0
"beta_cos[Vosler, Jason]",-0.297,0.193,-0.661,0.061,0.001,0.003,17381.0,5666.0,1.0
"beta_cos[Kirilloff, Alex]",-0.36,0.165,-0.674,-0.051,0.001,0.002,17573.0,4929.0,1.0
"beta_cos[Davis, Jaylin]",-0.301,0.174,-0.62,0.04,0.001,0.002,16591.0,6026.0,1.0
"beta_cos[Tom, Ka'ai]",-0.29,0.171,-0.602,0.037,0.001,0.002,16453.0,5948.0,1.0
"beta_cos[O'Hearn, Ryan]",-0.265,0.17,-0.576,0.056,0.001,0.002,18940.0,5203.0,1.0
"beta_cos[Walton, Donovan]",-0.276,0.19,-0.65,0.062,0.002,0.003,14440.0,5379.0,1.0
"beta_cos[Trammell, Taylor]",-0.225,0.149,-0.497,0.06,0.001,0.002,15849.0,6343.0,1.0
"beta_cos[Blankenhorn, Travis]",-0.278,0.189,-0.651,0.064,0.001,0.002,19690.0,5855.0,1.0
"beta_cos[Marcano, Tucupita]",-0.332,0.171,-0.648,-0.008,0.001,0.002,19087.0,5367.0,1.0
"beta_cos[Hiura, Keston]",-0.285,0.185,-0.634,0.053,0.001,0.002,19028.0,5552.0,1.0
"beta_cos[Kelenic, Jarred]",-0.205,0.132,-0.454,0.037,0.001,0.002,15927.0,5685.0,1.0
"beta_cos[Quinn, Roman]",-0.298,0.151,-0.584,-0.018,0.001,0.002,16444.0,5309.0,1.0
"beta_cos[Williams, Justin]",-0.235,0.167,-0.53,0.098,0.001,0.002,16130.0,6163.0,1.0
"beta_cos[Barrera, Luis]",-0.336,0.177,-0.675,-0.006,0.001,0.002,17001.0,5626.0,1.0
"beta_cos[Hager, Jake]",-0.274,0.188,-0.631,0.071,0.001,0.002,18053.0,5857.0,1.0
"beta_cos[Duffy, Matt]",-0.242,0.186,-0.588,0.101,0.001,0.003,18579.0,5613.0,1.0
"beta_cos[Neuse, Sheldon]",-0.221,0.186,-0.579,0.123,0.001,0.003,19053.0,6056.0,1.0
"beta_cos[Mathisen, Wyatt]",-0.222,0.189,-0.583,0.123,0.001,0.003,16596.0,5587.0,1.0
"beta_cos[Ohtani, Shohei]",-0.27,0.193,-0.622,0.102,0.001,0.003,18586.0,5315.0,1.0
"beta_cos[Bemboom, Anthony]",-0.269,0.19,-0.622,0.09,0.001,0.002,19565.0,5654.0,1.0
"beta_cos[Jones, JaCoby]",-0.452,0.134,-0.703,-0.194,0.001,0.002,15408.0,5659.0,1.0
"beta_cos[Palacios, Joshua]",-0.142,0.175,-0.477,0.177,0.001,0.002,18761.0,5241.0,1.0
"beta_cos[Young, Andrew]",-0.294,0.188,-0.651,0.059,0.001,0.003,16205.0,5478.0,1.0
"beta_cos[Musgrove, Joe]",-0.272,0.189,-0.614,0.101,0.001,0.003,16811.0,5556.0,1.0
"beta_cos[Blandino, Alex]",-0.271,0.189,-0.626,0.079,0.001,0.003,17697.0,5606.0,1.0
"beta_cos[Farmer, Kyle]",-0.269,0.185,-0.602,0.092,0.001,0.002,16518.0,5238.0,1.0
"beta_cos[Almora Jr., Albert]",-0.117,0.127,-0.358,0.109,0.001,0.002,18632.0,6222.0,1.0
"beta_cos[Inciarte, Ender]",-0.225,0.131,-0.471,0.015,0.001,0.002,16002.0,6237.0,1.0
"beta_cos[Azócar, José]",-0.225,0.157,-0.523,0.068,0.001,0.002,18607.0,5392.0,1.0
"beta_cos[Thompson, Trayce]",-0.402,0.155,-0.685,-0.109,0.001,0.002,16471.0,6202.0,1.0
"beta_cos[Kwan, Steven]",-0.205,0.137,-0.467,0.047,0.001,0.002,16310.0,6049.0,1.0
"beta_cos[Cabrera, Oswaldo]",-0.453,0.175,-0.785,-0.126,0.001,0.003,15647.0,4577.0,1.0
"beta_cos[Hicks, Aaron]",-0.296,0.114,-0.515,-0.084,0.001,0.001,16137.0,5947.0,1.0
"beta_cos[Velázquez, Nelson]",-0.19,0.164,-0.495,0.121,0.001,0.002,18389.0,5879.0,1.0
"beta_cos[Brennan, Will]",-0.235,0.186,-0.58,0.122,0.001,0.003,17825.0,5834.0,1.0
"beta_cos[Hensley, David]",-0.269,0.192,-0.617,0.102,0.001,0.003,20267.0,4654.0,1.0
"beta_cos[Vargas, Miguel]",-0.295,0.185,-0.629,0.076,0.001,0.003,18543.0,5017.0,1.0
"beta_cos[Bouchard, Sean]",-0.448,0.171,-0.77,-0.132,0.001,0.002,18875.0,5870.0,1.0
"beta_cos[Vavra, Terrin]",-0.285,0.189,-0.629,0.075,0.001,0.003,18184.0,5559.0,1.0
"beta_cos[Smith, Josh]",-0.218,0.181,-0.553,0.118,0.001,0.003,19713.0,5572.0,1.0
"beta_cos[Bleday, JJ]",-0.204,0.159,-0.497,0.095,0.001,0.002,16337.0,5475.0,1.0
"beta_cos[Carroll, Corbin]",-0.304,0.181,-0.637,0.043,0.001,0.002,18729.0,5596.0,1.0
"beta_cos[Waters, Drew]",-0.226,0.17,-0.548,0.091,0.001,0.002,20032.0,6051.0,1.0
"beta_cos[Burdick, Peyton]",-0.385,0.175,-0.706,-0.054,0.001,0.002,16633.0,5547.0,1.0
"beta_cos[Hernández, César]",-0.272,0.184,-0.627,0.068,0.001,0.003,18872.0,5358.0,1.0
"beta_cos[Thompson, Bubba]",-0.296,0.164,-0.606,0.015,0.001,0.002,17663.0,5403.0,1.0
"beta_cos[Suwinski, Jack]",-0.098,0.148,-0.361,0.201,0.001,0.002,16411.0,5178.0,1.0
"beta_cos[Melendez, MJ]",-0.149,0.171,-0.459,0.188,0.001,0.002,17500.0,5581.0,1.0
"beta_cos[Call, Alex]",-0.371,0.179,-0.708,-0.026,0.001,0.002,19162.0,5002.0,1.0
"beta_cos[Contreras, Mark]",-0.261,0.177,-0.6,0.071,0.001,0.002,21519.0,6003.0,1.0
"beta_cos[Calhoun, Kole]",-0.19,0.1,-0.385,-0.006,0.001,0.001,16176.0,4926.0,1.0
"beta_cos[Bae, Ji Hwan]",-0.258,0.187,-0.603,0.099,0.001,0.003,16689.0,5104.0,1.0
"beta_cos[Yepez, Juan]",-0.367,0.177,-0.698,-0.031,0.001,0.002,20351.0,4866.0,1.0
"beta_cos[Stowers, Kyle]",-0.186,0.175,-0.501,0.157,0.001,0.003,18055.0,4998.0,1.0
"beta_cos[Dubón, Mauricio]",-0.417,0.149,-0.691,-0.135,0.001,0.002,16750.0,5567.0,1.0
"beta_cos[Garrett, Stone]",-0.356,0.181,-0.706,-0.025,0.001,0.003,17135.0,5264.0,1.0
"beta_cos[Lopez, Alejo]",-0.268,0.191,-0.624,0.083,0.001,0.003,20237.0,5645.0,1.0
"beta_cos[McCarthy, Jake]",-0.306,0.143,-0.576,-0.041,0.001,0.002,16902.0,5556.0,1.0
"beta_cos[Encarnacion, Jerar]",-0.224,0.179,-0.556,0.12,0.001,0.002,16003.0,5266.0,1.0
"beta_cos[Palacios, Richie]",-0.217,0.172,-0.539,0.104,0.001,0.003,16647.0,5437.0,1.0
"beta_cos[Garcia, Dérmis]",-0.235,0.188,-0.562,0.141,0.001,0.003,18958.0,5239.0,1.0
"beta_cos[Donovan, Brendan]",-0.313,0.172,-0.628,0.026,0.001,0.002,17634.0,5291.0,1.0
"beta_cos[Thomas, Cody]",-0.15,0.179,-0.482,0.193,0.001,0.002,18133.0,5891.0,1.0
"beta_cos[Benson, Will]",-0.289,0.172,-0.611,0.04,0.001,0.002,20531.0,5152.0,1.0
"beta_cos[Burleson, Alec]",-0.285,0.181,-0.616,0.073,0.001,0.003,20458.0,5317.0,1.0
"beta_cos[Carpenter, Kerry]",-0.258,0.179,-0.596,0.081,0.001,0.003,17684.0,5941.0,1.0
"beta_cos[Eaton, Nate]",-0.303,0.173,-0.623,0.026,0.001,0.002,15301.0,6057.0,1.0
"beta_cos[Florial, Estevan]",-0.209,0.177,-0.546,0.113,0.001,0.002,18292.0,4990.0,1.0
"beta_cos[Morel, Christopher]",-0.092,0.165,-0.406,0.214,0.001,0.002,15430.0,5433.0,1.0
"beta_cos[Anderson, Brian]",-0.171,0.153,-0.465,0.112,0.001,0.002,17523.0,5345.0,1.0
"beta_cos[Johnson, Bryce]",-0.241,0.186,-0.603,0.096,0.001,0.003,20066.0,5444.0,1.0
"beta_cos[Ruiz, Esteury]",-0.295,0.182,-0.641,0.042,0.001,0.002,17293.0,5200.0,1.0
"beta_cos[Aguilar, Ryan]",-0.309,0.193,-0.677,0.057,0.001,0.003,19943.0,5571.0,1.0
"beta_cos[Stevenson, Cal]",-0.291,0.186,-0.632,0.077,0.001,0.003,20371.0,5703.0,1.0
"beta_cos[Maton, Nick]",-0.252,0.18,-0.584,0.085,0.001,0.002,17182.0,5920.0,1.0
"beta_cos[Sosa, Edmundo]",-0.268,0.191,-0.615,0.093,0.002,0.003,15485.0,5134.0,1.0
"beta_cos[Bernard, Wynton]",-0.203,0.183,-0.545,0.145,0.001,0.002,16373.0,5294.0,1.0
"beta_cos[Celestino, Gilberto]",-0.396,0.143,-0.66,-0.128,0.001,0.002,16655.0,5472.0,1.0
"beta_cos[Pratto, Nick]",-0.328,0.192,-0.701,0.024,0.002,0.003,15374.0,5530.0,1.0
"beta_cos[Piscotty, Stephen]",-0.139,0.127,-0.369,0.106,0.001,0.002,17677.0,5115.0,1.0
"beta_cos[Hernandez, Elier]",-0.299,0.183,-0.628,0.06,0.001,0.002,17650.0,5769.0,1.0
"beta_cos[Lewis, Kyle]",-0.214,0.146,-0.478,0.075,0.001,0.002,18129.0,5425.0,1.0
"beta_cos[Outman, James]",-0.277,0.188,-0.621,0.08,0.001,0.002,17910.0,5395.0,1.0
"beta_cos[Meneses, Joey]",-0.186,0.173,-0.511,0.136,0.001,0.002,19421.0,5746.0,1.0
"beta_cos[Reynolds, Matt]",-0.285,0.188,-0.647,0.067,0.001,0.003,20255.0,5338.0,1.0
"beta_cos[Madris, Bligh]",-0.282,0.178,-0.625,0.046,0.001,0.002,18114.0,5618.0,1.0
"beta_cos[Marsh, Brandon]",-0.445,0.126,-0.682,-0.208,0.001,0.002,14894.0,5916.0,1.0
"beta_cos[Mercedes, Yermín]",-0.283,0.189,-0.651,0.063,0.001,0.003,20751.0,5247.0,1.0
"beta_cos[Soler, Jorge]",-0.161,0.115,-0.37,0.055,0.001,0.002,18538.0,5574.0,1.0
"beta_cos[Carpenter, Matt]",-0.273,0.182,-0.609,0.071,0.001,0.003,16567.0,5047.0,1.0
"beta_cos[Clemens, Kody]",-0.237,0.186,-0.576,0.118,0.001,0.002,18538.0,5747.0,1.0
"beta_cos[Harrison, Monte]",-0.301,0.175,-0.632,0.03,0.001,0.002,17147.0,5563.0,1.0
"beta_cos[Hummel, Cooper]",-0.152,0.18,-0.499,0.18,0.001,0.002,19855.0,4934.0,1.0
"beta_cos[Mazara, Nomar]",-0.28,0.124,-0.509,-0.044,0.001,0.002,18480.0,6300.0,1.0
"beta_cos[Batten, Matthew]",-0.284,0.19,-0.654,0.069,0.001,0.003,17574.0,5322.0,1.0
"beta_cos[Alvarez, Eddy]",-0.319,0.191,-0.669,0.049,0.001,0.003,18408.0,5750.0,1.0
"beta_cos[Smith-Njigba, Canaan]",-0.297,0.191,-0.65,0.065,0.001,0.003,16942.0,5625.0,1.0
"beta_cos[Ramos, Heliot]",-0.308,0.185,-0.653,0.038,0.001,0.003,19571.0,5342.0,1.0
"beta_cos[Swaggerty, Travis]",-0.25,0.191,-0.605,0.117,0.001,0.003,18626.0,5376.0,1.0
"beta_cos[Walker, Steele]",-0.327,0.19,-0.683,0.032,0.001,0.003,19412.0,5163.0,1.0
"beta_cos[Plummer, Nick]",-0.274,0.19,-0.635,0.072,0.002,0.002,15816.0,5731.0,1.0
"beta_cos[Contreras, William]",-0.296,0.194,-0.666,0.068,0.001,0.003,18871.0,5205.0,1.0
"beta_cos[Mayfield, Jack]",-0.213,0.19,-0.567,0.144,0.001,0.002,17364.0,6119.0,1.0
"beta_cos[Walsh, Jared]",-0.278,0.18,-0.61,0.066,0.001,0.002,18177.0,5513.0,1.0
"beta_cos[Krizan, Jason]",-0.268,0.185,-0.623,0.072,0.001,0.002,17367.0,5435.0,1.0
"beta_cos[Mendick, Danny]",-0.363,0.187,-0.73,-0.03,0.001,0.003,18826.0,5599.0,1.0
"beta_cos[Cruz, Oneil]",-0.281,0.19,-0.654,0.065,0.001,0.003,16456.0,5349.0,1.0
"beta_cos[Capel, Conner]",-0.349,0.182,-0.691,-0.004,0.001,0.003,17261.0,5384.0,1.0
"beta_cos[Robles, Victor]",0.002,0.097,-0.18,0.185,0.001,0.001,14951.0,6433.0,1.0
"beta_cos[Bader, Harrison]",-0.368,0.11,-0.57,-0.163,0.001,0.001,17104.0,6018.0,1.0
"beta_cos[Springer, George]",-0.367,0.116,-0.578,-0.142,0.001,0.001,16848.0,5780.0,1.0
"beta_cos[Fowler, Dexter]",-0.513,0.131,-0.764,-0.273,0.001,0.002,17141.0,6071.0,1.0
"beta_cos[Kiermaier, Kevin]",-0.532,0.108,-0.741,-0.33,0.001,0.001,17897.0,5813.0,1.0
"beta_cos[Bellinger, Cody]",-0.397,0.101,-0.587,-0.212,0.001,0.001,16693.0,5808.0,1.0
"beta_cos[Kepler, Max]",-0.038,0.102,-0.233,0.15,0.001,0.001,15622.0,6467.0,1.0
"beta_cos[Cain, Lorenzo]",-0.526,0.124,-0.761,-0.298,0.001,0.001,14569.0,5621.0,1.0
"beta_cos[Laureano, Ramón]",-0.276,0.099,-0.457,-0.091,0.001,0.001,18357.0,5795.0,1.0
"beta_cos[Heyward, Jason]",-0.325,0.112,-0.535,-0.111,0.001,0.001,15236.0,5989.0,1.0
"beta_cos[Grichuk, Randal]",-0.471,0.099,-0.655,-0.283,0.001,0.001,16148.0,5875.0,1.0
"beta_cos[García, Avisaíl]",-0.216,0.103,-0.407,-0.024,0.001,0.001,17188.0,5598.0,1.0
"beta_cos[Marte, Ketel]",-0.34,0.133,-0.582,-0.086,0.001,0.002,17091.0,6033.0,1.0
"beta_cos[Trout, Mike]",-0.557,0.109,-0.757,-0.348,0.001,0.001,14273.0,5306.0,1.0
"beta_cos[Betts, Mookie]",-0.379,0.098,-0.564,-0.191,0.001,0.001,19544.0,6104.0,1.0
"beta_cos[Buxton, Byron]",-0.549,0.129,-0.784,-0.296,0.001,0.002,17686.0,5832.0,1.0
"beta_cos[Senzel, Nick]",-0.299,0.123,-0.526,-0.066,0.001,0.001,17015.0,6227.0,1.0
"beta_cos[Conforto, Michael]",-0.226,0.1,-0.415,-0.038,0.001,0.001,16796.0,5330.0,1.0
"beta_cos[Jones, Adam]",-0.328,0.143,-0.601,-0.066,0.001,0.002,16056.0,5889.0,1.0
"beta_cos[Rivera, Yadiel]",-0.27,0.189,-0.618,0.09,0.001,0.003,18981.0,5370.0,1.0
"beta_cos[Martin, Leonys]",-0.188,0.151,-0.472,0.094,0.001,0.002,16491.0,6439.0,1.0
"beta_cos[Haniger, Mitch]",-0.338,0.124,-0.586,-0.115,0.001,0.002,17802.0,5334.0,1.0
"beta_cos[Robinson, Drew]",-0.272,0.19,-0.633,0.088,0.001,0.003,18032.0,5427.0,1.0
"beta_cos[Mahtook, Mikie]",-0.281,0.183,-0.619,0.072,0.001,0.003,18412.0,5542.0,1.0
"beta_cos[Robert Jr., Luis]",-0.338,0.128,-0.575,-0.096,0.001,0.002,15033.0,5311.0,1.0
"beta_cos[Taveras, Leody]",-0.589,0.128,-0.831,-0.349,0.001,0.002,12635.0,5671.0,1.0
"beta_cos[Hill, Derek]",-0.437,0.15,-0.715,-0.147,0.001,0.002,16622.0,6560.0,1.0
"beta_cos[Tucker, Cole]",-0.209,0.17,-0.516,0.118,0.001,0.002,18377.0,5198.0,1.0
"beta_cos[Torreyes, Ronald]",-0.278,0.189,-0.635,0.078,0.001,0.002,18569.0,5596.0,1.0
"beta_cos[Harper, Bryce]",-0.137,0.104,-0.329,0.061,0.001,0.001,18424.0,4964.0,1.0
"beta_cos[Whitefield, Aaron]",-0.235,0.188,-0.586,0.119,0.001,0.002,17390.0,5675.0,1.0
"beta_cos[Villar, Jonathan]",-0.275,0.198,-0.655,0.085,0.001,0.003,19002.0,4695.0,1.0
"beta_cos[Tatis Jr., Fernando]",-0.333,0.177,-0.674,-0.006,0.001,0.002,17016.0,5520.0,1.0
"beta_cos[Barrero, José]",-0.266,0.185,-0.591,0.106,0.001,0.003,18070.0,5254.0,1.0
"beta_cos[Judge, Aaron]",-0.224,0.102,-0.412,-0.035,0.001,0.001,16526.0,5253.0,1.0
"beta_cos[Bruján, Vidal]",-0.331,0.182,-0.688,-0.006,0.001,0.003,17405.0,5449.0,1.0
"beta_cos[Andreoli, John]",-0.262,0.193,-0.628,0.1,0.002,0.003,16261.0,5116.0,1.0
"beta_cos[Difo, Wilmer]",-0.133,0.181,-0.486,0.193,0.001,0.002,17011.0,5949.0,1.0
"beta_cos[Fowler, Dustin]",-0.316,0.181,-0.667,0.009,0.001,0.003,19094.0,5311.0,1.0
"beta_cos[Hurst, Scott]",-0.271,0.19,-0.647,0.076,0.001,0.003,16863.0,4374.0,1.0
"beta_cos[Siani, Michael]",-0.261,0.187,-0.601,0.103,0.001,0.002,17193.0,5425.0,1.0
"beta_cos[DeLuzio, Ben]",-0.323,0.185,-0.667,0.029,0.001,0.003,19678.0,5232.0,1.0
"beta_cos[Greene, Riley]",-0.451,0.152,-0.723,-0.161,0.001,0.002,15715.0,5665.0,1.0
"beta_cos[Rodríguez, Julio]",-0.384,0.142,-0.65,-0.12,0.001,0.002,16774.0,5385.0,1.0
"beta_cos[Harris II, Michael]",-0.444,0.153,-0.738,-0.168,0.001,0.002,17224.0,4508.0,1.0
"beta_cos[Mitchell, Garrett]",-0.217,0.179,-0.561,0.114,0.001,0.003,17868.0,5041.0,1.0
"beta_cos[Kreidler, Ryan]",-0.271,0.191,-0.619,0.099,0.001,0.003,19938.0,5821.0,1.0
"beta_cos[Thomas, Alek]",-0.451,0.14,-0.708,-0.187,0.001,0.002,18833.0,6016.0,1.0
"beta_cos[Crook, Narciso]",-0.268,0.191,-0.632,0.087,0.001,0.002,17753.0,5780.0,1.0
"beta_cos[Lopez, Otto]",-0.273,0.191,-0.627,0.08,0.001,0.003,18255.0,5365.0,1.0
"beta_cos[Lee, Khalil]",-0.323,0.189,-0.67,0.044,0.001,0.003,17484.0,4977.0,1.0
"beta_cos[Lewis, Royce]",-0.286,0.188,-0.636,0.07,0.001,0.003,20954.0,5644.0,1.0
"beta_cos[Hicklen, Brewer]",-0.274,0.187,-0.634,0.066,0.001,0.002,20111.0,6263.0,1.0
"beta_cos[Blanco, Dairon]",-0.248,0.189,-0.598,0.112,0.001,0.002,18159.0,5801.0,1.0
"beta_cos[McDonald, Mickey]",-0.273,0.192,-0.647,0.08,0.001,0.003,18279.0,5736.0,1.0
"beta_cos[Muzziotti, Símon]",-0.251,0.191,-0.6,0.12,0.001,0.003,18484.0,5353.0,1.0
"beta_cos[Blackmon, Charlie]",-0.34,0.101,-0.517,-0.138,0.001,0.001,16938.0,6663.0,1.0
"beta_cos[Palka, Daniel]",-0.42,0.167,-0.738,-0.107,0.001,0.002,16279.0,6035.0,1.0
"beta_cos[Wendle, Joey]",-0.27,0.188,-0.605,0.099,0.001,0.002,19798.0,5954.0,1.0
"beta_cos[Puig, Yasiel]",-0.151,0.131,-0.398,0.088,0.001,0.002,16377.0,5783.0,1.0
"beta_cos[Joseph, Corban]",-0.271,0.191,-0.639,0.073,0.001,0.003,19624.0,5587.0,1.0
"beta_cos[Goins, Ryan]",-0.146,0.188,-0.499,0.203,0.001,0.003,17946.0,5424.0,1.0
"beta_cos[Cooper, Garrett]",-0.111,0.164,-0.417,0.194,0.001,0.002,17241.0,5377.0,1.0
"beta_cos[Thames, Eric]",-0.282,0.19,-0.635,0.065,0.001,0.003,18525.0,5624.0,1.0
"beta_cos[Nola, Austin]",-0.251,0.191,-0.613,0.1,0.002,0.003,16315.0,4660.0,1.0
"beta_cos[Sogard, Eric]",-0.286,0.188,-0.645,0.065,0.001,0.002,16539.0,5169.0,1.0
"beta_cos[Contreras, Willson]",-0.254,0.188,-0.61,0.099,0.002,0.003,14398.0,5278.0,1.0
"beta_cos[Polanco, Gregory]",-0.06,0.124,-0.292,0.172,0.001,0.002,15819.0,5488.0,1.0
"beta_cos[Davis, Chris]",-0.278,0.188,-0.638,0.074,0.001,0.003,20294.0,5672.0,1.0
"beta_cos[Adduci, James]",-0.264,0.193,-0.633,0.094,0.001,0.003,18803.0,5282.0,1.0
"beta_cos[Bote, David]",-0.264,0.192,-0.624,0.109,0.001,0.003,19708.0,5556.0,1.0
"beta_cos[Hanson, Alen]",-0.29,0.19,-0.665,0.052,0.001,0.003,20136.0,5491.0,1.0
"beta_cos[Reed, Michael]",-0.237,0.19,-0.592,0.127,0.002,0.002,14397.0,5779.0,1.0
"beta_cos[Núñez, Eduardo]",-0.269,0.192,-0.629,0.091,0.001,0.003,16961.0,4942.0,1.0
"beta_cos[Motter, Taylor]",-0.284,0.187,-0.644,0.067,0.001,0.002,17837.0,5552.0,1.0
"beta_cos[Amburgey, Trey]",-0.292,0.186,-0.663,0.043,0.001,0.002,18105.0,6102.0,1.0
"beta_cos[Rengifo, Luis]",-0.209,0.182,-0.547,0.143,0.001,0.003,18996.0,4921.0,1.0
"beta_cos[Stokes Jr., Troy]",-0.276,0.185,-0.633,0.063,0.001,0.003,18758.0,4754.0,1.0
"beta_cos[Kivlehan, Patrick]",-0.269,0.193,-0.628,0.099,0.001,0.003,17207.0,5201.0,1.0
"beta_cos[Owen, Hunter]",-0.286,0.192,-0.637,0.079,0.001,0.003,19982.0,5511.0,1.0
"beta_cos[Ray, Corey]",-0.277,0.19,-0.642,0.076,0.001,0.003,19152.0,5286.0,1.0
"beta_cos[Gonzalez, Oscar]",-0.066,0.152,-0.342,0.23,0.001,0.002,16413.0,5726.0,1.0
"beta_cos[Suzuki, Seiya]",-0.406,0.145,-0.675,-0.127,0.001,0.002,16596.0,5347.0,1.0
"beta_cos[Davis, Brendon]",-0.291,0.19,-0.641,0.079,0.001,0.003,20390.0,5572.0,1.0
"beta_cos[Wallner, Matt]",-0.366,0.183,-0.709,-0.022,0.001,0.002,17968.0,6282.0,1.0
"beta_cos[Mastrobuoni, Miles]",-0.266,0.186,-0.626,0.079,0.001,0.002,18102.0,5769.0,1.0
"beta_cos[Guthrie, Dalton]",-0.227,0.179,-0.554,0.127,0.001,0.002,19200.0,5484.0,1.0
"beta_cos[Toglia, Michael]",-0.247,0.177,-0.57,0.093,0.001,0.002,16953.0,5657.0,1.0
"beta_cos[Mitchell, Cal]",-0.36,0.161,-0.668,-0.059,0.001,0.002,18017.0,6032.0,1.0
"beta_cos[Castillo, Diego]",-0.084,0.179,-0.431,0.24,0.001,0.002,15256.0,5843.0,1.0
"beta_cos[Jones, Nolan]",-0.22,0.185,-0.571,0.123,0.001,0.003,17929.0,5550.0,1.0
"beta_cos[Díaz, Yusniel]",-0.271,0.19,-0.621,0.09,0.001,0.002,17652.0,5743.0,1.0
"beta_cos[Arroyo, Christian]",-0.34,0.178,-0.677,-0.011,0.001,0.002,17869.0,5211.0,1.0
"beta_cos[Wilson, Marcus]",-0.267,0.193,-0.631,0.097,0.001,0.003,16992.0,5086.0,1.0
"beta_cos[Abrams, CJ]",-0.273,0.186,-0.619,0.078,0.001,0.003,20720.0,5025.0,1.0
"beta_cos[Lopes, Christian]",-0.272,0.188,-0.624,0.086,0.001,0.003,18891.0,5714.0,1.0
"beta_sin[Gardner, Brett]",-0.104,0.083,-0.254,0.056,0.001,0.001,15468.0,6170.0,1.0
"beta_sin[Brantley, Michael]",-0.086,0.091,-0.256,0.077,0.001,0.001,19421.0,5501.0,1.0
"beta_sin[Soto, Juan]",0.167,0.073,0.036,0.312,0.001,0.001,10405.0,5133.0,1.0
"beta_sin[Ozuna, Marcell]",-0.131,0.095,-0.308,0.047,0.001,0.001,18751.0,5499.0,1.0
"beta_sin[Maybin, Cameron]",-0.215,0.11,-0.432,-0.023,0.001,0.001,16162.0,5754.0,1.0
"beta_sin[Díaz, Aledmys]",-0.079,0.118,-0.299,0.138,0.001,0.002,18910.0,5213.0,1.0
"beta_sin[Stanton, Giancarlo]",0.04,0.113,-0.172,0.249,0.001,0.002,14795.0,4992.0,1.0
"beta_sin[Meadows, Austin]",-0.069,0.091,-0.245,0.103,0.001,0.001,16667.0,5823.0,1.0
"beta_sin[Duvall, Adam]",0.074,0.088,-0.091,0.238,0.001,0.001,15636.0,5424.0,1.0
"beta_sin[Taylor, Chris]",-0.086,0.091,-0.266,0.081,0.001,0.001,19718.0,5066.0,1.0
"beta_sin[Hernández, Enrique]",-0.098,0.09,-0.268,0.071,0.001,0.001,17190.0,4965.0,1.0
"beta_sin[Markakis, Nick]",-0.21,0.097,-0.395,-0.03,0.001,0.001,17712.0,5749.0,1.0
"beta_sin[Beaty, Matt]",-0.002,0.113,-0.22,0.206,0.001,0.001,16957.0,5592.0,1.0
"beta_sin[Cave, Jake]",-0.075,0.096,-0.254,0.105,0.001,0.001,16530.0,5228.0,1.0
"beta_sin[Pollock, AJ]",0.054,0.081,-0.091,0.208,0.001,0.001,15669.0,5817.0,1.0
"beta_sin[Gamel, Ben]",0.078,0.087,-0.083,0.239,0.001,0.001,18006.0,4793.0,1.0
"beta_sin[Alvarez, Yordan]",-0.035,0.104,-0.219,0.165,0.001,0.001,15409.0,6221.0,1.0
"beta_sin[Reddick, Josh]",-0.133,0.093,-0.313,0.038,0.001,0.001,16356.0,5195.0,1.0
"beta_sin[Davis, J.D.]",0.012,0.111,-0.206,0.217,0.001,0.001,15268.0,5582.0,1.0
"beta_sin[Allen, Greg]",0.063,0.099,-0.122,0.256,0.001,0.001,14720.0,5354.0,1.0
"beta_sin[Stevenson, Andrew]",-0.068,0.114,-0.28,0.147,0.001,0.001,16399.0,5771.0,1.0
"beta_sin[Bauers, Jake]",-0.087,0.109,-0.288,0.119,0.001,0.001,16726.0,5340.0,1.0
"beta_sin[Wade Jr., LaMonte]",-0.119,0.105,-0.315,0.08,0.001,0.001,17560.0,6090.0,1.0
"beta_sin[McBroom, Ryan]",-0.105,0.119,-0.332,0.114,0.001,0.002,16652.0,5737.0,1.0
"beta_sin[Gordon, Alex]",-0.045,0.097,-0.23,0.141,0.001,0.001,16645.0,5488.0,1.0
"beta_sin[Tapia, Raimel]",-0.133,0.081,-0.286,0.017,0.001,0.001,17885.0,5747.0,1.0
"beta_sin[Spangenberg, Cory]",-0.099,0.126,-0.331,0.139,0.001,0.002,18453.0,5151.0,1.0
"beta_sin[Mancini, Trey]",-0.067,0.105,-0.26,0.136,0.001,0.001,19976.0,5896.0,1.0
"beta_sin[Hernández, Gorkys]",-0.1,0.123,-0.341,0.125,0.001,0.002,21721.0,5590.0,1.0
"beta_sin[Gonzalez, Marwin]",-0.108,0.103,-0.293,0.092,0.001,0.001,16860.0,5419.0,1.0
"beta_sin[Pham, Tommy]",-0.191,0.081,-0.339,-0.033,0.001,0.001,16310.0,5337.0,1.0
"beta_sin[Braun, Ryan]",-0.054,0.105,-0.254,0.138,0.001,0.001,17742.0,4926.0,1.0
"beta_sin[Jiménez, Eloy]",-0.131,0.092,-0.303,0.041,0.001,0.001,16199.0,4984.0,1.0
"beta_sin[Stewart, Christin]",-0.043,0.106,-0.232,0.167,0.001,0.001,18881.0,5349.0,1.0
"beta_sin[Granderson, Curtis]",-0.001,0.111,-0.206,0.214,0.001,0.002,18625.0,5538.0,1.0
"beta_sin[Miller, Brad]",-0.138,0.114,-0.343,0.086,0.001,0.002,17800.0,5931.0,1.0
"beta_sin[Hernández, Teoscar]",-0.173,0.08,-0.332,-0.028,0.001,0.001,16516.0,5054.0,1.0
"beta_sin[Calhoun, Willie]",-0.132,0.104,-0.328,0.062,0.001,0.001,17166.0,5533.0,1.0
"beta_sin[García, Robel]",-0.088,0.123,-0.307,0.154,0.001,0.002,17443.0,6022.0,1.0
"beta_sin[Schwarber, Kyle]",0.061,0.079,-0.089,0.209,0.001,0.001,15586.0,5077.0,1.0
"beta_sin[Dickerson, Alex]",-0.089,0.101,-0.282,0.097,0.001,0.001,16268.0,6209.0,1.0
"beta_sin[Grossman, Robbie]",-0.079,0.075,-0.216,0.067,0.001,0.001,17362.0,6009.0,1.0
"beta_sin[Long Jr., Shed]",-0.08,0.114,-0.308,0.127,0.001,0.002,21005.0,6196.0,1.0
"beta_sin[VanMeter, Josh]",-0.145,0.117,-0.359,0.08,0.001,0.002,18730.0,5395.0,1.0
"beta_sin[Elmore, Jake]",-0.089,0.124,-0.326,0.141,0.001,0.002,16595.0,5570.0,1.0
"beta_sin[Davis, Rajai]",-0.087,0.126,-0.326,0.151,0.001,0.002,16646.0,6188.0,1.0
"beta_sin[Travis, Sam]",-0.075,0.124,-0.312,0.147,0.001,0.002,19143.0,5166.0,1.0
"beta_sin[Rojas, Josh]",-0.069,0.11,-0.275,0.135,0.001,0.001,15336.0,5854.0,1.0
"beta_sin[Myers, Wil]",-0.061,0.086,-0.222,0.099,0.001,0.001,18646.0,5741.0,1.0
"beta_sin[Straw, Myles]",-0.171,0.077,-0.317,-0.031,0.001,0.001,15931.0,5963.0,1.0
"beta_sin[Ward, Taylor]",-0.141,0.088,-0.308,0.023,0.001,0.001,17894.0,6062.0,1.0
"beta_sin[Gosselin, Phil]",-0.169,0.112,-0.384,0.036,0.001,0.001,15304.0,5047.0,1.0
"beta_sin[Dean, Austin]",-0.086,0.116,-0.301,0.13,0.001,0.002,19024.0,5294.0,1.0
"beta_sin[Ramírez, Harold]",-0.016,0.091,-0.187,0.156,0.001,0.001,18534.0,5512.0,1.0
"beta_sin[Frazier, Clint]",-0.109,0.097,-0.292,0.074,0.001,0.002,21609.0,5134.0,1.0
"beta_sin[García, Leury]",-0.068,0.095,-0.241,0.117,0.001,0.001,16984.0,5339.0,1.0
"beta_sin[Rodríguez, Ronny]",-0.092,0.124,-0.334,0.129,0.001,0.002,19513.0,5644.0,1.0
"beta_sin[Rickard, Joey]",-0.033,0.115,-0.25,0.179,0.001,0.002,19268.0,5743.0,1.0
"beta_sin[Lopes, Tim]",-0.089,0.116,-0.294,0.143,0.001,0.002,18847.0,5487.0,1.0
"beta_sin[Ervin, Phillip]",-0.185,0.11,-0.378,0.039,0.001,0.002,18011.0,5590.0,1.0
"beta_sin[Luplow, Jordan]",-0.1,0.099,-0.289,0.08,0.001,0.001,15293.0,5090.0,1.0
"beta_sin[Kramer, Kevin]",-0.075,0.124,-0.308,0.157,0.001,0.002,18388.0,5838.0,1.0
"beta_sin[Nimmo, Brandon]",-0.141,0.08,-0.299,0.004,0.001,0.001,16281.0,5793.0,1.0
"beta_sin[McNeil, Jeff]",-0.164,0.095,-0.343,0.016,0.001,0.001,18452.0,6381.0,1.0
"beta_sin[Cordell, Ryan]",-0.128,0.112,-0.35,0.073,0.001,0.002,18449.0,5634.0,1.0
"beta_sin[Benintendi, Andrew]",-0.03,0.078,-0.174,0.118,0.001,0.001,15681.0,5892.0,1.0
"beta_sin[Yastrzemski, Mike]",-0.117,0.078,-0.269,0.029,0.001,0.001,18612.0,5181.0,1.0
"beta_sin[Moore, Dylan]",-0.054,0.096,-0.238,0.12,0.001,0.001,17857.0,5218.0,1.0
"beta_sin[Brown, Seth]",-0.195,0.098,-0.383,-0.016,0.001,0.001,17254.0,5579.0,1.0
"beta_sin[Naylor, Josh]",-0.004,0.1,-0.191,0.183,0.001,0.001,18649.0,5093.0,1.0
"beta_sin[Kemp, Tony]",-0.182,0.101,-0.366,0.015,0.001,0.001,17377.0,5650.0,1.0
"beta_sin[Parra, Gerardo]",-0.014,0.111,-0.219,0.195,0.001,0.002,16404.0,5517.0,1.0
"beta_sin[Miller, Ian]",-0.076,0.122,-0.302,0.157,0.001,0.002,17823.0,5723.0,1.0
"beta_sin[Dixon, Brandon]",-0.087,0.122,-0.317,0.14,0.001,0.002,15845.0,5492.0,1.0
"beta_sin[Fletcher, David]",-0.057,0.121,-0.282,0.174,0.001,0.002,17136.0,5302.0,1.0
"beta_sin[Tucker, Kyle]",-0.269,0.087,-0.433,-0.111,0.001,0.001,15508.0,5711.0,1.0
"beta_sin[Hermosillo, Michael]",-0.098,0.114,-0.323,0.104,0.001,0.002,18654.0,5854.0,1.0
"beta_sin[Smith Jr., Dwight]",-0.002,0.106,-0.201,0.196,0.001,0.001,15646.0,5556.0,1.0
"beta_sin[Heineman, Scott]",-0.087,0.116,-0.302,0.132,0.001,0.001,16610.0,5671.0,1.0
"beta_sin[Wade, Tyler]",-0.102,0.119,-0.321,0.123,0.001,0.002,19277.0,5038.0,1.0
"beta_sin[Pinder, Chad]",-0.2,0.097,-0.383,-0.021,0.001,0.001,17199.0,5327.0,1.0
"beta_sin[Hilliard, Sam]",-0.114,0.096,-0.284,0.077,0.001,0.001,17564.0,5454.0,1.0
"beta_sin[Martini, Nick]",-0.015,0.118,-0.244,0.202,0.001,0.001,16145.0,6073.0,1.0
"beta_sin[Haseley, Adam]",-0.072,0.106,-0.277,0.12,0.001,0.001,19618.0,4716.0,1.0
"beta_sin[Rosario, Eddie]",-0.078,0.078,-0.224,0.07,0.001,0.001,15661.0,5164.0,1.0
"beta_sin[Wilkerson, Stevie]",-0.06,0.107,-0.266,0.137,0.001,0.002,20342.0,5666.0,1.0
"beta_sin[Desmond, Ian]",0.003,0.105,-0.193,0.2,0.001,0.001,18484.0,6146.0,1.0
"beta_sin[Arraez, Luis]",-0.092,0.116,-0.309,0.122,0.001,0.002,18713.0,5640.0,1.0
"beta_sin[O'Neill, Tyler]",0.02,0.09,-0.144,0.192,0.001,0.001,20844.0,5566.0,1.0
"beta_sin[Fisher, Derek]",-0.064,0.116,-0.275,0.158,0.001,0.002,19772.0,5455.0,1.0
"beta_sin[González, Erik]",-0.064,0.125,-0.308,0.165,0.001,0.002,17218.0,5714.0,1.0
"beta_sin[Peraza, José]",-0.084,0.122,-0.33,0.133,0.001,0.002,17256.0,5287.0,1.0
"beta_sin[Reyes, Pablo]",0.038,0.117,-0.179,0.256,0.001,0.001,14943.0,5620.0,1.0
"beta_sin[Heredia, Guillermo]",-0.148,0.093,-0.324,0.023,0.001,0.001,14312.0,4907.0,1.0
"beta_sin[Holt, Brock]",-0.114,0.123,-0.346,0.117,0.001,0.002,19127.0,5894.0,1.0
"beta_sin[Pirela, José]",-0.077,0.126,-0.321,0.152,0.001,0.002,18309.0,5680.0,1.0
"beta_sin[Merrifield, Whit]",-0.117,0.095,-0.289,0.065,0.001,0.001,16943.0,5482.0,1.0
"beta_sin[Bishop, Braden]",-0.088,0.122,-0.319,0.137,0.001,0.002,18242.0,5142.0,1.0
"beta_sin[Alford, Anthony]",-0.027,0.112,-0.231,0.194,0.001,0.002,19518.0,5214.0,1.0
"beta_sin[McKinney, Billy]",-0.114,0.103,-0.313,0.075,0.001,0.002,19039.0,5396.0,1.0
"beta_sin[Locastro, Tim]",0.066,0.105,-0.13,0.267,0.001,0.001,16074.0,5462.0,1.0
"beta_sin[Gurriel Jr., Lourdes]",-0.113,0.087,-0.27,0.057,0.001,0.001,20241.0,4981.0,1.0
"beta_sin[Santander, Anthony]",-0.144,0.079,-0.292,0.003,0.001,0.001,18071.0,5503.0,1.0
"beta_sin[Berti, Jon]",-0.061,0.114,-0.27,0.154,0.001,0.001,19171.0,5574.0,1.0
"beta_sin[Stubbs, Garrett]",-0.086,0.124,-0.328,0.131,0.001,0.002,18556.0,5885.0,1.0
"beta_sin[Reyes, Victor]",-0.195,0.087,-0.362,-0.037,0.001,0.001,15265.0,5209.0,1.0
"beta_sin[Rios, Edwin]",-0.094,0.127,-0.332,0.149,0.001,0.002,16389.0,5026.0,1.0
"beta_sin[Castellanos, Nick]",-0.215,0.075,-0.364,-0.08,0.001,0.001,17438.0,5796.0,1.0
"beta_sin[Davis, Johnny]",-0.099,0.129,-0.336,0.151,0.001,0.002,19660.0,4905.0,1.0
"beta_sin[Phillips, Brett]",-0.071,0.095,-0.26,0.097,0.001,0.001,16398.0,5880.0,1.0
"beta_sin[Grisham, Trent]",-0.174,0.082,-0.329,-0.022,0.001,0.001,18211.0,5959.0,1.0
"beta_sin[Vogt, Stephen]",-0.091,0.124,-0.332,0.134,0.001,0.002,16389.0,5315.0,1.0
"beta_sin[Dickerson, Corey]",-0.122,0.088,-0.294,0.04,0.001,0.001,15892.0,6150.0,1.0
"beta_sin[Camargo, Johan]",-0.087,0.122,-0.315,0.146,0.001,0.002,19126.0,5334.0,1.0
"beta_sin[Williams, Mason]",-0.109,0.119,-0.332,0.113,0.001,0.002,19200.0,5794.0,1.0
"beta_sin[Rodríguez, Sean]",-0.099,0.124,-0.341,0.123,0.001,0.002,17800.0,5611.0,1.0
"beta_sin[Tauchman, Mike]",-0.118,0.104,-0.311,0.081,0.001,0.001,19251.0,5292.0,1.0
"beta_sin[Slater, Austin]",-0.062,0.091,-0.238,0.105,0.001,0.001,17507.0,5754.0,1.0
"beta_sin[Smith, Mallex]",-0.058,0.096,-0.247,0.115,0.001,0.001,18785.0,5225.0,1.0
"beta_sin[Herrmann, Chris]",-0.096,0.123,-0.323,0.144,0.001,0.002,16668.0,6517.0,1.0
"beta_sin[Upton, Justin]",0.034,0.101,-0.156,0.221,0.001,0.001,18518.0,6222.0,1.0
"beta_sin[Goodwin, Brian]",-0.094,0.086,-0.256,0.07,0.001,0.001,17074.0,5771.0,1.0
"beta_sin[Ortega, Rafael]",-0.06,0.098,-0.253,0.118,0.001,0.001,17906.0,5736.0,1.0
"beta_sin[Riley, Austin]",-0.071,0.114,-0.282,0.141,0.001,0.002,19255.0,5530.0,1.0
"beta_sin[Reynolds, Bryan]",0.088,0.073,-0.049,0.221,0.001,0.001,14480.0,5931.0,1.0
"beta_sin[Davis, Jonathan]",-0.132,0.103,-0.33,0.054,0.001,0.001,16400.0,5915.0,1.0
"beta_sin[Profar, Jurickson]",-0.026,0.091,-0.202,0.139,0.001,0.001,18451.0,6257.0,1.0
"beta_sin[Dietrich, Derek]",-0.077,0.123,-0.304,0.153,0.001,0.002,16845.0,5671.0,1.0
"beta_sin[Starling, Bubba]",-0.13,0.109,-0.334,0.073,0.001,0.002,20027.0,5206.0,1.0
"beta_sin[Broxton, Keon]",-0.011,0.111,-0.21,0.206,0.001,0.001,17970.0,5979.0,1.0
"beta_sin[O'Grady, Brian]",-0.1,0.122,-0.324,0.135,0.001,0.002,15673.0,5394.0,1.0
"beta_sin[Stewart, DJ]",-0.129,0.098,-0.315,0.058,0.001,0.001,16848.0,5693.0,1.0
"beta_sin[Bryant, Kris]",-0.014,0.101,-0.193,0.186,0.001,0.001,17478.0,5806.0,1.0
"beta_sin[Court, Ryan]",-0.128,0.123,-0.36,0.101,0.001,0.002,18484.0,5773.0,1.0
"beta_sin[Drury, Brandon]",-0.123,0.123,-0.367,0.094,0.001,0.002,16578.0,5399.0,1.0
"beta_sin[Happ, Ian]",-0.011,0.081,-0.169,0.134,0.001,0.001,15216.0,6050.0,1.0
"beta_sin[Mercado, Óscar]",-0.152,0.088,-0.312,0.02,0.001,0.001,17344.0,5528.0,1.0
"beta_sin[Pederson, Joc]",0.031,0.082,-0.124,0.184,0.001,0.001,14937.0,5653.0,1.0
"beta_sin[Naquin, Tyler]",-0.241,0.085,-0.398,-0.08,0.001,0.001,17540.0,5974.0,1.0
"beta_sin[Martinez, J.D.]",-0.135,0.107,-0.341,0.064,0.001,0.002,15073.0,5701.0,1.0
"beta_sin[Lorenzen, Michael]",-0.053,0.123,-0.283,0.182,0.001,0.002,16379.0,4641.0,1.0
"beta_sin[Peterson, Jace]",-0.056,0.114,-0.264,0.165,0.001,0.002,18889.0,6062.0,1.0
"beta_sin[Peralta, David]",0.063,0.079,-0.084,0.214,0.001,0.001,17775.0,5848.0,1.0
"beta_sin[Muñoz, Yairo]",-0.124,0.117,-0.343,0.093,0.001,0.002,17164.0,5677.0,1.0
"beta_sin[Dyson, Jarrod]",-0.173,0.093,-0.337,0.012,0.001,0.001,15509.0,5359.0,1.0
"beta_sin[Avelino, Abiatal]",-0.095,0.125,-0.317,0.156,0.001,0.002,17712.0,5097.0,1.0
"beta_sin[Brosseau, Mike]",-0.103,0.125,-0.33,0.141,0.001,0.002,20035.0,5561.0,1.0
"beta_sin[Daza, Yonathan]",-0.083,0.09,-0.253,0.09,0.001,0.001,19214.0,5657.0,1.0
"beta_sin[Mejía, Francisco]",-0.095,0.122,-0.32,0.142,0.001,0.002,15818.0,4956.0,1.0
"beta_sin[Garlick, Kyle]",-0.066,0.11,-0.278,0.142,0.001,0.001,16355.0,5469.0,1.0
"beta_sin[Choo, Shin-Soo]",-0.054,0.104,-0.259,0.13,0.001,0.001,19632.0,5784.0,1.0
"beta_sin[Rosario, Amed]",-0.103,0.119,-0.316,0.127,0.001,0.002,15703.0,5692.0,1.0
"beta_sin[Altherr, Aaron]",-0.105,0.124,-0.347,0.116,0.001,0.002,17873.0,5109.0,1.0
"beta_sin[Acuña Jr., Ronald]",-0.013,0.08,-0.164,0.135,0.001,0.001,16953.0,5953.0,1.0
"beta_sin[Winker, Jesse]",-0.071,0.087,-0.23,0.096,0.001,0.001,15979.0,5943.0,1.0
"beta_sin[Culberson, Charlie]",-0.083,0.117,-0.305,0.134,0.001,0.002,17044.0,5831.0,1.0
"beta_sin[Negrón, Kristopher]",-0.115,0.121,-0.34,0.112,0.001,0.002,21787.0,6112.0,1.0
"beta_sin[Castro, Harold]",-0.082,0.114,-0.305,0.121,0.001,0.002,16655.0,5604.0,1.0
"beta_sin[Belt, Brandon]",-0.106,0.126,-0.343,0.122,0.001,0.002,17111.0,5205.0,1.0
"beta_sin[Alberto, Hanser]",-0.084,0.125,-0.319,0.151,0.001,0.002,17592.0,5475.0,1.0
"beta_sin[Bruce, Jay]",-0.098,0.116,-0.31,0.126,0.001,0.002,20734.0,5583.0,1.0
"beta_sin[Verdugo, Alex]",-0.207,0.076,-0.347,-0.064,0.001,0.001,15730.0,5364.0,1.0
"beta_sin[Beckham, Tim]",-0.091,0.122,-0.333,0.131,0.001,0.002,17325.0,5409.0,1.0
"beta_sin[Cabrera, Melky]",-0.03,0.111,-0.232,0.187,0.001,0.001,18729.0,5608.0,1.0
"beta_sin[Kingery, Scott]",-0.081,0.11,-0.286,0.126,0.001,0.002,17524.0,5019.0,1.0
"beta_sin[Jay, Jon]",-0.109,0.11,-0.319,0.091,0.001,0.001,18692.0,5443.0,1.0
"beta_sin[Velasquez, Vince]",-0.096,0.121,-0.321,0.137,0.001,0.002,16682.0,5657.0,1.0
"beta_sin[Renfroe, Hunter]",-0.145,0.081,-0.293,0.004,0.001,0.001,16060.0,5635.0,1.0
"beta_sin[Osuna, José]",-0.121,0.118,-0.346,0.098,0.001,0.002,17786.0,5107.0,1.0
"beta_sin[Yelich, Christian]",-0.101,0.079,-0.249,0.046,0.001,0.001,15533.0,4528.0,1.0
"beta_sin[Goodrum, Niko]",-0.117,0.114,-0.326,0.097,0.001,0.001,17143.0,5509.0,1.0
"beta_sin[Smith, Dominic]",0.092,0.11,-0.11,0.302,0.001,0.002,14899.0,5322.0,1.0
"beta_sin[Williams, Nick]",-0.076,0.116,-0.299,0.143,0.001,0.002,17960.0,5999.0,1.0
"beta_sin[Santana, Danny]",-0.086,0.109,-0.282,0.129,0.001,0.001,18185.0,5313.0,1.0
"beta_sin[Garcia, Greg]",-0.096,0.124,-0.325,0.14,0.001,0.002,16651.0,5657.0,1.0
"beta_sin[Freeman, Mike]",-0.095,0.123,-0.324,0.138,0.001,0.002,18560.0,5308.0,1.0
"beta_sin[Urshela, Gio]",-0.095,0.125,-0.335,0.138,0.001,0.002,19794.0,5559.0,1.0
"beta_sin[Saladino, Tyler]",-0.094,0.122,-0.328,0.133,0.001,0.002,17625.0,5362.0,1.0
"beta_sin[Hampson, Garrett]",-0.119,0.094,-0.289,0.068,0.001,0.001,16619.0,5675.0,1.0
"beta_sin[Dahl, David]",-0.043,0.101,-0.227,0.147,0.001,0.001,16179.0,4917.0,1.0
"beta_sin[Vargas, Ildemaro]",-0.091,0.123,-0.313,0.146,0.001,0.002,18584.0,5926.0,1.0
"beta_sin[Martínez, José A.]",-0.234,0.114,-0.452,-0.023,0.001,0.002,17190.0,5162.0,1.0
"beta_sin[Williamson, Mac]",-0.057,0.118,-0.279,0.162,0.001,0.002,21350.0,5607.0,1.0
"beta_sin[Gallo, Joey]",-0.114,0.081,-0.258,0.045,0.001,0.001,17907.0,5792.0,1.0
"beta_sin[Tilson, Charlie]",-0.059,0.117,-0.281,0.158,0.001,0.002,16454.0,4221.0,1.0
"beta_sin[Parker, Jarrett]",-0.095,0.123,-0.323,0.142,0.001,0.002,16711.0,5485.0,1.0
"beta_sin[Austin, Tyler]",-0.036,0.124,-0.263,0.204,0.001,0.002,19209.0,5495.0,1.0
"beta_sin[Gore, Terrance]",-0.096,0.119,-0.312,0.134,0.001,0.002,19531.0,5287.0,1.0
"beta_sin[Canha, Mark]",-0.05,0.08,-0.202,0.097,0.001,0.001,19473.0,5857.0,1.0
"beta_sin[Gómez, Carlos]",-0.143,0.119,-0.385,0.069,0.001,0.002,16658.0,4755.0,1.0
"beta_sin[Biggio, Cavan]",-0.094,0.119,-0.312,0.131,0.001,0.002,17709.0,5566.0,1.0
"beta_sin[Puello, César]",-0.159,0.113,-0.361,0.065,0.001,0.001,17769.0,5631.0,1.0
"beta_sin[Bonifacio, Jorge]",-0.15,0.113,-0.358,0.059,0.001,0.001,17362.0,6175.0,1.0
"beta_sin[Joyce, Matt]",-0.092,0.108,-0.296,0.109,0.001,0.001,21154.0,5998.0,1.0
"beta_sin[Pence, Hunter]",-0.087,0.117,-0.297,0.148,0.001,0.002,18874.0,5793.0,1.0
"beta_sin[González, Carlos]",-0.103,0.122,-0.328,0.13,0.001,0.002,20911.0,5550.0,1.0
"beta_sin[Santana, Domingo]",-0.152,0.103,-0.348,0.042,0.001,0.001,19554.0,5285.0,1.0
"beta_sin[Newman, Kevin]",-0.096,0.127,-0.34,0.139,0.001,0.002,18425.0,5118.0,1.0
"beta_sin[McCutchen, Andrew]",-0.106,0.088,-0.266,0.065,0.001,0.001,17809.0,5799.0,1.0
"beta_sin[Lowe, Brandon]",-0.108,0.115,-0.325,0.114,0.001,0.002,16353.0,5291.0,1.0
"beta_sin[Owings, Chris]",-0.132,0.117,-0.351,0.091,0.001,0.002,19546.0,5234.0,1.0
"beta_sin[Astudillo, Willians]",-0.103,0.122,-0.33,0.126,0.001,0.002,18071.0,5343.0,1.0
"beta_sin[Swihart, Blake]",-0.123,0.123,-0.364,0.103,0.001,0.002,17884.0,6245.0,1.0
"beta_sin[Adrianza, Ehire]",-0.011,0.121,-0.23,0.22,0.001,0.002,20556.0,5351.0,1.0
"beta_sin[Urena, Richard]",-0.089,0.125,-0.309,0.152,0.001,0.002,19137.0,5384.0,1.0
"beta_sin[Pearce, Steve]",-0.118,0.125,-0.349,0.122,0.001,0.002,17326.0,5161.0,1.0
"beta_sin[Delmonico, Nicky]",-0.065,0.122,-0.305,0.155,0.001,0.002,18279.0,5702.0,1.0
"beta_sin[Murphy, Tom]",-0.084,0.128,-0.313,0.164,0.001,0.002,17275.0,5261.0,1.0
"beta_sin[O'Brien, Peter]",-0.105,0.125,-0.336,0.144,0.001,0.002,20130.0,5456.0,1.0
"beta_sin[Eaton, Adam]",-0.097,0.084,-0.258,0.06,0.001,0.001,14951.0,4957.0,1.0
"beta_sin[Pérez, Hernán]",-0.086,0.123,-0.33,0.137,0.001,0.002,18886.0,5360.0,1.0
"beta_sin[Gerber, Mike]",-0.108,0.122,-0.343,0.116,0.001,0.002,18388.0,5815.0,1.0
"beta_sin[Zobrist, Ben]",-0.048,0.122,-0.273,0.184,0.001,0.002,16438.0,5227.0,1.0
"beta_sin[Davis, Khris]",-0.071,0.124,-0.296,0.163,0.001,0.002,16928.0,5361.0,1.0
"beta_sin[Schebler, Scott]",-0.137,0.117,-0.358,0.08,0.001,0.002,19036.0,5076.0,1.0
"beta_sin[Solarte, Yangervis]",-0.087,0.123,-0.327,0.143,0.001,0.002,16894.0,4801.0,1.0
"beta_sin[Rondon, José]",-0.09,0.124,-0.321,0.144,0.001,0.002,17346.0,4443.0,1.0
"beta_sin[Galloway, Isaac]",-0.093,0.121,-0.312,0.146,0.001,0.002,16444.0,5690.0,1.0
"beta_sin[Estrada, Thairo]",-0.078,0.121,-0.304,0.145,0.001,0.002,15707.0,5614.0,1.0
"beta_sin[Peterson, Dustin]",-0.083,0.125,-0.327,0.141,0.001,0.002,17345.0,5126.0,1.0
"beta_sin[Moran, Colin]",-0.099,0.124,-0.323,0.142,0.001,0.002,17923.0,5662.0,1.0
"beta_sin[Shuck, JB]",-0.074,0.12,-0.292,0.151,0.001,0.002,18825.0,5468.0,1.0
"beta_sin[Kemp, Matt]",-0.123,0.121,-0.351,0.102,0.001,0.002,19491.0,5714.0,1.0
"beta_sin[Martin, Jason]",-0.042,0.109,-0.255,0.153,0.001,0.002,18495.0,5240.0,1.0
"beta_sin[Bourjos, Peter]",-0.105,0.125,-0.347,0.124,0.001,0.002,18835.0,4767.0,1.0
"beta_sin[Brito, Sócrates]",-0.128,0.118,-0.345,0.099,0.001,0.002,16970.0,5527.0,1.0
"beta_sin[Herrera, Rosell]",-0.144,0.121,-0.372,0.081,0.001,0.002,17984.0,5360.0,1.0
"beta_sin[Joe, Connor]",-0.111,0.105,-0.313,0.083,0.001,0.001,16737.0,5492.0,1.0
"beta_sin[Zagunis, Mark]",-0.092,0.125,-0.331,0.141,0.001,0.002,18264.0,5762.0,1.0
"beta_sin[Jackson, Drew]",-0.081,0.121,-0.308,0.152,0.001,0.002,18464.0,5475.0,1.0
"beta_sin[Margot, Manuel]",-0.098,0.083,-0.253,0.062,0.001,0.001,18225.0,5720.0,1.0
"beta_sin[Arozarena, Randy]",-0.066,0.089,-0.234,0.099,0.001,0.001,19088.0,5232.0,1.0
"beta_sin[Duggar, Steven]",-0.151,0.094,-0.33,0.019,0.001,0.001,18317.0,5907.0,1.0
"beta_sin[Carlson, Dylan]",-0.19,0.085,-0.357,-0.037,0.001,0.001,17972.0,5942.0,1.0
"beta_sin[White, Eli]",-0.132,0.106,-0.338,0.06,0.001,0.001,19862.0,5483.0,1.0
"beta_sin[Solak, Nick]",-0.033,0.111,-0.243,0.174,0.001,0.002,15473.0,5250.0,1.0
"beta_sin[Aquino, Aristides]",-0.092,0.096,-0.277,0.083,0.001,0.001,16130.0,5686.0,1.0
"beta_sin[Hays, Austin]",-0.111,0.081,-0.265,0.038,0.001,0.001,17979.0,5637.0,1.0
"beta_sin[Sierra, Magneuris]",-0.091,0.106,-0.289,0.103,0.001,0.002,19483.0,5370.0,1.0
"beta_sin[Engel, Adam]",-0.131,0.092,-0.308,0.036,0.001,0.001,18105.0,6031.0,1.0
"beta_sin[Akiyama, Shogo]",-0.072,0.107,-0.262,0.139,0.001,0.001,19397.0,5591.0,1.0
"beta_sin[Edman, Tommy]",-0.237,0.112,-0.446,-0.032,0.001,0.001,13528.0,6272.0,1.0
"beta_sin[Chavis, Michael]",-0.096,0.122,-0.336,0.119,0.001,0.002,18092.0,5224.0,1.0
"beta_sin[Marmolejos, José]",-0.001,0.12,-0.221,0.226,0.001,0.002,20563.0,5499.0,1.0
"beta_sin[Riddle, JT]",0.021,0.119,-0.193,0.252,0.001,0.002,17294.0,5317.0,1.0
"beta_sin[Lin, Tzu-Wei]",-0.122,0.122,-0.341,0.122,0.001,0.002,18223.0,4921.0,1.0
"beta_sin[Smith, Pavin]",-0.149,0.102,-0.339,0.04,0.001,0.001,19953.0,5593.0,1.0
"beta_sin[Mountcastle, Ryan]",-0.068,0.113,-0.277,0.15,0.001,0.001,18220.0,5325.0,1.0
"beta_sin[Oliva, Jared]",-0.096,0.124,-0.325,0.142,0.001,0.002,18491.0,5163.0,1.0
"beta_sin[Heath, Nick]",-0.05,0.12,-0.282,0.17,0.001,0.002,20017.0,4997.0,1.0
"beta_sin[Taylor, Michael A.]",-0.086,0.076,-0.226,0.059,0.001,0.001,17101.0,5097.0,1.0
"beta_sin[Moniak, Mickey]",-0.07,0.115,-0.286,0.14,0.001,0.002,16563.0,5594.0,1.0
"beta_sin[Fraley, Jake]",-0.019,0.1,-0.215,0.162,0.001,0.001,19981.0,5450.0,1.0
"beta_sin[Robertson, Daniel]",-0.095,0.127,-0.329,0.148,0.001,0.002,16953.0,5419.0,1.0
"beta_sin[Ruf, Darin]",-0.121,0.114,-0.329,0.098,0.001,0.002,19909.0,5205.0,1.0
"beta_sin[Olivares, Edward]",-0.221,0.105,-0.431,-0.037,0.001,0.001,15348.0,5670.0,1.0
"beta_sin[Fuentes, Joshua]",-0.095,0.127,-0.332,0.141,0.001,0.002,18129.0,5322.0,1.0
"beta_sin[Frazier, Adam]",-0.092,0.114,-0.301,0.13,0.001,0.001,20957.0,5671.0,1.0
"beta_sin[Tsutsugo, Yoshi]",-0.038,0.118,-0.258,0.186,0.001,0.002,16664.0,5604.0,1.0
"beta_sin[Brinson, Lewis]",-0.123,0.094,-0.296,0.061,0.001,0.001,19235.0,5458.0,1.0
"beta_sin[Andujar, Miguel]",-0.151,0.113,-0.357,0.069,0.001,0.002,17693.0,4973.0,1.0
"beta_sin[Demeritte, Travis]",-0.221,0.109,-0.427,-0.018,0.001,0.001,15981.0,5359.0,1.0
"beta_sin[Ravelo, Rangel]",-0.072,0.123,-0.301,0.162,0.001,0.002,14019.0,5809.0,1.0
"beta_sin[Taylor, Tyrone]",-0.14,0.096,-0.322,0.036,0.001,0.001,17837.0,6068.0,1.0
"beta_sin[Basabe, Luis Alexander]",-0.11,0.123,-0.33,0.127,0.001,0.002,18545.0,5988.0,1.0
"beta_sin[Thaiss, Matt]",-0.103,0.122,-0.338,0.13,0.001,0.002,15830.0,5629.0,1.0
"beta_sin[Varsho, Daulton]",-0.052,0.094,-0.221,0.131,0.001,0.001,15022.0,4335.0,1.0
"beta_sin[Souza Jr., Steven]",-0.106,0.12,-0.327,0.128,0.001,0.002,18922.0,5237.0,1.0
"beta_sin[Walker, Neil]",-0.104,0.124,-0.341,0.127,0.001,0.002,16502.0,5655.0,1.0
"beta_sin[Strange-Gordon, Dee]",-0.104,0.122,-0.324,0.131,0.001,0.002,19044.0,4838.0,1.0
"beta_sin[Barreto, Franklin]",-0.093,0.123,-0.318,0.142,0.001,0.002,18023.0,5189.0,1.0
"beta_sin[Rooker, Brent]",-0.067,0.111,-0.267,0.145,0.001,0.002,16864.0,5306.0,1.0
"beta_sin[Haggerty, Sam]",-0.135,0.108,-0.339,0.068,0.001,0.001,17316.0,5663.0,1.0
"beta_sin[Harrison, Josh]",-0.026,0.119,-0.242,0.204,0.001,0.001,17407.0,5931.0,1.0
"beta_sin[Dozier, Hunter]",-0.073,0.1,-0.251,0.126,0.001,0.001,17275.0,5507.0,1.0
"beta_sin[Payton, Mark]",-0.1,0.123,-0.339,0.12,0.001,0.002,17541.0,6069.0,1.0
"beta_sin[Mathias, Mark]",-0.102,0.123,-0.331,0.134,0.001,0.002,17985.0,5184.0,1.0
"beta_sin[Pillar, Kevin]",-0.068,0.081,-0.221,0.077,0.001,0.001,18588.0,5317.0,1.0
"beta_sin[Pache, Cristian]",0.002,0.105,-0.192,0.203,0.001,0.001,16655.0,5608.0,1.0
"beta_sin[Valaika, Pat]",-0.11,0.123,-0.345,0.125,0.001,0.002,18509.0,5436.0,1.0
"beta_sin[Zimmer, Bradley]",-0.069,0.097,-0.252,0.11,0.001,0.001,16094.0,6214.0,1.0
"beta_sin[González, Luis]",-0.165,0.107,-0.376,0.027,0.001,0.001,16525.0,5729.0,1.0
"beta_sin[Mateo, Jorge]",-0.08,0.121,-0.302,0.161,0.001,0.002,17114.0,5573.0,1.0
"beta_sin[Velazquez, Andrew]",-0.066,0.124,-0.302,0.168,0.001,0.002,17819.0,5579.0,1.0
"beta_sin[Refsnyder, Rob]",-0.049,0.106,-0.235,0.16,0.001,0.001,20478.0,5790.0,1.0
"beta_sin[Mullins, Cedric]",-0.236,0.074,-0.373,-0.091,0.001,0.001,15632.0,5822.0,1.0
"beta_sin[Almonte, Abraham]",-0.068,0.113,-0.27,0.153,0.001,0.002,18590.0,5739.0,1.0
"beta_sin[Mejia, Erick]",-0.074,0.121,-0.296,0.155,0.001,0.002,18188.0,6091.0,1.0
"beta_sin[Johnson, Daniel]",-0.082,0.12,-0.3,0.146,0.001,0.002,17057.0,5707.0,1.0
"beta_sin[Evans, Phillip]",-0.089,0.12,-0.3,0.143,0.001,0.002,19049.0,5712.0,1.0
"beta_sin[Marte, Starling]",0.091,0.074,-0.047,0.229,0.001,0.001,13917.0,5520.0,1.0
"beta_sin[Cordero, Franchy]",-0.167,0.11,-0.367,0.046,0.001,0.002,19257.0,5209.0,1.0
"beta_sin[García, Adolis]",-0.157,0.087,-0.325,0.0,0.001,0.001,17946.0,6100.0,1.0
"beta_sin[Reyes, Franmil]",-0.052,0.107,-0.253,0.146,0.001,0.001,16128.0,5620.0,1.0
"beta_sin[McCarthy, Joe]",-0.094,0.126,-0.333,0.142,0.001,0.002,16129.0,5531.0,1.0
"beta_sin[Bonifácio, Emilio]",-0.086,0.125,-0.313,0.148,0.001,0.002,18258.0,5474.0,1.0
"beta_sin[Hoerner, Nico]",-0.117,0.125,-0.358,0.118,0.001,0.002,18835.0,5072.0,1.0
"beta_sin[Marisnick, Jake]",-0.091,0.097,-0.268,0.099,0.001,0.001,18966.0,5454.0,1.0
"beta_sin[Schrock, Max]",-0.058,0.117,-0.272,0.167,0.001,0.002,19915.0,5839.0,1.0
"beta_sin[Ramos, Henry]",-0.097,0.12,-0.32,0.128,0.001,0.002,18664.0,5840.0,1.0
"beta_sin[Haase, Eric]",-0.096,0.119,-0.332,0.119,0.001,0.002,19652.0,5401.0,1.0
"beta_sin[Miller, Brian]",-0.089,0.123,-0.319,0.143,0.001,0.002,17825.0,5772.0,1.0
"beta_sin[Gordon, Nick]",-0.053,0.101,-0.246,0.135,0.001,0.001,18625.0,5299.0,1.0
"beta_sin[Isbel, Kyle]",-0.172,0.105,-0.362,0.029,0.001,0.001,16800.0,4755.0,1.0
"beta_sin[Deichmann, Greg]",-0.086,0.125,-0.325,0.147,0.001,0.002,16783.0,4856.0,1.0
"beta_sin[Nevin, Tyler]",-0.094,0.122,-0.326,0.136,0.001,0.002,18511.0,5669.0,1.0
"beta_sin[Bell, Josh]",-0.101,0.124,-0.328,0.134,0.001,0.002,18670.0,5620.0,1.0
"beta_sin[McKenna, Ryan]",-0.127,0.099,-0.311,0.059,0.001,0.001,18373.0,6047.0,1.0
"beta_sin[Peters, DJ]",-0.038,0.111,-0.241,0.178,0.001,0.001,13807.0,5025.0,1.0
"beta_sin[Castro, Willi]",-0.044,0.108,-0.249,0.158,0.001,0.002,20965.0,4689.0,1.0
"beta_sin[Lagares, Juan]",-0.113,0.095,-0.286,0.072,0.001,0.001,17044.0,5289.0,1.0
"beta_sin[Hernandez, Yadiel]",0.049,0.101,-0.144,0.235,0.001,0.001,15603.0,5540.0,1.0
"beta_sin[Friedl, TJ]",-0.116,0.109,-0.313,0.098,0.001,0.002,19150.0,5590.0,1.0
"beta_sin[Herrera, Odúbel]",-0.088,0.087,-0.244,0.088,0.001,0.001,19452.0,6047.0,1.0
"beta_sin[Stephenson, Tyler]",-0.078,0.122,-0.308,0.156,0.001,0.002,16681.0,6069.0,1.0
"beta_sin[Rojas, Jose]",-0.119,0.115,-0.348,0.08,0.001,0.001,17676.0,5742.0,1.0
"beta_sin[McCormick, Chas]",-0.184,0.093,-0.361,-0.016,0.001,0.001,18220.0,5452.0,1.0
"beta_sin[Nootbaar, Lars]",-0.183,0.101,-0.384,0.003,0.001,0.001,18652.0,5477.0,1.0
"beta_sin[Wisdom, Patrick]",-0.175,0.119,-0.397,0.053,0.001,0.002,16909.0,5149.0,1.0
"beta_sin[Hamilton, Billy]",-0.07,0.097,-0.255,0.107,0.001,0.001,15497.0,5781.0,1.0
"beta_sin[DeShields, Delino]",0.034,0.097,-0.144,0.219,0.001,0.001,15019.0,5482.0,1.0
"beta_sin[Baddoo, Akil]",-0.152,0.09,-0.321,0.014,0.001,0.001,16827.0,5661.0,1.0
"beta_sin[Wong, Kean]",-0.101,0.122,-0.332,0.13,0.001,0.002,18238.0,5336.0,1.0
"beta_sin[Meyers, Jake]",-0.023,0.108,-0.228,0.176,0.001,0.001,16506.0,5483.0,1.0
"beta_sin[Lux, Gavin]",-0.175,0.116,-0.396,0.034,0.001,0.001,16911.0,5621.0,1.0
"beta_sin[Vilade, Ryan]",-0.113,0.124,-0.358,0.111,0.001,0.002,16510.0,5383.0,1.0
"beta_sin[Cameron, Daz]",-0.183,0.105,-0.387,0.009,0.001,0.001,16123.0,5630.0,1.0
"beta_sin[Bolt, Skye]",-0.153,0.113,-0.35,0.074,0.001,0.002,17075.0,5661.0,1.0
"beta_sin[Siri, Jose]",-0.136,0.103,-0.317,0.064,0.001,0.001,17464.0,6080.0,1.0
"beta_sin[Vierling, Matt]",-0.218,0.104,-0.405,-0.011,0.001,0.002,16888.0,4979.0,1.0
"beta_sin[Rivas III, Alfonso]",-0.069,0.123,-0.298,0.164,0.001,0.002,18172.0,5400.0,1.0
"beta_sin[De La Cruz, Bryan]",-0.189,0.102,-0.379,0.005,0.001,0.001,17705.0,5679.0,1.0
"beta_sin[Gonzalez, Romy]",-0.094,0.124,-0.323,0.144,0.001,0.002,19953.0,5764.0,1.0
"beta_sin[Sheets, Gavin]",-0.213,0.108,-0.407,-0.002,0.001,0.001,16028.0,5677.0,1.0
"beta_sin[Adell, Jo]",-0.103,0.095,-0.284,0.077,0.001,0.001,16792.0,5318.0,1.0
"beta_sin[Lowe, Josh]",-0.092,0.116,-0.31,0.127,0.001,0.002,16613.0,5526.0,1.0
"beta_sin[Vaughn, Andrew]",-0.092,0.095,-0.274,0.088,0.001,0.001,18515.0,5585.0,1.0
"beta_sin[Ruiz, Rio]",-0.095,0.128,-0.335,0.149,0.001,0.002,18673.0,5600.0,1.0
"beta_sin[Alfaro, Jorge]",-0.058,0.122,-0.289,0.167,0.001,0.002,16006.0,5246.0,1.0
"beta_sin[Fairchild, Stuart]",-0.129,0.119,-0.352,0.093,0.001,0.002,17446.0,5807.0,1.0
"beta_sin[Arcia, Orlando]",-0.152,0.123,-0.386,0.078,0.001,0.002,16961.0,5367.0,1.0
"beta_sin[Thomas, Lane]",-0.135,0.09,-0.296,0.038,0.001,0.001,16982.0,5731.0,1.0
"beta_sin[Smith, Kevin]",-0.097,0.125,-0.33,0.144,0.001,0.002,17763.0,6083.0,1.0
"beta_sin[Lamb, Jake]",-0.07,0.121,-0.3,0.155,0.001,0.002,15278.0,4940.0,1.0
"beta_sin[Jones, Taylor]",-0.119,0.123,-0.35,0.116,0.001,0.002,17854.0,5406.0,1.0
"beta_sin[Ibáñez, Andy]",-0.093,0.124,-0.325,0.143,0.001,0.002,19721.0,5458.0,1.0
"beta_sin[Larnach, Trevor]",-0.118,0.103,-0.315,0.071,0.001,0.001,18059.0,6048.0,1.0
"beta_sin[Park, Hoy]",-0.127,0.122,-0.363,0.098,0.001,0.002,17572.0,5252.0,1.0
"beta_sin[Robson, Jacob]",-0.097,0.125,-0.332,0.134,0.001,0.002,18517.0,5540.0,1.0
"beta_sin[McKinstry, Zach]",-0.119,0.122,-0.336,0.12,0.001,0.002,15376.0,5365.0,1.0
"beta_sin[Williams, Luke]",-0.092,0.121,-0.32,0.137,0.001,0.002,14911.0,5759.0,1.0
"beta_sin[Duran, Jarren]",-0.165,0.106,-0.369,0.033,0.001,0.001,16176.0,5971.0,1.0
"beta_sin[Fargas, Johneshwy]",-0.07,0.123,-0.288,0.17,0.001,0.002,16943.0,5910.0,1.0
"beta_sin[Bradley Jr., Jackie]",-0.329,0.075,-0.474,-0.188,0.001,0.001,14163.0,6048.0,1.0
"beta_sin[Raley, Luke]",-0.105,0.119,-0.33,0.112,0.001,0.002,15941.0,5372.0,1.0
"beta_sin[LaMarre, Ryan]",-0.135,0.12,-0.362,0.089,0.001,0.002,16186.0,4857.0,1.0
"beta_sin[Thomas, Dillon]",-0.11,0.125,-0.351,0.118,0.001,0.002,19118.0,5092.0,1.0
"beta_sin[Reks, Zach]",-0.128,0.12,-0.351,0.104,0.001,0.002,18164.0,4891.0,1.0
"beta_sin[Sánchez, Jesús]",-0.02,0.103,-0.21,0.17,0.001,0.001,18286.0,5579.0,1.0
"beta_sin[Wilson, Jacob]",-0.094,0.125,-0.324,0.146,0.001,0.002,17798.0,5930.0,1.0
"beta_sin[Clement, Ernie]",-0.064,0.119,-0.285,0.164,0.001,0.002,16798.0,5838.0,1.0
"beta_sin[Jankowski, Travis]",-0.093,0.114,-0.313,0.114,0.001,0.002,16053.0,5291.0,1.0
"beta_sin[Vosler, Jason]",-0.107,0.128,-0.343,0.141,0.001,0.002,17842.0,5404.0,1.0
"beta_sin[Kirilloff, Alex]",-0.129,0.114,-0.333,0.09,0.001,0.001,17306.0,4905.0,1.0
"beta_sin[Davis, Jaylin]",-0.036,0.117,-0.252,0.19,0.001,0.002,17869.0,5813.0,1.0
"beta_sin[Tom, Ka'ai]",-0.117,0.121,-0.347,0.106,0.001,0.002,16954.0,5482.0,1.0
"beta_sin[O'Hearn, Ryan]",-0.108,0.118,-0.339,0.101,0.001,0.002,20215.0,5125.0,1.0
"beta_sin[Walton, Donovan]",-0.091,0.126,-0.334,0.138,0.001,0.002,15702.0,5434.0,1.0
"beta_sin[Trammell, Taylor]",-0.027,0.11,-0.237,0.183,0.001,0.002,16133.0,4932.0,1.0
"beta_sin[Blankenhorn, Travis]",-0.098,0.123,-0.329,0.133,0.001,0.002,18892.0,5660.0,1.0
"beta_sin[Marcano, Tucupita]",-0.082,0.117,-0.291,0.147,0.001,0.002,19936.0,5735.0,1.0
"beta_sin[Hiura, Keston]",-0.076,0.127,-0.324,0.157,0.001,0.002,17974.0,5152.0,1.0
"beta_sin[Kelenic, Jarred]",-0.004,0.096,-0.176,0.183,0.001,0.001,16903.0,5598.0,1.0
"beta_sin[Quinn, Roman]",0.035,0.103,-0.164,0.223,0.001,0.001,14576.0,6156.0,1.0
"beta_sin[Williams, Justin]",-0.066,0.118,-0.306,0.137,0.001,0.002,16896.0,6042.0,1.0
"beta_sin[Barrera, Luis]",-0.071,0.121,-0.294,0.161,0.001,0.002,18399.0,5217.0,1.0
"beta_sin[Hager, Jake]",-0.101,0.121,-0.323,0.126,0.001,0.002,17773.0,5543.0,1.0
"beta_sin[Duffy, Matt]",-0.086,0.126,-0.331,0.147,0.001,0.002,18388.0,5022.0,1.0
"beta_sin[Neuse, Sheldon]",-0.092,0.123,-0.327,0.135,0.001,0.002,17163.0,5376.0,1.0
"beta_sin[Mathisen, Wyatt]",-0.089,0.124,-0.314,0.157,0.001,0.002,16513.0,5485.0,1.0
"beta_sin[Ohtani, Shohei]",-0.095,0.125,-0.325,0.15,0.001,0.002,19520.0,5230.0,1.0
"beta_sin[Bemboom, Anthony]",-0.095,0.127,-0.331,0.154,0.001,0.002,15368.0,5373.0,1.0
"beta_sin[Jones, JaCoby]",-0.092,0.098,-0.281,0.09,0.001,0.001,18796.0,5358.0,1.0
"beta_sin[Palacios, Joshua]",-0.129,0.121,-0.348,0.104,0.001,0.002,18175.0,5604.0,1.0
"beta_sin[Young, Andrew]",-0.091,0.127,-0.317,0.159,0.001,0.002,17733.0,5385.0,1.0
"beta_sin[Musgrove, Joe]",-0.096,0.124,-0.341,0.125,0.001,0.002,17751.0,5596.0,1.0
"beta_sin[Blandino, Alex]",-0.093,0.123,-0.329,0.13,0.001,0.002,19612.0,5592.0,1.0
"beta_sin[Farmer, Kyle]",-0.095,0.122,-0.322,0.14,0.001,0.002,18772.0,5201.0,1.0
"beta_sin[Almora Jr., Albert]",-0.107,0.093,-0.28,0.072,0.001,0.001,17827.0,5527.0,1.0
"beta_sin[Inciarte, Ender]",-0.041,0.097,-0.211,0.155,0.001,0.001,16403.0,5585.0,1.0
"beta_sin[Azócar, José]",-0.093,0.109,-0.297,0.112,0.001,0.001,16727.0,5414.0,1.0
"beta_sin[Thompson, Trayce]",-0.092,0.107,-0.296,0.106,0.001,0.002,16817.0,5287.0,1.0
"beta_sin[Kwan, Steven]",-0.169,0.101,-0.362,0.015,0.001,0.001,19768.0,5819.0,1.0
"beta_sin[Cabrera, Oswaldo]",-0.108,0.119,-0.333,0.114,0.001,0.002,17858.0,5648.0,1.0
"beta_sin[Hicks, Aaron]",-0.248,0.085,-0.401,-0.086,0.001,0.001,15647.0,5307.0,1.0
"beta_sin[Velázquez, Nelson]",-0.088,0.112,-0.3,0.116,0.001,0.002,18996.0,5731.0,1.0
"beta_sin[Brennan, Will]",-0.103,0.123,-0.329,0.142,0.001,0.002,19300.0,5383.0,1.0
"beta_sin[Hensley, David]",-0.096,0.126,-0.341,0.13,0.001,0.002,22880.0,5283.0,1.0
"beta_sin[Vargas, Miguel]",-0.087,0.122,-0.326,0.137,0.001,0.002,17038.0,5400.0,1.0
"beta_sin[Bouchard, Sean]",-0.101,0.119,-0.315,0.127,0.001,0.002,17001.0,5201.0,1.0
"beta_sin[Vavra, Terrin]",-0.082,0.125,-0.309,0.157,0.001,0.002,17138.0,5496.0,1.0
"beta_sin[Smith, Josh]",-0.102,0.122,-0.323,0.13,0.001,0.002,19028.0,5594.0,1.0
"beta_sin[Bleday, JJ]",-0.151,0.115,-0.372,0.062,0.001,0.002,18207.0,5286.0,1.0
"beta_sin[Carroll, Corbin]",-0.087,0.119,-0.312,0.14,0.001,0.002,16307.0,5834.0,1.0
"beta_sin[Waters, Drew]",-0.095,0.119,-0.313,0.131,0.001,0.002,17632.0,5987.0,1.0
"beta_sin[Burdick, Peyton]",-0.066,0.117,-0.276,0.158,0.001,0.002,17510.0,5723.0,1.0
"beta_sin[Hernández, César]",-0.102,0.122,-0.339,0.116,0.001,0.002,17568.0,5496.0,1.0
"beta_sin[Thompson, Bubba]",-0.108,0.112,-0.321,0.099,0.001,0.002,19175.0,5397.0,1.0
"beta_sin[Suwinski, Jack]",-0.106,0.104,-0.294,0.092,0.001,0.001,20453.0,5642.0,1.0
"beta_sin[Melendez, MJ]",-0.078,0.113,-0.289,0.136,0.001,0.002,17934.0,5814.0,1.0
"beta_sin[Call, Alex]",-0.099,0.121,-0.322,0.137,0.001,0.002,18478.0,5043.0,1.0
"beta_sin[Contreras, Mark]",-0.193,0.122,-0.418,0.04,0.001,0.002,16243.0,5284.0,1.0
"beta_sin[Calhoun, Kole]",-0.158,0.079,-0.308,-0.014,0.001,0.001,18387.0,5897.0,1.0
"beta_sin[Bae, Ji Hwan]",-0.062,0.123,-0.284,0.178,0.001,0.002,18224.0,5649.0,1.0
"beta_sin[Yepez, Juan]",-0.086,0.12,-0.298,0.146,0.001,0.002,17600.0,5922.0,1.0
"beta_sin[Stowers, Kyle]",-0.07,0.119,-0.29,0.165,0.001,0.002,14905.0,5592.0,1.0
"beta_sin[Dubón, Mauricio]",-0.074,0.106,-0.277,0.123,0.001,0.002,15133.0,5276.0,1.0
"beta_sin[Garrett, Stone]",-0.104,0.123,-0.331,0.135,0.001,0.002,18222.0,5317.0,1.0
"beta_sin[Lopez, Alejo]",-0.094,0.125,-0.323,0.143,0.001,0.002,15430.0,5325.0,1.0
"beta_sin[McCarthy, Jake]",0.015,0.104,-0.177,0.214,0.001,0.001,15647.0,5407.0,1.0
"beta_sin[Encarnacion, Jerar]",-0.098,0.12,-0.319,0.135,0.001,0.002,15211.0,5434.0,1.0
"beta_sin[Palacios, Richie]",-0.111,0.122,-0.336,0.121,0.001,0.002,19375.0,5306.0,1.0
"beta_sin[Garcia, Dérmis]",-0.111,0.124,-0.339,0.126,0.001,0.002,18082.0,5422.0,1.0
"beta_sin[Donovan, Brendan]",-0.091,0.114,-0.302,0.125,0.001,0.001,21529.0,6185.0,1.0
"beta_sin[Thomas, Cody]",-0.071,0.12,-0.31,0.146,0.001,0.002,18620.0,5499.0,1.0
"beta_sin[Benson, Will]",-0.069,0.12,-0.292,0.159,0.001,0.002,17896.0,5472.0,1.0
"beta_sin[Burleson, Alec]",-0.091,0.125,-0.327,0.141,0.001,0.002,18889.0,5188.0,1.0
"beta_sin[Carpenter, Kerry]",-0.097,0.123,-0.326,0.139,0.001,0.002,17989.0,5233.0,1.0
"beta_sin[Eaton, Nate]",-0.132,0.121,-0.368,0.091,0.001,0.002,14180.0,5383.0,1.0
"beta_sin[Florial, Estevan]",-0.092,0.119,-0.308,0.141,0.001,0.002,19377.0,5268.0,1.0
"beta_sin[Morel, Christopher]",-0.153,0.115,-0.362,0.061,0.001,0.002,16669.0,5155.0,1.0
"beta_sin[Anderson, Brian]",-0.207,0.109,-0.416,-0.007,0.001,0.002,16180.0,4953.0,1.0
"beta_sin[Johnson, Bryce]",-0.106,0.121,-0.34,0.11,0.001,0.002,15853.0,5202.0,1.0
"beta_sin[Ruiz, Esteury]",-0.091,0.126,-0.337,0.146,0.001,0.002,16820.0,5115.0,1.0
"beta_sin[Aguilar, Ryan]",-0.117,0.124,-0.351,0.112,0.001,0.002,16264.0,5762.0,1.0
"beta_sin[Stevenson, Cal]",-0.072,0.119,-0.298,0.155,0.001,0.001,18159.0,6577.0,1.0
"beta_sin[Maton, Nick]",-0.106,0.124,-0.335,0.135,0.001,0.002,17648.0,4540.0,1.0
"beta_sin[Sosa, Edmundo]",-0.094,0.122,-0.33,0.121,0.001,0.002,16976.0,5521.0,1.0
"beta_sin[Bernard, Wynton]",-0.066,0.12,-0.283,0.166,0.001,0.002,17799.0,6098.0,1.0
"beta_sin[Celestino, Gilberto]",0.002,0.1,-0.181,0.191,0.001,0.001,17427.0,6024.0,1.0
"beta_sin[Pratto, Nick]",-0.112,0.123,-0.345,0.12,0.001,0.002,17314.0,5208.0,1.0
"beta_sin[Piscotty, Stephen]",-0.199,0.097,-0.378,-0.012,0.001,0.001,16238.0,5674.0,1.0
"beta_sin[Hernandez, Elier]",-0.1,0.125,-0.335,0.144,0.001,0.002,19537.0,5921.0,1.0
"beta_sin[Lewis, Kyle]",-0.099,0.104,-0.295,0.095,0.001,0.001,17060.0,5584.0,1.0
"beta_sin[Outman, James]",-0.085,0.125,-0.312,0.157,0.001,0.002,18781.0,5370.0,1.0
"beta_sin[Meneses, Joey]",-0.13,0.118,-0.345,0.101,0.001,0.002,16555.0,5333.0,1.0
"beta_sin[Reynolds, Matt]",-0.098,0.126,-0.338,0.131,0.001,0.002,16500.0,5492.0,1.0
"beta_sin[Madris, Bligh]",-0.075,0.121,-0.305,0.147,0.001,0.002,17609.0,5504.0,1.0
"beta_sin[Marsh, Brandon]",-0.159,0.096,-0.34,0.021,0.001,0.001,16730.0,5504.0,1.0
"beta_sin[Mercedes, Yermín]",-0.092,0.121,-0.321,0.135,0.001,0.002,18581.0,5498.0,1.0
"beta_sin[Soler, Jorge]",-0.155,0.092,-0.342,0.004,0.001,0.001,15677.0,5473.0,1.0
"beta_sin[Carpenter, Matt]",-0.175,0.121,-0.4,0.051,0.001,0.002,17708.0,5731.0,1.0
"beta_sin[Clemens, Kody]",-0.083,0.123,-0.323,0.146,0.001,0.002,17183.0,5448.0,1.0
"beta_sin[Harrison, Monte]",-0.077,0.119,-0.31,0.141,0.001,0.002,17618.0,5446.0,1.0
"beta_sin[Hummel, Cooper]",-0.116,0.121,-0.345,0.112,0.001,0.002,14361.0,5540.0,1.0
"beta_sin[Mazara, Nomar]",-0.217,0.098,-0.404,-0.033,0.001,0.001,17536.0,6064.0,1.0
"beta_sin[Batten, Matthew]",-0.099,0.127,-0.342,0.138,0.001,0.002,17041.0,5132.0,1.0
"beta_sin[Alvarez, Eddy]",-0.073,0.124,-0.298,0.167,0.001,0.002,18114.0,5631.0,1.0
"beta_sin[Smith-Njigba, Canaan]",-0.111,0.123,-0.347,0.115,0.001,0.002,17404.0,5127.0,1.0
"beta_sin[Ramos, Heliot]",-0.084,0.127,-0.323,0.163,0.001,0.002,16502.0,4815.0,1.0
"beta_sin[Swaggerty, Travis]",-0.091,0.129,-0.329,0.149,0.001,0.002,17407.0,5186.0,1.0
"beta_sin[Walker, Steele]",-0.092,0.123,-0.318,0.147,0.001,0.002,19867.0,5357.0,1.0
"beta_sin[Plummer, Nick]",-0.071,0.122,-0.303,0.153,0.001,0.002,17426.0,5427.0,1.0
"beta_sin[Contreras, William]",-0.121,0.124,-0.359,0.102,0.001,0.002,17113.0,5739.0,1.0
"beta_sin[Mayfield, Jack]",-0.093,0.126,-0.328,0.148,0.001,0.002,17507.0,5400.0,1.0
"beta_sin[Walsh, Jared]",-0.136,0.119,-0.356,0.087,0.001,0.002,16834.0,5709.0,1.0
"beta_sin[Krizan, Jason]",-0.102,0.127,-0.333,0.142,0.001,0.002,18239.0,5614.0,1.0
"beta_sin[Mendick, Danny]",-0.104,0.127,-0.346,0.13,0.001,0.002,18712.0,5023.0,1.0
"beta_sin[Cruz, Oneil]",-0.095,0.124,-0.328,0.142,0.001,0.002,16612.0,5340.0,1.0
"beta_sin[Capel, Conner]",-0.117,0.12,-0.352,0.102,0.001,0.002,16734.0,5996.0,1.0
"beta_sin[Robles, Victor]",0.115,0.074,-0.029,0.251,0.001,0.001,15425.0,5745.0,1.0
"beta_sin[Bader, Harrison]",-0.036,0.081,-0.184,0.12,0.001,0.001,17652.0,5497.0,1.0
"beta_sin[Springer, George]",-0.017,0.088,-0.183,0.148,0.001,0.001,17546.0,5883.0,1.0
"beta_sin[Fowler, Dexter]",-0.093,0.098,-0.275,0.094,0.001,0.001,15660.0,5823.0,1.0
"beta_sin[Kiermaier, Kevin]",-0.088,0.08,-0.231,0.065,0.001,0.001,17056.0,5694.0,1.0
"beta_sin[Bellinger, Cody]",-0.04,0.076,-0.184,0.103,0.001,0.001,20341.0,5292.0,1.0
"beta_sin[Kepler, Max]",-0.04,0.077,-0.183,0.105,0.001,0.001,16080.0,5979.0,1.0
"beta_sin[Cain, Lorenzo]",-0.058,0.09,-0.218,0.118,0.001,0.001,19901.0,5392.0,1.0
"beta_sin[Laureano, Ramón]",-0.098,0.078,-0.246,0.045,0.001,0.001,19595.0,5345.0,1.0
"beta_sin[Heyward, Jason]",-0.178,0.081,-0.323,-0.015,0.001,0.001,15207.0,5847.0,1.0
"beta_sin[Grichuk, Randal]",-0.167,0.073,-0.299,-0.026,0.001,0.001,14627.0,5795.0,1.0
"beta_sin[García, Avisaíl]",-0.141,0.081,-0.289,0.011,0.001,0.001,17035.0,6142.0,1.0
"beta_sin[Marte, Ketel]",-0.094,0.09,-0.257,0.079,0.001,0.001,15905.0,5050.0,1.0
"beta_sin[Trout, Mike]",-0.094,0.078,-0.236,0.057,0.001,0.001,18473.0,5505.0,1.0
"beta_sin[Betts, Mookie]",-0.228,0.08,-0.382,-0.085,0.001,0.001,16615.0,6027.0,1.0
"beta_sin[Buxton, Byron]",-0.115,0.088,-0.273,0.057,0.001,0.001,17841.0,5923.0,1.0
"beta_sin[Senzel, Nick]",-0.154,0.091,-0.317,0.019,0.001,0.001,16743.0,4969.0,1.0
"beta_sin[Conforto, Michael]",-0.18,0.085,-0.34,-0.022,0.001,0.001,12495.0,6233.0,1.0
"beta_sin[Jones, Adam]",-0.11,0.104,-0.303,0.084,0.001,0.001,16156.0,5557.0,1.0
"beta_sin[Rivera, Yadiel]",-0.095,0.123,-0.33,0.131,0.001,0.002,19554.0,5677.0,1.0
"beta_sin[Martin, Leonys]",0.005,0.111,-0.195,0.221,0.001,0.001,15373.0,5657.0,1.0
"beta_sin[Haniger, Mitch]",-0.035,0.089,-0.212,0.125,0.001,0.001,17740.0,5286.0,1.0
"beta_sin[Robinson, Drew]",-0.1,0.129,-0.331,0.159,0.001,0.002,18742.0,5219.0,1.0
"beta_sin[Mahtook, Mikie]",-0.105,0.122,-0.339,0.122,0.001,0.002,19873.0,5382.0,1.0
"beta_sin[Robert Jr., Luis]",-0.231,0.09,-0.4,-0.058,0.001,0.001,16876.0,5232.0,1.0
"beta_sin[Taveras, Leody]",-0.025,0.089,-0.191,0.145,0.001,0.001,18127.0,4978.0,1.0
"beta_sin[Hill, Derek]",-0.116,0.105,-0.307,0.083,0.001,0.001,19256.0,5346.0,1.0
"beta_sin[Tucker, Cole]",-0.073,0.116,-0.287,0.148,0.001,0.002,17819.0,5343.0,1.0
"beta_sin[Torreyes, Ronald]",-0.106,0.124,-0.345,0.123,0.001,0.002,18513.0,5883.0,1.0
"beta_sin[Harper, Bryce]",-0.173,0.083,-0.327,-0.014,0.001,0.001,15041.0,5740.0,1.0
"beta_sin[Whitefield, Aaron]",-0.14,0.126,-0.387,0.095,0.001,0.002,17379.0,5236.0,1.0
"beta_sin[Villar, Jonathan]",-0.103,0.125,-0.34,0.124,0.001,0.002,17578.0,5697.0,1.0
"beta_sin[Tatis Jr., Fernando]",-0.07,0.122,-0.297,0.168,0.001,0.002,18340.0,5355.0,1.0
"beta_sin[Barrero, José]",-0.055,0.124,-0.293,0.181,0.001,0.002,20887.0,5944.0,1.0
"beta_sin[Judge, Aaron]",-0.2,0.083,-0.367,-0.053,0.001,0.001,13889.0,5161.0,1.0
"beta_sin[Bruján, Vidal]",-0.127,0.12,-0.346,0.104,0.001,0.002,19412.0,5349.0,1.0
"beta_sin[Andreoli, John]",-0.075,0.125,-0.311,0.158,0.001,0.002,18776.0,5645.0,1.0
"beta_sin[Difo, Wilmer]",-0.103,0.124,-0.324,0.141,0.001,0.002,17797.0,5641.0,1.0
"beta_sin[Fowler, Dustin]",-0.071,0.123,-0.287,0.169,0.001,0.002,17159.0,5416.0,1.0
"beta_sin[Hurst, Scott]",-0.098,0.122,-0.336,0.12,0.001,0.002,18374.0,5005.0,1.0
"beta_sin[Siani, Michael]",-0.08,0.125,-0.318,0.151,0.001,0.002,18022.0,5784.0,1.0
"beta_sin[DeLuzio, Ben]",-0.102,0.124,-0.328,0.143,0.001,0.002,18033.0,5327.0,1.0
"beta_sin[Greene, Riley]",-0.033,0.104,-0.226,0.16,0.001,0.001,18691.0,5505.0,1.0
"beta_sin[Rodríguez, Julio]",-0.093,0.101,-0.283,0.099,0.001,0.001,19493.0,5837.0,1.0
"beta_sin[Harris II, Michael]",-0.126,0.107,-0.319,0.084,0.001,0.001,14918.0,4629.0,1.0
"beta_sin[Mitchell, Garrett]",-0.144,0.122,-0.366,0.085,0.001,0.002,17773.0,5076.0,1.0
"beta_sin[Kreidler, Ryan]",-0.089,0.125,-0.327,0.15,0.001,0.002,17383.0,4988.0,1.0
"beta_sin[Thomas, Alek]",0.05,0.102,-0.135,0.252,0.001,0.001,17264.0,5873.0,1.0
"beta_sin[Crook, Narciso]",-0.097,0.127,-0.334,0.144,0.001,0.002,19249.0,5426.0,1.0
"beta_sin[Lopez, Otto]",-0.095,0.125,-0.33,0.141,0.001,0.002,18522.0,5629.0,1.0
"beta_sin[Lee, Khalil]",-0.101,0.124,-0.333,0.138,0.001,0.002,17978.0,5394.0,1.0
"beta_sin[Lewis, Royce]",-0.101,0.126,-0.332,0.136,0.001,0.002,18841.0,5124.0,1.0
"beta_sin[Hicklen, Brewer]",-0.099,0.127,-0.339,0.14,0.001,0.002,20888.0,5248.0,1.0
"beta_sin[Blanco, Dairon]",-0.114,0.123,-0.345,0.114,0.001,0.002,16127.0,5347.0,1.0
"beta_sin[McDonald, Mickey]",-0.101,0.126,-0.341,0.133,0.001,0.002,17244.0,5654.0,1.0
"beta_sin[Muzziotti, Símon]",-0.132,0.125,-0.364,0.102,0.001,0.002,17572.0,5408.0,1.0
"beta_sin[Blackmon, Charlie]",-0.153,0.081,-0.303,-0.005,0.001,0.001,17590.0,5712.0,1.0
"beta_sin[Palka, Daniel]",-0.206,0.118,-0.425,0.024,0.001,0.001,15276.0,5947.0,1.0
"beta_sin[Wendle, Joey]",-0.095,0.127,-0.335,0.141,0.001,0.002,17585.0,4980.0,1.0
"beta_sin[Puig, Yasiel]",-0.109,0.101,-0.298,0.087,0.001,0.001,18776.0,5246.0,1.0
"beta_sin[Joseph, Corban]",-0.092,0.127,-0.334,0.139,0.001,0.002,16574.0,4981.0,1.0
"beta_sin[Goins, Ryan]",-0.087,0.125,-0.312,0.161,0.001,0.002,15599.0,5454.0,1.0
"beta_sin[Cooper, Garrett]",-0.076,0.115,-0.295,0.136,0.001,0.002,15124.0,5640.0,1.0
"beta_sin[Thames, Eric]",-0.092,0.123,-0.32,0.149,0.001,0.002,18400.0,5852.0,1.0
"beta_sin[Nola, Austin]",-0.085,0.125,-0.314,0.159,0.001,0.002,16169.0,5152.0,1.0
"beta_sin[Sogard, Eric]",-0.104,0.122,-0.33,0.127,0.001,0.002,15677.0,5961.0,1.0
"beta_sin[Contreras, Willson]",-0.108,0.122,-0.34,0.121,0.001,0.002,15205.0,5436.0,1.0
"beta_sin[Polanco, Gregory]",-0.075,0.097,-0.258,0.106,0.001,0.001,14098.0,5885.0,1.0
"beta_sin[Davis, Chris]",-0.093,0.125,-0.316,0.151,0.001,0.002,16208.0,5868.0,1.0
"beta_sin[Adduci, James]",-0.093,0.127,-0.319,0.163,0.001,0.002,18264.0,5112.0,1.0
"beta_sin[Bote, David]",-0.095,0.124,-0.33,0.136,0.001,0.002,17963.0,5211.0,1.0
"beta_sin[Hanson, Alen]",-0.082,0.125,-0.317,0.156,0.001,0.002,17788.0,5649.0,1.0
"beta_sin[Reed, Michael]",-0.094,0.128,-0.336,0.142,0.001,0.002,17694.0,5348.0,1.0
"beta_sin[Núñez, Eduardo]",-0.093,0.123,-0.335,0.13,0.001,0.002,17072.0,5929.0,1.0
"beta_sin[Motter, Taylor]",-0.087,0.124,-0.312,0.151,0.001,0.002,16092.0,5638.0,1.0
"beta_sin[Amburgey, Trey]",-0.102,0.124,-0.338,0.125,0.001,0.002,19151.0,5174.0,1.0
"beta_sin[Rengifo, Luis]",-0.122,0.122,-0.353,0.103,0.001,0.002,19211.0,5714.0,1.0
"beta_sin[Stokes Jr., Troy]",-0.088,0.124,-0.322,0.141,0.001,0.002,18654.0,5263.0,1.0
"beta_sin[Kivlehan, Patrick]",-0.094,0.125,-0.335,0.139,0.001,0.002,16605.0,5476.0,1.0
"beta_sin[Owen, Hunter]",-0.101,0.124,-0.337,0.129,0.001,0.002,20863.0,5883.0,1.0
"beta_sin[Ray, Corey]",-0.089,0.127,-0.334,0.141,0.001,0.002,19524.0,5376.0,1.0
"beta_sin[Gonzalez, Oscar]",-0.04,0.11,-0.243,0.166,0.001,0.001,18425.0,4969.0,1.0
"beta_sin[Suzuki, Seiya]",-0.183,0.107,-0.388,0.012,0.001,0.001,16296.0,5200.0,1.0
"beta_sin[Davis, Brendon]",-0.1,0.122,-0.334,0.124,0.001,0.002,18172.0,5288.0,1.0
"beta_sin[Wallner, Matt]",-0.113,0.122,-0.341,0.112,0.001,0.002,17728.0,4966.0,1.0
"beta_sin[Mastrobuoni, Miles]",-0.099,0.126,-0.334,0.145,0.001,0.002,18606.0,5793.0,1.0
"beta_sin[Guthrie, Dalton]",-0.128,0.123,-0.371,0.093,0.001,0.002,17013.0,5590.0,1.0
"beta_sin[Toglia, Michael]",-0.088,0.119,-0.307,0.14,0.001,0.002,18501.0,5417.0,1.0
"beta_sin[Mitchell, Cal]",-0.109,0.113,-0.329,0.097,0.001,0.002,16488.0,5433.0,1.0
"beta_sin[Castillo, Diego]",-0.062,0.123,-0.293,0.167,0.001,0.002,18894.0,5284.0,1.0
"beta_sin[Jones, Nolan]",-0.085,0.121,-0.307,0.148,0.001,0.002,18094.0,5319.0,1.0
"beta_sin[Díaz, Yusniel]",-0.094,0.125,-0.335,0.139,0.001,0.002,18328.0,5533.0,1.0
"beta_sin[Arroyo, Christian]",-0.062,0.122,-0.299,0.162,0.001,0.002,16724.0,5853.0,1.0
"beta_sin[Wilson, Marcus]",-0.078,0.124,-0.311,0.159,0.001,0.002,21235.0,5399.0,1.0
"beta_sin[Abrams, CJ]",-0.09,0.122,-0.327,0.134,0.001,0.002,18304.0,5785.0,1.0
"beta_sin[Lopes, Christian]",-0.096,0.128,-0.337,0.143,0.001,0.002,17333.0,5241.0,1.0
"beta_dist[Gardner, Brett]",1.83,0.189,1.485,2.195,0.002,0.002,13754.0,6284.0,1.0
"beta_dist[Brantley, Michael]",1.705,0.194,1.335,2.066,0.002,0.002,15620.0,6635.0,1.0
"beta_dist[Soto, Juan]",2.035,0.166,1.732,2.355,0.001,0.002,12705.0,6189.0,1.0
"beta_dist[Ozuna, Marcell]",2.075,0.204,1.697,2.463,0.002,0.002,13611.0,6964.0,1.0
"beta_dist[Maybin, Cameron]",1.795,0.245,1.336,2.244,0.002,0.003,17181.0,6215.0,1.0
"beta_dist[Díaz, Aledmys]",1.856,0.279,1.353,2.397,0.002,0.003,17091.0,5900.0,1.0
"beta_dist[Stanton, Giancarlo]",1.957,0.199,1.602,2.34,0.002,0.002,15507.0,6207.0,1.0
"beta_dist[Meadows, Austin]",1.751,0.204,1.353,2.121,0.002,0.002,14894.0,6756.0,1.0
"beta_dist[Duvall, Adam]",2.105,0.197,1.75,2.492,0.002,0.002,14646.0,6852.0,1.0
"beta_dist[Taylor, Chris]",2.032,0.22,1.618,2.447,0.002,0.002,14051.0,6958.0,1.0
"beta_dist[Hernández, Enrique]",2.216,0.21,1.811,2.591,0.002,0.002,10156.0,6462.0,1.0
"beta_dist[Markakis, Nick]",1.872,0.221,1.448,2.273,0.002,0.002,17433.0,6786.0,1.0
"beta_dist[Beaty, Matt]",2.028,0.268,1.531,2.543,0.002,0.003,13764.0,6100.0,1.0
"beta_dist[Cave, Jake]",1.823,0.227,1.398,2.243,0.002,0.003,16724.0,6374.0,1.0
"beta_dist[Pollock, AJ]",1.868,0.168,1.547,2.172,0.001,0.002,13378.0,6902.0,1.0
"beta_dist[Gamel, Ben]",1.716,0.201,1.339,2.098,0.002,0.002,13239.0,6896.0,1.0
"beta_dist[Alvarez, Yordan]",1.781,0.239,1.351,2.241,0.002,0.003,17825.0,6316.0,1.0
"beta_dist[Reddick, Josh]",1.883,0.212,1.481,2.287,0.002,0.003,13308.0,6214.0,1.0
"beta_dist[Davis, J.D.]",1.872,0.261,1.386,2.364,0.002,0.003,16614.0,5824.0,1.0
"beta_dist[Allen, Greg]",1.681,0.226,1.247,2.099,0.002,0.003,17512.0,6589.0,1.0
"beta_dist[Stevenson, Andrew]",1.722,0.27,1.225,2.233,0.002,0.003,18059.0,5932.0,1.0
"beta_dist[Bauers, Jake]",1.435,0.225,1.016,1.855,0.002,0.002,14440.0,6307.0,1.0
"beta_dist[Wade Jr., LaMonte]",1.92,0.244,1.46,2.379,0.002,0.003,18490.0,6734.0,1.0
"beta_dist[McBroom, Ryan]",1.781,0.311,1.188,2.347,0.002,0.004,18404.0,5478.0,1.0
"beta_dist[Gordon, Alex]",1.651,0.221,1.233,2.061,0.002,0.003,14692.0,6229.0,1.0
"beta_dist[Tapia, Raimel]",2.098,0.171,1.776,2.415,0.002,0.002,12300.0,6655.0,1.0
"beta_dist[Spangenberg, Cory]",1.815,0.31,1.22,2.404,0.003,0.004,14927.0,5577.0,1.0
"beta_dist[Mancini, Trey]",1.839,0.251,1.385,2.333,0.002,0.003,16528.0,5927.0,1.0
"beta_dist[Hernández, Gorkys]",1.833,0.307,1.275,2.423,0.002,0.004,18696.0,5622.0,1.0
"beta_dist[Gonzalez, Marwin]",2.081,0.247,1.632,2.558,0.002,0.003,16734.0,6163.0,1.0
"beta_dist[Pham, Tommy]",1.935,0.176,1.595,2.254,0.002,0.002,13269.0,6373.0,1.0
"beta_dist[Braun, Ryan]",2.135,0.254,1.679,2.624,0.002,0.003,15644.0,5708.0,1.0
"beta_dist[Jiménez, Eloy]",1.952,0.214,1.531,2.344,0.002,0.002,15267.0,6498.0,1.0
"beta_dist[Stewart, Christin]",1.834,0.26,1.336,2.322,0.002,0.003,19202.0,5961.0,1.0
"beta_dist[Granderson, Curtis]",2.126,0.254,1.66,2.602,0.002,0.003,16081.0,6264.0,1.0
"beta_dist[Miller, Brad]",1.95,0.273,1.456,2.457,0.002,0.003,17686.0,5914.0,1.0
"beta_dist[Hernández, Teoscar]",2.032,0.177,1.698,2.358,0.002,0.002,12672.0,6691.0,1.0
"beta_dist[Calhoun, Willie]",2.196,0.25,1.721,2.653,0.002,0.003,13625.0,6563.0,1.0
"beta_dist[García, Robel]",1.928,0.311,1.348,2.513,0.002,0.004,19851.0,5540.0,1.0
"beta_dist[Schwarber, Kyle]",1.981,0.178,1.652,2.327,0.002,0.002,12416.0,7335.0,1.0
"beta_dist[Dickerson, Alex]",1.872,0.222,1.444,2.277,0.002,0.003,14548.0,6150.0,1.0
"beta_dist[Grossman, Robbie]",1.924,0.17,1.598,2.237,0.001,0.002,13901.0,6585.0,1.0
"beta_dist[Long Jr., Shed]",1.758,0.268,1.269,2.269,0.002,0.004,19646.0,5871.0,1.0
"beta_dist[VanMeter, Josh]",1.863,0.275,1.338,2.367,0.002,0.004,19312.0,5725.0,1.0
"beta_dist[Elmore, Jake]",1.918,0.306,1.338,2.503,0.002,0.004,15779.0,5698.0,1.0
"beta_dist[Davis, Rajai]",1.812,0.31,1.216,2.397,0.002,0.004,17239.0,5177.0,1.0
"beta_dist[Travis, Sam]",1.808,0.292,1.281,2.377,0.002,0.004,17936.0,5935.0,1.0
"beta_dist[Rojas, Josh]",1.748,0.259,1.251,2.221,0.002,0.003,17144.0,6036.0,1.0
"beta_dist[Myers, Wil]",2.032,0.202,1.663,2.423,0.002,0.002,13697.0,6907.0,1.0
"beta_dist[Straw, Myles]",1.212,0.183,0.867,1.55,0.002,0.002,10968.0,6937.0,1.0
"beta_dist[Ward, Taylor]",1.781,0.209,1.377,2.155,0.002,0.002,15986.0,6951.0,1.0
"beta_dist[Gosselin, Phil]",2.063,0.272,1.544,2.561,0.002,0.003,17508.0,6161.0,1.0
"beta_dist[Dean, Austin]",1.673,0.273,1.146,2.169,0.002,0.003,16284.0,5912.0,1.0
"beta_dist[Ramírez, Harold]",1.81,0.197,1.454,2.193,0.002,0.002,13638.0,6209.0,1.0
"beta_dist[Frazier, Clint]",1.684,0.221,1.256,2.083,0.002,0.003,15940.0,5990.0,1.0
"beta_dist[García, Leury]",1.909,0.215,1.477,2.295,0.002,0.002,13709.0,6261.0,1.0
"beta_dist[Rodríguez, Ronny]",1.838,0.316,1.219,2.415,0.003,0.004,15433.0,5529.0,1.0
"beta_dist[Rickard, Joey]",1.775,0.28,1.256,2.307,0.002,0.004,16546.0,5335.0,1.0
"beta_dist[Lopes, Tim]",1.702,0.275,1.185,2.212,0.002,0.003,17154.0,5886.0,1.0
"beta_dist[Ervin, Phillip]",2.082,0.242,1.63,2.542,0.002,0.003,14479.0,6434.0,1.0
"beta_dist[Luplow, Jordan]",1.722,0.216,1.311,2.12,0.002,0.003,15212.0,6280.0,1.0
"beta_dist[Kramer, Kevin]",1.846,0.301,1.252,2.386,0.002,0.004,19055.0,5278.0,1.0
"beta_dist[Nimmo, Brandon]",1.594,0.206,1.192,1.962,0.002,0.002,14391.0,6572.0,1.0
"beta_dist[McNeil, Jeff]",2.127,0.234,1.699,2.564,0.002,0.003,15935.0,6621.0,1.0
"beta_dist[Cordell, Ryan]",1.818,0.258,1.361,2.322,0.002,0.003,17633.0,6164.0,1.0
"beta_dist[Benintendi, Andrew]",1.668,0.183,1.333,2.017,0.002,0.002,13815.0,7037.0,1.0
"beta_dist[Yastrzemski, Mike]",1.532,0.171,1.202,1.845,0.001,0.002,13485.0,6302.0,1.0
"beta_dist[Moore, Dylan]",1.956,0.221,1.515,2.352,0.002,0.003,13632.0,6017.0,1.0
"beta_dist[Brown, Seth]",2.085,0.222,1.682,2.516,0.002,0.002,12976.0,6794.0,1.0
"beta_dist[Naylor, Josh]",1.732,0.23,1.306,2.17,0.002,0.003,16669.0,6179.0,1.0
"beta_dist[Kemp, Tony]",1.668,0.222,1.28,2.103,0.002,0.003,16599.0,6643.0,1.0
"beta_dist[Parra, Gerardo]",1.978,0.273,1.467,2.48,0.002,0.004,19922.0,5044.0,1.0
"beta_dist[Miller, Ian]",1.704,0.302,1.125,2.258,0.002,0.004,18100.0,4866.0,1.0
"beta_dist[Dixon, Brandon]",1.848,0.296,1.277,2.382,0.002,0.004,20291.0,5582.0,1.0
"beta_dist[Fletcher, David]",1.801,0.299,1.223,2.328,0.002,0.004,15708.0,5060.0,1.0
"beta_dist[Tucker, Kyle]",2.011,0.192,1.644,2.363,0.002,0.002,15359.0,6719.0,1.0
"beta_dist[Hermosillo, Michael]",1.961,0.269,1.466,2.477,0.002,0.003,15968.0,5670.0,1.0
"beta_dist[Smith Jr., Dwight]",1.987,0.243,1.54,2.44,0.002,0.003,15276.0,6933.0,1.0
"beta_dist[Heineman, Scott]",1.787,0.279,1.267,2.311,0.002,0.004,17251.0,5907.0,1.0
"beta_dist[Wade, Tyler]",1.955,0.275,1.437,2.465,0.002,0.003,17055.0,6488.0,1.0
"beta_dist[Pinder, Chad]",1.918,0.216,1.502,2.312,0.002,0.003,13377.0,6860.0,1.0
"beta_dist[Hilliard, Sam]",1.944,0.208,1.561,2.334,0.002,0.002,11847.0,5941.0,1.0
"beta_dist[Martini, Nick]",2.086,0.291,1.506,2.611,0.002,0.004,18011.0,6198.0,1.0
"beta_dist[Haseley, Adam]",1.802,0.234,1.355,2.234,0.002,0.003,15949.0,6831.0,1.0
"beta_dist[Rosario, Eddie]",2.272,0.186,1.939,2.625,0.002,0.002,12101.0,6568.0,1.0
"beta_dist[Wilkerson, Stevie]",1.958,0.264,1.475,2.47,0.002,0.003,14994.0,5858.0,1.0
"beta_dist[Desmond, Ian]",2.181,0.25,1.714,2.651,0.002,0.003,13400.0,6541.0,1.0
"beta_dist[Arraez, Luis]",1.616,0.273,1.125,2.145,0.002,0.004,14371.0,5755.0,1.0
"beta_dist[O'Neill, Tyler]",1.959,0.223,1.539,2.375,0.002,0.003,16549.0,6175.0,1.0
"beta_dist[Fisher, Derek]",1.804,0.277,1.263,2.311,0.002,0.004,15633.0,5443.0,1.0
"beta_dist[González, Erik]",1.889,0.308,1.32,2.47,0.002,0.004,17541.0,5682.0,1.0
"beta_dist[Peraza, José]",1.9,0.295,1.316,2.436,0.002,0.004,17574.0,5847.0,1.0
"beta_dist[Reyes, Pablo]",1.667,0.264,1.149,2.156,0.002,0.003,16046.0,5624.0,1.0
"beta_dist[Heredia, Guillermo]",1.989,0.218,1.573,2.391,0.002,0.002,13022.0,6722.0,1.0
"beta_dist[Holt, Brock]",1.924,0.283,1.41,2.477,0.002,0.004,19237.0,5725.0,1.0
"beta_dist[Pirela, José]",1.812,0.309,1.253,2.414,0.003,0.004,15173.0,5867.0,1.0
"beta_dist[Merrifield, Whit]",1.847,0.207,1.462,2.242,0.002,0.002,14305.0,6628.0,1.0
"beta_dist[Bishop, Braden]",1.799,0.291,1.243,2.325,0.002,0.004,17971.0,5897.0,1.0
"beta_dist[Alford, Anthony]",1.922,0.254,1.462,2.405,0.002,0.003,15653.0,6259.0,1.0
"beta_dist[McKinney, Billy]",1.777,0.242,1.331,2.241,0.002,0.003,16347.0,6163.0,1.0
"beta_dist[Locastro, Tim]",1.959,0.241,1.515,2.408,0.002,0.003,16697.0,6429.0,1.0
"beta_dist[Gurriel Jr., Lourdes]",2.154,0.184,1.806,2.503,0.002,0.002,13255.0,6598.0,1.0
"beta_dist[Santander, Anthony]",1.949,0.185,1.611,2.303,0.002,0.002,14907.0,6457.0,1.0
"beta_dist[Berti, Jon]",2.078,0.263,1.574,2.562,0.002,0.003,16544.0,6279.0,1.0
"beta_dist[Stubbs, Garrett]",1.78,0.314,1.185,2.37,0.003,0.004,15704.0,5179.0,1.0
"beta_dist[Reyes, Victor]",1.829,0.189,1.482,2.186,0.002,0.002,12894.0,6778.0,1.0
"beta_dist[Rios, Edwin]",1.837,0.325,1.227,2.465,0.002,0.005,18119.0,4968.0,1.0
"beta_dist[Castellanos, Nick]",1.979,0.159,1.672,2.268,0.001,0.002,11698.0,6332.0,1.0
"beta_dist[Davis, Johnny]",1.824,0.304,1.268,2.411,0.002,0.004,17258.0,5811.0,1.0
"beta_dist[Phillips, Brett]",1.721,0.229,1.303,2.155,0.002,0.003,13612.0,5730.0,1.0
"beta_dist[Grisham, Trent]",2.018,0.199,1.649,2.394,0.002,0.002,13176.0,6925.0,1.0
"beta_dist[Vogt, Stephen]",1.809,0.31,1.236,2.412,0.002,0.004,17498.0,5570.0,1.0
"beta_dist[Dickerson, Corey]",1.733,0.196,1.359,2.095,0.002,0.002,14459.0,6402.0,1.0
"beta_dist[Camargo, Johan]",1.785,0.309,1.173,2.355,0.002,0.005,19052.0,5485.0,1.0
"beta_dist[Williams, Mason]",1.84,0.287,1.292,2.374,0.002,0.004,18099.0,6014.0,1.0
"beta_dist[Rodríguez, Sean]",1.904,0.302,1.357,2.487,0.002,0.004,17597.0,5187.0,1.0
"beta_dist[Tauchman, Mike]",1.984,0.234,1.552,2.424,0.002,0.003,16041.0,6340.0,1.0
"beta_dist[Slater, Austin]",1.421,0.209,1.034,1.808,0.002,0.002,13826.0,6543.0,1.0
"beta_dist[Smith, Mallex]",1.935,0.236,1.474,2.367,0.002,0.003,14198.0,6366.0,1.0
"beta_dist[Herrmann, Chris]",1.835,0.314,1.283,2.463,0.002,0.004,16380.0,5099.0,1.0
"beta_dist[Upton, Justin]",1.716,0.226,1.279,2.124,0.002,0.003,15310.0,5814.0,1.0
"beta_dist[Goodwin, Brian]",1.913,0.174,1.592,2.244,0.002,0.002,12206.0,6935.0,1.0
"beta_dist[Ortega, Rafael]",1.854,0.233,1.432,2.292,0.002,0.003,16290.0,6221.0,1.0
"beta_dist[Riley, Austin]",1.484,0.267,0.974,1.972,0.002,0.003,16236.0,6552.0,1.0
"beta_dist[Reynolds, Bryan]",1.59,0.168,1.266,1.903,0.001,0.002,13217.0,6810.0,1.0
"beta_dist[Davis, Jonathan]",1.95,0.246,1.481,2.404,0.002,0.003,14390.0,6780.0,1.0
"beta_dist[Profar, Jurickson]",2.255,0.211,1.868,2.657,0.002,0.002,12379.0,6320.0,1.0
"beta_dist[Dietrich, Derek]",1.817,0.308,1.221,2.386,0.002,0.004,17529.0,5494.0,1.0
"beta_dist[Starling, Bubba]",1.675,0.261,1.2,2.175,0.002,0.003,16681.0,6553.0,1.0
"beta_dist[Broxton, Keon]",1.905,0.26,1.427,2.407,0.002,0.003,17494.0,6013.0,1.0
"beta_dist[O'Grady, Brian]",1.675,0.303,1.109,2.243,0.002,0.004,16679.0,5878.0,1.0
"beta_dist[Stewart, DJ]",1.659,0.22,1.244,2.072,0.002,0.003,14591.0,6272.0,1.0
"beta_dist[Bryant, Kris]",1.506,0.238,1.052,1.948,0.002,0.003,16256.0,6234.0,1.0
"beta_dist[Court, Ryan]",1.867,0.295,1.299,2.395,0.002,0.004,15594.0,4969.0,1.0
"beta_dist[Drury, Brandon]",1.772,0.289,1.23,2.308,0.002,0.005,16501.0,5475.0,1.0
"beta_dist[Happ, Ian]",1.8,0.199,1.408,2.16,0.002,0.002,13143.0,6155.0,1.0
"beta_dist[Mercado, Óscar]",1.775,0.193,1.4,2.124,0.002,0.002,14942.0,6560.0,1.0
"beta_dist[Pederson, Joc]",2.132,0.194,1.784,2.521,0.002,0.002,13602.0,6394.0,1.0
"beta_dist[Naquin, Tyler]",1.953,0.19,1.607,2.314,0.002,0.002,12533.0,6556.0,1.0
"beta_dist[Martinez, J.D.]",1.747,0.262,1.255,2.238,0.002,0.003,15935.0,5760.0,1.0
"beta_dist[Lorenzen, Michael]",2.028,0.307,1.442,2.614,0.002,0.004,19230.0,5441.0,1.0
"beta_dist[Peterson, Jace]",1.449,0.259,0.964,1.934,0.002,0.003,15905.0,5800.0,1.0
"beta_dist[Peralta, David]",1.801,0.176,1.475,2.135,0.001,0.002,14208.0,6909.0,1.0
"beta_dist[Muñoz, Yairo]",1.71,0.291,1.19,2.278,0.002,0.004,17948.0,5460.0,1.0
"beta_dist[Dyson, Jarrod]",1.739,0.221,1.327,2.141,0.002,0.002,12214.0,6455.0,1.0
"beta_dist[Avelino, Abiatal]",1.834,0.32,1.211,2.423,0.002,0.004,20944.0,5628.0,1.0
"beta_dist[Brosseau, Mike]",1.838,0.3,1.295,2.417,0.002,0.004,16574.0,5543.0,1.0
"beta_dist[Daza, Yonathan]",1.907,0.206,1.522,2.298,0.002,0.002,13094.0,6587.0,1.0
"beta_dist[Mejía, Francisco]",1.838,0.315,1.259,2.443,0.002,0.004,17510.0,5831.0,1.0
"beta_dist[Garlick, Kyle]",1.947,0.259,1.467,2.427,0.002,0.003,18460.0,6128.0,1.0
"beta_dist[Choo, Shin-Soo]",1.942,0.241,1.467,2.371,0.002,0.003,17303.0,5976.0,1.0
"beta_dist[Rosario, Amed]",1.702,0.31,1.126,2.295,0.002,0.004,15404.0,5313.0,1.0
"beta_dist[Altherr, Aaron]",1.759,0.303,1.188,2.335,0.002,0.004,16924.0,4913.0,1.0
"beta_dist[Acuña Jr., Ronald]",1.879,0.182,1.524,2.208,0.002,0.002,13988.0,6833.0,1.0
"beta_dist[Winker, Jesse]",1.954,0.183,1.607,2.294,0.002,0.002,13431.0,7146.0,1.0
"beta_dist[Culberson, Charlie]",1.833,0.289,1.298,2.382,0.002,0.004,17563.0,5731.0,1.0
"beta_dist[Negrón, Kristopher]",1.74,0.292,1.167,2.259,0.002,0.004,16507.0,5727.0,1.0
"beta_dist[Castro, Harold]",1.856,0.262,1.363,2.354,0.002,0.003,16081.0,5886.0,1.0
"beta_dist[Belt, Brandon]",1.868,0.302,1.301,2.448,0.002,0.005,19816.0,4650.0,1.0
"beta_dist[Alberto, Hanser]",1.835,0.307,1.249,2.402,0.002,0.004,21257.0,5645.0,1.0
"beta_dist[Bruce, Jay]",1.88,0.257,1.378,2.345,0.002,0.003,16402.0,5950.0,1.0
"beta_dist[Verdugo, Alex]",1.499,0.169,1.185,1.821,0.001,0.002,12734.0,6742.0,1.0
"beta_dist[Beckham, Tim]",1.924,0.297,1.362,2.477,0.002,0.004,17391.0,5490.0,1.0
"beta_dist[Cabrera, Melky]",1.725,0.267,1.223,2.235,0.002,0.004,17600.0,5835.0,1.0
"beta_dist[Kingery, Scott]",1.558,0.263,1.039,2.023,0.002,0.003,16165.0,5945.0,1.0
"beta_dist[Jay, Jon]",1.665,0.252,1.178,2.125,0.002,0.003,15922.0,6341.0,1.0
"beta_dist[Velasquez, Vince]",1.818,0.311,1.243,2.422,0.002,0.004,17672.0,5095.0,1.0
"beta_dist[Renfroe, Hunter]",1.802,0.176,1.457,2.116,0.002,0.002,13687.0,7362.0,1.0
"beta_dist[Osuna, José]",1.778,0.289,1.241,2.328,0.002,0.004,18825.0,5717.0,1.0
"beta_dist[Yelich, Christian]",1.846,0.193,1.498,2.215,0.002,0.002,13507.0,6248.0,1.0
"beta_dist[Goodrum, Niko]",1.999,0.276,1.493,2.526,0.002,0.004,16820.0,6175.0,1.0
"beta_dist[Smith, Dominic]",1.8,0.239,1.346,2.249,0.002,0.003,16617.0,5285.0,1.0
"beta_dist[Williams, Nick]",1.963,0.288,1.431,2.512,0.002,0.004,14695.0,5520.0,1.0
"beta_dist[Santana, Danny]",1.808,0.256,1.298,2.262,0.002,0.003,14120.0,6027.0,1.0
"beta_dist[Garcia, Greg]",1.837,0.317,1.248,2.439,0.002,0.004,17612.0,5479.0,1.0
"beta_dist[Freeman, Mike]",1.78,0.308,1.207,2.345,0.002,0.004,18575.0,4916.0,1.0
"beta_dist[Urshela, Gio]",1.831,0.311,1.245,2.407,0.002,0.004,16672.0,4984.0,1.0
"beta_dist[Saladino, Tyler]",1.796,0.326,1.178,2.404,0.002,0.005,18531.0,5275.0,1.0
"beta_dist[Hampson, Garrett]",1.681,0.22,1.244,2.074,0.002,0.002,13232.0,6794.0,1.0
"beta_dist[Dahl, David]",1.706,0.22,1.299,2.12,0.002,0.002,14907.0,6631.0,1.0
"beta_dist[Vargas, Ildemaro]",1.809,0.321,1.224,2.427,0.002,0.005,20133.0,5343.0,1.0
"beta_dist[Martínez, José A.]",1.759,0.253,1.285,2.243,0.002,0.003,16188.0,5370.0,1.0
"beta_dist[Williamson, Mac]",1.543,0.281,1.022,2.078,0.002,0.004,17429.0,5575.0,1.0
"beta_dist[Gallo, Joey]",2.212,0.179,1.88,2.543,0.002,0.002,13393.0,6975.0,1.0
"beta_dist[Tilson, Charlie]",1.802,0.267,1.286,2.279,0.002,0.003,15798.0,6250.0,1.0
"beta_dist[Parker, Jarrett]",1.98,0.304,1.438,2.577,0.003,0.004,14444.0,5951.0,1.0
"beta_dist[Austin, Tyler]",2.016,0.297,1.489,2.612,0.002,0.004,17610.0,5792.0,1.0
"beta_dist[Gore, Terrance]",1.902,0.296,1.353,2.456,0.002,0.004,18944.0,6182.0,1.0
"beta_dist[Canha, Mark]",1.833,0.182,1.487,2.167,0.002,0.002,13431.0,6914.0,1.0
"beta_dist[Gómez, Carlos]",1.743,0.292,1.214,2.307,0.002,0.004,15345.0,5629.0,1.0
"beta_dist[Biggio, Cavan]",1.716,0.282,1.204,2.252,0.002,0.004,14665.0,5788.0,1.0
"beta_dist[Puello, César]",2.103,0.257,1.601,2.566,0.002,0.003,14176.0,6684.0,1.0
"beta_dist[Bonifacio, Jorge]",2.043,0.271,1.513,2.532,0.002,0.003,15515.0,5629.0,1.0
"beta_dist[Joyce, Matt]",2.025,0.25,1.542,2.472,0.002,0.003,17822.0,5949.0,1.0
"beta_dist[Pence, Hunter]",1.825,0.271,1.31,2.328,0.002,0.003,17167.0,6192.0,1.0
"beta_dist[González, Carlos]",1.697,0.287,1.112,2.2,0.002,0.004,14986.0,5366.0,1.0
"beta_dist[Santana, Domingo]",1.865,0.243,1.413,2.323,0.002,0.003,17564.0,6455.0,1.0
"beta_dist[Newman, Kevin]",1.835,0.317,1.231,2.426,0.002,0.004,18901.0,4906.0,1.0
"beta_dist[McCutchen, Andrew]",1.824,0.2,1.447,2.197,0.002,0.002,13807.0,6733.0,1.0
"beta_dist[Lowe, Brandon]",1.942,0.288,1.406,2.465,0.002,0.004,18698.0,5717.0,1.0
"beta_dist[Owings, Chris]",1.609,0.282,1.074,2.13,0.002,0.004,17612.0,5738.0,1.0
"beta_dist[Astudillo, Willians]",1.93,0.304,1.366,2.507,0.002,0.004,17871.0,5415.0,1.0
"beta_dist[Swihart, Blake]",1.751,0.299,1.193,2.309,0.002,0.004,16813.0,5268.0,1.0
"beta_dist[Adrianza, Ehire]",1.998,0.263,1.5,2.472,0.002,0.003,15219.0,5807.0,1.0
"beta_dist[Urena, Richard]",1.824,0.315,1.227,2.408,0.002,0.004,20629.0,5384.0,1.0
"beta_dist[Pearce, Steve]",1.834,0.313,1.24,2.427,0.002,0.004,17753.0,5425.0,1.0
"beta_dist[Delmonico, Nicky]",1.884,0.295,1.359,2.465,0.002,0.004,15378.0,5571.0,1.0
"beta_dist[Murphy, Tom]",1.863,0.314,1.298,2.475,0.002,0.005,17875.0,5033.0,1.0
"beta_dist[O'Brien, Peter]",1.928,0.293,1.389,2.483,0.002,0.004,18032.0,6020.0,1.0
"beta_dist[Eaton, Adam]",2.226,0.164,1.9,2.523,0.002,0.002,10799.0,5740.0,1.0
"beta_dist[Pérez, Hernán]",1.842,0.294,1.287,2.381,0.002,0.004,17664.0,5792.0,1.0
"beta_dist[Gerber, Mike]",1.854,0.315,1.27,2.458,0.002,0.004,16645.0,5909.0,1.0
"beta_dist[Zobrist, Ben]",1.841,0.292,1.278,2.36,0.002,0.004,16582.0,5786.0,1.0
"beta_dist[Davis, Khris]",1.943,0.307,1.351,2.507,0.002,0.004,20805.0,5361.0,1.0
"beta_dist[Schebler, Scott]",1.734,0.282,1.218,2.278,0.002,0.004,18358.0,5526.0,1.0
"beta_dist[Solarte, Yangervis]",1.85,0.311,1.267,2.43,0.002,0.005,18995.0,4856.0,1.0
"beta_dist[Rondon, José]",1.816,0.303,1.245,2.381,0.002,0.004,16623.0,5844.0,1.0
"beta_dist[Galloway, Isaac]",1.818,0.304,1.246,2.391,0.002,0.004,20705.0,5909.0,1.0
"beta_dist[Estrada, Thairo]",1.909,0.304,1.343,2.46,0.002,0.004,18823.0,4910.0,1.0
"beta_dist[Peterson, Dustin]",1.819,0.303,1.258,2.392,0.002,0.004,18017.0,6197.0,1.0
"beta_dist[Moran, Colin]",1.823,0.323,1.224,2.433,0.002,0.004,17574.0,5723.0,1.0
"beta_dist[Shuck, JB]",1.746,0.298,1.191,2.315,0.002,0.004,17944.0,5294.0,1.0
"beta_dist[Kemp, Matt]",1.825,0.301,1.24,2.367,0.002,0.004,16505.0,5904.0,1.0
"beta_dist[Martin, Jason]",2.134,0.261,1.649,2.622,0.002,0.003,16758.0,6186.0,1.0
"beta_dist[Bourjos, Peter]",1.84,0.301,1.25,2.391,0.002,0.004,19530.0,5527.0,1.0
"beta_dist[Brito, Sócrates]",1.861,0.29,1.261,2.363,0.002,0.004,18743.0,5945.0,1.0
"beta_dist[Herrera, Rosell]",1.85,0.279,1.355,2.403,0.002,0.003,17891.0,6192.0,1.0
"beta_dist[Joe, Connor]",2.015,0.252,1.558,2.485,0.002,0.003,15934.0,6612.0,1.0
"beta_dist[Zagunis, Mark]",1.856,0.307,1.275,2.423,0.002,0.004,17027.0,6202.0,1.0
"beta_dist[Jackson, Drew]",1.82,0.315,1.214,2.402,0.002,0.004,18504.0,5739.0,1.0
"beta_dist[Margot, Manuel]",1.909,0.195,1.532,2.26,0.002,0.002,13024.0,6189.0,1.0
"beta_dist[Arozarena, Randy]",1.953,0.2,1.565,2.317,0.002,0.002,14650.0,6475.0,1.0
"beta_dist[Duggar, Steven]",1.65,0.216,1.255,2.067,0.002,0.002,12556.0,6388.0,1.0
"beta_dist[Carlson, Dylan]",2.215,0.17,1.886,2.525,0.002,0.002,10410.0,6405.0,1.0
"beta_dist[White, Eli]",1.958,0.255,1.472,2.427,0.002,0.003,15157.0,6109.0,1.0
"beta_dist[Solak, Nick]",1.781,0.251,1.309,2.259,0.002,0.003,16346.0,5827.0,1.0
"beta_dist[Aquino, Aristides]",1.943,0.227,1.523,2.369,0.002,0.002,14799.0,7195.0,1.0
"beta_dist[Hays, Austin]",1.928,0.187,1.597,2.297,0.002,0.002,14206.0,6938.0,1.0
"beta_dist[Sierra, Magneuris]",1.808,0.238,1.361,2.26,0.002,0.003,15809.0,6727.0,1.0
"beta_dist[Engel, Adam]",1.795,0.206,1.411,2.183,0.002,0.002,13291.0,6219.0,1.0
"beta_dist[Akiyama, Shogo]",1.773,0.251,1.305,2.248,0.002,0.003,16585.0,6005.0,1.0
"beta_dist[Edman, Tommy]",1.943,0.262,1.466,2.454,0.002,0.003,18035.0,5865.0,1.0
"beta_dist[Chavis, Michael]",1.947,0.298,1.378,2.501,0.002,0.004,19134.0,5885.0,1.0
"beta_dist[Marmolejos, José]",1.981,0.293,1.436,2.52,0.002,0.004,16937.0,5370.0,1.0
"beta_dist[Riddle, JT]",1.802,0.26,1.305,2.291,0.002,0.003,16496.0,5462.0,1.0
"beta_dist[Lin, Tzu-Wei]",1.817,0.31,1.231,2.391,0.002,0.004,18422.0,5922.0,1.0
"beta_dist[Smith, Pavin]",1.923,0.231,1.494,2.36,0.002,0.003,14927.0,5914.0,1.0
"beta_dist[Mountcastle, Ryan]",1.882,0.28,1.338,2.394,0.002,0.003,17151.0,6465.0,1.0
"beta_dist[Oliva, Jared]",1.814,0.292,1.281,2.382,0.002,0.004,16909.0,5700.0,1.0
"beta_dist[Heath, Nick]",1.871,0.294,1.312,2.42,0.002,0.004,16149.0,5144.0,1.0
"beta_dist[Taylor, Michael A.]",2.083,0.168,1.762,2.397,0.001,0.002,12745.0,6574.0,1.0
"beta_dist[Moniak, Mickey]",1.783,0.274,1.273,2.303,0.002,0.004,18918.0,5987.0,1.0
"beta_dist[Fraley, Jake]",1.875,0.235,1.431,2.309,0.002,0.003,15222.0,6807.0,1.0
"beta_dist[Robertson, Daniel]",1.838,0.318,1.223,2.419,0.002,0.004,17320.0,5340.0,1.0
"beta_dist[Ruf, Darin]",1.774,0.253,1.312,2.266,0.002,0.003,19201.0,6319.0,1.0
"beta_dist[Olivares, Edward]",1.759,0.239,1.335,2.23,0.002,0.003,16619.0,5611.0,1.0
"beta_dist[Fuentes, Joshua]",1.837,0.315,1.242,2.425,0.002,0.004,17057.0,5291.0,1.0
"beta_dist[Frazier, Adam]",1.897,0.274,1.368,2.405,0.002,0.003,15907.0,5858.0,1.0
"beta_dist[Tsutsugo, Yoshi]",1.823,0.28,1.315,2.358,0.002,0.004,17001.0,5772.0,1.0
"beta_dist[Brinson, Lewis]",1.924,0.205,1.532,2.305,0.002,0.002,12415.0,5994.0,1.0
"beta_dist[Andujar, Miguel]",1.677,0.267,1.177,2.183,0.002,0.003,17488.0,6017.0,1.0
"beta_dist[Demeritte, Travis]",2.168,0.233,1.755,2.626,0.002,0.003,15107.0,6460.0,1.0
"beta_dist[Ravelo, Rangel]",1.833,0.317,1.234,2.431,0.002,0.004,18679.0,5589.0,1.0
"beta_dist[Taylor, Tyrone]",1.753,0.217,1.344,2.153,0.002,0.003,14469.0,6502.0,1.0
"beta_dist[Basabe, Luis Alexander]",1.87,0.313,1.299,2.471,0.002,0.004,19753.0,5468.0,1.0
"beta_dist[Thaiss, Matt]",1.842,0.311,1.244,2.4,0.002,0.004,19731.0,5826.0,1.0
"beta_dist[Varsho, Daulton]",1.843,0.209,1.462,2.247,0.002,0.002,13926.0,6835.0,1.0
"beta_dist[Souza Jr., Steven]",2.092,0.29,1.578,2.678,0.002,0.004,15346.0,5970.0,1.0
"beta_dist[Walker, Neil]",1.804,0.309,1.23,2.397,0.002,0.004,19059.0,5695.0,1.0
"beta_dist[Strange-Gordon, Dee]",1.863,0.302,1.325,2.443,0.002,0.004,18048.0,5906.0,1.0
"beta_dist[Barreto, Franklin]",1.839,0.319,1.222,2.434,0.002,0.004,17520.0,5239.0,1.0
"beta_dist[Rooker, Brent]",1.886,0.266,1.377,2.375,0.002,0.003,19756.0,6402.0,1.0
"beta_dist[Haggerty, Sam]",1.639,0.254,1.157,2.106,0.002,0.004,14107.0,5640.0,1.0
"beta_dist[Harrison, Josh]",1.781,0.293,1.201,2.301,0.002,0.004,18109.0,5787.0,1.0
"beta_dist[Dozier, Hunter]",1.815,0.221,1.376,2.209,0.002,0.003,13398.0,6653.0,1.0
"beta_dist[Payton, Mark]",1.849,0.301,1.288,2.429,0.002,0.005,15464.0,4746.0,1.0
"beta_dist[Mathias, Mark]",1.843,0.307,1.244,2.403,0.002,0.004,17297.0,5833.0,1.0
"beta_dist[Pillar, Kevin]",1.709,0.193,1.359,2.087,0.002,0.002,12674.0,6677.0,1.0
"beta_dist[Pache, Cristian]",1.607,0.227,1.184,2.039,0.002,0.002,13396.0,6491.0,1.0
"beta_dist[Valaika, Pat]",1.855,0.301,1.277,2.418,0.002,0.004,18558.0,5443.0,1.0
"beta_dist[Zimmer, Bradley]",1.774,0.234,1.356,2.23,0.002,0.003,13065.0,6303.0,1.0
"beta_dist[González, Luis]",1.741,0.237,1.309,2.197,0.002,0.003,17708.0,5815.0,1.0
"beta_dist[Mateo, Jorge]",1.824,0.3,1.257,2.384,0.002,0.004,17465.0,5539.0,1.0
"beta_dist[Velazquez, Andrew]",1.678,0.314,1.082,2.275,0.002,0.004,18336.0,5858.0,1.0
"beta_dist[Refsnyder, Rob]",1.694,0.259,1.195,2.162,0.002,0.003,14151.0,5953.0,1.0
"beta_dist[Mullins, Cedric]",1.494,0.178,1.151,1.817,0.002,0.002,13897.0,7108.0,1.0
"beta_dist[Almonte, Abraham]",1.929,0.253,1.47,2.423,0.002,0.003,14925.0,6061.0,1.0
"beta_dist[Mejia, Erick]",1.798,0.305,1.223,2.377,0.002,0.004,18853.0,5716.0,1.0
"beta_dist[Johnson, Daniel]",1.799,0.274,1.292,2.318,0.002,0.003,20091.0,6286.0,1.0
"beta_dist[Evans, Phillip]",1.859,0.278,1.339,2.39,0.002,0.004,18134.0,6408.0,1.0
"beta_dist[Marte, Starling]",1.686,0.172,1.371,2.019,0.002,0.002,11095.0,6939.0,1.0
"beta_dist[Cordero, Franchy]",2.082,0.236,1.649,2.536,0.002,0.003,16043.0,6829.0,1.0
"beta_dist[García, Adolis]",2.042,0.198,1.68,2.423,0.002,0.002,12775.0,6090.0,1.0
"beta_dist[Reyes, Franmil]",1.742,0.231,1.317,2.188,0.002,0.003,13707.0,5920.0,1.0
"beta_dist[McCarthy, Joe]",1.82,0.313,1.221,2.4,0.002,0.004,21405.0,5226.0,1.0
"beta_dist[Bonifácio, Emilio]",1.866,0.304,1.307,2.445,0.002,0.004,18160.0,5895.0,1.0
"beta_dist[Hoerner, Nico]",1.875,0.313,1.293,2.467,0.002,0.004,18446.0,5602.0,1.0
"beta_dist[Marisnick, Jake]",1.606,0.223,1.19,2.022,0.002,0.003,12781.0,6108.0,1.0
"beta_dist[Schrock, Max]",1.773,0.289,1.232,2.32,0.002,0.004,13712.0,6107.0,1.0
"beta_dist[Ramos, Henry]",1.745,0.302,1.181,2.318,0.002,0.004,16062.0,5886.0,1.0
"beta_dist[Haase, Eric]",2.011,0.297,1.431,2.558,0.002,0.004,17650.0,6322.0,1.0
"beta_dist[Miller, Brian]",1.833,0.309,1.251,2.414,0.002,0.004,16741.0,5712.0,1.0
"beta_dist[Gordon, Nick]",1.819,0.233,1.387,2.259,0.002,0.003,14801.0,6290.0,1.0
"beta_dist[Isbel, Kyle]",1.698,0.237,1.26,2.148,0.002,0.003,15853.0,6086.0,1.0
"beta_dist[Deichmann, Greg]",1.762,0.308,1.175,2.337,0.002,0.004,21250.0,5143.0,1.0
"beta_dist[Nevin, Tyler]",1.895,0.3,1.343,2.471,0.002,0.004,16207.0,5497.0,1.0
"beta_dist[Bell, Josh]",1.791,0.309,1.199,2.366,0.002,0.004,19492.0,5306.0,1.0
"beta_dist[McKenna, Ryan]",2.441,0.239,1.989,2.883,0.002,0.003,11299.0,6188.0,1.0
"beta_dist[Peters, DJ]",1.927,0.257,1.455,2.413,0.002,0.003,17418.0,5733.0,1.0
"beta_dist[Castro, Willi]",1.976,0.238,1.501,2.402,0.002,0.003,14075.0,5780.0,1.0
"beta_dist[Lagares, Juan]",1.692,0.212,1.294,2.085,0.002,0.002,14218.0,6895.0,1.0
"beta_dist[Hernandez, Yadiel]",2.096,0.225,1.666,2.511,0.002,0.002,13402.0,6482.0,1.0
"beta_dist[Friedl, TJ]",1.595,0.247,1.129,2.059,0.002,0.003,15620.0,6436.0,1.0
"beta_dist[Herrera, Odúbel]",1.68,0.198,1.331,2.077,0.002,0.002,11491.0,6937.0,1.0
"beta_dist[Stephenson, Tyler]",1.941,0.31,1.374,2.554,0.002,0.004,15784.0,5542.0,1.0
"beta_dist[Rojas, Jose]",2.133,0.28,1.59,2.637,0.002,0.004,15811.0,5902.0,1.0
"beta_dist[McCormick, Chas]",2.163,0.224,1.762,2.607,0.002,0.002,13748.0,6884.0,1.0
"beta_dist[Nootbaar, Lars]",1.764,0.24,1.309,2.219,0.002,0.003,16616.0,6299.0,1.0
"beta_dist[Wisdom, Patrick]",1.754,0.285,1.217,2.287,0.002,0.004,15889.0,5047.0,1.0
"beta_dist[Hamilton, Billy]",1.539,0.224,1.136,1.974,0.002,0.002,12227.0,6492.0,1.0
"beta_dist[DeShields, Delino]",1.56,0.231,1.119,1.989,0.002,0.003,13747.0,6252.0,1.0
"beta_dist[Baddoo, Akil]",1.872,0.208,1.485,2.264,0.002,0.002,13807.0,6392.0,1.0
"beta_dist[Wong, Kean]",2.105,0.273,1.603,2.63,0.002,0.004,16282.0,5448.0,1.0
"beta_dist[Meyers, Jake]",1.898,0.241,1.437,2.343,0.002,0.003,15622.0,6201.0,1.0
"beta_dist[Lux, Gavin]",2.091,0.273,1.563,2.583,0.002,0.003,14069.0,6368.0,1.0
"beta_dist[Vilade, Ryan]",1.943,0.312,1.358,2.521,0.002,0.005,16257.0,4725.0,1.0
"beta_dist[Cameron, Daz]",2.293,0.22,1.891,2.718,0.002,0.002,13380.0,6565.0,1.0
"beta_dist[Bolt, Skye]",1.889,0.267,1.356,2.367,0.002,0.003,15820.0,5599.0,1.0
"beta_dist[Siri, Jose]",1.636,0.251,1.182,2.124,0.002,0.003,14099.0,6676.0,1.0
"beta_dist[Vierling, Matt]",1.715,0.245,1.233,2.157,0.002,0.003,16009.0,6238.0,1.0
"beta_dist[Rivas III, Alfonso]",1.842,0.309,1.243,2.409,0.002,0.004,19227.0,5486.0,1.0
"beta_dist[De La Cruz, Bryan]",1.922,0.234,1.493,2.372,0.002,0.003,14493.0,6016.0,1.0
"beta_dist[Gonzalez, Romy]",1.825,0.315,1.217,2.399,0.002,0.005,19319.0,4473.0,1.0
"beta_dist[Sheets, Gavin]",1.927,0.239,1.456,2.353,0.002,0.003,15832.0,6147.0,1.0
"beta_dist[Adell, Jo]",2.074,0.226,1.647,2.492,0.002,0.003,15741.0,5959.0,1.0
"beta_dist[Lowe, Josh]",1.763,0.265,1.291,2.27,0.002,0.003,16527.0,6058.0,1.0
"beta_dist[Vaughn, Andrew]",1.412,0.228,0.976,1.829,0.002,0.003,16805.0,6404.0,1.0
"beta_dist[Ruiz, Rio]",1.835,0.315,1.252,2.434,0.002,0.004,19486.0,5520.0,1.0
"beta_dist[Alfaro, Jorge]",1.926,0.29,1.387,2.473,0.002,0.004,17802.0,6184.0,1.0
"beta_dist[Fairchild, Stuart]",1.763,0.292,1.195,2.286,0.002,0.004,16518.0,5748.0,1.0
"beta_dist[Arcia, Orlando]",2.145,0.232,1.697,2.57,0.002,0.003,11219.0,6309.0,1.0
"beta_dist[Thomas, Lane]",1.938,0.218,1.537,2.339,0.002,0.002,14031.0,6464.0,1.0
"beta_dist[Smith, Kevin]",1.865,0.309,1.298,2.467,0.002,0.004,16533.0,5500.0,1.0
"beta_dist[Lamb, Jake]",1.664,0.296,1.113,2.212,0.002,0.004,17298.0,5438.0,1.0
"beta_dist[Jones, Taylor]",1.95,0.306,1.368,2.52,0.002,0.004,17997.0,5570.0,1.0
"beta_dist[Ibáñez, Andy]",1.842,0.317,1.224,2.421,0.002,0.004,18005.0,4814.0,1.0
"beta_dist[Larnach, Trevor]",1.842,0.245,1.399,2.33,0.002,0.003,17321.0,5825.0,1.0
"beta_dist[Park, Hoy]",1.761,0.303,1.209,2.346,0.002,0.004,16983.0,5345.0,1.0
"beta_dist[Robson, Jacob]",1.833,0.312,1.275,2.448,0.002,0.004,17312.0,5502.0,1.0
"beta_dist[McKinstry, Zach]",2.099,0.274,1.576,2.605,0.002,0.004,14629.0,6305.0,1.0
"beta_dist[Williams, Luke]",1.809,0.293,1.277,2.373,0.002,0.004,17049.0,5995.0,1.0
"beta_dist[Duran, Jarren]",1.655,0.249,1.184,2.119,0.002,0.003,15315.0,5561.0,1.0
"beta_dist[Fargas, Johneshwy]",1.843,0.312,1.272,2.448,0.002,0.005,17648.0,4844.0,1.0
"beta_dist[Bradley Jr., Jackie]",1.377,0.179,1.027,1.704,0.002,0.002,11471.0,7065.0,1.0
"beta_dist[Raley, Luke]",1.97,0.275,1.466,2.494,0.002,0.003,16318.0,5309.0,1.0
"beta_dist[LaMarre, Ryan]",1.84,0.308,1.284,2.451,0.002,0.004,16926.0,5048.0,1.0
"beta_dist[Thomas, Dillon]",1.7,0.309,1.106,2.258,0.002,0.004,15919.0,5643.0,1.0
"beta_dist[Reks, Zach]",1.806,0.289,1.276,2.367,0.002,0.004,18027.0,5624.0,1.0
"beta_dist[Sánchez, Jesús]",1.751,0.219,1.34,2.164,0.002,0.002,14222.0,6412.0,1.0
"beta_dist[Wilson, Jacob]",1.832,0.312,1.261,2.43,0.002,0.004,18382.0,5204.0,1.0
"beta_dist[Clement, Ernie]",1.943,0.293,1.418,2.524,0.002,0.004,18544.0,5574.0,1.0
"beta_dist[Jankowski, Travis]",1.684,0.272,1.158,2.185,0.002,0.004,14344.0,5524.0,1.0
"beta_dist[Vosler, Jason]",1.763,0.312,1.199,2.363,0.002,0.004,16457.0,5497.0,1.0
"beta_dist[Kirilloff, Alex]",1.551,0.263,1.045,2.035,0.002,0.003,15110.0,6182.0,1.0
"beta_dist[Davis, Jaylin]",1.954,0.286,1.404,2.493,0.002,0.004,15604.0,5376.0,1.0
"beta_dist[Tom, Ka'ai]",1.744,0.291,1.195,2.291,0.002,0.004,16051.0,5248.0,1.0
"beta_dist[O'Hearn, Ryan]",1.87,0.28,1.334,2.389,0.002,0.004,16080.0,6206.0,1.0
"beta_dist[Walton, Donovan]",1.87,0.312,1.311,2.493,0.002,0.004,19351.0,5540.0,1.0
"beta_dist[Trammell, Taylor]",1.655,0.254,1.167,2.127,0.002,0.003,17149.0,6054.0,1.0
"beta_dist[Blankenhorn, Travis]",1.831,0.316,1.237,2.429,0.002,0.005,17325.0,5300.0,1.0
"beta_dist[Marcano, Tucupita]",1.971,0.277,1.437,2.483,0.002,0.004,17193.0,5809.0,1.0
"beta_dist[Hiura, Keston]",1.853,0.316,1.271,2.453,0.002,0.004,16294.0,5629.0,1.0
"beta_dist[Kelenic, Jarred]",2.0,0.218,1.59,2.402,0.002,0.002,14202.0,7059.0,1.0
"beta_dist[Quinn, Roman]",1.698,0.245,1.232,2.151,0.002,0.003,15695.0,6105.0,1.0
"beta_dist[Williams, Justin]",1.887,0.276,1.387,2.426,0.002,0.003,16869.0,5996.0,1.0
"beta_dist[Barrera, Luis]",1.84,0.287,1.323,2.393,0.002,0.003,16952.0,5862.0,1.0
"beta_dist[Hager, Jake]",1.882,0.313,1.279,2.466,0.002,0.004,17480.0,5264.0,1.0
"beta_dist[Duffy, Matt]",1.846,0.313,1.293,2.469,0.002,0.004,17703.0,6280.0,1.0
"beta_dist[Neuse, Sheldon]",1.845,0.311,1.255,2.425,0.002,0.004,19169.0,5647.0,1.0
"beta_dist[Mathisen, Wyatt]",1.87,0.313,1.295,2.457,0.002,0.004,15986.0,5658.0,1.0
"beta_dist[Ohtani, Shohei]",1.836,0.318,1.242,2.446,0.002,0.004,20262.0,5410.0,1.0
"beta_dist[Bemboom, Anthony]",1.831,0.316,1.232,2.431,0.002,0.004,16219.0,5250.0,1.0
"beta_dist[Jones, JaCoby]",2.141,0.203,1.746,2.504,0.002,0.002,11461.0,6200.0,1.0
"beta_dist[Palacios, Joshua]",1.97,0.277,1.436,2.476,0.002,0.003,14863.0,5709.0,1.0
"beta_dist[Young, Andrew]",1.931,0.317,1.342,2.533,0.002,0.005,17659.0,5109.0,1.0
"beta_dist[Musgrove, Joe]",1.827,0.313,1.213,2.392,0.002,0.004,17936.0,4887.0,1.0
"beta_dist[Blandino, Alex]",1.834,0.309,1.218,2.403,0.002,0.004,16492.0,4769.0,1.0
"beta_dist[Farmer, Kyle]",1.837,0.31,1.228,2.393,0.002,0.005,19600.0,5327.0,1.0
"beta_dist[Almora Jr., Albert]",1.663,0.217,1.254,2.075,0.002,0.003,16585.0,5763.0,1.0
"beta_dist[Inciarte, Ender]",2.249,0.187,1.9,2.597,0.002,0.002,10389.0,7341.0,1.0
"beta_dist[Azócar, José]",1.87,0.257,1.382,2.344,0.002,0.003,16114.0,5382.0,1.0
"beta_dist[Thompson, Trayce]",2.082,0.249,1.624,2.562,0.002,0.003,16312.0,5474.0,1.0
"beta_dist[Kwan, Steven]",1.849,0.216,1.443,2.25,0.002,0.002,14832.0,5812.0,1.0
"beta_dist[Cabrera, Oswaldo]",1.773,0.274,1.222,2.267,0.002,0.004,20695.0,6004.0,1.0
"beta_dist[Hicks, Aaron]",1.84,0.202,1.463,2.23,0.002,0.002,13311.0,6449.0,1.0
"beta_dist[Velázquez, Nelson]",1.872,0.278,1.353,2.391,0.002,0.004,16219.0,5620.0,1.0
"beta_dist[Brennan, Will]",1.816,0.305,1.273,2.423,0.002,0.004,21054.0,5486.0,1.0
"beta_dist[Hensley, David]",1.831,0.312,1.252,2.415,0.003,0.004,15194.0,5949.0,1.0
"beta_dist[Vargas, Miguel]",1.744,0.317,1.159,2.337,0.002,0.004,18055.0,5502.0,1.0
"beta_dist[Bouchard, Sean]",1.711,0.291,1.165,2.249,0.002,0.004,19098.0,6399.0,1.0
"beta_dist[Vavra, Terrin]",1.81,0.317,1.235,2.399,0.002,0.004,17553.0,5549.0,1.0
"beta_dist[Smith, Josh]",1.902,0.287,1.367,2.44,0.002,0.004,16753.0,5478.0,1.0
"beta_dist[Bleday, JJ]",1.811,0.268,1.32,2.312,0.002,0.003,18754.0,6318.0,1.0
"beta_dist[Carroll, Corbin]",1.707,0.292,1.144,2.238,0.002,0.004,16635.0,5797.0,1.0
"beta_dist[Waters, Drew]",1.515,0.274,0.984,2.019,0.002,0.003,16743.0,6108.0,1.0
"beta_dist[Burdick, Peyton]",2.039,0.283,1.504,2.58,0.002,0.004,16305.0,5795.0,1.0
"beta_dist[Hernández, César]",1.896,0.3,1.32,2.434,0.002,0.004,19088.0,5919.0,1.0
"beta_dist[Thompson, Bubba]",2.223,0.267,1.727,2.722,0.002,0.003,14914.0,6348.0,1.0
"beta_dist[Suwinski, Jack]",1.835,0.245,1.374,2.296,0.002,0.003,14928.0,6089.0,1.0
"beta_dist[Melendez, MJ]",1.891,0.278,1.364,2.413,0.002,0.003,18035.0,6484.0,1.0
"beta_dist[Call, Alex]",2.254,0.218,1.854,2.664,0.002,0.003,13735.0,6467.0,1.0
"beta_dist[Contreras, Mark]",1.793,0.282,1.262,2.318,0.002,0.004,17925.0,5606.0,1.0
"beta_dist[Calhoun, Kole]",2.173,0.185,1.809,2.503,0.002,0.002,13104.0,6212.0,1.0
"beta_dist[Bae, Ji Hwan]",1.848,0.319,1.259,2.452,0.002,0.004,17837.0,5393.0,1.0
"beta_dist[Yepez, Juan]",1.662,0.276,1.141,2.174,0.002,0.004,18855.0,5203.0,1.0
"beta_dist[Stowers, Kyle]",1.807,0.277,1.296,2.332,0.002,0.004,15475.0,5760.0,1.0
"beta_dist[Dubón, Mauricio]",1.727,0.235,1.288,2.156,0.002,0.003,14214.0,6514.0,1.0
"beta_dist[Garrett, Stone]",1.676,0.296,1.129,2.239,0.002,0.004,16280.0,5726.0,1.0
"beta_dist[Lopez, Alejo]",1.816,0.307,1.222,2.381,0.002,0.004,17698.0,5261.0,1.0
"beta_dist[McCarthy, Jake]",2.024,0.24,1.586,2.481,0.002,0.003,14180.0,6356.0,1.0
"beta_dist[Encarnacion, Jerar]",1.706,0.291,1.152,2.239,0.002,0.004,15575.0,5546.0,1.0
"beta_dist[Palacios, Richie]",1.888,0.276,1.382,2.426,0.002,0.003,17363.0,5646.0,1.0
"beta_dist[Garcia, Dérmis]",1.946,0.301,1.376,2.511,0.002,0.004,15317.0,5373.0,1.0
"beta_dist[Donovan, Brendan]",1.958,0.287,1.428,2.497,0.002,0.004,17216.0,6257.0,1.0
"beta_dist[Thomas, Cody]",1.697,0.299,1.139,2.253,0.002,0.004,18014.0,5452.0,1.0
"beta_dist[Benson, Will]",1.847,0.287,1.317,2.403,0.002,0.004,18176.0,5544.0,1.0
"beta_dist[Burleson, Alec]",1.849,0.292,1.31,2.404,0.002,0.004,16562.0,5627.0,1.0
"beta_dist[Carpenter, Kerry]",1.819,0.307,1.254,2.388,0.002,0.004,16015.0,5534.0,1.0
"beta_dist[Eaton, Nate]",1.558,0.289,1.023,2.113,0.002,0.004,14785.0,5095.0,1.0
"beta_dist[Florial, Estevan]",1.827,0.289,1.299,2.361,0.002,0.004,19673.0,5994.0,1.0
"beta_dist[Morel, Christopher]",1.578,0.277,1.061,2.097,0.002,0.003,16316.0,6354.0,1.0
"beta_dist[Anderson, Brian]",1.6,0.251,1.117,2.059,0.002,0.003,15071.0,5966.0,1.0
"beta_dist[Johnson, Bryce]",1.829,0.304,1.252,2.402,0.002,0.004,17757.0,5439.0,1.0
"beta_dist[Ruiz, Esteury]",1.849,0.296,1.268,2.382,0.002,0.004,20399.0,5715.0,1.0
"beta_dist[Aguilar, Ryan]",1.829,0.308,1.218,2.376,0.002,0.004,16000.0,5516.0,1.0
"beta_dist[Stevenson, Cal]",1.512,0.27,1.014,2.03,0.002,0.003,14776.0,5973.0,1.0
"beta_dist[Maton, Nick]",1.82,0.294,1.282,2.397,0.002,0.004,16910.0,5985.0,1.0
"beta_dist[Sosa, Edmundo]",1.835,0.324,1.218,2.437,0.002,0.005,18761.0,5123.0,1.0
"beta_dist[Bernard, Wynton]",1.665,0.29,1.116,2.212,0.002,0.004,18683.0,5560.0,1.0
"beta_dist[Celestino, Gilberto]",1.585,0.233,1.126,2.005,0.002,0.003,14589.0,7083.0,1.0
"beta_dist[Pratto, Nick]",1.891,0.307,1.302,2.458,0.002,0.004,16418.0,5568.0,1.0
"beta_dist[Piscotty, Stephen]",1.703,0.211,1.294,2.084,0.002,0.002,15011.0,5954.0,1.0
"beta_dist[Hernandez, Elier]",1.88,0.306,1.295,2.445,0.002,0.004,15968.0,5193.0,1.0
"beta_dist[Lewis, Kyle]",1.57,0.234,1.111,1.995,0.002,0.003,13487.0,6411.0,1.0
"beta_dist[Outman, James]",1.809,0.312,1.24,2.404,0.002,0.004,19658.0,5699.0,1.0
"beta_dist[Meneses, Joey]",1.667,0.288,1.133,2.201,0.002,0.004,18678.0,5374.0,1.0
"beta_dist[Reynolds, Matt]",1.785,0.306,1.189,2.344,0.002,0.004,18769.0,5592.0,1.0
"beta_dist[Madris, Bligh]",1.834,0.277,1.333,2.367,0.002,0.004,16374.0,5436.0,1.0
"beta_dist[Marsh, Brandon]",1.733,0.217,1.34,2.163,0.002,0.003,14276.0,5979.0,1.0
"beta_dist[Mercedes, Yermín]",1.829,0.307,1.254,2.4,0.002,0.004,15849.0,5457.0,1.0
"beta_dist[Soler, Jorge]",2.148,0.213,1.761,2.568,0.002,0.002,12962.0,6409.0,1.0
"beta_dist[Carpenter, Matt]",1.9,0.306,1.318,2.46,0.002,0.004,17542.0,5765.0,1.0
"beta_dist[Clemens, Kody]",1.771,0.31,1.179,2.361,0.002,0.004,19932.0,5115.0,1.0
"beta_dist[Harrison, Monte]",1.872,0.289,1.333,2.411,0.002,0.004,19752.0,5633.0,1.0
"beta_dist[Hummel, Cooper]",1.96,0.283,1.411,2.463,0.002,0.004,17114.0,5620.0,1.0
"beta_dist[Mazara, Nomar]",1.785,0.213,1.37,2.169,0.002,0.003,13931.0,6359.0,1.0
"beta_dist[Batten, Matthew]",1.846,0.317,1.224,2.424,0.002,0.004,17658.0,5466.0,1.0
"beta_dist[Alvarez, Eddy]",1.784,0.309,1.189,2.343,0.002,0.004,16737.0,5879.0,1.0
"beta_dist[Smith-Njigba, Canaan]",1.707,0.312,1.097,2.266,0.002,0.005,18756.0,4880.0,1.0
"beta_dist[Ramos, Heliot]",1.951,0.305,1.392,2.54,0.002,0.004,15511.0,5869.0,1.0
"beta_dist[Swaggerty, Travis]",1.833,0.314,1.272,2.437,0.002,0.004,18461.0,5646.0,1.0
"beta_dist[Walker, Steele]",2.002,0.311,1.411,2.583,0.002,0.005,17829.0,5619.0,1.0
"beta_dist[Plummer, Nick]",1.957,0.304,1.415,2.56,0.002,0.004,18550.0,5087.0,1.0
"beta_dist[Contreras, William]",1.818,0.307,1.233,2.391,0.002,0.004,15969.0,5849.0,1.0
"beta_dist[Mayfield, Jack]",1.799,0.309,1.216,2.381,0.002,0.004,19032.0,5216.0,1.0
"beta_dist[Walsh, Jared]",1.93,0.296,1.353,2.457,0.002,0.004,18244.0,5557.0,1.0
"beta_dist[Krizan, Jason]",1.825,0.311,1.26,2.432,0.002,0.004,17139.0,5401.0,1.0
"beta_dist[Mendick, Danny]",1.918,0.314,1.331,2.508,0.002,0.004,17523.0,6149.0,1.0
"beta_dist[Cruz, Oneil]",1.839,0.315,1.27,2.438,0.002,0.004,17754.0,5763.0,1.0
"beta_dist[Capel, Conner]",1.643,0.29,1.098,2.18,0.002,0.004,17679.0,5786.0,1.0
"beta_dist[Robles, Victor]",1.392,0.173,1.062,1.708,0.002,0.002,10961.0,6894.0,1.0
"beta_dist[Bader, Harrison]",1.725,0.181,1.391,2.065,0.002,0.002,12827.0,6706.0,1.0
"beta_dist[Springer, George]",1.818,0.205,1.44,2.204,0.002,0.002,13116.0,6770.0,1.0
"beta_dist[Fowler, Dexter]",1.85,0.221,1.421,2.25,0.002,0.003,15253.0,6246.0,1.0
"beta_dist[Kiermaier, Kevin]",1.82,0.19,1.478,2.18,0.002,0.002,12493.0,6386.0,1.0
"beta_dist[Bellinger, Cody]",1.801,0.182,1.46,2.146,0.002,0.002,13287.0,5972.0,1.0
"beta_dist[Kepler, Max]",1.541,0.175,1.216,1.87,0.002,0.002,13206.0,6915.0,1.0
"beta_dist[Cain, Lorenzo]",1.643,0.223,1.228,2.059,0.002,0.003,13836.0,6004.0,1.0
"beta_dist[Laureano, Ramón]",1.623,0.183,1.282,1.97,0.002,0.002,12424.0,6261.0,1.0
"beta_dist[Heyward, Jason]",1.753,0.193,1.39,2.117,0.002,0.002,14335.0,5969.0,1.0
"beta_dist[Grichuk, Randal]",1.59,0.172,1.277,1.923,0.002,0.002,12961.0,6790.0,1.0
"beta_dist[García, Avisaíl]",1.971,0.177,1.643,2.309,0.002,0.002,12021.0,7089.0,1.0
"beta_dist[Marte, Ketel]",1.942,0.219,1.534,2.359,0.002,0.002,13847.0,6354.0,1.0
"beta_dist[Trout, Mike]",1.721,0.199,1.349,2.084,0.002,0.002,14427.0,6547.0,1.0
"beta_dist[Betts, Mookie]",1.925,0.175,1.612,2.268,0.002,0.002,13012.0,7095.0,1.0
"beta_dist[Buxton, Byron]",1.37,0.2,1.013,1.762,0.002,0.002,11657.0,6757.0,1.0
"beta_dist[Senzel, Nick]",1.371,0.197,1.009,1.758,0.002,0.002,12992.0,6756.0,1.0
"beta_dist[Conforto, Michael]",1.835,0.192,1.484,2.207,0.002,0.002,13816.0,6141.0,1.0
"beta_dist[Jones, Adam]",1.787,0.246,1.322,2.251,0.002,0.003,17416.0,6101.0,1.0
"beta_dist[Rivera, Yadiel]",1.865,0.317,1.261,2.454,0.002,0.005,22107.0,5838.0,1.0
"beta_dist[Martin, Leonys]",1.907,0.252,1.401,2.35,0.002,0.003,13666.0,6279.0,1.0
"beta_dist[Haniger, Mitch]",1.809,0.196,1.434,2.173,0.002,0.002,14222.0,6799.0,1.0
"beta_dist[Robinson, Drew]",1.838,0.316,1.224,2.411,0.002,0.005,17023.0,4762.0,1.0
"beta_dist[Mahtook, Mikie]",1.699,0.297,1.161,2.279,0.002,0.004,18846.0,5183.0,1.0
"beta_dist[Robert Jr., Luis]",1.858,0.214,1.483,2.293,0.002,0.002,13624.0,6465.0,1.0
"beta_dist[Taveras, Leody]",2.162,0.216,1.762,2.579,0.002,0.002,12808.0,6228.0,1.0
"beta_dist[Hill, Derek]",1.883,0.242,1.431,2.351,0.002,0.003,15172.0,6608.0,1.0
"beta_dist[Tucker, Cole]",1.525,0.285,0.979,2.055,0.002,0.004,15909.0,5168.0,1.0
"beta_dist[Torreyes, Ronald]",1.857,0.316,1.279,2.465,0.002,0.004,18571.0,5705.0,1.0
"beta_dist[Harper, Bryce]",1.568,0.176,1.235,1.898,0.002,0.002,13035.0,6400.0,1.0
"beta_dist[Whitefield, Aaron]",1.884,0.316,1.284,2.475,0.002,0.004,17374.0,5778.0,1.0
"beta_dist[Villar, Jonathan]",1.833,0.32,1.24,2.448,0.002,0.005,18469.0,5248.0,1.0
"beta_dist[Tatis Jr., Fernando]",1.692,0.3,1.16,2.27,0.002,0.004,20278.0,5740.0,1.0
"beta_dist[Barrero, José]",1.809,0.305,1.234,2.371,0.002,0.004,17497.0,5707.0,1.0
"beta_dist[Judge, Aaron]",2.023,0.19,1.668,2.39,0.002,0.002,13737.0,6780.0,1.0
"beta_dist[Bruján, Vidal]",1.903,0.304,1.31,2.451,0.002,0.004,18872.0,5130.0,1.0
"beta_dist[Andreoli, John]",1.773,0.311,1.203,2.353,0.002,0.004,16053.0,5755.0,1.0
"beta_dist[Difo, Wilmer]",1.966,0.307,1.377,2.528,0.002,0.005,17754.0,4956.0,1.0
"beta_dist[Fowler, Dustin]",2.176,0.293,1.653,2.758,0.002,0.004,15755.0,5432.0,1.0
"beta_dist[Hurst, Scott]",1.838,0.315,1.271,2.441,0.002,0.004,18111.0,6042.0,1.0
"beta_dist[Siani, Michael]",1.859,0.302,1.319,2.447,0.002,0.004,16365.0,5570.0,1.0
"beta_dist[DeLuzio, Ben]",1.797,0.306,1.238,2.386,0.002,0.004,21746.0,5685.0,1.0
"beta_dist[Greene, Riley]",1.959,0.241,1.511,2.414,0.002,0.003,14413.0,6397.0,1.0
"beta_dist[Rodríguez, Julio]",1.695,0.235,1.257,2.14,0.002,0.003,13743.0,6442.0,1.0
"beta_dist[Harris II, Michael]",1.637,0.243,1.174,2.09,0.002,0.003,15326.0,6137.0,1.0
"beta_dist[Mitchell, Garrett]",1.765,0.3,1.205,2.321,0.002,0.004,16634.0,5455.0,1.0
"beta_dist[Kreidler, Ryan]",1.833,0.303,1.236,2.381,0.002,0.004,16394.0,5849.0,1.0
"beta_dist[Thomas, Alek]",1.79,0.23,1.358,2.227,0.002,0.003,13871.0,6361.0,1.0
"beta_dist[Crook, Narciso]",1.788,0.312,1.239,2.402,0.002,0.004,17179.0,5626.0,1.0
"beta_dist[Lopez, Otto]",1.837,0.315,1.266,2.461,0.002,0.004,16752.0,5269.0,1.0
"beta_dist[Lee, Khalil]",1.806,0.308,1.222,2.389,0.002,0.004,17028.0,5554.0,1.0
"beta_dist[Lewis, Royce]",1.828,0.309,1.253,2.411,0.002,0.004,17497.0,5933.0,1.0
"beta_dist[Hicklen, Brewer]",1.82,0.315,1.237,2.425,0.002,0.004,16437.0,5088.0,1.0
"beta_dist[Blanco, Dairon]",1.865,0.315,1.247,2.437,0.002,0.005,17853.0,5096.0,1.0
"beta_dist[McDonald, Mickey]",1.829,0.317,1.216,2.426,0.003,0.004,15297.0,5348.0,1.0
"beta_dist[Muzziotti, Símon]",1.88,0.298,1.292,2.412,0.002,0.004,18883.0,5690.0,1.0
"beta_dist[Blackmon, Charlie]",1.673,0.178,1.33,1.99,0.002,0.002,11160.0,6371.0,1.0
"beta_dist[Palka, Daniel]",0.368,0.27,-0.174,0.836,0.003,0.003,9062.0,5456.0,1.0
"beta_dist[Wendle, Joey]",1.84,0.324,1.256,2.456,0.003,0.005,16791.0,4888.0,1.0
"beta_dist[Puig, Yasiel]",1.942,0.227,1.497,2.36,0.002,0.003,15470.0,5704.0,1.0
"beta_dist[Joseph, Corban]",1.826,0.316,1.232,2.417,0.002,0.004,19069.0,5911.0,1.0
"beta_dist[Goins, Ryan]",1.884,0.31,1.321,2.491,0.002,0.004,16922.0,5760.0,1.0
"beta_dist[Cooper, Garrett]",1.806,0.277,1.289,2.321,0.002,0.004,18686.0,5726.0,1.0
"beta_dist[Thames, Eric]",1.806,0.308,1.232,2.407,0.002,0.005,16431.0,4843.0,1.0
"beta_dist[Nola, Austin]",1.846,0.315,1.216,2.407,0.002,0.004,19246.0,5579.0,1.0
"beta_dist[Sogard, Eric]",1.793,0.3,1.234,2.361,0.002,0.004,17835.0,5663.0,1.0
"beta_dist[Contreras, Willson]",1.815,0.311,1.221,2.399,0.002,0.004,15773.0,6097.0,1.0
"beta_dist[Polanco, Gregory]",1.808,0.219,1.407,2.232,0.002,0.003,16191.0,6359.0,1.0
"beta_dist[Davis, Chris]",1.826,0.312,1.228,2.419,0.002,0.004,18026.0,5947.0,1.0
"beta_dist[Adduci, James]",1.812,0.315,1.223,2.413,0.002,0.004,16705.0,5876.0,1.0
"beta_dist[Bote, David]",1.834,0.314,1.256,2.427,0.002,0.004,18334.0,5300.0,1.0
"beta_dist[Hanson, Alen]",1.818,0.317,1.216,2.392,0.002,0.005,17751.0,4828.0,1.0
"beta_dist[Reed, Michael]",1.762,0.314,1.182,2.354,0.002,0.005,20407.0,5230.0,1.0
"beta_dist[Núñez, Eduardo]",1.831,0.314,1.266,2.451,0.002,0.004,17736.0,5360.0,1.0
"beta_dist[Motter, Taylor]",1.828,0.314,1.223,2.401,0.002,0.004,18966.0,5113.0,1.0
"beta_dist[Amburgey, Trey]",1.815,0.306,1.28,2.408,0.002,0.004,18067.0,5961.0,1.0
"beta_dist[Rengifo, Luis]",1.956,0.286,1.405,2.476,0.002,0.004,17941.0,6329.0,1.0
"beta_dist[Stokes Jr., Troy]",1.823,0.318,1.212,2.415,0.002,0.004,18139.0,5549.0,1.0
"beta_dist[Kivlehan, Patrick]",1.839,0.312,1.235,2.401,0.002,0.004,17617.0,5934.0,1.0
"beta_dist[Owen, Hunter]",1.887,0.309,1.295,2.449,0.002,0.005,16374.0,4891.0,1.0
"beta_dist[Ray, Corey]",1.825,0.311,1.269,2.432,0.002,0.004,15836.0,5393.0,1.0
"beta_dist[Gonzalez, Oscar]",2.098,0.252,1.611,2.549,0.002,0.003,16168.0,6750.0,1.0
"beta_dist[Suzuki, Seiya]",1.845,0.241,1.405,2.303,0.002,0.003,15411.0,5771.0,1.0
"beta_dist[Davis, Brendon]",1.876,0.318,1.292,2.488,0.002,0.005,18178.0,5283.0,1.0
"beta_dist[Wallner, Matt]",1.724,0.3,1.175,2.299,0.002,0.004,15248.0,4944.0,1.0
"beta_dist[Mastrobuoni, Miles]",1.818,0.314,1.214,2.39,0.002,0.004,17291.0,4923.0,1.0
"beta_dist[Guthrie, Dalton]",1.829,0.303,1.262,2.404,0.002,0.004,16909.0,5527.0,1.0
"beta_dist[Toglia, Michael]",1.871,0.293,1.32,2.419,0.002,0.004,18564.0,6220.0,1.0
"beta_dist[Mitchell, Cal]",1.652,0.266,1.141,2.143,0.002,0.003,16783.0,6041.0,1.0
"beta_dist[Castillo, Diego]",1.646,0.296,1.12,2.215,0.002,0.004,16026.0,5912.0,1.0
"beta_dist[Jones, Nolan]",1.88,0.292,1.338,2.436,0.002,0.004,17520.0,5520.0,1.0
"beta_dist[Díaz, Yusniel]",1.838,0.311,1.26,2.414,0.002,0.004,17201.0,5005.0,1.0
"beta_dist[Arroyo, Christian]",1.638,0.296,1.088,2.194,0.002,0.004,16695.0,4728.0,1.0
"beta_dist[Wilson, Marcus]",1.868,0.306,1.297,2.444,0.002,0.004,17974.0,4815.0,1.0
"beta_dist[Abrams, CJ]",1.833,0.321,1.223,2.43,0.002,0.005,18748.0,5025.0,1.0
"beta_dist[Lopes, Christian]",1.831,0.317,1.226,2.417,0.002,0.004,17788.0,5818.0,1.0
