,mean,sd,hdi_3%,hdi_97%,mcse_mean,mcse_sd,ess_bulk,ess_tail,r_hat
"alpha[Rosario, Eddie]",-2.729,0.128,-2.96,-2.482,0.002,0.001,7224.0,6177.0,1.0
"alpha[Brantley, Michael]",-2.957,0.157,-3.257,-2.665,0.002,0.002,7788.0,5767.0,1.0
"alpha[Alvarez, Yordan]",-3.277,0.156,-3.566,-2.969,0.002,0.002,5109.0,4976.0,1.0
"alpha[Pollock, AJ]",-2.849,0.146,-3.126,-2.578,0.002,0.002,6950.0,5600.0,1.0
"alpha[Verdugo, Alex]",-2.891,0.13,-3.134,-2.646,0.002,0.001,5912.0,5486.0,1.0
"alpha[Taylor, Chris]",-2.997,0.15,-3.288,-2.724,0.002,0.002,6311.0,5810.0,1.0
"alpha[Rondon, José]",-2.93,0.22,-3.338,-2.509,0.002,0.003,8392.0,4851.0,1.0
"alpha[O'Neill, Tyler]",-3.029,0.132,-3.277,-2.78,0.002,0.002,5577.0,4246.0,1.0
"alpha[Fraley, Jake]",-2.899,0.163,-3.215,-2.602,0.002,0.002,8437.0,5981.0,1.0
"alpha[Gosselin, Phil]",-2.989,0.185,-3.343,-2.645,0.002,0.002,8281.0,5777.0,1.0
"alpha[Moore, Dylan]",-2.753,0.174,-3.061,-2.412,0.002,0.002,7712.0,6057.0,1.0
"alpha[Mercado, Óscar]",-2.947,0.181,-3.288,-2.606,0.002,0.002,8564.0,5466.0,1.0
"alpha[Nevin, Tyler]",-3.025,0.202,-3.411,-2.657,0.002,0.002,6739.0,5714.0,1.0
"alpha[Dickerson, Corey]",-2.837,0.151,-3.122,-2.56,0.002,0.002,7932.0,6029.0,1.0
"alpha[Santana, Danny]",-2.978,0.214,-3.374,-2.563,0.002,0.003,7484.0,5642.0,1.0
"alpha[Ruf, Darin]",-2.949,0.194,-3.303,-2.575,0.002,0.002,7426.0,6058.0,1.0
"alpha[Jiménez, Eloy]",-2.968,0.175,-3.318,-2.653,0.002,0.002,7726.0,6091.0,1.0
"alpha[Smith, Dominic]",-3.025,0.176,-3.37,-2.707,0.002,0.002,9448.0,5976.0,1.0
"alpha[Tapia, Raimel]",-3.083,0.144,-3.348,-2.81,0.002,0.002,5583.0,5938.0,1.0
"alpha[Ramos, Henry]",-2.951,0.21,-3.345,-2.561,0.002,0.003,9835.0,5793.0,1.0
"alpha[Haase, Eric]",-2.859,0.192,-3.226,-2.504,0.002,0.002,8876.0,5662.0,1.0
"alpha[Miller, Brian]",-2.932,0.217,-3.348,-2.525,0.002,0.003,8489.0,5513.0,1.0
"alpha[Canha, Mark]",-3.041,0.132,-3.279,-2.783,0.002,0.002,7403.0,4647.0,1.0
"alpha[Gordon, Nick]",-2.951,0.161,-3.255,-2.653,0.002,0.002,7697.0,5530.0,1.0
"alpha[Isbel, Kyle]",-2.733,0.202,-3.094,-2.331,0.003,0.002,6501.0,5549.0,1.0
"alpha[Bryant, Kris]",-3.065,0.179,-3.388,-2.721,0.002,0.002,8156.0,6458.0,1.0
"alpha[Wade Jr., LaMonte]",-2.95,0.189,-3.312,-2.594,0.002,0.002,9296.0,6151.0,1.0
"alpha[Yelich, Christian]",-2.92,0.125,-3.148,-2.677,0.002,0.001,6338.0,5235.0,1.0
"alpha[Duvall, Adam]",-2.988,0.158,-3.314,-2.71,0.002,0.002,7611.0,5784.0,1.0
"alpha[Meadows, Austin]",-2.859,0.169,-3.179,-2.545,0.002,0.002,8311.0,5769.0,1.0
"alpha[Arozarena, Randy]",-2.961,0.115,-3.181,-2.748,0.001,0.001,6380.0,5112.0,1.0
"alpha[Stevenson, Andrew]",-2.834,0.213,-3.231,-2.435,0.002,0.003,8887.0,5517.0,1.0
"alpha[Bell, Josh]",-2.979,0.215,-3.388,-2.579,0.002,0.003,7860.0,5634.0,1.0
"alpha[Peralta, David]",-2.952,0.121,-3.184,-2.736,0.001,0.001,6667.0,6289.0,1.0
"alpha[Grossman, Robbie]",-2.841,0.14,-3.105,-2.578,0.002,0.002,6730.0,5431.0,1.0
"alpha[Cave, Jake]",-2.973,0.161,-3.267,-2.665,0.002,0.002,8369.0,5931.0,1.0
"alpha[Benintendi, Andrew]",-2.957,0.113,-3.171,-2.742,0.001,0.001,7013.0,6179.0,1.0
"alpha[Rooker, Brent]",-3.181,0.178,-3.517,-2.852,0.002,0.002,6167.0,5159.0,1.0
"alpha[Brinson, Lewis]",-2.905,0.191,-3.264,-2.549,0.002,0.002,8698.0,6118.0,1.0
"alpha[McCutchen, Andrew]",-3.004,0.151,-3.288,-2.727,0.002,0.002,7179.0,6040.0,1.0
"alpha[Frazier, Adam]",-2.953,0.199,-3.34,-2.59,0.002,0.002,8376.0,5602.0,1.0
"alpha[Happ, Ian]",-2.761,0.11,-2.961,-2.553,0.001,0.001,7321.0,5874.0,1.0
"alpha[Schwarber, Kyle]",-3.031,0.124,-3.264,-2.803,0.002,0.001,6340.0,5488.0,1.0
"alpha[Dozier, Hunter]",-3.014,0.206,-3.386,-2.61,0.002,0.002,6974.0,5544.0,1.0
"alpha[Taylor, Tyrone]",-2.783,0.172,-3.109,-2.471,0.002,0.002,7494.0,6079.0,1.0
"alpha[Marisnick, Jake]",-2.73,0.202,-3.107,-2.348,0.003,0.002,5996.0,4917.0,1.0
"alpha[Schrock, Max]",-2.982,0.201,-3.36,-2.605,0.002,0.002,8542.0,5330.0,1.0
"alpha[Alford, Anthony]",-2.885,0.195,-3.25,-2.52,0.002,0.002,8270.0,5647.0,1.0
"alpha[Gallo, Joey]",-2.966,0.151,-3.251,-2.684,0.002,0.002,8000.0,6063.0,1.0
"alpha[Deichmann, Greg]",-2.936,0.214,-3.34,-2.521,0.002,0.003,7596.0,5694.0,1.0
"alpha[McKenna, Ryan]",-2.583,0.19,-2.929,-2.222,0.003,0.002,4558.0,4988.0,1.0
"alpha[Phillips, Brett]",-2.912,0.215,-3.301,-2.496,0.002,0.003,8145.0,5272.0,1.0
"alpha[McNeil, Jeff]",-2.884,0.172,-3.19,-2.548,0.002,0.002,8123.0,5323.0,1.0
"alpha[Gamel, Ben]",-3.174,0.158,-3.471,-2.876,0.002,0.002,6367.0,5686.0,1.0
"alpha[Friedl, TJ]",-2.87,0.194,-3.238,-2.506,0.002,0.003,7834.0,5334.0,1.0
"alpha[Ortega, Rafael]",-2.861,0.198,-3.225,-2.484,0.002,0.002,8860.0,5801.0,1.0
"alpha[Slater, Austin]",-2.634,0.192,-2.986,-2.266,0.003,0.002,5349.0,5605.0,1.0
"alpha[Ramírez, Harold]",-3.007,0.177,-3.345,-2.68,0.002,0.002,8772.0,6156.0,1.0
"alpha[Calhoun, Willie]",-2.975,0.193,-3.326,-2.605,0.002,0.002,7151.0,5517.0,1.0
"alpha[Brown, Seth]",-2.892,0.158,-3.205,-2.613,0.002,0.002,7860.0,5900.0,1.0
"alpha[Hernández, Teoscar]",-2.991,0.154,-3.275,-2.698,0.002,0.002,8784.0,6360.0,1.0
"alpha[Stephenson, Tyler]",-2.99,0.214,-3.396,-2.588,0.002,0.003,8126.0,5714.0,1.0
"alpha[Peters, DJ]",-2.938,0.2,-3.31,-2.565,0.002,0.002,8961.0,6410.0,1.0
"alpha[Varsho, Daulton]",-2.704,0.154,-2.99,-2.414,0.002,0.002,6444.0,5705.0,1.0
"alpha[Dyson, Jarrod]",-2.926,0.2,-3.295,-2.548,0.002,0.002,7923.0,5503.0,1.0
"alpha[Ward, Taylor]",-2.865,0.128,-3.11,-2.632,0.001,0.001,7486.0,6456.0,1.0
"alpha[Hilliard, Sam]",-2.855,0.169,-3.177,-2.544,0.002,0.002,8911.0,5580.0,1.0
"alpha[Herrera, Odúbel]",-2.85,0.205,-3.224,-2.45,0.002,0.002,8481.0,5704.0,1.0
"alpha[Lagares, Juan]",-2.996,0.2,-3.394,-2.639,0.002,0.002,9152.0,6285.0,1.0
"alpha[Hernandez, Yadiel]",-3.013,0.159,-3.3,-2.701,0.002,0.002,7949.0,5731.0,1.0
"alpha[Margot, Manuel]",-2.669,0.193,-3.023,-2.302,0.003,0.002,5729.0,4760.0,1.0
"alpha[Pillar, Kevin]",-2.887,0.169,-3.188,-2.546,0.002,0.002,9031.0,5017.0,1.0
"alpha[Nootbaar, Lars]",-2.74,0.186,-3.079,-2.379,0.002,0.002,6828.0,4903.0,1.0
"alpha[Hamilton, Billy]",-2.932,0.212,-3.333,-2.527,0.002,0.003,9101.0,5870.0,1.0
"alpha[Castro, Willi]",-2.945,0.166,-3.267,-2.648,0.002,0.002,8651.0,6191.0,1.0
"alpha[Peterson, Jace]",-2.972,0.209,-3.362,-2.586,0.002,0.002,7764.0,6284.0,1.0
"alpha[Stanton, Giancarlo]",-3.022,0.203,-3.404,-2.628,0.002,0.002,7400.0,5319.0,1.0
"alpha[Smith, Pavin]",-2.941,0.198,-3.316,-2.57,0.002,0.002,8026.0,5003.0,1.0
"alpha[Díaz, Aledmys]",-2.892,0.19,-3.255,-2.544,0.002,0.002,7828.0,5852.0,1.0
"alpha[Rojas, Jose]",-2.908,0.211,-3.295,-2.5,0.002,0.003,9136.0,5942.0,1.0
"alpha[Pham, Tommy]",-3.05,0.123,-3.272,-2.808,0.001,0.001,7108.0,5772.0,1.0
"alpha[McCormick, Chas]",-2.691,0.151,-2.972,-2.407,0.002,0.002,6114.0,5299.0,1.0
"alpha[Hays, Austin]",-2.938,0.124,-3.177,-2.709,0.002,0.001,6047.0,5609.0,1.0
"alpha[Beaty, Matt]",-2.97,0.198,-3.318,-2.566,0.002,0.002,7066.0,5548.0,1.0
"alpha[Wisdom, Patrick]",-3.089,0.203,-3.488,-2.728,0.002,0.002,6991.0,5840.0,1.0
"alpha[Dickerson, Alex]",-2.924,0.178,-3.273,-2.601,0.002,0.002,8765.0,5825.0,1.0
"alpha[Baddoo, Akil]",-2.701,0.142,-2.958,-2.426,0.002,0.002,6604.0,5837.0,1.0
"alpha[Wong, Kean]",-2.981,0.212,-3.378,-2.578,0.002,0.003,8760.0,5746.0,1.0
"alpha[Profar, Jurickson]",-3.097,0.122,-3.328,-2.874,0.002,0.001,6142.0,6037.0,1.0
"alpha[Kemp, Tony]",-2.881,0.144,-3.153,-2.607,0.002,0.002,8602.0,5998.0,1.0
"alpha[Meyers, Jake]",-2.944,0.217,-3.353,-2.535,0.002,0.003,7795.0,5407.0,1.0
"alpha[Cameron, Daz]",-3.1,0.202,-3.475,-2.713,0.003,0.002,6543.0,5820.0,1.0
"alpha[DeShields, Delino]",-2.906,0.215,-3.326,-2.516,0.002,0.003,9629.0,5676.0,1.0
"alpha[Martini, Nick]",-3.084,0.207,-3.459,-2.679,0.003,0.003,6625.0,5182.0,1.0
"alpha[Aquino, Aristides]",-3.001,0.195,-3.365,-2.643,0.002,0.002,10139.0,6003.0,1.0
"alpha[Arraez, Luis]",-3.02,0.199,-3.406,-2.666,0.002,0.003,8124.0,5247.0,1.0
"alpha[Gurriel Jr., Lourdes]",-2.836,0.115,-3.061,-2.626,0.001,0.001,6942.0,5516.0,1.0
"alpha[Engel, Adam]",-2.974,0.218,-3.406,-2.586,0.002,0.003,8853.0,5674.0,1.0
"alpha[Martinez, J.D.]",-3.091,0.197,-3.462,-2.727,0.002,0.002,7319.0,5680.0,1.0
"alpha[Bolt, Skye]",-2.933,0.219,-3.361,-2.532,0.002,0.003,9367.0,5841.0,1.0
"alpha[Lux, Gavin]",-3.088,0.193,-3.45,-2.724,0.002,0.002,7812.0,5602.0,1.0
"alpha[Vilade, Ryan]",-2.957,0.211,-3.336,-2.541,0.002,0.002,8600.0,5405.0,1.0
"alpha[Bauers, Jake]",-3.112,0.192,-3.479,-2.755,0.002,0.003,8383.0,5242.0,1.0
"alpha[Zimmer, Bradley]",-2.926,0.212,-3.345,-2.541,0.002,0.002,7932.0,5805.0,1.0
"alpha[Gardner, Brett]",-2.931,0.19,-3.282,-2.567,0.002,0.002,7976.0,5989.0,1.0
"alpha[Santander, Anthony]",-3.137,0.184,-3.48,-2.795,0.002,0.002,7188.0,5981.0,1.0
"alpha[Siri, Jose]",-3.003,0.217,-3.418,-2.609,0.003,0.003,7236.0,5346.0,1.0
"alpha[Vierling, Matt]",-2.762,0.178,-3.1,-2.425,0.002,0.002,8108.0,6363.0,1.0
"alpha[Wade, Tyler]",-2.935,0.205,-3.319,-2.545,0.002,0.003,8545.0,5475.0,1.0
"alpha[Refsnyder, Rob]",-2.944,0.165,-3.259,-2.638,0.002,0.002,7723.0,6327.0,1.0
"alpha[Winker, Jesse]",-3.14,0.132,-3.394,-2.896,0.002,0.002,5660.0,5018.0,1.0
"alpha[De La Cruz, Bryan]",-3.106,0.139,-3.363,-2.843,0.002,0.002,6941.0,5945.0,1.0
"alpha[Rivas III, Alfonso]",-2.927,0.213,-3.319,-2.513,0.002,0.003,8894.0,5877.0,1.0
"alpha[Martin, Jason]",-2.934,0.185,-3.294,-2.598,0.002,0.003,8440.0,5629.0,1.0
"alpha[Joyce, Matt]",-2.92,0.21,-3.301,-2.511,0.002,0.003,10351.0,5435.0,1.0
"alpha[Marmolejos, José]",-2.913,0.208,-3.327,-2.54,0.002,0.003,9312.0,5631.0,1.0
"alpha[Adell, Jo]",-2.961,0.166,-3.277,-2.645,0.002,0.002,8184.0,5799.0,1.0
"alpha[Lowe, Josh]",-2.885,0.203,-3.25,-2.493,0.002,0.002,7475.0,6051.0,1.0
"alpha[Myers, Wil]",-2.898,0.205,-3.282,-2.512,0.002,0.003,8318.0,5435.0,1.0
"alpha[Naquin, Tyler]",-2.967,0.202,-3.343,-2.586,0.002,0.002,9349.0,6154.0,1.0
"alpha[Vaughn, Andrew]",-3.067,0.169,-3.378,-2.751,0.002,0.002,6724.0,5693.0,1.0
"alpha[Gonzalez, Romy]",-2.914,0.216,-3.328,-2.513,0.002,0.003,7990.0,5463.0,1.0
"alpha[Souza Jr., Steven]",-2.946,0.218,-3.362,-2.53,0.002,0.003,9101.0,5825.0,1.0
"alpha[Stewart, DJ]",-3.132,0.194,-3.511,-2.783,0.003,0.002,5955.0,5546.0,1.0
"alpha[Ruiz, Rio]",-2.947,0.216,-3.367,-2.549,0.002,0.003,8039.0,6178.0,1.0
"alpha[Sheets, Gavin]",-2.957,0.215,-3.354,-2.544,0.002,0.003,9016.0,5363.0,1.0
"alpha[Duggar, Steven]",-3.02,0.211,-3.41,-2.614,0.002,0.003,7394.0,4988.0,1.0
"alpha[Alfaro, Jorge]",-2.973,0.206,-3.36,-2.574,0.002,0.002,7865.0,5722.0,1.0
"alpha[Joe, Connor]",-2.891,0.162,-3.192,-2.588,0.002,0.002,7877.0,6057.0,1.0
"alpha[Davis, Khris]",-2.911,0.214,-3.3,-2.489,0.002,0.003,8469.0,5539.0,1.0
"alpha[Fairchild, Stuart]",-2.8,0.181,-3.14,-2.461,0.002,0.002,8252.0,6159.0,1.0
"alpha[Luplow, Jordan]",-3.002,0.19,-3.366,-2.658,0.002,0.002,8097.0,5747.0,1.0
"alpha[Akiyama, Shogo]",-2.949,0.215,-3.36,-2.554,0.002,0.002,8357.0,5833.0,1.0
"alpha[Reyes, Pablo]",-2.947,0.217,-3.354,-2.521,0.002,0.003,7886.0,5166.0,1.0
"alpha[Arcia, Orlando]",-2.919,0.2,-3.279,-2.519,0.002,0.002,8976.0,6323.0,1.0
"alpha[Upton, Justin]",-3.013,0.177,-3.332,-2.657,0.002,0.002,7119.0,5335.0,1.0
"alpha[Johnson, Daniel]",-2.965,0.216,-3.376,-2.572,0.002,0.003,8059.0,5130.0,1.0
"alpha[Bonifacio, Jorge]",-2.949,0.215,-3.352,-2.539,0.002,0.003,9036.0,5544.0,1.0
"alpha[Rojas, Josh]",-2.996,0.204,-3.384,-2.611,0.002,0.002,8303.0,5731.0,1.0
"alpha[Olivares, Edward]",-3.105,0.175,-3.436,-2.773,0.002,0.002,5441.0,5529.0,1.0
"alpha[Muñoz, Yairo]",-2.945,0.217,-3.356,-2.541,0.002,0.003,9188.0,5615.0,1.0
"alpha[Thomas, Lane]",-2.93,0.184,-3.274,-2.586,0.002,0.002,8690.0,5793.0,1.0
"alpha[Lamb, Jake]",-2.975,0.209,-3.377,-2.589,0.002,0.003,7686.0,6251.0,1.0
"alpha[Harrison, Josh]",-3.176,0.211,-3.573,-2.786,0.003,0.002,6175.0,5949.0,1.0
"alpha[Carlson, Dylan]",-2.977,0.19,-3.31,-2.588,0.002,0.002,8700.0,5494.0,1.0
"alpha[Smith, Kevin]",-2.961,0.214,-3.345,-2.525,0.002,0.002,8965.0,6017.0,1.0
"alpha[Jones, Taylor]",-3.147,0.219,-3.561,-2.736,0.002,0.003,7725.0,5825.0,1.0
"alpha[Drury, Brandon]",-2.908,0.214,-3.301,-2.501,0.002,0.003,8722.0,5661.0,1.0
"alpha[Tsutsugo, Yoshi]",-2.923,0.218,-3.324,-2.504,0.002,0.003,9031.0,5466.0,1.0
"alpha[Ibáñez, Andy]",-2.994,0.21,-3.403,-2.605,0.002,0.003,8744.0,5640.0,1.0
"alpha[Hermosillo, Michael]",-2.941,0.215,-3.346,-2.541,0.002,0.003,8815.0,5677.0,1.0
"alpha[Mateo, Jorge]",-2.914,0.213,-3.326,-2.516,0.002,0.003,7995.0,5429.0,1.0
"alpha[Larnach, Trevor]",-2.948,0.146,-3.212,-2.671,0.002,0.002,7727.0,6441.0,1.0
"alpha[Park, Hoy]",-2.997,0.216,-3.418,-2.607,0.003,0.003,7326.0,5482.0,1.0
"alpha[Culberson, Charlie]",-3.016,0.205,-3.408,-2.627,0.002,0.003,8036.0,5521.0,1.0
"alpha[McKinstry, Zach]",-2.778,0.191,-3.138,-2.417,0.002,0.002,9264.0,6192.0,1.0
"alpha[Robson, Jacob]",-2.944,0.22,-3.363,-2.529,0.002,0.003,9136.0,5703.0,1.0
"alpha[Goodrum, Niko]",-2.95,0.212,-3.355,-2.561,0.002,0.003,8890.0,5692.0,1.0
"alpha[Cordero, Franchy]",-3.073,0.19,-3.443,-2.727,0.002,0.002,7804.0,5478.0,1.0
"alpha[Almonte, Abraham]",-2.955,0.188,-3.331,-2.621,0.002,0.002,9238.0,6194.0,1.0
"alpha[Duran, Jarren]",-2.826,0.168,-3.136,-2.512,0.002,0.002,8342.0,5543.0,1.0
"alpha[García, Leury]",-2.945,0.205,-3.337,-2.568,0.002,0.003,8934.0,5640.0,1.0
"alpha[Williams, Luke]",-2.945,0.209,-3.361,-2.577,0.002,0.003,9242.0,5758.0,1.0
"alpha[Evans, Phillip]",-2.875,0.21,-3.281,-2.486,0.002,0.003,9093.0,5780.0,1.0
"alpha[Fargas, Johneshwy]",-2.907,0.215,-3.311,-2.504,0.003,0.003,7359.0,4805.0,1.0
"alpha[White, Eli]",-2.695,0.191,-3.049,-2.336,0.002,0.002,6910.0,5837.0,1.0
"alpha[Dahl, David]",-2.978,0.183,-3.322,-2.635,0.002,0.002,8442.0,6002.0,1.0
"alpha[Reddick, Josh]",-2.952,0.22,-3.375,-2.54,0.002,0.003,8987.0,6055.0,1.0
"alpha[VanMeter, Josh]",-2.945,0.221,-3.382,-2.535,0.002,0.003,8078.0,5326.0,1.0
"alpha[Allen, Greg]",-2.845,0.2,-3.243,-2.486,0.002,0.002,7598.0,5318.0,1.0
"alpha[Estrada, Thairo]",-2.99,0.206,-3.388,-2.604,0.002,0.003,7923.0,5730.0,1.0
"alpha[Oliva, Jared]",-2.978,0.215,-3.382,-2.57,0.003,0.003,6891.0,5256.0,1.0
"alpha[Parra, Gerardo]",-3.009,0.212,-3.414,-2.623,0.002,0.003,8470.0,5718.0,1.0
"alpha[Biggio, Cavan]",-2.979,0.213,-3.379,-2.576,0.002,0.003,7662.0,5682.0,1.0
"alpha[Long Jr., Shed]",-3.027,0.2,-3.405,-2.657,0.002,0.002,8516.0,5560.0,1.0
"alpha[Sierra, Magneuris]",-2.975,0.207,-3.384,-2.593,0.002,0.003,8896.0,5406.0,1.0
"alpha[Raley, Luke]",-2.825,0.172,-3.169,-2.513,0.002,0.002,7919.0,5489.0,1.0
"alpha[LaMarre, Ryan]",-2.948,0.216,-3.361,-2.547,0.002,0.003,10116.0,5886.0,1.0
"alpha[Bradley Jr., Jackie]",-2.747,0.207,-3.126,-2.343,0.003,0.002,6242.0,5534.0,1.0
"alpha[Tauchman, Mike]",-2.769,0.188,-3.12,-2.415,0.002,0.002,7094.0,5364.0,1.0
"alpha[Berti, Jon]",-2.825,0.194,-3.196,-2.465,0.002,0.002,8350.0,5325.0,1.0
"alpha[Goodwin, Brian]",-2.885,0.209,-3.274,-2.49,0.002,0.003,7543.0,5841.0,1.0
"alpha[Thomas, Dillon]",-2.943,0.211,-3.339,-2.542,0.002,0.003,8480.0,5640.0,1.0
"alpha[Reks, Zach]",-3.014,0.205,-3.414,-2.643,0.002,0.002,8994.0,6310.0,1.0
"alpha[Owings, Chris]",-2.973,0.216,-3.384,-2.572,0.002,0.003,8812.0,5428.0,1.0
"alpha[Lowe, Brandon]",-2.965,0.219,-3.377,-2.552,0.003,0.003,6834.0,4985.0,1.0
"alpha[Locastro, Tim]",-2.961,0.196,-3.348,-2.616,0.002,0.003,9197.0,5897.0,1.0
"alpha[Sánchez, Jesús]",-2.97,0.193,-3.33,-2.605,0.002,0.002,7181.0,5913.0,1.0
"alpha[Heredia, Guillermo]",-2.875,0.207,-3.248,-2.464,0.002,0.003,7931.0,5296.0,1.0
"alpha[Jankowski, Travis]",-2.909,0.175,-3.237,-2.569,0.002,0.002,8996.0,5835.0,1.0
"alpha[Wilson, Jacob]",-2.937,0.219,-3.339,-2.511,0.002,0.003,7730.0,5265.0,1.0
"alpha[Pederson, Joc]",-3.075,0.157,-3.36,-2.765,0.002,0.002,6425.0,5860.0,1.0
"alpha[Clement, Ernie]",-2.989,0.206,-3.377,-2.603,0.002,0.003,8161.0,5534.0,1.0
"alpha[Valaika, Pat]",-2.978,0.218,-3.387,-2.575,0.002,0.002,8012.0,6151.0,1.0
"alpha[Pinder, Chad]",-2.83,0.178,-3.174,-2.502,0.002,0.002,7742.0,5914.0,1.0
"alpha[Andujar, Miguel]",-2.996,0.154,-3.281,-2.712,0.002,0.002,6989.0,5987.0,1.0
"alpha[McKinney, Billy]",-2.842,0.185,-3.193,-2.493,0.002,0.002,7360.0,5772.0,1.0
"alpha[Vosler, Jason]",-3.002,0.22,-3.416,-2.578,0.002,0.003,9031.0,5419.0,1.0
"alpha[Gonzalez, Marwin]",-2.912,0.201,-3.291,-2.532,0.002,0.002,6910.0,5331.0,1.0
"alpha[Kirilloff, Alex]",-3.084,0.182,-3.433,-2.754,0.002,0.002,6746.0,5625.0,1.0
"alpha[Daza, Yonathan]",-2.963,0.198,-3.338,-2.583,0.002,0.002,8630.0,5984.0,1.0
"alpha[Davis, Jaylin]",-2.896,0.218,-3.32,-2.494,0.002,0.003,8992.0,5374.0,1.0
"alpha[Tom, Ka'ai]",-2.994,0.198,-3.367,-2.633,0.002,0.002,7442.0,5608.0,1.0
"alpha[Schebler, Scott]",-2.955,0.21,-3.351,-2.563,0.002,0.003,8631.0,5895.0,1.0
"alpha[O'Hearn, Ryan]",-2.972,0.212,-3.379,-2.573,0.002,0.003,7950.0,6008.0,1.0
"alpha[Frazier, Clint]",-3.13,0.2,-3.503,-2.758,0.002,0.002,6751.0,6048.0,1.0
"alpha[Mountcastle, Ryan]",-3.152,0.208,-3.533,-2.746,0.003,0.002,6957.0,6052.0,1.0
"alpha[González, Luis]",-2.949,0.193,-3.318,-2.579,0.002,0.003,8331.0,5115.0,1.0
"alpha[Williams, Mason]",-2.948,0.216,-3.356,-2.553,0.002,0.003,8736.0,5677.0,1.0
"alpha[Stubbs, Garrett]",-2.947,0.219,-3.346,-2.522,0.002,0.002,8808.0,5905.0,1.0
"alpha[Wilkerson, Stevie]",-2.948,0.215,-3.365,-2.562,0.002,0.003,8360.0,5401.0,1.0
"alpha[Merrifield, Whit]",-3.077,0.167,-3.394,-2.762,0.002,0.002,7711.0,6023.0,1.0
"alpha[Heineman, Scott]",-2.945,0.214,-3.357,-2.552,0.002,0.003,8259.0,5641.0,1.0
"alpha[Fuentes, Joshua]",-2.949,0.217,-3.372,-2.553,0.002,0.003,8482.0,5870.0,1.0
"alpha[O'Grady, Brian]",-2.932,0.212,-3.314,-2.52,0.002,0.003,8919.0,5380.0,1.0
"alpha[Trammell, Taylor]",-3.037,0.2,-3.408,-2.662,0.002,0.002,6964.0,5916.0,1.0
"alpha[Adrianza, Ehire]",-2.924,0.21,-3.307,-2.514,0.002,0.002,8000.0,5444.0,1.0
"alpha[Walton, Donovan]",-2.907,0.214,-3.322,-2.504,0.002,0.003,9109.0,5485.0,1.0
"alpha[Blankenhorn, Travis]",-2.982,0.209,-3.386,-2.601,0.002,0.002,8870.0,6014.0,1.0
"alpha[Marcano, Tucupita]",-3.083,0.203,-3.466,-2.697,0.002,0.002,8787.0,5726.0,1.0
"alpha[Kelenic, Jarred]",-3.015,0.151,-3.296,-2.733,0.002,0.002,7067.0,5147.0,1.0
"alpha[Hiura, Keston]",-2.973,0.212,-3.374,-2.584,0.002,0.003,9971.0,5903.0,1.0
"alpha[Garlick, Kyle]",-2.934,0.197,-3.326,-2.579,0.002,0.003,8161.0,4973.0,1.0
"alpha[Quinn, Roman]",-2.884,0.219,-3.297,-2.468,0.002,0.003,9783.0,5910.0,1.0
"alpha[Williams, Justin]",-2.988,0.204,-3.374,-2.613,0.002,0.003,9130.0,5327.0,1.0
"alpha[Vargas, Ildemaro]",-2.941,0.209,-3.32,-2.527,0.002,0.003,10269.0,5640.0,1.0
"alpha[Ozuna, Marcell]",-2.972,0.162,-3.291,-2.687,0.002,0.002,8375.0,5870.0,1.0
"alpha[Eaton, Adam]",-2.978,0.212,-3.397,-2.586,0.002,0.002,8116.0,6005.0,1.0
"alpha[Miller, Brad]",-3.034,0.194,-3.401,-2.677,0.002,0.002,7040.0,5779.0,1.0
"alpha[Maybin, Cameron]",-2.91,0.216,-3.337,-2.508,0.002,0.003,9397.0,5696.0,1.0
"alpha[Haggerty, Sam]",-2.653,0.188,-2.999,-2.293,0.002,0.002,7107.0,5612.0,1.0
"alpha[Barrera, Luis]",-2.87,0.207,-3.24,-2.467,0.002,0.003,9847.0,6050.0,1.0
"alpha[Hager, Jake]",-2.949,0.215,-3.376,-2.55,0.002,0.003,7897.0,5684.0,1.0
"alpha[Neuse, Sheldon]",-2.938,0.219,-3.341,-2.505,0.002,0.003,8040.0,5223.0,1.0
"alpha[Duffy, Matt]",-2.991,0.216,-3.405,-2.594,0.002,0.003,8033.0,5142.0,1.0
"alpha[Jay, Jon]",-2.933,0.212,-3.347,-2.545,0.002,0.003,9605.0,5961.0,1.0
"alpha[García, Adolis]",-2.998,0.213,-3.411,-2.613,0.002,0.003,8340.0,5843.0,1.0
"alpha[Mathisen, Wyatt]",-2.951,0.218,-3.35,-2.52,0.002,0.003,8104.0,5408.0,1.0
"alpha[Hoerner, Nico]",-2.977,0.215,-3.381,-2.577,0.002,0.003,7911.0,5465.0,1.0
"alpha[Castro, Harold]",-2.942,0.212,-3.349,-2.555,0.002,0.002,7280.0,5823.0,1.0
"alpha[Payton, Mark]",-3.006,0.214,-3.42,-2.614,0.002,0.003,8541.0,5720.0,1.0
"alpha[Lin, Tzu-Wei]",-2.947,0.221,-3.374,-2.543,0.002,0.003,8151.0,5792.0,1.0
"alpha[Nimmo, Brandon]",-2.998,0.154,-3.275,-2.701,0.002,0.002,8262.0,5949.0,1.0
"alpha[Ohtani, Shohei]",-2.947,0.222,-3.355,-2.52,0.002,0.003,9796.0,5712.0,1.0
"alpha[Bemboom, Anthony]",-2.944,0.213,-3.352,-2.556,0.002,0.003,9046.0,5600.0,1.0
"alpha[Reynolds, Bryan]",-3.01,0.138,-3.277,-2.757,0.002,0.002,7037.0,5584.0,1.0
"alpha[Dean, Austin]",-3.035,0.216,-3.462,-2.641,0.002,0.003,8625.0,5803.0,1.0
"alpha[Palacios, Joshua]",-2.918,0.199,-3.282,-2.536,0.002,0.003,8829.0,5380.0,1.0
"alpha[Blandino, Alex]",-2.941,0.217,-3.344,-2.521,0.002,0.002,8622.0,6076.0,1.0
"alpha[Jones, JaCoby]",-2.963,0.215,-3.372,-2.552,0.002,0.003,8306.0,5179.0,1.0
"alpha[Musgrove, Joe]",-2.94,0.214,-3.344,-2.536,0.002,0.003,8414.0,5303.0,1.0
"alpha[Young, Andrew]",-2.975,0.22,-3.403,-2.581,0.002,0.003,7906.0,5353.0,1.0
"alpha[Williams, Nick]",-2.95,0.213,-3.355,-2.543,0.002,0.003,7370.0,5259.0,1.0
"alpha[Bishop, Braden]",-2.932,0.216,-3.352,-2.533,0.002,0.003,8970.0,5863.0,1.0
"alpha[Pérez, Hernán]",-2.954,0.218,-3.367,-2.537,0.002,0.003,9644.0,5627.0,1.0
"alpha[Brosseau, Mike]",-2.94,0.216,-3.343,-2.52,0.002,0.003,8215.0,5580.0,1.0
"alpha[Haseley, Adam]",-2.929,0.214,-3.327,-2.519,0.002,0.003,8496.0,5470.0,1.0
"alpha[Freeman, Mike]",-2.946,0.212,-3.329,-2.538,0.002,0.002,7413.0,5892.0,1.0
"alpha[Farmer, Kyle]",-2.953,0.219,-3.365,-2.539,0.003,0.003,7514.0,4994.0,1.0
"alpha[Davis, Jonathan]",-2.961,0.219,-3.375,-2.544,0.002,0.003,9179.0,4689.0,1.0
"alpha[Inciarte, Ender]",-2.928,0.216,-3.319,-2.508,0.002,0.003,9153.0,5905.0,1.0
"alpha[Reyes, Victor]",-2.84,0.199,-3.221,-2.479,0.002,0.002,8467.0,5748.0,1.0
"alpha[Kingery, Scott]",-2.941,0.215,-3.322,-2.52,0.002,0.003,7715.0,5604.0,1.0
"alpha[Almora Jr., Albert]",-2.976,0.199,-3.342,-2.592,0.002,0.002,7872.0,5432.0,1.0
"alpha[Cabrera, Oswaldo]",-2.997,0.194,-3.378,-2.649,0.002,0.002,9012.0,5493.0,1.0
"alpha[Kwan, Steven]",-2.728,0.118,-2.942,-2.5,0.002,0.001,5576.0,5292.0,1.0
"alpha[Thompson, Trayce]",-2.884,0.193,-3.229,-2.511,0.002,0.002,7996.0,5964.0,1.0
"alpha[Hicks, Aaron]",-2.958,0.165,-3.287,-2.664,0.002,0.002,9513.0,5918.0,1.0
"alpha[Vavra, Terrin]",-2.998,0.208,-3.396,-2.621,0.002,0.002,8509.0,6214.0,1.0
"alpha[Velázquez, Nelson]",-2.959,0.199,-3.336,-2.592,0.002,0.002,7142.0,5982.0,1.0
"alpha[Smith, Josh]",-2.919,0.189,-3.278,-2.564,0.002,0.002,8385.0,5437.0,1.0
"alpha[Thompson, Bubba]",-2.888,0.186,-3.236,-2.537,0.002,0.002,8258.0,5785.0,1.0
"alpha[Azócar, José]",-2.859,0.204,-3.237,-2.464,0.002,0.002,8305.0,5487.0,1.0
"alpha[Bouchard, Sean]",-3.118,0.192,-3.482,-2.77,0.002,0.002,7017.0,6009.0,1.0
"alpha[Hernández, César]",-2.921,0.208,-3.306,-2.529,0.002,0.003,8881.0,5618.0,1.0
"alpha[Brennan, Will]",-2.894,0.196,-3.256,-2.527,0.002,0.002,9082.0,5787.0,1.0
"alpha[Hensley, David]",-2.943,0.215,-3.363,-2.553,0.002,0.003,10047.0,5487.0,1.0
"alpha[Vargas, Miguel]",-2.924,0.204,-3.311,-2.532,0.002,0.003,7731.0,5351.0,1.0
"alpha[Bleday, JJ]",-3.024,0.182,-3.365,-2.691,0.002,0.002,8488.0,5979.0,1.0
"alpha[Carroll, Corbin]",-2.843,0.174,-3.153,-2.509,0.002,0.002,7657.0,5753.0,1.0
"alpha[Suwinski, Jack]",-2.988,0.167,-3.312,-2.685,0.002,0.002,8683.0,5692.0,1.0
"alpha[Burdick, Peyton]",-3.096,0.212,-3.501,-2.702,0.003,0.002,6694.0,5396.0,1.0
"alpha[Waters, Drew]",-2.885,0.212,-3.286,-2.487,0.002,0.003,9606.0,5923.0,1.0
"alpha[Mancini, Trey]",-2.932,0.209,-3.325,-2.544,0.002,0.002,8876.0,5998.0,1.0
"alpha[Melendez, MJ]",-2.854,0.141,-3.114,-2.579,0.002,0.002,7593.0,6020.0,1.0
"alpha[Call, Alex]",-2.925,0.176,-3.238,-2.579,0.002,0.002,8495.0,6059.0,1.0
"alpha[Bae, Ji Hwan]",-2.918,0.216,-3.321,-2.506,0.002,0.003,8145.0,5441.0,1.0
"alpha[Yepez, Juan]",-3.159,0.204,-3.527,-2.758,0.003,0.002,6210.0,5701.0,1.0
"alpha[Mathias, Mark]",-2.969,0.219,-3.398,-2.565,0.002,0.003,9174.0,5373.0,1.0
"alpha[Contreras, Mark]",-2.958,0.218,-3.39,-2.56,0.002,0.003,10087.0,6008.0,1.0
"alpha[Calhoun, Kole]",-2.977,0.193,-3.326,-2.608,0.002,0.002,8233.0,5813.0,1.0
"alpha[Stowers, Kyle]",-2.925,0.181,-3.249,-2.567,0.002,0.002,9082.0,5640.0,1.0
"alpha[Moniak, Mickey]",-2.757,0.204,-3.135,-2.38,0.002,0.002,7867.0,5930.0,1.0
"alpha[Dubón, Mauricio]",-2.78,0.184,-3.122,-2.434,0.002,0.002,7636.0,5467.0,1.0
"alpha[Garrett, Stone]",-2.793,0.187,-3.144,-2.442,0.002,0.002,9352.0,5750.0,1.0
"alpha[Lopez, Alejo]",-2.916,0.216,-3.339,-2.524,0.002,0.003,10841.0,5621.0,1.0
"alpha[McCarthy, Jake]",-3.07,0.187,-3.429,-2.724,0.002,0.002,7537.0,6011.0,1.0
"alpha[Encarnacion, Jerar]",-2.903,0.21,-3.285,-2.494,0.002,0.003,9050.0,6092.0,1.0
"alpha[Donovan, Brendan]",-2.794,0.157,-3.09,-2.494,0.002,0.002,6923.0,5476.0,1.0
"alpha[Benson, Will]",-2.976,0.166,-3.291,-2.664,0.002,0.002,8219.0,5857.0,1.0
"alpha[Thomas, Cody]",-3.058,0.213,-3.467,-2.663,0.002,0.003,7227.0,5382.0,1.0
"alpha[Palacios, Richie]",-2.94,0.179,-3.286,-2.622,0.002,0.002,8783.0,5492.0,1.0
"alpha[Garcia, Dérmis]",-2.986,0.214,-3.396,-2.598,0.002,0.003,8106.0,5983.0,1.0
"alpha[Burleson, Alec]",-3.119,0.178,-3.452,-2.78,0.002,0.002,6380.0,4745.0,1.0
"alpha[Carpenter, Kerry]",-2.887,0.204,-3.258,-2.493,0.002,0.003,8459.0,5455.0,1.0
"alpha[Solak, Nick]",-3.047,0.2,-3.444,-2.696,0.002,0.003,7964.0,5915.0,1.0
"alpha[Eaton, Nate]",-3.006,0.208,-3.398,-2.617,0.002,0.003,8375.0,5886.0,1.0
"alpha[Gore, Terrance]",-2.943,0.219,-3.354,-2.522,0.003,0.003,7661.0,5181.0,1.0
"alpha[Florial, Estevan]",-2.934,0.206,-3.317,-2.533,0.002,0.002,7875.0,5796.0,1.0
"alpha[Morel, Christopher]",-3.068,0.205,-3.445,-2.678,0.002,0.003,8352.0,5397.0,1.0
"alpha[Stevenson, Cal]",-2.913,0.213,-3.311,-2.504,0.002,0.003,7678.0,4877.0,1.0
"alpha[Ruiz, Esteury]",-2.967,0.202,-3.342,-2.591,0.002,0.002,7963.0,5679.0,1.0
"alpha[Johnson, Bryce]",-2.95,0.212,-3.367,-2.569,0.002,0.003,9014.0,5439.0,1.0
"alpha[Aguilar, Ryan]",-2.936,0.209,-3.335,-2.544,0.002,0.002,8433.0,5546.0,1.0
"alpha[Anderson, Brian]",-2.918,0.214,-3.318,-2.515,0.002,0.003,8470.0,5662.0,1.0
"alpha[Maton, Nick]",-2.953,0.216,-3.344,-2.541,0.002,0.003,7563.0,5911.0,1.0
"alpha[Sosa, Edmundo]",-2.942,0.22,-3.348,-2.53,0.002,0.003,8705.0,6030.0,1.0
"alpha[Beckham, Tim]",-2.981,0.217,-3.378,-2.562,0.002,0.003,7995.0,5780.0,1.0
"alpha[Bernard, Wynton]",-2.939,0.22,-3.346,-2.523,0.002,0.003,8506.0,5385.0,1.0
"alpha[Pratto, Nick]",-2.93,0.199,-3.292,-2.537,0.002,0.002,8841.0,5776.0,1.0
"alpha[Celestino, Gilberto]",-2.908,0.206,-3.289,-2.508,0.002,0.003,9807.0,5769.0,1.0
"alpha[Hernandez, Elier]",-2.905,0.214,-3.303,-2.499,0.002,0.003,8883.0,5852.0,1.0
"alpha[Piscotty, Stephen]",-2.895,0.217,-3.31,-2.497,0.002,0.003,8815.0,5651.0,1.0
"alpha[Lewis, Kyle]",-2.954,0.212,-3.354,-2.558,0.002,0.003,8857.0,5435.0,1.0
"alpha[Meneses, Joey]",-2.949,0.217,-3.379,-2.561,0.002,0.003,8676.0,5646.0,1.0
"alpha[Outman, James]",-3.008,0.209,-3.402,-2.628,0.002,0.003,8352.0,5486.0,1.0
"alpha[Madris, Bligh]",-2.986,0.212,-3.388,-2.59,0.002,0.003,9025.0,5371.0,1.0
"alpha[Reynolds, Matt]",-2.951,0.222,-3.355,-2.517,0.002,0.003,8344.0,5801.0,1.0
"alpha[Marsh, Brandon]",-2.809,0.141,-3.083,-2.557,0.002,0.002,7265.0,6351.0,1.0
"alpha[Mercedes, Yermín]",-2.932,0.219,-3.341,-2.514,0.002,0.003,7669.0,5346.0,1.0
"alpha[Carpenter, Matt]",-2.943,0.216,-3.362,-2.539,0.002,0.003,8168.0,5703.0,1.0
"alpha[Soler, Jorge]",-3.005,0.182,-3.354,-2.661,0.002,0.002,6724.0,5394.0,1.0
"alpha[Clemens, Kody]",-2.901,0.211,-3.275,-2.495,0.002,0.003,8602.0,5724.0,1.0
"alpha[Harrison, Monte]",-2.956,0.22,-3.384,-2.548,0.002,0.003,8078.0,5432.0,1.0
"alpha[Hummel, Cooper]",-2.938,0.196,-3.316,-2.576,0.002,0.002,8352.0,5826.0,1.0
"alpha[Mazara, Nomar]",-2.947,0.216,-3.359,-2.537,0.002,0.003,9215.0,5101.0,1.0
"alpha[Batten, Matthew]",-2.931,0.214,-3.334,-2.519,0.002,0.003,9018.0,5523.0,1.0
"alpha[Alvarez, Eddy]",-2.947,0.216,-3.375,-2.566,0.002,0.003,8331.0,5660.0,1.0
"alpha[Reyes, Franmil]",-2.985,0.21,-3.386,-2.579,0.002,0.003,7257.0,5266.0,1.0
"alpha[Smith-Njigba, Canaan]",-2.963,0.22,-3.401,-2.572,0.002,0.003,8696.0,5379.0,1.0
"alpha[Ramos, Heliot]",-2.894,0.181,-3.226,-2.55,0.002,0.002,7618.0,5971.0,1.0
"alpha[Swaggerty, Travis]",-2.944,0.216,-3.359,-2.54,0.002,0.003,9497.0,6006.0,1.0
"alpha[Walker, Steele]",-2.969,0.204,-3.342,-2.58,0.002,0.002,8309.0,5868.0,1.0
"alpha[Plummer, Nick]",-2.947,0.211,-3.342,-2.539,0.002,0.003,9341.0,5948.0,1.0
"alpha[Strange-Gordon, Dee]",-2.94,0.214,-3.376,-2.547,0.002,0.003,8728.0,5849.0,1.0
"alpha[Rosario, Amed]",-2.9,0.211,-3.291,-2.499,0.002,0.003,9139.0,5356.0,1.0
"alpha[Contreras, William]",-3.034,0.218,-3.465,-2.645,0.002,0.003,8344.0,5877.0,1.0
"alpha[Demeritte, Travis]",-3.049,0.208,-3.435,-2.656,0.002,0.002,7792.0,6071.0,1.0
"alpha[Walsh, Jared]",-2.949,0.221,-3.372,-2.529,0.002,0.003,9417.0,5454.0,1.0
"alpha[Mayfield, Jack]",-2.986,0.218,-3.425,-2.592,0.002,0.003,8405.0,5607.0,1.0
"alpha[Krizan, Jason]",-2.951,0.216,-3.366,-2.557,0.002,0.003,8685.0,5677.0,1.0
"alpha[Mendick, Danny]",-2.977,0.218,-3.394,-2.576,0.002,0.003,8529.0,5684.0,1.0
"alpha[Castellanos, Nick]",-2.949,0.216,-3.379,-2.562,0.002,0.003,9323.0,5747.0,1.0
"alpha[Capel, Conner]",-2.915,0.212,-3.323,-2.505,0.002,0.003,7939.0,5861.0,1.0
"alpha[Cruz, Oneil]",-2.954,0.214,-3.374,-2.561,0.002,0.003,7651.0,5669.0,1.0
"alpha[Carter, Evan]",-2.948,0.169,-3.26,-2.627,0.002,0.002,8372.0,5665.0,1.0
"alpha[Wallner, Matt]",-3.047,0.182,-3.386,-2.703,0.002,0.002,8774.0,6054.0,1.0
"alpha[Pache, Cristian]",-2.882,0.194,-3.259,-2.527,0.002,0.002,9270.0,5939.0,1.0
"alpha[Abreu, Wilyer]",-2.942,0.209,-3.31,-2.527,0.002,0.003,8839.0,5189.0,1.0
"alpha[Pereira, Everson]",-2.975,0.187,-3.33,-2.626,0.002,0.002,8485.0,6055.0,1.0
"alpha[Senzel, Nick]",-3.1,0.207,-3.51,-2.728,0.003,0.002,6593.0,5796.0,1.0
"alpha[Grichuk, Randal]",-3.102,0.169,-3.421,-2.787,0.002,0.002,7017.0,5992.0,1.0
"alpha[Alu, Jake]",-3.051,0.2,-3.438,-2.687,0.002,0.003,7663.0,5593.0,1.0
"alpha[Kjerstad, Heston]",-2.966,0.207,-3.346,-2.562,0.002,0.002,8382.0,5361.0,1.0
"alpha[Conforto, Michael]",-2.885,0.162,-3.176,-2.565,0.002,0.002,7441.0,5648.0,1.0
"alpha[Canzone, Dominic]",-2.877,0.186,-3.227,-2.536,0.002,0.002,9011.0,5651.0,1.0
"alpha[Jones, Nolan]",-3.029,0.158,-3.322,-2.731,0.002,0.002,6588.0,5878.0,1.0
"alpha[Eden, Cam]",-2.94,0.215,-3.351,-2.538,0.002,0.003,9610.0,5760.0,1.0
"alpha[Matos, Luis]",-3.067,0.208,-3.474,-2.694,0.002,0.003,7031.0,5431.0,1.0
"alpha[Steer, Spencer]",-2.98,0.156,-3.272,-2.69,0.002,0.002,7647.0,5719.0,1.0
"alpha[Blanco, Dairon]",-2.887,0.192,-3.237,-2.504,0.002,0.002,9623.0,6083.0,1.0
"alpha[Soto, Juan]",-2.998,0.148,-3.262,-2.707,0.002,0.002,7707.0,5943.0,1.0
"alpha[Hernández, Enrique]",-2.826,0.207,-3.204,-2.427,0.002,0.002,8065.0,5115.0,1.0
"alpha[Wall, Forrest]",-2.916,0.205,-3.32,-2.54,0.002,0.003,10743.0,5190.0,1.0
"alpha[Kiner-Falefa, Isiah]",-3.018,0.199,-3.389,-2.644,0.002,0.002,7075.0,5615.0,1.0
"alpha[Yoshida, Masataka]",-3.16,0.174,-3.486,-2.838,0.002,0.002,6479.0,6207.0,1.0
"alpha[Frelick, Sal]",-2.952,0.2,-3.322,-2.572,0.002,0.002,9477.0,5862.0,1.0
"alpha[Rutherford, Blake]",-2.948,0.215,-3.339,-2.536,0.002,0.003,8758.0,5953.0,1.0
"alpha[Yastrzemski, Mike]",-2.973,0.206,-3.344,-2.569,0.002,0.002,9407.0,6223.0,1.0
"alpha[Remillard, Zach]",-3.035,0.209,-3.43,-2.649,0.002,0.002,7494.0,6043.0,1.0
"alpha[Haniger, Mitch]",-2.897,0.188,-3.242,-2.537,0.002,0.002,7010.0,6016.0,1.0
"alpha[Hampson, Garrett]",-2.867,0.21,-3.272,-2.475,0.002,0.002,9231.0,5908.0,1.0
"alpha[Duran, Ezequiel]",-2.936,0.191,-3.318,-2.6,0.002,0.002,8188.0,5578.0,1.0
"alpha[Adams, Jordyn]",-2.989,0.215,-3.401,-2.599,0.002,0.003,9932.0,6029.0,1.0
"alpha[Sabol, Blake]",-2.898,0.198,-3.265,-2.519,0.002,0.002,8896.0,5991.0,1.0
"alpha[Marlowe, Cade]",-2.837,0.197,-3.209,-2.465,0.002,0.002,9722.0,5974.0,1.0
"alpha[Taylor, Samad]",-2.922,0.208,-3.307,-2.53,0.002,0.003,9006.0,6130.0,1.0
"alpha[Greene, Riley]",-2.671,0.174,-2.992,-2.342,0.002,0.002,7102.0,5723.0,1.0
"alpha[Meckler, Wade]",-2.961,0.215,-3.367,-2.561,0.002,0.003,7772.0,5127.0,1.0
"alpha[Martínez, J.P.]",-2.927,0.215,-3.331,-2.531,0.002,0.003,10016.0,5657.0,1.0
"alpha[Schneider, Davis]",-2.878,0.168,-3.197,-2.558,0.002,0.002,8260.0,6426.0,1.0
"alpha[Gonzalez, Oscar]",-3.011,0.217,-3.412,-2.596,0.003,0.003,6979.0,5027.0,1.0
"alpha[Julks, Corey]",-3.182,0.172,-3.529,-2.888,0.002,0.002,5705.0,6129.0,1.0
"alpha[Siani, Michael]",-2.872,0.217,-3.286,-2.469,0.002,0.003,8909.0,5887.0,1.0
"alpha[Hopkins, TJ]",-2.975,0.215,-3.396,-2.585,0.002,0.003,7917.0,5823.0,1.0
"alpha[García, Avisaíl]",-2.965,0.213,-3.372,-2.567,0.002,0.003,7882.0,5689.0,1.0
"alpha[Lukes, Nathan]",-2.974,0.207,-3.347,-2.565,0.002,0.003,8508.0,5746.0,1.0
"alpha[Wilson, Weston]",-2.911,0.208,-3.309,-2.529,0.002,0.002,7953.0,5885.0,1.0
"alpha[Cowser, Colton]",-2.857,0.164,-3.169,-2.557,0.002,0.002,7071.0,5730.0,1.0
"alpha[Perkins, Blake]",-2.888,0.205,-3.27,-2.492,0.002,0.002,8742.0,5865.0,1.0
"alpha[Rengifo, Luis]",-2.932,0.213,-3.315,-2.517,0.002,0.003,9433.0,5270.0,1.0
"alpha[Chavis, Michael]",-2.947,0.216,-3.356,-2.54,0.002,0.003,9494.0,5930.0,1.0
"alpha[Kohlwey, Taylor]",-2.954,0.22,-3.376,-2.547,0.003,0.003,7419.0,5215.0,1.0
"alpha[Lopez, Nicky]",-2.928,0.215,-3.327,-2.522,0.003,0.003,7228.0,5475.0,1.0
"alpha[DeLuca, Jonny]",-2.832,0.206,-3.21,-2.433,0.002,0.002,8811.0,5682.0,1.0
"alpha[Walker, Jordan]",-3.117,0.202,-3.475,-2.716,0.002,0.002,6765.0,5735.0,1.0
"alpha[Fry, David]",-2.876,0.201,-3.251,-2.492,0.002,0.002,7511.0,5901.0,1.0
"alpha[Freeman, Tyler]",-2.946,0.214,-3.348,-2.547,0.002,0.003,7979.0,4933.0,1.0
"alpha[Fletcher, Dominic]",-3.002,0.218,-3.385,-2.566,0.002,0.003,7825.0,5641.0,1.0
"alpha[Heyward, Jason]",-2.847,0.212,-3.24,-2.447,0.002,0.003,9273.0,5615.0,1.0
"alpha[Noda, Ryan]",-2.96,0.213,-3.343,-2.54,0.002,0.003,8858.0,6044.0,1.0
"alpha[Miller, Owen]",-2.943,0.218,-3.382,-2.557,0.002,0.003,8109.0,5813.0,1.0
"alpha[Guthrie, Dalton]",-2.949,0.219,-3.368,-2.54,0.002,0.003,9287.0,5591.0,1.0
"alpha[Mastrobuoni, Miles]",-2.942,0.218,-3.358,-2.538,0.002,0.003,8647.0,5168.0,1.0
"alpha[Wiemer, Joey]",-2.909,0.213,-3.323,-2.527,0.002,0.003,9815.0,5702.0,1.0
"alpha[Wisely, Brett]",-2.949,0.218,-3.364,-2.537,0.002,0.003,8204.0,5367.0,1.0
"alpha[Toglia, Michael]",-2.912,0.217,-3.331,-2.513,0.002,0.003,9469.0,4902.0,1.0
"alpha[Chourio, Jackson]",-2.708,0.175,-3.031,-2.377,0.002,0.002,6822.0,4850.0,1.0
"alpha[Laureano, Ramón]",-2.869,0.202,-3.254,-2.492,0.002,0.002,7868.0,5631.0,1.0
"alpha[Dunn, Blake]",-2.896,0.212,-3.309,-2.506,0.002,0.003,8576.0,5572.0,1.0
"alpha[Beck, Jordan]",-3.052,0.19,-3.416,-2.697,0.002,0.002,6500.0,5137.0,1.0
"alpha[DeLoach, Zach]",-2.988,0.214,-3.395,-2.592,0.002,0.003,9222.0,6208.0,1.0
"alpha[Domínguez, Jasson]",-2.937,0.204,-3.318,-2.548,0.002,0.002,7472.0,5556.0,1.0
"alpha[Schuemann, Max]",-2.95,0.217,-3.355,-2.539,0.002,0.003,8308.0,5318.0,1.0
"alpha[Loperfido, Joey]",-2.851,0.182,-3.195,-2.508,0.002,0.002,7467.0,5494.0,1.0
"alpha[Conine, Griffin]",-2.853,0.211,-3.259,-2.46,0.002,0.002,8151.0,5542.0,1.0
"alpha[Wood, James]",-3.08,0.179,-3.405,-2.737,0.002,0.002,7060.0,5588.0,1.0
"alpha[Langford, Wyatt]",-2.994,0.168,-3.307,-2.679,0.002,0.002,7563.0,5312.0,1.0
"alpha[Collins, Isaac]",-2.998,0.213,-3.394,-2.593,0.002,0.003,9295.0,6417.0,1.0
"alpha[Cook, Billy]",-2.886,0.216,-3.291,-2.487,0.002,0.003,8816.0,5865.0,1.0
"alpha[Martin, Austin]",-3.006,0.198,-3.372,-2.627,0.002,0.002,7862.0,4979.0,1.0
"alpha[Martínez, Angel]",-3.14,0.214,-3.541,-2.738,0.003,0.003,6756.0,5725.0,1.0
"alpha[Robles, Victor]",-2.826,0.206,-3.199,-2.428,0.002,0.003,9175.0,5925.0,1.0
"alpha[Pages, Andy]",-2.916,0.213,-3.336,-2.53,0.002,0.003,9087.0,5619.0,1.0
"alpha[Myers, Dane]",-2.933,0.215,-3.355,-2.532,0.002,0.003,9585.0,5552.0,1.0
"alpha[Fabian, Sandro]",-2.946,0.219,-3.355,-2.527,0.002,0.003,8256.0,5755.0,1.0
"alpha[Hinds, Rece]",-2.955,0.214,-3.349,-2.547,0.002,0.003,8457.0,5878.0,1.0
"alpha[Hill, Derek]",-3.048,0.206,-3.443,-2.664,0.002,0.002,8985.0,5771.0,1.0
"alpha[Taylor, Michael A.]",-2.951,0.215,-3.346,-2.547,0.002,0.003,8352.0,5788.0,1.0
"alpha[Yorke, Nick]",-2.944,0.219,-3.345,-2.525,0.002,0.003,9425.0,5318.0,1.0
"alpha[Lockridge, Brandon]",-2.941,0.218,-3.337,-2.527,0.002,0.003,8157.0,5738.0,1.0
"alpha[Campero, Gustavo]",-2.943,0.214,-3.342,-2.538,0.002,0.003,8313.0,5781.0,1.0
"alpha[Sanoja, Javier]",-2.918,0.212,-3.303,-2.517,0.002,0.003,8346.0,5235.0,1.0
"alpha[Schneemann, Daniel]",-2.969,0.206,-3.359,-2.586,0.002,0.002,8364.0,6128.0,1.0
"alpha[Newman, Kevin]",-2.942,0.221,-3.364,-2.531,0.002,0.003,9118.0,5379.0,1.0
"alpha[Pérez, Wenceel]",-2.911,0.218,-3.321,-2.499,0.002,0.003,9682.0,5553.0,1.0
"alpha[Barger, Addison]",-2.985,0.203,-3.375,-2.611,0.002,0.002,7861.0,6226.0,1.0
"alpha[Wagaman, Eric]",-2.945,0.215,-3.355,-2.545,0.002,0.003,9490.0,5580.0,1.0
"alpha[Alvarez, Armando]",-2.929,0.216,-3.343,-2.516,0.002,0.003,10511.0,5914.0,1.0
"alpha[Helman, Michael]",-2.946,0.218,-3.367,-2.539,0.002,0.003,9305.0,5649.0,1.0
"alpha[Ellis, Duke]",-2.972,0.213,-3.377,-2.579,0.002,0.003,9074.0,5393.0,1.0
"alpha[Scott II, Victor]",-2.943,0.219,-3.37,-2.549,0.002,0.003,8939.0,5746.0,1.0
"alpha[Barrosa, Jorge]",-2.933,0.22,-3.356,-2.518,0.003,0.003,7480.0,5384.0,1.0
"alpha[Malloy, Justyn-Henry]",-3.027,0.209,-3.436,-2.638,0.002,0.003,7546.0,5726.0,1.0
"alpha[Espinal, Santiago]",-2.927,0.214,-3.32,-2.518,0.002,0.003,7534.0,5988.0,1.0
"alpha[Misner, Kameron]",-2.936,0.218,-3.351,-2.53,0.002,0.003,8578.0,5475.0,1.0
"alpha[Cabbage, Trey]",-2.926,0.219,-3.344,-2.526,0.002,0.003,7797.0,5897.0,1.0
"alpha[Judge, Aaron]",-2.945,0.213,-3.34,-2.541,0.002,0.003,10250.0,5423.0,1.0
"alpha[Goodman, Hunter]",-2.951,0.215,-3.337,-2.526,0.002,0.003,8320.0,5885.0,1.0
"alpha[Berroa, Steward]",-2.932,0.215,-3.316,-2.515,0.002,0.003,8260.0,5088.0,1.0
"alpha[Clase, Jonatan]",-2.971,0.21,-3.383,-2.583,0.002,0.003,9336.0,5653.0,1.0
"alpha[Lopez, Otto]",-2.948,0.217,-3.355,-2.528,0.002,0.003,9766.0,5959.0,1.0
"alpha[Loftin, Nick]",-2.951,0.216,-3.358,-2.534,0.002,0.003,9319.0,5866.0,1.0
"alpha[Jordan, Levi]",-2.969,0.213,-3.364,-2.557,0.003,0.002,6921.0,5807.0,1.0
"alpha[Jones, Jahmai]",-2.996,0.217,-3.41,-2.584,0.002,0.003,8677.0,5196.0,1.0
"alpha[Bruján, Vidal]",-2.938,0.218,-3.369,-2.542,0.002,0.003,8968.0,6061.0,1.0
"alpha[Hurtubise, Jacob]",-2.911,0.204,-3.267,-2.505,0.002,0.002,9631.0,5879.0,1.0
"alpha[Bellinger, Cody]",-2.944,0.218,-3.362,-2.536,0.002,0.003,8022.0,5777.0,1.0
"alpha[Tucker, Cole]",-2.891,0.207,-3.279,-2.497,0.002,0.002,7546.0,5390.0,1.0
"alpha[Arias, Gabriel]",-2.948,0.22,-3.369,-2.535,0.003,0.003,6607.0,4853.0,1.0
"alpha[Toro, Abraham]",-2.961,0.214,-3.363,-2.558,0.002,0.003,9913.0,5533.0,1.0
"alpha[Fitzgerald, Tyler]",-2.936,0.214,-3.339,-2.531,0.002,0.003,7622.0,5570.0,1.0
"alpha[Monasterio, Andruw]",-2.945,0.214,-3.342,-2.531,0.002,0.003,8650.0,5331.0,1.0
"alpha[Canario, Alexander]",-2.94,0.213,-3.355,-2.556,0.002,0.003,9191.0,5279.0,1.0
"alpha[Cooper, Garrett]",-2.947,0.218,-3.378,-2.545,0.002,0.003,9196.0,5573.0,1.0
"beta_speed[Rosario, Eddie]",-20.913,0.396,-21.699,-20.171,0.005,0.007,5313.0,3814.0,1.0
"beta_speed[Brantley, Michael]",-20.964,0.405,-21.739,-20.148,0.005,0.007,6018.0,5212.0,1.0
"beta_speed[Alvarez, Yordan]",-20.841,0.415,-21.578,-19.96,0.007,0.007,3781.0,3658.0,1.0
"beta_speed[Pollock, AJ]",-20.987,0.398,-21.8,-20.257,0.005,0.007,5779.0,4323.0,1.0
"beta_speed[Verdugo, Alex]",-20.729,0.44,-21.491,-19.839,0.01,0.007,2346.0,3189.0,1.0
"beta_speed[Taylor, Chris]",-21.08,0.421,-21.931,-20.323,0.007,0.008,4268.0,3498.0,1.0
"beta_speed[Rondon, José]",-20.969,0.429,-21.757,-20.099,0.005,0.008,7000.0,4196.0,1.0
"beta_speed[O'Neill, Tyler]",-21.141,0.426,-21.984,-20.403,0.008,0.008,3051.0,3071.0,1.0
"beta_speed[Fraley, Jake]",-20.858,0.416,-21.66,-20.037,0.006,0.007,5125.0,4868.0,1.0
"beta_speed[Gosselin, Phil]",-20.878,0.426,-21.692,-20.006,0.005,0.008,6157.0,4353.0,1.0
"beta_speed[Moore, Dylan]",-21.095,0.429,-21.99,-20.343,0.007,0.008,4036.0,3566.0,1.0
"beta_speed[Mercado, Óscar]",-20.972,0.413,-21.823,-20.199,0.005,0.007,5788.0,4695.0,1.0
"beta_speed[Nevin, Tyler]",-20.873,0.422,-21.753,-20.099,0.006,0.007,5361.0,5034.0,1.0
"beta_speed[Dickerson, Corey]",-20.792,0.438,-21.567,-19.89,0.008,0.008,3289.0,2965.0,1.0
"beta_speed[Santana, Danny]",-20.936,0.423,-21.805,-20.157,0.005,0.008,6379.0,4443.0,1.0
"beta_speed[Ruf, Darin]",-20.934,0.423,-21.695,-20.085,0.005,0.009,6530.0,4891.0,1.0
"beta_speed[Jiménez, Eloy]",-20.877,0.417,-21.681,-20.062,0.006,0.008,4717.0,3589.0,1.0
"beta_speed[Smith, Dominic]",-20.928,0.408,-21.669,-20.085,0.005,0.008,5896.0,4053.0,1.0
"beta_speed[Tapia, Raimel]",-20.832,0.415,-21.632,-20.049,0.007,0.008,3441.0,3695.0,1.0
"beta_speed[Ramos, Henry]",-20.974,0.417,-21.712,-20.121,0.006,0.009,5874.0,4576.0,1.0
"beta_speed[Haase, Eric]",-20.984,0.417,-21.751,-20.15,0.005,0.008,6617.0,3858.0,1.0
"beta_speed[Miller, Brian]",-20.954,0.419,-21.758,-20.131,0.005,0.007,6776.0,4490.0,1.0
"beta_speed[Canha, Mark]",-21.033,0.4,-21.824,-20.285,0.006,0.007,5314.0,3413.0,1.0
"beta_speed[Gordon, Nick]",-20.897,0.399,-21.67,-20.153,0.006,0.008,5101.0,3666.0,1.0
"beta_speed[Isbel, Kyle]",-21.048,0.433,-21.941,-20.255,0.006,0.008,5292.0,4206.0,1.0
"beta_speed[Bryant, Kris]",-21.001,0.422,-21.868,-20.23,0.005,0.008,6107.0,4576.0,1.0
"beta_speed[Wade Jr., LaMonte]",-20.937,0.426,-21.773,-20.111,0.005,0.008,6117.0,5143.0,1.0
"beta_speed[Yelich, Christian]",-21.13,0.429,-21.995,-20.38,0.008,0.008,3255.0,3187.0,1.0
"beta_speed[Duvall, Adam]",-20.976,0.41,-21.724,-20.126,0.005,0.008,5846.0,4025.0,1.0
"beta_speed[Meadows, Austin]",-20.902,0.412,-21.723,-20.147,0.005,0.008,6335.0,3930.0,1.0
"beta_speed[Arozarena, Randy]",-20.904,0.388,-21.616,-20.128,0.006,0.007,4830.0,3574.0,1.0
"beta_speed[Stevenson, Andrew]",-20.959,0.422,-21.796,-20.157,0.005,0.008,6206.0,4890.0,1.0
"beta_speed[Bell, Josh]",-20.95,0.435,-21.808,-20.133,0.006,0.009,5894.0,4016.0,1.0
"beta_speed[Peralta, David]",-21.107,0.407,-21.934,-20.4,0.007,0.007,3990.0,3631.0,1.0
"beta_speed[Grossman, Robbie]",-21.033,0.402,-21.797,-20.258,0.006,0.007,5171.0,3774.0,1.0
"beta_speed[Cave, Jake]",-21.114,0.436,-22.01,-20.361,0.007,0.009,3924.0,3863.0,1.0
"beta_speed[Benintendi, Andrew]",-20.929,0.374,-21.637,-20.196,0.005,0.006,5645.0,3951.0,1.0
"beta_speed[Rooker, Brent]",-20.883,0.416,-21.638,-20.021,0.006,0.008,5545.0,3844.0,1.0
"beta_speed[Brinson, Lewis]",-20.983,0.418,-21.842,-20.222,0.005,0.008,6337.0,4104.0,1.0
"beta_speed[McCutchen, Andrew]",-21.048,0.407,-21.906,-20.334,0.006,0.007,5009.0,3824.0,1.0
"beta_speed[Frazier, Adam]",-20.992,0.424,-21.908,-20.261,0.005,0.009,6252.0,3746.0,1.0
"beta_speed[Happ, Ian]",-20.954,0.374,-21.682,-20.225,0.005,0.006,5095.0,4222.0,1.0
"beta_speed[Schwarber, Kyle]",-20.845,0.398,-21.566,-20.048,0.006,0.006,3952.0,4216.0,1.0
"beta_speed[Dozier, Hunter]",-20.938,0.422,-21.712,-20.061,0.005,0.008,5953.0,3680.0,1.0
"beta_speed[Taylor, Tyrone]",-21.078,0.435,-21.923,-20.273,0.006,0.009,5284.0,3679.0,1.0
"beta_speed[Marisnick, Jake]",-21.023,0.422,-21.89,-20.239,0.006,0.008,5848.0,4549.0,1.0
"beta_speed[Schrock, Max]",-20.96,0.427,-21.786,-20.11,0.005,0.008,6161.0,3883.0,1.0
"beta_speed[Alford, Anthony]",-20.988,0.424,-21.887,-20.245,0.006,0.008,5820.0,4052.0,1.0
"beta_speed[Gallo, Joey]",-21.042,0.41,-21.875,-20.298,0.006,0.008,5269.0,3966.0,1.0
"beta_speed[Deichmann, Greg]",-20.955,0.428,-21.822,-20.142,0.006,0.009,5637.0,3718.0,1.0
"beta_speed[McKenna, Ryan]",-20.685,0.483,-21.453,-19.673,0.011,0.009,2109.0,3080.0,1.0
"beta_speed[Phillips, Brett]",-21.007,0.425,-21.804,-20.188,0.006,0.011,5662.0,2899.0,1.0
"beta_speed[McNeil, Jeff]",-21.101,0.431,-21.999,-20.355,0.007,0.008,4435.0,4059.0,1.0
"beta_speed[Gamel, Ben]",-20.898,0.399,-21.656,-20.11,0.006,0.006,5193.0,4968.0,1.0
"beta_speed[Friedl, TJ]",-21.053,0.439,-21.972,-20.262,0.007,0.009,4437.0,3283.0,1.0
"beta_speed[Ortega, Rafael]",-21.003,0.43,-21.844,-20.178,0.005,0.008,6548.0,4200.0,1.0
"beta_speed[Slater, Austin]",-21.079,0.441,-22.051,-20.358,0.007,0.01,4509.0,3424.0,1.0
"beta_speed[Ramírez, Harold]",-20.908,0.405,-21.678,-20.104,0.006,0.007,5369.0,4642.0,1.0
"beta_speed[Calhoun, Willie]",-20.929,0.419,-21.777,-20.153,0.005,0.008,6417.0,4339.0,1.0
"beta_speed[Brown, Seth]",-20.938,0.402,-21.738,-20.183,0.005,0.006,6228.0,4176.0,1.0
"beta_speed[Hernández, Teoscar]",-20.996,0.408,-21.803,-20.22,0.005,0.007,6061.0,4858.0,1.0
"beta_speed[Stephenson, Tyler]",-20.905,0.43,-21.715,-20.028,0.006,0.008,5848.0,3637.0,1.0
"beta_speed[Peters, DJ]",-20.912,0.435,-21.734,-20.07,0.005,0.01,6195.0,4294.0,1.0
"beta_speed[Varsho, Daulton]",-21.012,0.412,-21.843,-20.227,0.006,0.007,5852.0,4150.0,1.0
"beta_speed[Dyson, Jarrod]",-20.971,0.431,-21.805,-20.108,0.005,0.008,7244.0,4109.0,1.0
"beta_speed[Ward, Taylor]",-21.107,0.412,-21.956,-20.392,0.007,0.007,3716.0,3888.0,1.0
"beta_speed[Hilliard, Sam]",-20.907,0.406,-21.592,-20.001,0.005,0.007,5734.0,4622.0,1.0
"beta_speed[Herrera, Odúbel]",-21.021,0.424,-21.869,-20.208,0.006,0.008,5544.0,4663.0,1.0
"beta_speed[Lagares, Juan]",-20.971,0.423,-21.805,-20.145,0.005,0.008,6777.0,4652.0,1.0
"beta_speed[Hernandez, Yadiel]",-20.903,0.405,-21.659,-20.099,0.005,0.008,5628.0,3891.0,1.0
"beta_speed[Margot, Manuel]",-21.02,0.408,-21.813,-20.22,0.005,0.007,6010.0,4060.0,1.0
"beta_speed[Pillar, Kevin]",-21.054,0.424,-21.949,-20.304,0.006,0.008,4914.0,4832.0,1.0
"beta_speed[Nootbaar, Lars]",-20.997,0.407,-21.758,-20.157,0.005,0.007,6794.0,5341.0,1.0
"beta_speed[Hamilton, Billy]",-20.974,0.432,-21.857,-20.16,0.006,0.009,6129.0,3671.0,1.0
"beta_speed[Castro, Willi]",-21.008,0.401,-21.763,-20.221,0.005,0.007,6179.0,4581.0,1.0
"beta_speed[Peterson, Jace]",-20.94,0.424,-21.76,-20.114,0.006,0.008,5960.0,4509.0,1.0
"beta_speed[Stanton, Giancarlo]",-20.944,0.418,-21.797,-20.165,0.005,0.009,6475.0,4136.0,1.0
"beta_speed[Smith, Pavin]",-20.966,0.409,-21.791,-20.216,0.005,0.007,6786.0,4870.0,1.0
"beta_speed[Díaz, Aledmys]",-20.957,0.413,-21.75,-20.147,0.005,0.008,6214.0,4800.0,1.0
"beta_speed[Rojas, Jose]",-20.881,0.441,-21.673,-20.008,0.006,0.009,5866.0,4144.0,1.0
"beta_speed[Pham, Tommy]",-20.894,0.389,-21.649,-20.157,0.006,0.007,4895.0,4476.0,1.0
"beta_speed[McCormick, Chas]",-20.956,0.403,-21.724,-20.145,0.005,0.007,6301.0,4797.0,1.0
"beta_speed[Hays, Austin]",-21.154,0.436,-22.024,-20.401,0.009,0.009,2918.0,3205.0,1.0
"beta_speed[Beaty, Matt]",-20.909,0.429,-21.802,-20.118,0.005,0.008,6755.0,4497.0,1.0
"beta_speed[Wisdom, Patrick]",-20.894,0.425,-21.695,-20.035,0.006,0.009,5035.0,4137.0,1.0
"beta_speed[Dickerson, Alex]",-20.946,0.403,-21.7,-20.135,0.005,0.008,5805.0,4211.0,1.0
"beta_speed[Baddoo, Akil]",-20.936,0.401,-21.701,-20.152,0.005,0.007,5735.0,5003.0,1.0
"beta_speed[Wong, Kean]",-20.883,0.426,-21.626,-19.986,0.006,0.008,5980.0,4531.0,1.0
"beta_speed[Profar, Jurickson]",-20.911,0.387,-21.636,-20.155,0.005,0.006,5226.0,4674.0,1.0
"beta_speed[Kemp, Tony]",-20.895,0.412,-21.694,-20.09,0.005,0.008,6085.0,3759.0,1.0
"beta_speed[Meyers, Jake]",-20.957,0.433,-21.802,-20.137,0.006,0.009,6110.0,4062.0,1.0
"beta_speed[Cameron, Daz]",-20.882,0.42,-21.709,-20.083,0.006,0.008,5636.0,4026.0,1.0
"beta_speed[DeShields, Delino]",-20.968,0.425,-21.787,-20.131,0.005,0.008,6971.0,4625.0,1.0
"beta_speed[Martini, Nick]",-20.895,0.428,-21.701,-20.056,0.006,0.008,5915.0,3878.0,1.0
"beta_speed[Aquino, Aristides]",-20.961,0.411,-21.798,-20.209,0.005,0.009,6850.0,4558.0,1.0
"beta_speed[Arraez, Luis]",-20.959,0.418,-21.752,-20.143,0.005,0.008,6547.0,5121.0,1.0
"beta_speed[Gurriel Jr., Lourdes]",-21.04,0.39,-21.773,-20.279,0.006,0.006,4818.0,3861.0,1.0
"beta_speed[Engel, Adam]",-20.965,0.438,-21.883,-20.145,0.005,0.008,6774.0,4124.0,1.0
"beta_speed[Martinez, J.D.]",-20.862,0.43,-21.697,-20.037,0.006,0.008,5329.0,3760.0,1.0
"beta_speed[Bolt, Skye]",-20.957,0.428,-21.772,-20.113,0.005,0.009,6214.0,3992.0,1.0
"beta_speed[Lux, Gavin]",-20.78,0.451,-21.629,-19.919,0.009,0.008,3088.0,3041.0,1.0
"beta_speed[Vilade, Ryan]",-20.926,0.434,-21.809,-20.109,0.006,0.009,5910.0,4184.0,1.0
"beta_speed[Bauers, Jake]",-20.833,0.432,-21.627,-19.962,0.007,0.008,4515.0,4361.0,1.0
"beta_speed[Zimmer, Bradley]",-20.971,0.431,-21.842,-20.167,0.005,0.009,6668.0,4193.0,1.0
"beta_speed[Gardner, Brett]",-20.968,0.424,-21.798,-20.174,0.005,0.008,6567.0,4499.0,1.0
"beta_speed[Santander, Anthony]",-20.785,0.451,-21.591,-19.872,0.008,0.01,3537.0,3094.0,1.0
"beta_speed[Siri, Jose]",-20.907,0.422,-21.691,-20.027,0.006,0.008,5977.0,4080.0,1.0
"beta_speed[Vierling, Matt]",-20.993,0.416,-21.815,-20.195,0.005,0.008,6068.0,4677.0,1.0
"beta_speed[Wade, Tyler]",-20.906,0.438,-21.735,-20.016,0.005,0.008,6615.0,4639.0,1.0
"beta_speed[Refsnyder, Rob]",-20.916,0.408,-21.658,-20.063,0.006,0.008,5404.0,4358.0,1.0
"beta_speed[Winker, Jesse]",-20.937,0.392,-21.734,-20.202,0.005,0.007,5365.0,4538.0,1.0
"beta_speed[De La Cruz, Bryan]",-20.991,0.4,-21.794,-20.231,0.005,0.007,5462.0,4295.0,1.0
"beta_speed[Rivas III, Alfonso]",-20.975,0.424,-21.835,-20.184,0.005,0.008,6801.0,4556.0,1.0
"beta_speed[Martin, Jason]",-20.945,0.418,-21.762,-20.132,0.005,0.008,6138.0,4273.0,1.0
"beta_speed[Joyce, Matt]",-20.973,0.426,-21.786,-20.134,0.005,0.008,7162.0,4767.0,1.0
"beta_speed[Marmolejos, José]",-20.953,0.429,-21.808,-20.124,0.005,0.009,6841.0,3681.0,1.0
"beta_speed[Adell, Jo]",-20.951,0.402,-21.706,-20.176,0.005,0.007,5875.0,4876.0,1.0
"beta_speed[Lowe, Josh]",-21.047,0.43,-21.891,-20.247,0.007,0.009,4739.0,3555.0,1.0
"beta_speed[Myers, Wil]",-21.011,0.428,-21.838,-20.194,0.006,0.008,6036.0,4122.0,1.0
"beta_speed[Naquin, Tyler]",-20.857,0.43,-21.611,-19.951,0.006,0.008,4873.0,4034.0,1.0
"beta_speed[Vaughn, Andrew]",-20.925,0.413,-21.731,-20.14,0.006,0.008,5726.0,4217.0,1.0
"beta_speed[Gonzalez, Romy]",-20.973,0.438,-21.796,-20.076,0.005,0.009,7596.0,4540.0,1.0
"beta_speed[Souza Jr., Steven]",-20.952,0.425,-21.727,-20.077,0.005,0.009,6428.0,4222.0,1.0
"beta_speed[Stewart, DJ]",-20.818,0.428,-21.593,-19.96,0.007,0.009,3957.0,3365.0,1.0
"beta_speed[Ruiz, Rio]",-20.952,0.423,-21.745,-20.099,0.005,0.009,6631.0,4436.0,1.0
"beta_speed[Sheets, Gavin]",-20.942,0.43,-21.794,-20.125,0.005,0.008,6353.0,4335.0,1.0
"beta_speed[Duggar, Steven]",-20.907,0.43,-21.757,-20.088,0.005,0.008,6491.0,4364.0,1.0
"beta_speed[Alfaro, Jorge]",-20.94,0.418,-21.789,-20.158,0.005,0.008,5985.0,4483.0,1.0
"beta_speed[Joe, Connor]",-21.01,0.402,-21.799,-20.243,0.005,0.007,5672.0,4522.0,1.0
"beta_speed[Davis, Khris]",-20.966,0.435,-21.821,-20.115,0.006,0.009,6176.0,3971.0,1.0
"beta_speed[Fairchild, Stuart]",-20.982,0.411,-21.746,-20.158,0.006,0.009,5464.0,4223.0,1.0
"beta_speed[Luplow, Jordan]",-20.969,0.408,-21.74,-20.165,0.005,0.008,7291.0,4206.0,1.0
"beta_speed[Akiyama, Shogo]",-20.962,0.43,-21.809,-20.13,0.005,0.009,6333.0,4019.0,1.0
"beta_speed[Reyes, Pablo]",-20.948,0.429,-21.764,-20.101,0.006,0.009,5051.0,4115.0,1.0
"beta_speed[Arcia, Orlando]",-20.867,0.425,-21.648,-20.016,0.006,0.008,5372.0,4172.0,1.0
"beta_speed[Upton, Justin]",-20.947,0.408,-21.704,-20.112,0.005,0.007,6632.0,4874.0,1.0
"beta_speed[Johnson, Daniel]",-20.967,0.425,-21.823,-20.184,0.006,0.009,6077.0,4379.0,1.0
"beta_speed[Bonifacio, Jorge]",-20.964,0.423,-21.846,-20.205,0.005,0.008,6665.0,4946.0,1.0
"beta_speed[Rojas, Josh]",-20.931,0.429,-21.768,-20.101,0.006,0.009,5946.0,4109.0,1.0
"beta_speed[Olivares, Edward]",-20.873,0.41,-21.615,-20.023,0.006,0.007,5106.0,4087.0,1.0
"beta_speed[Muñoz, Yairo]",-20.955,0.433,-21.798,-20.103,0.006,0.008,5558.0,4096.0,1.0
"beta_speed[Thomas, Lane]",-20.946,0.418,-21.683,-20.059,0.005,0.008,6202.0,4208.0,1.0
"beta_speed[Lamb, Jake]",-20.952,0.424,-21.731,-20.089,0.005,0.008,6138.0,4259.0,1.0
"beta_speed[Harrison, Josh]",-20.822,0.439,-21.611,-19.909,0.008,0.009,4109.0,3104.0,1.0
"beta_speed[Carlson, Dylan]",-20.921,0.421,-21.737,-20.074,0.005,0.007,6780.0,4972.0,1.0
"beta_speed[Smith, Kevin]",-20.939,0.436,-21.807,-20.074,0.005,0.008,6501.0,4278.0,1.0
"beta_speed[Jones, Taylor]",-20.781,0.473,-21.601,-19.835,0.008,0.01,3947.0,3693.0,1.0
"beta_speed[Drury, Brandon]",-20.98,0.431,-21.844,-20.154,0.005,0.008,6168.0,4501.0,1.0
"beta_speed[Tsutsugo, Yoshi]",-20.999,0.43,-21.859,-20.161,0.005,0.008,6254.0,3958.0,1.0
"beta_speed[Ibáñez, Andy]",-20.892,0.419,-21.651,-20.045,0.006,0.009,5091.0,4609.0,1.0
"beta_speed[Hermosillo, Michael]",-20.967,0.427,-21.815,-20.137,0.005,0.008,6284.0,4414.0,1.0
"beta_speed[Mateo, Jorge]",-20.968,0.431,-21.791,-20.1,0.005,0.008,6296.0,4230.0,1.0
"beta_speed[Larnach, Trevor]",-21.051,0.403,-21.856,-20.309,0.006,0.008,4746.0,3487.0,1.0
"beta_speed[Park, Hoy]",-20.923,0.425,-21.724,-20.074,0.005,0.008,6705.0,4851.0,1.0
"beta_speed[Culberson, Charlie]",-20.965,0.427,-21.82,-20.165,0.005,0.009,6395.0,4149.0,1.0
"beta_speed[McKinstry, Zach]",-20.964,0.415,-21.762,-20.164,0.005,0.008,5880.0,4497.0,1.0
"beta_speed[Robson, Jacob]",-20.954,0.444,-21.822,-20.089,0.006,0.01,5599.0,3621.0,1.0
"beta_speed[Goodrum, Niko]",-20.96,0.42,-21.84,-20.204,0.005,0.008,6308.0,4585.0,1.0
"beta_speed[Cordero, Franchy]",-20.824,0.426,-21.613,-19.996,0.007,0.008,3723.0,3589.0,1.0
"beta_speed[Almonte, Abraham]",-20.913,0.416,-21.683,-20.061,0.005,0.007,6089.0,4384.0,1.0
"beta_speed[Duran, Jarren]",-21.004,0.416,-21.816,-20.191,0.006,0.008,5785.0,3947.0,1.0
"beta_speed[García, Leury]",-20.946,0.43,-21.811,-20.152,0.005,0.009,6311.0,3886.0,1.0
"beta_speed[Williams, Luke]",-21.0,0.433,-21.847,-20.141,0.005,0.008,6876.0,4559.0,1.0
"beta_speed[Evans, Phillip]",-20.892,0.428,-21.648,-20.016,0.006,0.008,5646.0,4383.0,1.0
"beta_speed[Fargas, Johneshwy]",-20.963,0.429,-21.742,-20.086,0.006,0.01,5414.0,3710.0,1.0
"beta_speed[White, Eli]",-21.104,0.446,-21.996,-20.291,0.007,0.009,4085.0,3312.0,1.0
"beta_speed[Dahl, David]",-20.948,0.417,-21.723,-20.091,0.005,0.008,6370.0,4665.0,1.0
"beta_speed[Reddick, Josh]",-20.956,0.424,-21.796,-20.134,0.005,0.008,6745.0,4679.0,1.0
"beta_speed[VanMeter, Josh]",-20.957,0.433,-21.794,-20.134,0.005,0.009,6453.0,4158.0,1.0
"beta_speed[Allen, Greg]",-20.963,0.423,-21.757,-20.142,0.006,0.009,5709.0,4525.0,1.0
"beta_speed[Estrada, Thairo]",-20.899,0.429,-21.651,-20.003,0.006,0.009,4894.0,3981.0,1.0
"beta_speed[Oliva, Jared]",-20.931,0.423,-21.724,-20.057,0.005,0.008,6807.0,4377.0,1.0
"beta_speed[Parra, Gerardo]",-20.923,0.422,-21.685,-20.09,0.005,0.008,6707.0,4796.0,1.0
"beta_speed[Biggio, Cavan]",-20.944,0.426,-21.76,-20.111,0.005,0.008,6353.0,4541.0,1.0
"beta_speed[Long Jr., Shed]",-20.935,0.427,-21.8,-20.16,0.005,0.008,6458.0,4848.0,1.0
"beta_speed[Sierra, Magneuris]",-20.925,0.42,-21.723,-20.08,0.006,0.009,5782.0,4035.0,1.0
"beta_speed[Raley, Luke]",-21.071,0.426,-21.92,-20.299,0.006,0.008,4668.0,4009.0,1.0
"beta_speed[LaMarre, Ryan]",-20.957,0.426,-21.757,-20.079,0.005,0.008,6337.0,3929.0,1.0
"beta_speed[Bradley Jr., Jackie]",-20.872,0.429,-21.654,-19.976,0.006,0.009,4717.0,3810.0,1.0
"beta_speed[Tauchman, Mike]",-21.08,0.431,-21.966,-20.313,0.007,0.008,4655.0,4161.0,1.0
"beta_speed[Berti, Jon]",-21.044,0.422,-21.905,-20.28,0.006,0.007,5641.0,4398.0,1.0
"beta_speed[Goodwin, Brian]",-20.959,0.419,-21.808,-20.185,0.006,0.009,5845.0,4070.0,1.0
"beta_speed[Thomas, Dillon]",-20.952,0.427,-21.75,-20.097,0.005,0.009,6050.0,4104.0,1.0
"beta_speed[Reks, Zach]",-20.947,0.42,-21.75,-20.115,0.005,0.008,6399.0,4333.0,1.0
"beta_speed[Owings, Chris]",-20.946,0.421,-21.743,-20.102,0.005,0.008,6029.0,4387.0,1.0
"beta_speed[Lowe, Brandon]",-20.952,0.433,-21.746,-20.061,0.005,0.009,6630.0,4238.0,1.0
"beta_speed[Locastro, Tim]",-20.941,0.419,-21.807,-20.177,0.005,0.009,6149.0,4876.0,1.0
"beta_speed[Sánchez, Jesús]",-20.99,0.421,-21.848,-20.227,0.006,0.009,5568.0,3745.0,1.0
"beta_speed[Heredia, Guillermo]",-20.985,0.433,-21.848,-20.182,0.006,0.01,5896.0,3427.0,1.0
"beta_speed[Jankowski, Travis]",-20.993,0.421,-21.786,-20.179,0.005,0.01,6572.0,4828.0,1.0
"beta_speed[Wilson, Jacob]",-20.957,0.421,-21.785,-20.151,0.005,0.009,7076.0,4793.0,1.0
"beta_speed[Pederson, Joc]",-20.871,0.405,-21.625,-20.063,0.006,0.007,4949.0,4419.0,1.0
"beta_speed[Clement, Ernie]",-20.858,0.432,-21.607,-19.95,0.006,0.008,5694.0,4100.0,1.0
"beta_speed[Valaika, Pat]",-20.909,0.435,-21.697,-20.015,0.006,0.008,6139.0,4517.0,1.0
"beta_speed[Pinder, Chad]",-21.062,0.43,-21.954,-20.276,0.007,0.008,4367.0,4045.0,1.0
"beta_speed[Andujar, Miguel]",-21.054,0.414,-21.91,-20.325,0.006,0.007,5206.0,4080.0,1.0
"beta_speed[McKinney, Billy]",-21.003,0.408,-21.809,-20.239,0.005,0.007,5874.0,5144.0,1.0
"beta_speed[Vosler, Jason]",-20.927,0.43,-21.743,-20.088,0.006,0.008,5768.0,4448.0,1.0
"beta_speed[Gonzalez, Marwin]",-21.013,0.421,-21.898,-20.264,0.005,0.008,6671.0,4387.0,1.0
"beta_speed[Kirilloff, Alex]",-20.994,0.419,-21.853,-20.222,0.006,0.008,5241.0,4866.0,1.0
"beta_speed[Daza, Yonathan]",-20.979,0.426,-21.801,-20.152,0.005,0.008,6053.0,4672.0,1.0
"beta_speed[Davis, Jaylin]",-20.986,0.429,-21.843,-20.168,0.006,0.009,5980.0,3891.0,1.0
"beta_speed[Tom, Ka'ai]",-20.908,0.437,-21.75,-20.064,0.006,0.009,6206.0,3794.0,1.0
"beta_speed[Schebler, Scott]",-20.949,0.417,-21.812,-20.185,0.005,0.009,6803.0,4226.0,1.0
"beta_speed[O'Hearn, Ryan]",-20.931,0.424,-21.787,-20.126,0.006,0.008,5891.0,4149.0,1.0
"beta_speed[Frazier, Clint]",-20.839,0.432,-21.627,-19.969,0.007,0.009,4399.0,3578.0,1.0
"beta_speed[Mountcastle, Ryan]",-20.772,0.453,-21.594,-19.866,0.009,0.009,3082.0,3428.0,1.0
"beta_speed[González, Luis]",-20.919,0.427,-21.694,-20.035,0.005,0.008,6170.0,4755.0,1.0
"beta_speed[Williams, Mason]",-20.949,0.431,-21.791,-20.091,0.006,0.008,5661.0,4286.0,1.0
"beta_speed[Stubbs, Garrett]",-20.958,0.422,-21.793,-20.172,0.005,0.008,6271.0,4190.0,1.0
"beta_speed[Wilkerson, Stevie]",-20.955,0.435,-21.764,-20.07,0.006,0.01,6280.0,3668.0,1.0
"beta_speed[Merrifield, Whit]",-20.795,0.427,-21.523,-19.888,0.008,0.007,3259.0,3779.0,1.0
"beta_speed[Heineman, Scott]",-20.956,0.427,-21.823,-20.179,0.005,0.009,6285.0,3662.0,1.0
"beta_speed[Fuentes, Joshua]",-20.954,0.434,-21.742,-20.058,0.006,0.01,5948.0,3906.0,1.0
"beta_speed[O'Grady, Brian]",-20.963,0.425,-21.871,-20.189,0.006,0.008,5815.0,3922.0,1.0
"beta_speed[Trammell, Taylor]",-20.926,0.414,-21.732,-20.106,0.005,0.007,5849.0,4762.0,1.0
"beta_speed[Adrianza, Ehire]",-20.983,0.422,-21.876,-20.196,0.005,0.008,6387.0,3262.0,1.0
"beta_speed[Walton, Donovan]",-20.969,0.426,-21.853,-20.176,0.005,0.009,6492.0,4354.0,1.0
"beta_speed[Blankenhorn, Travis]",-20.947,0.428,-21.755,-20.098,0.005,0.008,6383.0,3950.0,1.0
"beta_speed[Marcano, Tucupita]",-20.826,0.433,-21.645,-20.001,0.007,0.009,4054.0,3179.0,1.0
"beta_speed[Kelenic, Jarred]",-20.985,0.404,-21.801,-20.237,0.006,0.008,5192.0,3641.0,1.0
"beta_speed[Hiura, Keston]",-20.947,0.42,-21.765,-20.148,0.005,0.009,7103.0,3697.0,1.0
"beta_speed[Garlick, Kyle]",-20.998,0.423,-21.838,-20.191,0.006,0.007,5766.0,4613.0,1.0
"beta_speed[Quinn, Roman]",-20.965,0.427,-21.81,-20.152,0.006,0.01,5611.0,3275.0,1.0
"beta_speed[Williams, Justin]",-20.969,0.427,-21.847,-20.151,0.005,0.009,6830.0,4434.0,1.0
"beta_speed[Vargas, Ildemaro]",-20.98,0.416,-21.789,-20.198,0.005,0.007,5764.0,4320.0,1.0
"beta_speed[Ozuna, Marcell]",-20.891,0.41,-21.701,-20.137,0.006,0.008,5227.0,4776.0,1.0
"beta_speed[Eaton, Adam]",-20.944,0.441,-21.781,-20.091,0.006,0.011,6034.0,4128.0,1.0
"beta_speed[Miller, Brad]",-20.885,0.426,-21.722,-20.062,0.006,0.008,4996.0,4097.0,1.0
"beta_speed[Maybin, Cameron]",-20.968,0.444,-21.802,-20.075,0.006,0.01,6155.0,3780.0,1.0
"beta_speed[Haggerty, Sam]",-21.032,0.42,-21.846,-20.208,0.006,0.008,5868.0,4062.0,1.0
"beta_speed[Barrera, Luis]",-20.983,0.428,-21.821,-20.166,0.005,0.009,6579.0,4566.0,1.0
"beta_speed[Hager, Jake]",-20.945,0.428,-21.753,-20.071,0.005,0.009,6463.0,4305.0,1.0
"beta_speed[Neuse, Sheldon]",-20.96,0.426,-21.824,-20.159,0.006,0.008,5684.0,4310.0,1.0
"beta_speed[Duffy, Matt]",-20.928,0.433,-21.792,-20.106,0.006,0.009,5844.0,4280.0,1.0
"beta_speed[Jay, Jon]",-20.946,0.425,-21.75,-20.103,0.006,0.009,5760.0,4321.0,1.0
"beta_speed[García, Adolis]",-20.93,0.424,-21.773,-20.124,0.005,0.008,6331.0,4770.0,1.0
"beta_speed[Mathisen, Wyatt]",-20.943,0.435,-21.802,-20.099,0.006,0.009,5658.0,4405.0,1.0
"beta_speed[Hoerner, Nico]",-20.927,0.43,-21.802,-20.099,0.006,0.009,5627.0,4142.0,1.0
"beta_speed[Castro, Harold]",-20.811,0.45,-21.655,-19.937,0.008,0.009,3576.0,3529.0,1.0
"beta_speed[Payton, Mark]",-20.926,0.427,-21.716,-20.06,0.005,0.008,6727.0,3530.0,1.0
"beta_speed[Lin, Tzu-Wei]",-20.948,0.42,-21.809,-20.18,0.005,0.007,6510.0,4944.0,1.0
"beta_speed[Nimmo, Brandon]",-21.045,0.42,-21.919,-20.299,0.006,0.008,4764.0,3324.0,1.0
"beta_speed[Ohtani, Shohei]",-20.948,0.436,-21.82,-20.105,0.006,0.009,6240.0,3893.0,1.0
"beta_speed[Bemboom, Anthony]",-20.95,0.433,-21.771,-20.098,0.006,0.009,5814.0,4054.0,1.0
"beta_speed[Reynolds, Bryan]",-20.879,0.404,-21.615,-20.069,0.006,0.008,4974.0,4071.0,1.0
"beta_speed[Dean, Austin]",-20.873,0.426,-21.617,-19.968,0.006,0.008,5507.0,3859.0,1.0
"beta_speed[Palacios, Joshua]",-20.974,0.411,-21.791,-20.197,0.005,0.008,5848.0,4011.0,1.0
"beta_speed[Blandino, Alex]",-20.949,0.419,-21.772,-20.124,0.005,0.008,6168.0,4457.0,1.0
"beta_speed[Jones, JaCoby]",-20.938,0.428,-21.722,-20.041,0.005,0.008,6414.0,4395.0,1.0
"beta_speed[Musgrove, Joe]",-20.951,0.435,-21.868,-20.168,0.005,0.011,6494.0,3568.0,1.0
"beta_speed[Young, Andrew]",-20.912,0.429,-21.73,-20.053,0.005,0.008,6491.0,4911.0,1.0
"beta_speed[Williams, Nick]",-20.937,0.429,-21.776,-20.099,0.006,0.008,6003.0,4396.0,1.0
"beta_speed[Bishop, Braden]",-20.955,0.421,-21.781,-20.157,0.006,0.008,5163.0,4759.0,1.0
"beta_speed[Pérez, Hernán]",-20.952,0.425,-21.765,-20.139,0.005,0.008,6350.0,4489.0,1.0
"beta_speed[Brosseau, Mike]",-20.955,0.428,-21.767,-20.123,0.005,0.009,6640.0,4754.0,1.0
"beta_speed[Haseley, Adam]",-20.966,0.419,-21.795,-20.163,0.005,0.008,5958.0,3865.0,1.0
"beta_speed[Freeman, Mike]",-20.962,0.435,-21.853,-20.16,0.005,0.01,6965.0,3639.0,1.0
"beta_speed[Farmer, Kyle]",-20.953,0.427,-21.754,-20.084,0.005,0.009,6279.0,3757.0,1.0
"beta_speed[Davis, Jonathan]",-20.952,0.434,-21.758,-20.061,0.005,0.009,6592.0,4744.0,1.0
"beta_speed[Inciarte, Ender]",-20.965,0.418,-21.739,-20.14,0.005,0.01,6084.0,3938.0,1.0
"beta_speed[Reyes, Victor]",-20.921,0.418,-21.703,-20.091,0.005,0.008,6343.0,4757.0,1.0
"beta_speed[Kingery, Scott]",-20.965,0.426,-21.795,-20.132,0.005,0.009,5990.0,4339.0,1.0
"beta_speed[Almora Jr., Albert]",-20.964,0.416,-21.796,-20.182,0.005,0.008,6501.0,4248.0,1.0
"beta_speed[Cabrera, Oswaldo]",-20.939,0.415,-21.712,-20.081,0.005,0.008,5913.0,4171.0,1.0
"beta_speed[Kwan, Steven]",-20.753,0.419,-21.463,-19.915,0.009,0.007,2550.0,4325.0,1.0
"beta_speed[Thompson, Trayce]",-21.034,0.418,-21.886,-20.26,0.006,0.008,5799.0,3902.0,1.0
"beta_speed[Hicks, Aaron]",-20.907,0.415,-21.682,-20.064,0.005,0.007,6131.0,4587.0,1.0
"beta_speed[Vavra, Terrin]",-20.945,0.421,-21.78,-20.133,0.005,0.008,5810.0,4673.0,1.0
"beta_speed[Velázquez, Nelson]",-20.983,0.415,-21.784,-20.17,0.006,0.007,5520.0,4364.0,1.0
"beta_speed[Smith, Josh]",-20.912,0.429,-21.724,-20.064,0.006,0.009,5729.0,3567.0,1.0
"beta_speed[Thompson, Bubba]",-20.96,0.405,-21.73,-20.167,0.005,0.008,6070.0,3966.0,1.0
"beta_speed[Azócar, José]",-20.978,0.418,-21.794,-20.171,0.005,0.007,6191.0,4522.0,1.0
"beta_speed[Bouchard, Sean]",-20.89,0.421,-21.711,-20.083,0.006,0.008,4998.0,4130.0,1.0
"beta_speed[Hernández, César]",-20.975,0.425,-21.832,-20.161,0.005,0.008,6651.0,4257.0,1.0
"beta_speed[Brennan, Will]",-21.011,0.428,-21.863,-20.199,0.006,0.008,6034.0,4418.0,1.0
"beta_speed[Hensley, David]",-20.956,0.41,-21.741,-20.157,0.005,0.008,7424.0,4735.0,1.0
"beta_speed[Vargas, Miguel]",-20.966,0.42,-21.759,-20.144,0.005,0.009,6173.0,4369.0,1.0
"beta_speed[Bleday, JJ]",-20.875,0.424,-21.634,-19.996,0.006,0.008,4767.0,3892.0,1.0
"beta_speed[Carroll, Corbin]",-21.113,0.432,-21.99,-20.333,0.007,0.008,3840.0,4123.0,1.0
"beta_speed[Suwinski, Jack]",-20.996,0.416,-21.776,-20.168,0.006,0.008,5618.0,4519.0,1.0
"beta_speed[Burdick, Peyton]",-20.828,0.44,-21.666,-20.0,0.007,0.009,3921.0,3426.0,1.0
"beta_speed[Waters, Drew]",-21.001,0.438,-21.905,-20.212,0.006,0.012,5613.0,3685.0,1.0
"beta_speed[Mancini, Trey]",-20.977,0.434,-21.82,-20.142,0.005,0.009,7029.0,4366.0,1.0
"beta_speed[Melendez, MJ]",-20.943,0.4,-21.709,-20.15,0.005,0.008,6189.0,4322.0,1.0
"beta_speed[Call, Alex]",-20.898,0.418,-21.674,-20.044,0.006,0.008,5772.0,3758.0,1.0
"beta_speed[Bae, Ji Hwan]",-20.965,0.426,-21.824,-20.14,0.005,0.008,6549.0,3966.0,1.0
"beta_speed[Yepez, Juan]",-20.886,0.418,-21.649,-20.066,0.006,0.008,4971.0,4259.0,1.0
"beta_speed[Mathias, Mark]",-20.949,0.427,-21.722,-20.066,0.006,0.009,5340.0,3929.0,1.0
"beta_speed[Contreras, Mark]",-20.953,0.431,-21.778,-20.081,0.005,0.008,6079.0,4779.0,1.0
"beta_speed[Calhoun, Kole]",-20.928,0.417,-21.713,-20.104,0.006,0.008,5794.0,4434.0,1.0
"beta_speed[Stowers, Kyle]",-20.986,0.423,-21.769,-20.107,0.005,0.008,6551.0,4460.0,1.0
"beta_speed[Moniak, Mickey]",-20.993,0.425,-21.875,-20.206,0.005,0.009,6532.0,4498.0,1.0
"beta_speed[Dubón, Mauricio]",-21.066,0.424,-21.904,-20.306,0.006,0.009,4871.0,3890.0,1.0
"beta_speed[Garrett, Stone]",-21.028,0.418,-21.879,-20.278,0.006,0.008,5656.0,4000.0,1.0
"beta_speed[Lopez, Alejo]",-20.979,0.431,-21.82,-20.143,0.006,0.009,5776.0,3916.0,1.0
"beta_speed[McCarthy, Jake]",-20.971,0.414,-21.758,-20.192,0.005,0.01,5982.0,4676.0,1.0
"beta_speed[Encarnacion, Jerar]",-20.995,0.44,-21.827,-20.134,0.007,0.014,5612.0,3274.0,1.0
"beta_speed[Donovan, Brendan]",-21.051,0.409,-21.862,-20.298,0.006,0.007,4711.0,4121.0,1.0
"beta_speed[Benson, Will]",-20.948,0.406,-21.79,-20.198,0.005,0.008,6422.0,4224.0,1.0
"beta_speed[Thomas, Cody]",-20.902,0.425,-21.717,-20.054,0.005,0.007,6564.0,4781.0,1.0
"beta_speed[Palacios, Richie]",-20.932,0.401,-21.748,-20.191,0.005,0.007,6752.0,4976.0,1.0
"beta_speed[Garcia, Dérmis]",-20.888,0.428,-21.72,-20.054,0.006,0.008,5887.0,4309.0,1.0
"beta_speed[Burleson, Alec]",-20.909,0.405,-21.684,-20.111,0.005,0.008,5585.0,4246.0,1.0
"beta_speed[Carpenter, Kerry]",-21.024,0.434,-21.889,-20.216,0.006,0.009,5588.0,3596.0,1.0
"beta_speed[Solak, Nick]",-20.914,0.415,-21.672,-20.064,0.005,0.007,5974.0,4852.0,1.0
"beta_speed[Eaton, Nate]",-20.931,0.442,-21.838,-20.107,0.006,0.009,6269.0,3740.0,1.0
"beta_speed[Gore, Terrance]",-20.952,0.433,-21.734,-20.049,0.005,0.008,6900.0,4255.0,1.0
"beta_speed[Florial, Estevan]",-20.961,0.415,-21.741,-20.129,0.005,0.007,6553.0,5131.0,1.0
"beta_speed[Morel, Christopher]",-20.896,0.436,-21.709,-20.029,0.005,0.009,6420.0,4082.0,1.0
"beta_speed[Stevenson, Cal]",-20.97,0.425,-21.806,-20.135,0.005,0.009,6419.0,4141.0,1.0
"beta_speed[Ruiz, Esteury]",-20.944,0.424,-21.743,-20.076,0.005,0.008,6415.0,4233.0,1.0
"beta_speed[Johnson, Bryce]",-20.95,0.424,-21.808,-20.144,0.006,0.007,5744.0,4767.0,1.0
"beta_speed[Aguilar, Ryan]",-20.945,0.425,-21.823,-20.171,0.005,0.008,6357.0,4028.0,1.0
"beta_speed[Anderson, Brian]",-20.971,0.415,-21.789,-20.169,0.005,0.008,6508.0,4382.0,1.0
"beta_speed[Maton, Nick]",-20.95,0.435,-21.757,-20.018,0.005,0.008,6382.0,4675.0,1.0
"beta_speed[Sosa, Edmundo]",-20.957,0.433,-21.841,-20.121,0.006,0.008,6009.0,4275.0,1.0
"beta_speed[Beckham, Tim]",-20.919,0.432,-21.833,-20.108,0.005,0.009,6732.0,4021.0,1.0
"beta_speed[Bernard, Wynton]",-20.962,0.432,-21.784,-20.118,0.005,0.008,7264.0,4958.0,1.0
"beta_speed[Pratto, Nick]",-20.942,0.415,-21.774,-20.161,0.005,0.007,6090.0,4278.0,1.0
"beta_speed[Celestino, Gilberto]",-20.972,0.416,-21.833,-20.204,0.005,0.007,6611.0,4466.0,1.0
"beta_speed[Hernandez, Elier]",-20.97,0.431,-21.814,-20.142,0.005,0.009,7037.0,4492.0,1.0
"beta_speed[Piscotty, Stephen]",-20.983,0.423,-21.81,-20.17,0.006,0.008,5602.0,4155.0,1.0
"beta_speed[Lewis, Kyle]",-20.965,0.436,-21.812,-20.158,0.006,0.011,5500.0,4389.0,1.0
"beta_speed[Meneses, Joey]",-20.956,0.427,-21.799,-20.139,0.005,0.008,6566.0,4758.0,1.0
"beta_speed[Outman, James]",-20.926,0.425,-21.778,-20.135,0.005,0.008,6455.0,4692.0,1.0
"beta_speed[Madris, Bligh]",-20.887,0.434,-21.759,-20.043,0.006,0.008,4949.0,3714.0,1.0
"beta_speed[Reynolds, Matt]",-20.941,0.42,-21.755,-20.132,0.005,0.008,6756.0,4922.0,1.0
"beta_speed[Marsh, Brandon]",-21.117,0.428,-21.977,-20.349,0.008,0.008,3385.0,3408.0,1.0
"beta_speed[Mercedes, Yermín]",-20.96,0.415,-21.744,-20.149,0.005,0.008,6767.0,4600.0,1.0
"beta_speed[Carpenter, Matt]",-20.951,0.431,-21.802,-20.134,0.005,0.008,6961.0,4707.0,1.0
"beta_speed[Soler, Jorge]",-21.022,0.42,-21.847,-20.235,0.006,0.008,5731.0,4389.0,1.0
"beta_speed[Clemens, Kody]",-21.007,0.416,-21.903,-20.306,0.005,0.008,6165.0,4589.0,1.0
"beta_speed[Harrison, Monte]",-20.965,0.43,-21.782,-20.103,0.006,0.009,5868.0,3839.0,1.0
"beta_speed[Hummel, Cooper]",-20.906,0.421,-21.728,-20.085,0.005,0.008,6273.0,3922.0,1.0
"beta_speed[Mazara, Nomar]",-20.951,0.439,-21.774,-20.054,0.005,0.009,6284.0,4451.0,1.0
"beta_speed[Batten, Matthew]",-20.959,0.432,-21.78,-20.112,0.006,0.009,6194.0,4208.0,1.0
"beta_speed[Alvarez, Eddy]",-20.954,0.438,-21.869,-20.145,0.005,0.01,7249.0,4544.0,1.0
"beta_speed[Reyes, Franmil]",-20.918,0.435,-21.751,-20.057,0.005,0.009,6577.0,4038.0,1.0
"beta_speed[Smith-Njigba, Canaan]",-20.933,0.442,-21.74,-20.032,0.006,0.01,6484.0,4405.0,1.0
"beta_speed[Ramos, Heliot]",-21.024,0.424,-21.87,-20.21,0.006,0.009,5552.0,4117.0,1.0
"beta_speed[Swaggerty, Travis]",-20.95,0.424,-21.724,-20.047,0.005,0.009,5963.0,3747.0,1.0
"beta_speed[Walker, Steele]",-20.911,0.436,-21.737,-20.034,0.006,0.009,5986.0,4197.0,1.0
"beta_speed[Plummer, Nick]",-20.94,0.423,-21.727,-20.095,0.006,0.008,5775.0,4859.0,1.0
"beta_speed[Strange-Gordon, Dee]",-20.957,0.427,-21.798,-20.143,0.006,0.008,5651.0,4589.0,1.0
"beta_speed[Rosario, Amed]",-20.99,0.43,-21.808,-20.166,0.005,0.009,6287.0,4416.0,1.0
"beta_speed[Contreras, William]",-20.871,0.44,-21.702,-20.009,0.006,0.009,4856.0,3695.0,1.0
"beta_speed[Demeritte, Travis]",-20.86,0.434,-21.674,-20.038,0.006,0.008,4811.0,4243.0,1.0
"beta_speed[Walsh, Jared]",-20.963,0.431,-21.785,-20.114,0.005,0.009,6574.0,4220.0,1.0
"beta_speed[Mayfield, Jack]",-20.917,0.429,-21.78,-20.107,0.006,0.009,5822.0,4236.0,1.0
"beta_speed[Krizan, Jason]",-20.953,0.432,-21.801,-20.101,0.006,0.008,6056.0,4657.0,1.0
"beta_speed[Mendick, Danny]",-20.952,0.433,-21.762,-20.072,0.005,0.009,6381.0,4416.0,1.0
"beta_speed[Castellanos, Nick]",-20.979,0.427,-21.802,-20.144,0.005,0.008,6628.0,4456.0,1.0
"beta_speed[Capel, Conner]",-20.963,0.423,-21.848,-20.178,0.006,0.009,5621.0,3703.0,1.0
"beta_speed[Cruz, Oneil]",-20.947,0.427,-21.775,-20.111,0.005,0.008,7128.0,4987.0,1.0
"beta_speed[Carter, Evan]",-20.967,0.412,-21.741,-20.132,0.005,0.008,6520.0,4125.0,1.0
"beta_speed[Wallner, Matt]",-20.949,0.421,-21.808,-20.148,0.005,0.008,7082.0,4235.0,1.0
"beta_speed[Pache, Cristian]",-21.027,0.42,-21.887,-20.274,0.006,0.009,4914.0,3676.0,1.0
"beta_speed[Abreu, Wilyer]",-20.962,0.418,-21.783,-20.173,0.005,0.008,6665.0,4121.0,1.0
"beta_speed[Pereira, Everson]",-20.917,0.422,-21.79,-20.14,0.006,0.008,5780.0,4367.0,1.0
"beta_speed[Senzel, Nick]",-20.869,0.431,-21.653,-20.028,0.006,0.008,5421.0,4062.0,1.0
"beta_speed[Grichuk, Randal]",-20.914,0.408,-21.699,-20.135,0.005,0.008,6437.0,4773.0,1.0
"beta_speed[Alu, Jake]",-20.942,0.412,-21.734,-20.111,0.005,0.007,6628.0,5123.0,1.0
"beta_speed[Kjerstad, Heston]",-20.963,0.42,-21.828,-20.199,0.005,0.008,6283.0,4990.0,1.0
"beta_speed[Conforto, Michael]",-20.896,0.413,-21.631,-20.015,0.006,0.007,5216.0,4390.0,1.0
"beta_speed[Canzone, Dominic]",-21.044,0.42,-21.898,-20.262,0.006,0.007,4608.0,4027.0,1.0
"beta_speed[Jones, Nolan]",-20.936,0.395,-21.664,-20.134,0.005,0.007,5493.0,4247.0,1.0
"beta_speed[Eden, Cam]",-20.955,0.438,-21.807,-20.107,0.006,0.011,5599.0,4151.0,1.0
"beta_speed[Matos, Luis]",-20.884,0.428,-21.693,-20.007,0.006,0.008,5582.0,4216.0,1.0
"beta_speed[Steer, Spencer]",-21.017,0.412,-21.815,-20.228,0.006,0.008,5566.0,3488.0,1.0
"beta_speed[Blanco, Dairon]",-20.996,0.422,-21.858,-20.212,0.005,0.009,6828.0,3866.0,1.0
"beta_speed[Soto, Juan]",-20.949,0.393,-21.675,-20.156,0.005,0.006,6179.0,4999.0,1.0
"beta_speed[Hernández, Enrique]",-21.041,0.443,-21.912,-20.245,0.006,0.013,5806.0,4142.0,1.0
"beta_speed[Wall, Forrest]",-20.976,0.422,-21.847,-20.199,0.005,0.008,6201.0,4501.0,1.0
"beta_speed[Kiner-Falefa, Isiah]",-20.93,0.423,-21.72,-20.089,0.005,0.008,6194.0,4243.0,1.0
"beta_speed[Yoshida, Masataka]",-20.824,0.427,-21.518,-19.897,0.007,0.008,4211.0,3821.0,1.0
"beta_speed[Frelick, Sal]",-20.939,0.419,-21.757,-20.122,0.005,0.008,6539.0,3860.0,1.0
"beta_speed[Rutherford, Blake]",-20.92,0.425,-21.733,-20.082,0.005,0.008,6156.0,4800.0,1.0
"beta_speed[Yastrzemski, Mike]",-20.955,0.419,-21.795,-20.161,0.005,0.008,7032.0,3945.0,1.0
"beta_speed[Remillard, Zach]",-20.897,0.431,-21.695,-20.018,0.006,0.008,5615.0,4310.0,1.0
"beta_speed[Haniger, Mitch]",-20.988,0.426,-21.841,-20.188,0.005,0.008,6444.0,4667.0,1.0
"beta_speed[Hampson, Garrett]",-20.99,0.427,-21.896,-20.198,0.005,0.008,6451.0,3540.0,1.0
"beta_speed[Duran, Ezequiel]",-20.983,0.416,-21.815,-20.196,0.005,0.008,6441.0,3706.0,1.0
"beta_speed[Adams, Jordyn]",-20.951,0.432,-21.738,-20.108,0.005,0.011,6476.0,4406.0,1.0
"beta_speed[Sabol, Blake]",-20.981,0.425,-21.799,-20.128,0.005,0.009,6716.0,4468.0,1.0
"beta_speed[Marlowe, Cade]",-21.014,0.435,-21.869,-20.175,0.005,0.009,6823.0,3853.0,1.0
"beta_speed[Taylor, Samad]",-21.006,0.421,-21.872,-20.227,0.005,0.008,6172.0,4155.0,1.0
"beta_speed[Greene, Riley]",-20.994,0.411,-21.836,-20.242,0.005,0.007,6361.0,5005.0,1.0
"beta_speed[Meckler, Wade]",-20.963,0.423,-21.771,-20.136,0.006,0.008,5603.0,4268.0,1.0
"beta_speed[Martínez, J.P.]",-20.967,0.423,-21.751,-20.078,0.005,0.008,6181.0,3701.0,1.0
"beta_speed[Schneider, Davis]",-21.025,0.42,-21.896,-20.245,0.006,0.008,5688.0,4442.0,1.0
"beta_speed[Gonzalez, Oscar]",-20.904,0.437,-21.716,-20.031,0.006,0.009,6129.0,4274.0,1.0
"beta_speed[Julks, Corey]",-20.837,0.416,-21.529,-19.935,0.006,0.007,4588.0,4225.0,1.0
"beta_speed[Siani, Michael]",-20.989,0.435,-21.862,-20.157,0.005,0.009,6734.0,3710.0,1.0
"beta_speed[Hopkins, TJ]",-20.966,0.422,-21.806,-20.134,0.005,0.008,6576.0,4140.0,1.0
"beta_speed[García, Avisaíl]",-20.957,0.427,-21.792,-20.134,0.006,0.009,5914.0,3441.0,1.0
"beta_speed[Lukes, Nathan]",-20.946,0.422,-21.765,-20.152,0.005,0.009,6286.0,4002.0,1.0
"beta_speed[Wilson, Weston]",-20.96,0.42,-21.77,-20.119,0.006,0.009,5891.0,4474.0,1.0
"beta_speed[Cowser, Colton]",-21.033,0.416,-21.876,-20.266,0.006,0.007,4926.0,4053.0,1.0
"beta_speed[Perkins, Blake]",-20.988,0.438,-21.822,-20.113,0.006,0.009,6001.0,3726.0,1.0
"beta_speed[Rengifo, Luis]",-20.96,0.428,-21.78,-20.119,0.006,0.008,5443.0,4085.0,1.0
"beta_speed[Chavis, Michael]",-20.945,0.419,-21.735,-20.106,0.005,0.009,6136.0,3668.0,1.0
"beta_speed[Kohlwey, Taylor]",-20.95,0.423,-21.801,-20.158,0.005,0.008,6573.0,3937.0,1.0
"beta_speed[Lopez, Nicky]",-20.969,0.431,-21.825,-20.133,0.005,0.009,6268.0,4436.0,1.0
"beta_speed[DeLuca, Jonny]",-21.02,0.431,-21.863,-20.205,0.006,0.008,6047.0,4020.0,1.0
"beta_speed[Walker, Jordan]",-20.832,0.442,-21.649,-19.962,0.007,0.009,4127.0,4051.0,1.0
"beta_speed[Fry, David]",-21.007,0.435,-21.865,-20.177,0.006,0.01,5853.0,3255.0,1.0
"beta_speed[Freeman, Tyler]",-20.952,0.425,-21.808,-20.134,0.005,0.009,6837.0,4004.0,1.0
"beta_speed[Fletcher, Dominic]",-20.881,0.437,-21.711,-20.038,0.007,0.009,4465.0,2849.0,1.0
"beta_speed[Heyward, Jason]",-20.991,0.424,-21.758,-20.116,0.006,0.009,5711.0,3399.0,1.0
"beta_speed[Noda, Ryan]",-20.938,0.417,-21.775,-20.159,0.005,0.008,5875.0,4637.0,1.0
"beta_speed[Miller, Owen]",-20.951,0.432,-21.776,-20.081,0.005,0.008,6513.0,4181.0,1.0
"beta_speed[Guthrie, Dalton]",-20.952,0.421,-21.828,-20.155,0.005,0.008,6135.0,4063.0,1.0
"beta_speed[Mastrobuoni, Miles]",-20.958,0.428,-21.733,-20.068,0.006,0.009,6010.0,3941.0,1.0
"beta_speed[Wiemer, Joey]",-20.968,0.419,-21.772,-20.143,0.005,0.007,6639.0,5187.0,1.0
"beta_speed[Wisely, Brett]",-20.95,0.423,-21.737,-20.056,0.005,0.009,6219.0,4203.0,1.0
"beta_speed[Toglia, Michael]",-20.959,0.45,-21.833,-20.07,0.006,0.011,6054.0,3745.0,1.0
"beta_speed[Chourio, Jackson]",-21.031,0.424,-21.851,-20.238,0.006,0.01,5154.0,3164.0,1.0
"beta_speed[Laureano, Ramón]",-21.032,0.441,-21.935,-20.232,0.007,0.01,4860.0,3343.0,1.0
"beta_speed[Dunn, Blake]",-20.976,0.424,-21.82,-20.17,0.005,0.008,5935.0,4630.0,1.0
"beta_speed[Beck, Jordan]",-20.851,0.425,-21.644,-20.017,0.007,0.008,4324.0,3632.0,1.0
"beta_speed[DeLoach, Zach]",-20.926,0.414,-21.729,-20.115,0.005,0.008,6218.0,3897.0,1.0
"beta_speed[Domínguez, Jasson]",-20.984,0.426,-21.765,-20.128,0.006,0.009,5891.0,3715.0,1.0
"beta_speed[Schuemann, Max]",-20.953,0.442,-21.788,-20.046,0.005,0.009,6617.0,4097.0,1.0
"beta_speed[Loperfido, Joey]",-20.947,0.426,-21.762,-20.103,0.006,0.009,5747.0,4213.0,1.0
"beta_speed[Conine, Griffin]",-21.0,0.425,-21.882,-20.222,0.006,0.008,5901.0,4199.0,1.0
"beta_speed[Wood, James]",-20.941,0.402,-21.667,-20.083,0.005,0.008,6026.0,4441.0,1.0
"beta_speed[Langford, Wyatt]",-20.964,0.41,-21.761,-20.144,0.005,0.007,6305.0,3990.0,1.0
"beta_speed[Collins, Isaac]",-20.918,0.42,-21.732,-20.104,0.005,0.008,6206.0,4982.0,1.0
"beta_speed[Cook, Billy]",-20.979,0.419,-21.754,-20.128,0.006,0.009,5571.0,4077.0,1.0
"beta_speed[Martin, Austin]",-20.946,0.418,-21.797,-20.18,0.005,0.008,6766.0,4672.0,1.0
"beta_speed[Martínez, Angel]",-20.851,0.442,-21.684,-19.967,0.006,0.01,5115.0,3753.0,1.0
"beta_speed[Robles, Victor]",-21.033,0.439,-21.926,-20.234,0.006,0.011,5583.0,3224.0,1.0
"beta_speed[Pages, Andy]",-20.977,0.435,-21.828,-20.151,0.005,0.009,6932.0,4527.0,1.0
"beta_speed[Myers, Dane]",-20.968,0.431,-21.839,-20.168,0.005,0.009,6137.0,3387.0,1.0
"beta_speed[Fabian, Sandro]",-20.956,0.428,-21.805,-20.14,0.006,0.009,5958.0,3340.0,1.0
"beta_speed[Hinds, Rece]",-20.956,0.437,-21.809,-20.113,0.006,0.009,6029.0,4084.0,1.0
"beta_speed[Hill, Derek]",-20.91,0.428,-21.722,-20.035,0.006,0.009,5978.0,4020.0,1.0
"beta_speed[Taylor, Michael A.]",-20.957,0.427,-21.816,-20.165,0.005,0.008,6372.0,4445.0,1.0
"beta_speed[Yorke, Nick]",-20.956,0.43,-21.82,-20.148,0.005,0.008,6266.0,4883.0,1.0
"beta_speed[Lockridge, Brandon]",-20.962,0.42,-21.831,-20.181,0.005,0.008,6350.0,3747.0,1.0
"beta_speed[Campero, Gustavo]",-20.956,0.434,-21.831,-20.129,0.006,0.01,5921.0,3444.0,1.0
"beta_speed[Sanoja, Javier]",-20.973,0.426,-21.83,-20.206,0.005,0.009,6045.0,4177.0,1.0
"beta_speed[Schneemann, Daniel]",-20.954,0.433,-21.767,-20.071,0.005,0.008,6644.0,4569.0,1.0
"beta_speed[Newman, Kevin]",-20.955,0.433,-21.784,-20.106,0.006,0.009,6273.0,3619.0,1.0
"beta_speed[Pérez, Wenceel]",-20.965,0.425,-21.794,-20.165,0.005,0.01,6594.0,4511.0,1.0
"beta_speed[Barger, Addison]",-20.887,0.426,-21.694,-20.058,0.006,0.009,5815.0,3982.0,1.0
"beta_speed[Wagaman, Eric]",-20.953,0.421,-21.781,-20.127,0.005,0.008,6579.0,3876.0,1.0
"beta_speed[Alvarez, Armando]",-20.967,0.427,-21.786,-20.128,0.006,0.008,6123.0,4046.0,1.0
"beta_speed[Helman, Michael]",-20.948,0.429,-21.779,-20.115,0.005,0.009,6239.0,4173.0,1.0
"beta_speed[Ellis, Duke]",-20.94,0.429,-21.819,-20.145,0.005,0.008,6136.0,4300.0,1.0
"beta_speed[Scott II, Victor]",-20.948,0.427,-21.794,-20.143,0.005,0.009,6741.0,4026.0,1.0
"beta_speed[Barrosa, Jorge]",-20.967,0.437,-21.856,-20.153,0.005,0.009,6471.0,4011.0,1.0
"beta_speed[Malloy, Justyn-Henry]",-20.889,0.42,-21.661,-20.05,0.006,0.008,5356.0,3708.0,1.0
"beta_speed[Espinal, Santiago]",-20.966,0.432,-21.8,-20.11,0.006,0.009,6167.0,3510.0,1.0
"beta_speed[Misner, Kameron]",-20.956,0.427,-21.789,-20.143,0.005,0.009,6677.0,3800.0,1.0
"beta_speed[Cabbage, Trey]",-20.966,0.426,-21.807,-20.152,0.005,0.009,6255.0,4145.0,1.0
"beta_speed[Judge, Aaron]",-20.966,0.437,-21.817,-20.103,0.006,0.011,5940.0,3481.0,1.0
"beta_speed[Goodman, Hunter]",-20.951,0.428,-21.786,-20.101,0.006,0.008,5698.0,3989.0,1.0
"beta_speed[Berroa, Steward]",-20.973,0.423,-21.815,-20.166,0.005,0.007,6419.0,4773.0,1.0
"beta_speed[Clase, Jonatan]",-20.942,0.425,-21.769,-20.108,0.005,0.009,6593.0,4378.0,1.0
"beta_speed[Lopez, Otto]",-20.955,0.426,-21.765,-20.081,0.005,0.009,6323.0,3898.0,1.0
"beta_speed[Loftin, Nick]",-20.955,0.432,-21.795,-20.101,0.006,0.008,6073.0,4038.0,1.0
"beta_speed[Jordan, Levi]",-20.938,0.432,-21.765,-20.089,0.005,0.009,6656.0,4074.0,1.0
"beta_speed[Jones, Jahmai]",-20.919,0.431,-21.753,-20.112,0.006,0.011,6160.0,4945.0,1.0
"beta_speed[Bruján, Vidal]",-20.956,0.433,-21.78,-20.09,0.006,0.008,5911.0,4186.0,1.0
"beta_speed[Hurtubise, Jacob]",-20.981,0.436,-21.883,-20.179,0.006,0.011,6204.0,3400.0,1.0
"beta_speed[Bellinger, Cody]",-20.954,0.426,-21.747,-20.105,0.006,0.01,5737.0,3479.0,1.0
"beta_speed[Tucker, Cole]",-20.983,0.427,-21.878,-20.218,0.005,0.009,6971.0,4089.0,1.0
"beta_speed[Arias, Gabriel]",-20.957,0.428,-21.83,-20.158,0.006,0.009,5711.0,3595.0,1.0
"beta_speed[Toro, Abraham]",-20.944,0.426,-21.855,-20.169,0.005,0.008,6191.0,4707.0,1.0
"beta_speed[Fitzgerald, Tyler]",-20.966,0.422,-21.778,-20.149,0.005,0.008,6402.0,4379.0,1.0
"beta_speed[Monasterio, Andruw]",-20.952,0.427,-21.772,-20.126,0.005,0.008,7093.0,4697.0,1.0
"beta_speed[Canario, Alexander]",-20.984,0.429,-21.813,-20.14,0.005,0.008,6682.0,4262.0,1.0
"beta_speed[Cooper, Garrett]",-20.958,0.423,-21.773,-20.124,0.006,0.008,5768.0,4036.0,1.0
"beta_cos[Rosario, Eddie]",-0.25,0.121,-0.472,-0.021,0.001,0.001,8927.0,5476.0,1.0
"beta_cos[Brantley, Michael]",0.097,0.165,-0.22,0.396,0.002,0.002,8784.0,5501.0,1.0
"beta_cos[Alvarez, Yordan]",-0.1,0.148,-0.379,0.173,0.002,0.002,8703.0,5018.0,1.0
"beta_cos[Pollock, AJ]",-0.17,0.145,-0.442,0.107,0.002,0.002,7518.0,5528.0,1.0
"beta_cos[Verdugo, Alex]",0.3,0.108,0.096,0.504,0.001,0.001,8765.0,6346.0,1.0
"beta_cos[Taylor, Chris]",-0.032,0.14,-0.294,0.235,0.002,0.002,8613.0,5739.0,1.0
"beta_cos[Rondon, José]",-0.166,0.317,-0.79,0.413,0.003,0.004,10168.0,6022.0,1.0
"beta_cos[O'Neill, Tyler]",-0.514,0.122,-0.757,-0.296,0.001,0.001,8950.0,5923.0,1.0
"beta_cos[Fraley, Jake]",0.047,0.178,-0.291,0.379,0.002,0.002,7168.0,5239.0,1.0
"beta_cos[Gosselin, Phil]",-0.181,0.224,-0.589,0.25,0.003,0.002,7894.0,5992.0,1.0
"beta_cos[Moore, Dylan]",-0.118,0.199,-0.479,0.269,0.002,0.002,10208.0,5939.0,1.0
"beta_cos[Mercado, Óscar]",-0.077,0.209,-0.464,0.315,0.002,0.003,9365.0,5762.0,1.0
"beta_cos[Nevin, Tyler]",-0.239,0.26,-0.744,0.226,0.003,0.003,9412.0,5445.0,1.0
"beta_cos[Dickerson, Corey]",-0.395,0.17,-0.731,-0.092,0.002,0.002,8934.0,5381.0,1.0
"beta_cos[Santana, Danny]",-0.243,0.306,-0.811,0.344,0.003,0.004,8740.0,6019.0,1.0
"beta_cos[Ruf, Darin]",-0.006,0.244,-0.467,0.457,0.003,0.003,7571.0,6261.0,1.0
"beta_cos[Jiménez, Eloy]",-0.489,0.211,-0.876,-0.09,0.002,0.003,9869.0,5957.0,1.0
"beta_cos[Smith, Dominic]",-0.042,0.201,-0.402,0.347,0.002,0.002,8846.0,5907.0,1.0
"beta_cos[Tapia, Raimel]",-0.321,0.154,-0.621,-0.044,0.002,0.002,8646.0,5592.0,1.0
"beta_cos[Ramos, Henry]",-0.256,0.282,-0.807,0.259,0.003,0.003,7988.0,5947.0,1.0
"beta_cos[Haase, Eric]",0.099,0.234,-0.348,0.533,0.003,0.003,8143.0,5681.0,1.0
"beta_cos[Miller, Brian]",-0.248,0.308,-0.842,0.313,0.003,0.004,8261.0,5387.0,1.0
"beta_cos[Canha, Mark]",-0.446,0.131,-0.69,-0.206,0.001,0.002,8576.0,4940.0,1.0
"beta_cos[Gordon, Nick]",-0.222,0.176,-0.554,0.101,0.002,0.002,9243.0,5802.0,1.0
"beta_cos[Isbel, Kyle]",-0.48,0.264,-0.957,0.043,0.003,0.003,9106.0,6072.0,1.0
"beta_cos[Bryant, Kris]",-0.282,0.202,-0.65,0.116,0.002,0.003,9513.0,5373.0,1.0
"beta_cos[Wade Jr., LaMonte]",-0.478,0.248,-0.922,0.011,0.003,0.003,8736.0,5477.0,1.0
"beta_cos[Yelich, Christian]",-0.33,0.118,-0.558,-0.113,0.001,0.001,7994.0,6125.0,1.0
"beta_cos[Duvall, Adam]",-0.191,0.175,-0.527,0.138,0.002,0.002,9301.0,5695.0,1.0
"beta_cos[Meadows, Austin]",-0.104,0.197,-0.471,0.27,0.002,0.002,9924.0,5596.0,1.0
"beta_cos[Arozarena, Randy]",-0.223,0.099,-0.404,-0.037,0.001,0.001,7711.0,5960.0,1.0
"beta_cos[Stevenson, Andrew]",-0.379,0.267,-0.888,0.113,0.003,0.003,8341.0,6052.0,1.0
"beta_cos[Bell, Josh]",-0.164,0.299,-0.716,0.41,0.003,0.004,8106.0,5224.0,1.0
"beta_cos[Peralta, David]",-0.115,0.111,-0.324,0.09,0.001,0.001,8089.0,6491.0,1.0
"beta_cos[Grossman, Robbie]",-0.264,0.149,-0.539,0.021,0.001,0.002,10214.0,5775.0,1.0
"beta_cos[Cave, Jake]",-0.051,0.165,-0.351,0.266,0.002,0.002,7535.0,5692.0,1.0
"beta_cos[Benintendi, Andrew]",-0.311,0.098,-0.49,-0.126,0.001,0.001,8685.0,6114.0,1.0
"beta_cos[Rooker, Brent]",-0.092,0.199,-0.463,0.28,0.002,0.002,8050.0,5541.0,1.0
"beta_cos[Brinson, Lewis]",-0.294,0.239,-0.748,0.151,0.003,0.003,7513.0,5418.0,1.0
"beta_cos[McCutchen, Andrew]",-0.024,0.167,-0.329,0.296,0.002,0.002,10791.0,5864.0,1.0
"beta_cos[Frazier, Adam]",-0.223,0.253,-0.72,0.233,0.003,0.003,8371.0,5947.0,1.0
"beta_cos[Happ, Ian]",0.092,0.098,-0.1,0.273,0.001,0.001,11132.0,6376.0,1.0
"beta_cos[Schwarber, Kyle]",0.021,0.11,-0.193,0.222,0.001,0.001,8917.0,6019.0,1.0
"beta_cos[Dozier, Hunter]",-0.061,0.264,-0.552,0.429,0.003,0.003,10019.0,5828.0,1.0
"beta_cos[Taylor, Tyrone]",-0.428,0.211,-0.821,-0.023,0.002,0.003,8906.0,5321.0,1.0
"beta_cos[Marisnick, Jake]",-0.205,0.262,-0.693,0.285,0.003,0.003,8634.0,5341.0,1.0
"beta_cos[Schrock, Max]",-0.246,0.263,-0.744,0.242,0.003,0.003,8179.0,5164.0,1.0
"beta_cos[Alford, Anthony]",-0.163,0.24,-0.583,0.318,0.003,0.003,8162.0,5610.0,1.0
"beta_cos[Gallo, Joey]",-0.153,0.17,-0.467,0.168,0.002,0.002,9458.0,6461.0,1.0
"beta_cos[Deichmann, Greg]",-0.207,0.313,-0.786,0.382,0.003,0.004,8585.0,5487.0,1.0
"beta_cos[McKenna, Ryan]",-0.107,0.179,-0.44,0.23,0.002,0.002,7138.0,5887.0,1.0
"beta_cos[Phillips, Brett]",-0.28,0.275,-0.798,0.237,0.003,0.003,8526.0,5625.0,1.0
"beta_cos[McNeil, Jeff]",-0.067,0.201,-0.442,0.305,0.002,0.002,9286.0,5253.0,1.0
"beta_cos[Gamel, Ben]",-0.73,0.178,-1.058,-0.385,0.002,0.002,7298.0,5369.0,1.0
"beta_cos[Friedl, TJ]",-0.468,0.257,-0.956,0.021,0.003,0.003,8594.0,5667.0,1.0
"beta_cos[Ortega, Rafael]",-0.356,0.251,-0.816,0.125,0.003,0.003,8243.0,6208.0,1.0
"beta_cos[Slater, Austin]",-0.292,0.226,-0.732,0.124,0.002,0.003,8426.0,5368.0,1.0
"beta_cos[Ramírez, Harold]",0.07,0.206,-0.327,0.445,0.002,0.002,8869.0,5620.0,1.0
"beta_cos[Calhoun, Willie]",-0.38,0.232,-0.836,0.038,0.003,0.003,8146.0,6159.0,1.0
"beta_cos[Brown, Seth]",-0.185,0.174,-0.495,0.153,0.002,0.002,9131.0,5197.0,1.0
"beta_cos[Hernández, Teoscar]",-0.29,0.156,-0.58,0.009,0.002,0.002,9342.0,5950.0,1.0
"beta_cos[Stephenson, Tyler]",-0.233,0.312,-0.813,0.37,0.003,0.004,9710.0,5808.0,1.0
"beta_cos[Peters, DJ]",-0.518,0.273,-1.029,0.007,0.003,0.003,8028.0,5957.0,1.0
"beta_cos[Varsho, Daulton]",-0.274,0.161,-0.575,0.028,0.002,0.002,9036.0,6474.0,1.0
"beta_cos[Dyson, Jarrod]",-0.332,0.281,-0.827,0.231,0.003,0.003,9230.0,5967.0,1.0
"beta_cos[Ward, Taylor]",-0.455,0.127,-0.693,-0.217,0.001,0.001,9579.0,5384.0,1.0
"beta_cos[Hilliard, Sam]",-0.511,0.203,-0.892,-0.134,0.002,0.002,8587.0,5860.0,1.0
"beta_cos[Herrera, Odúbel]",-0.439,0.279,-0.934,0.104,0.003,0.004,8439.0,5694.0,1.0
"beta_cos[Lagares, Juan]",-0.215,0.26,-0.678,0.296,0.003,0.003,10715.0,5624.0,1.0
"beta_cos[Hernandez, Yadiel]",-0.395,0.173,-0.726,-0.081,0.002,0.002,9576.0,5100.0,1.0
"beta_cos[Margot, Manuel]",-0.165,0.23,-0.574,0.299,0.003,0.003,7893.0,5185.0,1.0
"beta_cos[Pillar, Kevin]",-0.365,0.211,-0.763,0.034,0.002,0.002,7832.0,5761.0,1.0
"beta_cos[Nootbaar, Lars]",-0.365,0.212,-0.75,0.055,0.002,0.002,9442.0,6153.0,1.0
"beta_cos[Hamilton, Billy]",-0.196,0.288,-0.732,0.341,0.003,0.003,8433.0,5532.0,1.0
"beta_cos[Castro, Willi]",-0.07,0.177,-0.399,0.262,0.002,0.002,8798.0,5819.0,1.0
"beta_cos[Peterson, Jace]",-0.009,0.278,-0.545,0.509,0.003,0.003,8735.0,5470.0,1.0
"beta_cos[Stanton, Giancarlo]",-0.19,0.259,-0.683,0.291,0.003,0.003,9690.0,5993.0,1.0
"beta_cos[Smith, Pavin]",-0.385,0.262,-0.881,0.094,0.003,0.003,9590.0,5911.0,1.0
"beta_cos[Díaz, Aledmys]",0.062,0.252,-0.405,0.54,0.003,0.003,9448.0,6067.0,1.0
"beta_cos[Rojas, Jose]",-0.206,0.303,-0.792,0.346,0.003,0.004,8649.0,5608.0,1.0
"beta_cos[Pham, Tommy]",-0.143,0.119,-0.366,0.078,0.001,0.001,9472.0,5848.0,1.0
"beta_cos[McCormick, Chas]",0.118,0.159,-0.195,0.399,0.002,0.002,7619.0,5841.0,1.0
"beta_cos[Hays, Austin]",-0.297,0.111,-0.502,-0.085,0.001,0.001,8248.0,6140.0,1.0
"beta_cos[Beaty, Matt]",-0.184,0.259,-0.676,0.307,0.003,0.003,9422.0,5684.0,1.0
"beta_cos[Wisdom, Patrick]",0.07,0.269,-0.426,0.593,0.003,0.003,7211.0,5580.0,1.0
"beta_cos[Dickerson, Alex]",-0.527,0.239,-0.959,-0.074,0.002,0.003,9661.0,5996.0,1.0
"beta_cos[Baddoo, Akil]",-0.178,0.142,-0.451,0.078,0.002,0.002,8514.0,5771.0,1.0
"beta_cos[Wong, Kean]",-0.278,0.311,-0.888,0.289,0.003,0.004,9921.0,5755.0,1.0
"beta_cos[Profar, Jurickson]",-0.351,0.109,-0.555,-0.152,0.001,0.001,8063.0,6274.0,1.0
"beta_cos[Kemp, Tony]",-0.342,0.152,-0.623,-0.053,0.002,0.002,7848.0,5748.0,1.0
"beta_cos[Meyers, Jake]",-0.217,0.316,-0.829,0.359,0.004,0.004,7709.0,6104.0,1.0
"beta_cos[Cameron, Daz]",-0.208,0.262,-0.715,0.271,0.003,0.003,9784.0,6036.0,1.0
"beta_cos[DeShields, Delino]",-0.275,0.299,-0.838,0.265,0.003,0.003,7994.0,5698.0,1.0
"beta_cos[Martini, Nick]",-0.421,0.264,-0.922,0.075,0.003,0.003,8738.0,5964.0,1.0
"beta_cos[Aquino, Aristides]",-0.092,0.238,-0.547,0.345,0.003,0.003,7964.0,5612.0,1.0
"beta_cos[Arraez, Luis]",-0.032,0.256,-0.509,0.447,0.003,0.003,7880.0,5693.0,1.0
"beta_cos[Gurriel Jr., Lourdes]",-0.092,0.103,-0.281,0.109,0.001,0.001,8926.0,5925.0,1.0
"beta_cos[Engel, Adam]",-0.169,0.297,-0.737,0.388,0.003,0.004,8049.0,5504.0,1.0
"beta_cos[Martinez, J.D.]",0.34,0.247,-0.127,0.802,0.003,0.003,6453.0,5384.0,1.0
"beta_cos[Bolt, Skye]",-0.22,0.301,-0.793,0.346,0.003,0.003,8726.0,5718.0,1.0
"beta_cos[Lux, Gavin]",-0.109,0.246,-0.587,0.337,0.003,0.003,8435.0,5798.0,1.0
"beta_cos[Vilade, Ryan]",-0.146,0.28,-0.675,0.374,0.003,0.003,8480.0,5445.0,1.0
"beta_cos[Bauers, Jake]",0.231,0.237,-0.21,0.681,0.003,0.003,8500.0,5652.0,1.0
"beta_cos[Zimmer, Bradley]",-0.23,0.303,-0.785,0.357,0.003,0.004,8457.0,5606.0,1.0
"beta_cos[Gardner, Brett]",-0.369,0.243,-0.833,0.084,0.003,0.003,9062.0,6119.0,1.0
"beta_cos[Santander, Anthony]",0.216,0.198,-0.141,0.607,0.002,0.002,8201.0,5958.0,1.0
"beta_cos[Siri, Jose]",-0.332,0.304,-0.904,0.245,0.003,0.003,8578.0,5463.0,1.0
"beta_cos[Vierling, Matt]",-0.113,0.215,-0.513,0.282,0.002,0.002,8104.0,5801.0,1.0
"beta_cos[Wade, Tyler]",-0.147,0.281,-0.671,0.39,0.003,0.004,8468.0,4330.0,1.0
"beta_cos[Refsnyder, Rob]",0.798,0.193,0.441,1.169,0.002,0.002,7216.0,5708.0,1.0
"beta_cos[Winker, Jesse]",-0.244,0.12,-0.474,-0.028,0.001,0.001,7471.0,6069.0,1.0
"beta_cos[De La Cruz, Bryan]",-0.282,0.133,-0.538,-0.039,0.001,0.002,9354.0,5971.0,1.0
"beta_cos[Rivas III, Alfonso]",-0.246,0.304,-0.805,0.338,0.003,0.003,7798.0,5484.0,1.0
"beta_cos[Martin, Jason]",-0.429,0.241,-0.88,0.027,0.003,0.003,8472.0,5338.0,1.0
"beta_cos[Joyce, Matt]",-0.186,0.303,-0.753,0.387,0.003,0.004,10515.0,4977.0,1.0
"beta_cos[Marmolejos, José]",-0.225,0.298,-0.793,0.333,0.003,0.003,7711.0,5638.0,1.0
"beta_cos[Adell, Jo]",-0.264,0.194,-0.631,0.092,0.002,0.002,7808.0,5492.0,1.0
"beta_cos[Lowe, Josh]",-0.345,0.27,-0.85,0.16,0.003,0.003,8673.0,5871.0,1.0
"beta_cos[Myers, Wil]",-0.338,0.284,-0.875,0.191,0.004,0.003,6528.0,5389.0,1.0
"beta_cos[Naquin, Tyler]",-0.269,0.235,-0.699,0.183,0.003,0.003,6934.0,5514.0,1.0
"beta_cos[Vaughn, Andrew]",-0.31,0.185,-0.66,0.026,0.002,0.002,8852.0,6062.0,1.0
"beta_cos[Gonzalez, Romy]",-0.273,0.299,-0.847,0.282,0.003,0.004,9852.0,5979.0,1.0
"beta_cos[Souza Jr., Steven]",-0.206,0.312,-0.775,0.399,0.003,0.004,8010.0,6120.0,1.0
"beta_cos[Stewart, DJ]",-0.294,0.226,-0.706,0.149,0.002,0.003,9089.0,5739.0,1.0
"beta_cos[Ruiz, Rio]",-0.214,0.308,-0.772,0.386,0.003,0.004,9613.0,5571.0,1.0
"beta_cos[Sheets, Gavin]",-0.258,0.307,-0.829,0.331,0.003,0.004,8479.0,5739.0,1.0
"beta_cos[Duggar, Steven]",-0.206,0.25,-0.686,0.245,0.003,0.003,8760.0,5745.0,1.0
"beta_cos[Alfaro, Jorge]",-0.307,0.288,-0.854,0.231,0.003,0.003,9053.0,5933.0,1.0
"beta_cos[Joe, Connor]",-0.624,0.184,-0.984,-0.301,0.002,0.002,9394.0,5583.0,1.0
"beta_cos[Davis, Khris]",-0.186,0.304,-0.758,0.389,0.003,0.004,7850.0,5372.0,1.0
"beta_cos[Fairchild, Stuart]",-0.579,0.227,-1.027,-0.171,0.003,0.003,8270.0,5722.0,1.0
"beta_cos[Luplow, Jordan]",-0.163,0.24,-0.618,0.277,0.002,0.003,9373.0,6007.0,1.0
"beta_cos[Akiyama, Shogo]",-0.157,0.289,-0.677,0.4,0.003,0.003,9339.0,4969.0,1.0
"beta_cos[Reyes, Pablo]",-0.211,0.31,-0.8,0.372,0.003,0.004,9450.0,5569.0,1.0
"beta_cos[Arcia, Orlando]",-0.385,0.261,-0.875,0.106,0.003,0.003,7065.0,5998.0,1.0
"beta_cos[Upton, Justin]",-0.424,0.195,-0.793,-0.06,0.002,0.002,8402.0,5870.0,1.0
"beta_cos[Johnson, Daniel]",-0.27,0.288,-0.814,0.262,0.003,0.003,6963.0,5145.0,1.0
"beta_cos[Bonifacio, Jorge]",-0.205,0.312,-0.821,0.363,0.003,0.004,8106.0,5075.0,1.0
"beta_cos[Rojas, Josh]",-0.05,0.264,-0.568,0.421,0.003,0.003,7987.0,5123.0,1.0
"beta_cos[Olivares, Edward]",-0.018,0.188,-0.376,0.325,0.002,0.002,8672.0,5835.0,1.0
"beta_cos[Muñoz, Yairo]",-0.217,0.317,-0.825,0.367,0.003,0.004,8825.0,5423.0,1.0
"beta_cos[Thomas, Lane]",-0.178,0.224,-0.583,0.249,0.002,0.003,10633.0,5445.0,1.0
"beta_cos[Lamb, Jake]",-0.238,0.276,-0.774,0.256,0.003,0.003,9500.0,6286.0,1.0
"beta_cos[Harrison, Josh]",0.012,0.249,-0.452,0.485,0.003,0.003,8169.0,5893.0,1.0
"beta_cos[Carlson, Dylan]",-0.651,0.258,-1.134,-0.168,0.003,0.003,8356.0,6158.0,1.0
"beta_cos[Smith, Kevin]",-0.239,0.311,-0.821,0.347,0.003,0.004,8653.0,5822.0,1.0
"beta_cos[Jones, Taylor]",0.315,0.305,-0.25,0.889,0.004,0.004,6915.0,5459.0,1.0
"beta_cos[Drury, Brandon]",-0.259,0.299,-0.812,0.324,0.003,0.004,9010.0,5889.0,1.0
"beta_cos[Tsutsugo, Yoshi]",-0.248,0.29,-0.766,0.327,0.003,0.003,8236.0,5963.0,1.0
"beta_cos[Ibáñez, Andy]",0.001,0.273,-0.512,0.521,0.003,0.003,9839.0,5625.0,1.0
"beta_cos[Hermosillo, Michael]",-0.173,0.308,-0.729,0.43,0.003,0.003,8568.0,5831.0,1.0
"beta_cos[Mateo, Jorge]",-0.316,0.294,-0.866,0.236,0.004,0.003,6498.0,5850.0,1.0
"beta_cos[Larnach, Trevor]",-0.117,0.153,-0.412,0.168,0.002,0.002,7781.0,5142.0,1.0
"beta_cos[Park, Hoy]",-0.343,0.312,-0.906,0.269,0.003,0.004,8505.0,5245.0,1.0
"beta_cos[Culberson, Charlie]",-0.253,0.278,-0.76,0.291,0.003,0.003,9148.0,6196.0,1.0
"beta_cos[McKinstry, Zach]",-0.485,0.246,-0.959,-0.036,0.003,0.003,8061.0,5315.0,1.0
"beta_cos[Robson, Jacob]",-0.198,0.317,-0.787,0.41,0.003,0.004,9250.0,5333.0,1.0
"beta_cos[Goodrum, Niko]",-0.093,0.282,-0.616,0.451,0.003,0.003,8700.0,6188.0,1.0
"beta_cos[Cordero, Franchy]",0.593,0.237,0.153,1.035,0.003,0.003,7222.0,5609.0,1.0
"beta_cos[Almonte, Abraham]",-0.157,0.226,-0.563,0.292,0.003,0.003,7991.0,5354.0,1.0
"beta_cos[Duran, Jarren]",0.509,0.192,0.144,0.867,0.002,0.002,6877.0,4723.0,1.0
"beta_cos[García, Leury]",0.117,0.277,-0.385,0.642,0.003,0.003,8249.0,5750.0,1.0
"beta_cos[Williams, Luke]",-0.13,0.257,-0.626,0.332,0.003,0.003,9264.0,5089.0,1.0
"beta_cos[Evans, Phillip]",-0.121,0.286,-0.657,0.412,0.003,0.003,9300.0,4791.0,1.0
"beta_cos[Fargas, Johneshwy]",-0.194,0.314,-0.758,0.413,0.003,0.003,8297.0,5489.0,1.0
"beta_cos[White, Eli]",-0.384,0.234,-0.825,0.05,0.002,0.003,9715.0,6039.0,1.0
"beta_cos[Dahl, David]",-0.337,0.225,-0.738,0.097,0.002,0.003,10436.0,5669.0,1.0
"beta_cos[Reddick, Josh]",-0.202,0.312,-0.816,0.361,0.003,0.004,8890.0,5464.0,1.0
"beta_cos[VanMeter, Josh]",-0.219,0.313,-0.815,0.364,0.004,0.004,7909.0,5560.0,1.0
"beta_cos[Allen, Greg]",-0.37,0.253,-0.834,0.103,0.003,0.003,8563.0,5856.0,1.0
"beta_cos[Estrada, Thairo]",-0.271,0.28,-0.799,0.26,0.003,0.003,8423.0,5859.0,1.0
"beta_cos[Oliva, Jared]",-0.256,0.293,-0.825,0.276,0.003,0.004,8728.0,6253.0,1.0
"beta_cos[Parra, Gerardo]",-0.089,0.283,-0.643,0.422,0.003,0.004,8795.0,5610.0,1.0
"beta_cos[Biggio, Cavan]",-0.137,0.301,-0.697,0.437,0.003,0.004,9704.0,5645.0,1.0
"beta_cos[Long Jr., Shed]",-0.202,0.262,-0.68,0.307,0.003,0.003,9677.0,5722.0,1.0
"beta_cos[Sierra, Magneuris]",-0.069,0.266,-0.536,0.474,0.003,0.003,8993.0,6336.0,1.0
"beta_cos[Raley, Luke]",-0.207,0.197,-0.6,0.141,0.002,0.002,8709.0,6008.0,1.0
"beta_cos[LaMarre, Ryan]",-0.197,0.305,-0.773,0.37,0.003,0.003,8757.0,5458.0,1.0
"beta_cos[Bradley Jr., Jackie]",-0.377,0.254,-0.867,0.09,0.003,0.003,7245.0,5863.0,1.0
"beta_cos[Tauchman, Mike]",-0.129,0.228,-0.533,0.327,0.003,0.003,8078.0,5360.0,1.0
"beta_cos[Berti, Jon]",-0.28,0.243,-0.716,0.194,0.003,0.003,8076.0,5975.0,1.0
"beta_cos[Goodwin, Brian]",-0.291,0.299,-0.87,0.247,0.003,0.004,8234.0,5612.0,1.0
"beta_cos[Thomas, Dillon]",-0.217,0.286,-0.735,0.332,0.003,0.003,9707.0,6031.0,1.0
"beta_cos[Reks, Zach]",-0.235,0.278,-0.779,0.268,0.003,0.004,8596.0,5108.0,1.0
"beta_cos[Owings, Chris]",-0.132,0.297,-0.692,0.435,0.004,0.004,7037.0,6028.0,1.0
"beta_cos[Lowe, Brandon]",-0.133,0.3,-0.703,0.418,0.003,0.003,9238.0,5513.0,1.0
"beta_cos[Locastro, Tim]",-0.454,0.24,-0.932,-0.035,0.003,0.003,7869.0,5890.0,1.0
"beta_cos[Sánchez, Jesús]",-0.185,0.236,-0.625,0.258,0.003,0.003,8227.0,5282.0,1.0
"beta_cos[Heredia, Guillermo]",-0.463,0.287,-1.012,0.062,0.003,0.003,8370.0,4788.0,1.0
"beta_cos[Jankowski, Travis]",-0.41,0.22,-0.802,0.027,0.002,0.003,8912.0,5671.0,1.0
"beta_cos[Wilson, Jacob]",-0.218,0.307,-0.793,0.364,0.003,0.003,8465.0,5807.0,1.0
"beta_cos[Pederson, Joc]",-0.248,0.162,-0.549,0.056,0.002,0.002,9618.0,5027.0,1.0
"beta_cos[Clement, Ernie]",0.164,0.284,-0.411,0.668,0.003,0.003,8696.0,5338.0,1.0
"beta_cos[Valaika, Pat]",-0.051,0.309,-0.61,0.549,0.003,0.004,8333.0,5587.0,1.0
"beta_cos[Pinder, Chad]",0.194,0.214,-0.201,0.605,0.002,0.002,8069.0,5735.0,1.0
"beta_cos[Andujar, Miguel]",-0.036,0.172,-0.35,0.298,0.002,0.002,8802.0,5722.0,1.0
"beta_cos[McKinney, Billy]",-0.608,0.236,-1.042,-0.157,0.003,0.003,7069.0,5068.0,1.0
"beta_cos[Vosler, Jason]",-0.271,0.314,-0.874,0.306,0.003,0.004,8659.0,5535.0,1.0
"beta_cos[Gonzalez, Marwin]",-0.232,0.265,-0.733,0.259,0.003,0.003,8399.0,5842.0,1.0
"beta_cos[Kirilloff, Alex]",-0.281,0.228,-0.697,0.157,0.002,0.003,9307.0,5316.0,1.0
"beta_cos[Daza, Yonathan]",-0.187,0.231,-0.643,0.227,0.002,0.003,9530.0,6041.0,1.0
"beta_cos[Davis, Jaylin]",-0.217,0.31,-0.819,0.356,0.003,0.004,8126.0,5915.0,1.0
"beta_cos[Tom, Ka'ai]",-0.273,0.248,-0.725,0.206,0.003,0.003,9274.0,5777.0,1.0
"beta_cos[Schebler, Scott]",-0.248,0.307,-0.827,0.325,0.004,0.003,7388.0,5548.0,1.0
"beta_cos[O'Hearn, Ryan]",-0.377,0.284,-0.905,0.161,0.003,0.003,7497.0,5688.0,1.0
"beta_cos[Frazier, Clint]",-0.186,0.224,-0.603,0.241,0.002,0.003,8810.0,6056.0,1.0
"beta_cos[Mountcastle, Ryan]",-0.31,0.267,-0.818,0.16,0.003,0.003,8754.0,5164.0,1.0
"beta_cos[González, Luis]",-0.471,0.263,-0.959,0.037,0.003,0.003,9259.0,5763.0,1.0
"beta_cos[Williams, Mason]",-0.204,0.311,-0.779,0.393,0.004,0.004,7361.0,5706.0,1.0
"beta_cos[Stubbs, Garrett]",-0.211,0.316,-0.81,0.375,0.003,0.004,8470.0,5660.0,1.0
"beta_cos[Wilkerson, Stevie]",-0.209,0.313,-0.791,0.403,0.003,0.004,8433.0,5645.0,1.0
"beta_cos[Merrifield, Whit]",-0.159,0.174,-0.482,0.177,0.002,0.002,9072.0,5582.0,1.0
"beta_cos[Heineman, Scott]",-0.209,0.312,-0.797,0.358,0.003,0.004,8938.0,6234.0,1.0
"beta_cos[Fuentes, Joshua]",-0.212,0.317,-0.801,0.378,0.003,0.004,8603.0,6011.0,1.0
"beta_cos[O'Grady, Brian]",-0.245,0.303,-0.813,0.325,0.003,0.004,8311.0,5688.0,1.0
"beta_cos[Trammell, Taylor]",-0.216,0.258,-0.681,0.284,0.003,0.003,9891.0,6198.0,1.0
"beta_cos[Adrianza, Ehire]",-0.264,0.299,-0.82,0.302,0.003,0.004,10076.0,5408.0,1.0
"beta_cos[Walton, Donovan]",-0.246,0.306,-0.809,0.329,0.003,0.004,8242.0,6063.0,1.0
"beta_cos[Blankenhorn, Travis]",-0.362,0.291,-0.944,0.143,0.003,0.003,8405.0,5974.0,1.0
"beta_cos[Marcano, Tucupita]",-0.365,0.259,-0.856,0.114,0.003,0.003,8294.0,5816.0,1.0
"beta_cos[Kelenic, Jarred]",-0.325,0.16,-0.614,-0.014,0.002,0.002,8567.0,5115.0,1.0
"beta_cos[Hiura, Keston]",-0.247,0.295,-0.828,0.29,0.003,0.004,9145.0,5895.0,1.0
"beta_cos[Garlick, Kyle]",-0.06,0.253,-0.541,0.408,0.003,0.003,9684.0,4748.0,1.0
"beta_cos[Quinn, Roman]",-0.079,0.297,-0.647,0.469,0.003,0.003,7789.0,5739.0,1.0
"beta_cos[Williams, Justin]",-0.107,0.265,-0.598,0.393,0.003,0.003,8214.0,5352.0,1.0
"beta_cos[Vargas, Ildemaro]",-0.27,0.284,-0.819,0.254,0.003,0.003,9291.0,5891.0,1.0
"beta_cos[Ozuna, Marcell]",-0.587,0.192,-0.951,-0.232,0.002,0.002,8059.0,5052.0,1.0
"beta_cos[Eaton, Adam]",-0.13,0.303,-0.72,0.413,0.003,0.004,7914.0,6001.0,1.0
"beta_cos[Miller, Brad]",-0.065,0.244,-0.546,0.375,0.003,0.003,7527.0,4919.0,1.0
"beta_cos[Maybin, Cameron]",-0.259,0.314,-0.832,0.351,0.004,0.004,6766.0,5434.0,1.0
"beta_cos[Haggerty, Sam]",-0.02,0.218,-0.424,0.386,0.002,0.003,9259.0,5996.0,1.0
"beta_cos[Barrera, Luis]",-0.299,0.285,-0.85,0.223,0.003,0.004,9362.0,6230.0,1.0
"beta_cos[Hager, Jake]",-0.205,0.315,-0.794,0.393,0.003,0.004,10121.0,5226.0,1.0
"beta_cos[Neuse, Sheldon]",-0.217,0.313,-0.831,0.349,0.003,0.004,8204.0,5733.0,1.0
"beta_cos[Duffy, Matt]",-0.124,0.298,-0.692,0.431,0.003,0.003,8920.0,5491.0,1.0
"beta_cos[Jay, Jon]",-0.374,0.306,-0.964,0.177,0.003,0.004,9975.0,5889.0,1.0
"beta_cos[García, Adolis]",-0.058,0.286,-0.576,0.49,0.003,0.003,8858.0,5856.0,1.0
"beta_cos[Mathisen, Wyatt]",-0.089,0.3,-0.635,0.47,0.004,0.003,7273.0,6205.0,1.0
"beta_cos[Hoerner, Nico]",-0.124,0.3,-0.641,0.468,0.003,0.003,7573.0,5689.0,1.0
"beta_cos[Castro, Harold]",-0.285,0.312,-0.866,0.299,0.003,0.004,10250.0,5215.0,1.0
"beta_cos[Payton, Mark]",-0.263,0.293,-0.795,0.306,0.003,0.004,8389.0,5638.0,1.0
"beta_cos[Lin, Tzu-Wei]",-0.213,0.31,-0.783,0.385,0.003,0.004,8686.0,5392.0,1.0
"beta_cos[Nimmo, Brandon]",-0.235,0.17,-0.558,0.082,0.002,0.002,9357.0,5733.0,1.0
"beta_cos[Ohtani, Shohei]",-0.21,0.31,-0.785,0.358,0.004,0.004,7249.0,5556.0,1.0
"beta_cos[Bemboom, Anthony]",-0.209,0.309,-0.777,0.385,0.003,0.004,9020.0,6021.0,1.0
"beta_cos[Reynolds, Bryan]",-0.459,0.136,-0.712,-0.205,0.001,0.002,9210.0,6041.0,1.0
"beta_cos[Dean, Austin]",-0.111,0.29,-0.649,0.437,0.003,0.003,8882.0,5490.0,1.0
"beta_cos[Palacios, Joshua]",-0.219,0.228,-0.648,0.208,0.003,0.002,6994.0,5996.0,1.0
"beta_cos[Blandino, Alex]",-0.214,0.312,-0.817,0.356,0.004,0.004,7929.0,6006.0,1.0
"beta_cos[Jones, JaCoby]",-0.024,0.305,-0.585,0.557,0.003,0.004,9238.0,5864.0,1.0
"beta_cos[Musgrove, Joe]",-0.222,0.312,-0.84,0.333,0.003,0.004,8744.0,5051.0,1.0
"beta_cos[Young, Andrew]",-0.282,0.309,-0.85,0.311,0.003,0.003,8887.0,5842.0,1.0
"beta_cos[Williams, Nick]",-0.27,0.307,-0.837,0.311,0.004,0.003,7440.0,5845.0,1.0
"beta_cos[Bishop, Braden]",-0.229,0.306,-0.805,0.333,0.003,0.004,8429.0,5434.0,1.0
"beta_cos[Pérez, Hernán]",-0.205,0.311,-0.802,0.375,0.003,0.004,9455.0,4930.0,1.0
"beta_cos[Brosseau, Mike]",-0.21,0.309,-0.79,0.352,0.003,0.004,9033.0,5554.0,1.0
"beta_cos[Haseley, Adam]",-0.227,0.302,-0.825,0.315,0.003,0.003,9636.0,6142.0,1.0
"beta_cos[Freeman, Mike]",-0.215,0.316,-0.822,0.372,0.003,0.004,9104.0,5583.0,1.0
"beta_cos[Farmer, Kyle]",-0.218,0.308,-0.797,0.348,0.003,0.003,8638.0,5354.0,1.0
"beta_cos[Davis, Jonathan]",-0.221,0.307,-0.817,0.343,0.003,0.004,8451.0,5367.0,1.0
"beta_cos[Inciarte, Ender]",-0.218,0.304,-0.78,0.364,0.003,0.004,8948.0,5500.0,1.0
"beta_cos[Reyes, Victor]",-0.189,0.275,-0.711,0.321,0.003,0.004,11075.0,6151.0,1.0
"beta_cos[Kingery, Scott]",-0.355,0.301,-0.92,0.206,0.003,0.004,8503.0,5313.0,1.0
"beta_cos[Almora Jr., Albert]",-0.024,0.262,-0.503,0.485,0.003,0.003,8323.0,5911.0,1.0
"beta_cos[Cabrera, Oswaldo]",-0.344,0.249,-0.796,0.136,0.003,0.003,7817.0,5906.0,1.0
"beta_cos[Kwan, Steven]",0.02,0.106,-0.183,0.215,0.001,0.001,10179.0,6102.0,1.0
"beta_cos[Thompson, Trayce]",-0.396,0.255,-0.885,0.072,0.003,0.003,8962.0,5671.0,1.0
"beta_cos[Hicks, Aaron]",-0.115,0.192,-0.459,0.269,0.002,0.002,9819.0,6412.0,1.0
"beta_cos[Vavra, Terrin]",-0.08,0.283,-0.624,0.441,0.003,0.003,7738.0,5607.0,1.0
"beta_cos[Velázquez, Nelson]",-0.21,0.252,-0.661,0.282,0.003,0.003,8075.0,6280.0,1.0
"beta_cos[Smith, Josh]",-0.084,0.227,-0.513,0.341,0.002,0.003,8551.0,6180.0,1.0
"beta_cos[Thompson, Bubba]",-0.335,0.239,-0.803,0.105,0.002,0.003,9208.0,6070.0,1.0
"beta_cos[Azócar, José]",-0.053,0.273,-0.563,0.456,0.003,0.003,9503.0,5558.0,1.0
"beta_cos[Bouchard, Sean]",-0.55,0.231,-0.988,-0.128,0.003,0.003,7288.0,6030.0,1.0
"beta_cos[Hernández, César]",-0.233,0.29,-0.787,0.306,0.003,0.003,7874.0,5476.0,1.0
"beta_cos[Brennan, Will]",-0.162,0.264,-0.644,0.346,0.003,0.003,8687.0,5826.0,1.0
"beta_cos[Hensley, David]",-0.251,0.302,-0.816,0.315,0.003,0.004,8703.0,6021.0,1.0
"beta_cos[Vargas, Miguel]",-0.159,0.244,-0.637,0.28,0.003,0.003,8365.0,5911.0,1.0
"beta_cos[Bleday, JJ]",-0.305,0.217,-0.722,0.1,0.002,0.002,8603.0,6218.0,1.0
"beta_cos[Carroll, Corbin]",-0.105,0.19,-0.447,0.26,0.002,0.002,8527.0,6265.0,1.0
"beta_cos[Suwinski, Jack]",-0.091,0.178,-0.425,0.249,0.002,0.002,9423.0,6349.0,1.0
"beta_cos[Burdick, Peyton]",-0.412,0.281,-0.964,0.102,0.003,0.003,9395.0,5402.0,1.0
"beta_cos[Waters, Drew]",-0.223,0.288,-0.774,0.32,0.003,0.003,7381.0,6044.0,1.0
"beta_cos[Mancini, Trey]",-0.067,0.29,-0.594,0.481,0.003,0.004,8829.0,4830.0,1.0
"beta_cos[Melendez, MJ]",-0.109,0.139,-0.375,0.148,0.002,0.001,7865.0,6183.0,1.0
"beta_cos[Call, Alex]",-0.237,0.22,-0.644,0.172,0.002,0.002,8002.0,6369.0,1.0
"beta_cos[Bae, Ji Hwan]",-0.291,0.291,-0.826,0.268,0.003,0.003,9080.0,5994.0,1.0
"beta_cos[Yepez, Juan]",-0.198,0.249,-0.665,0.272,0.003,0.003,9522.0,5824.0,1.0
"beta_cos[Mathias, Mark]",-0.194,0.312,-0.809,0.368,0.003,0.004,8151.0,5304.0,1.0
"beta_cos[Contreras, Mark]",-0.219,0.31,-0.795,0.377,0.003,0.004,10003.0,5784.0,1.0
"beta_cos[Calhoun, Kole]",-0.094,0.235,-0.542,0.338,0.002,0.003,9630.0,6280.0,1.0
"beta_cos[Stowers, Kyle]",-0.227,0.218,-0.627,0.195,0.002,0.002,8124.0,6041.0,1.0
"beta_cos[Moniak, Mickey]",-0.122,0.268,-0.637,0.368,0.003,0.003,8961.0,5704.0,1.0
"beta_cos[Dubón, Mauricio]",-0.353,0.239,-0.811,0.079,0.003,0.003,8771.0,5791.0,1.0
"beta_cos[Garrett, Stone]",-0.489,0.232,-0.931,-0.062,0.002,0.003,9051.0,6383.0,1.0
"beta_cos[Lopez, Alejo]",-0.219,0.304,-0.783,0.367,0.004,0.004,7457.0,5420.0,1.0
"beta_cos[McCarthy, Jake]",-0.021,0.205,-0.416,0.353,0.002,0.002,7669.0,5999.0,1.0
"beta_cos[Encarnacion, Jerar]",-0.244,0.3,-0.8,0.316,0.003,0.003,9110.0,5758.0,1.0
"beta_cos[Donovan, Brendan]",-0.309,0.162,-0.614,-0.007,0.002,0.002,8606.0,6133.0,1.0
"beta_cos[Benson, Will]",-0.098,0.181,-0.433,0.25,0.002,0.002,7628.0,5732.0,1.0
"beta_cos[Thomas, Cody]",0.142,0.262,-0.35,0.64,0.003,0.003,8363.0,6020.0,1.0
"beta_cos[Palacios, Richie]",-0.122,0.198,-0.484,0.254,0.002,0.002,8590.0,5779.0,1.0
"beta_cos[Garcia, Dérmis]",-0.109,0.312,-0.698,0.484,0.003,0.004,8485.0,5912.0,1.0
"beta_cos[Burleson, Alec]",-0.415,0.213,-0.83,-0.024,0.002,0.003,8747.0,5696.0,1.0
"beta_cos[Carpenter, Kerry]",-0.142,0.268,-0.661,0.346,0.003,0.003,8817.0,5947.0,1.0
"beta_cos[Solak, Nick]",-0.27,0.254,-0.741,0.216,0.003,0.003,8956.0,5352.0,1.0
"beta_cos[Eaton, Nate]",-0.261,0.305,-0.86,0.277,0.003,0.004,8333.0,5939.0,1.0
"beta_cos[Gore, Terrance]",-0.22,0.315,-0.854,0.34,0.003,0.004,8208.0,5441.0,1.0
"beta_cos[Florial, Estevan]",-0.119,0.285,-0.658,0.414,0.003,0.003,7518.0,5570.0,1.0
"beta_cos[Morel, Christopher]",0.064,0.263,-0.41,0.571,0.003,0.003,8031.0,5731.0,1.0
"beta_cos[Stevenson, Cal]",-0.206,0.305,-0.806,0.34,0.003,0.004,11169.0,6255.0,1.0
"beta_cos[Ruiz, Esteury]",-0.312,0.249,-0.792,0.13,0.003,0.003,8773.0,5674.0,1.0
"beta_cos[Johnson, Bryce]",-0.16,0.294,-0.676,0.439,0.003,0.004,9446.0,5057.0,1.0
"beta_cos[Aguilar, Ryan]",-0.274,0.3,-0.828,0.296,0.003,0.004,9433.0,5327.0,1.0
"beta_cos[Anderson, Brian]",-0.25,0.296,-0.821,0.282,0.003,0.003,8065.0,5625.0,1.0
"beta_cos[Maton, Nick]",-0.197,0.306,-0.752,0.394,0.003,0.004,8627.0,5419.0,1.0
"beta_cos[Sosa, Edmundo]",-0.211,0.31,-0.764,0.414,0.003,0.004,10126.0,5977.0,1.0
"beta_cos[Beckham, Tim]",-0.269,0.306,-0.856,0.297,0.003,0.003,7784.0,5791.0,1.0
"beta_cos[Bernard, Wynton]",-0.219,0.317,-0.796,0.401,0.004,0.004,6857.0,5325.0,1.0
"beta_cos[Pratto, Nick]",-0.249,0.269,-0.747,0.256,0.003,0.003,8823.0,5936.0,1.0
"beta_cos[Celestino, Gilberto]",-0.4,0.28,-0.914,0.129,0.003,0.003,8588.0,6129.0,1.0
"beta_cos[Hernandez, Elier]",-0.292,0.309,-0.873,0.295,0.003,0.003,8033.0,5422.0,1.0
"beta_cos[Piscotty, Stephen]",-0.165,0.297,-0.745,0.38,0.003,0.003,9401.0,5598.0,1.0
"beta_cos[Lewis, Kyle]",-0.148,0.29,-0.675,0.408,0.003,0.004,8060.0,5467.0,1.0
"beta_cos[Meneses, Joey]",-0.211,0.318,-0.813,0.374,0.003,0.004,9708.0,5368.0,1.0
"beta_cos[Outman, James]",-0.454,0.297,-1.048,0.079,0.003,0.004,8552.0,5789.0,1.0
"beta_cos[Madris, Bligh]",-0.52,0.294,-1.083,0.015,0.003,0.003,7762.0,6048.0,1.0
"beta_cos[Reynolds, Matt]",-0.241,0.304,-0.816,0.325,0.003,0.004,9930.0,5924.0,1.0
"beta_cos[Marsh, Brandon]",-0.434,0.148,-0.714,-0.161,0.002,0.002,8524.0,6075.0,1.0
"beta_cos[Mercedes, Yermín]",-0.25,0.305,-0.83,0.308,0.003,0.003,7772.0,5386.0,1.0
"beta_cos[Carpenter, Matt]",-0.178,0.306,-0.727,0.428,0.003,0.004,9645.0,5939.0,1.0
"beta_cos[Soler, Jorge]",-0.091,0.211,-0.492,0.295,0.002,0.002,9316.0,6046.0,1.0
"beta_cos[Clemens, Kody]",-0.236,0.273,-0.745,0.275,0.003,0.003,9200.0,5935.0,1.0
"beta_cos[Harrison, Monte]",-0.23,0.303,-0.767,0.361,0.003,0.004,8852.0,5920.0,1.0
"beta_cos[Hummel, Cooper]",0.015,0.251,-0.464,0.478,0.003,0.003,9023.0,5487.0,1.0
"beta_cos[Mazara, Nomar]",-0.224,0.309,-0.785,0.377,0.003,0.004,8467.0,5754.0,1.0
"beta_cos[Batten, Matthew]",-0.26,0.309,-0.839,0.33,0.003,0.004,8287.0,5628.0,1.0
"beta_cos[Alvarez, Eddy]",-0.217,0.314,-0.787,0.386,0.003,0.004,9467.0,5207.0,1.0
"beta_cos[Reyes, Franmil]",-0.175,0.285,-0.729,0.341,0.003,0.004,8555.0,5401.0,1.0
"beta_cos[Smith-Njigba, Canaan]",-0.295,0.312,-0.885,0.292,0.004,0.004,7744.0,5026.0,1.0
"beta_cos[Ramos, Heliot]",0.042,0.215,-0.362,0.441,0.002,0.003,9423.0,5666.0,1.0
"beta_cos[Swaggerty, Travis]",-0.207,0.311,-0.789,0.373,0.003,0.003,8760.0,6170.0,1.0
"beta_cos[Walker, Steele]",-0.344,0.298,-0.907,0.221,0.003,0.004,8954.0,5530.0,1.0
"beta_cos[Plummer, Nick]",-0.2,0.31,-0.805,0.364,0.003,0.004,8066.0,5009.0,1.0
"beta_cos[Strange-Gordon, Dee]",-0.207,0.311,-0.805,0.367,0.003,0.004,8875.0,5979.0,1.0
"beta_cos[Rosario, Amed]",-0.221,0.298,-0.769,0.348,0.003,0.003,7713.0,5271.0,1.0
"beta_cos[Contreras, William]",-0.261,0.314,-0.851,0.334,0.003,0.004,8853.0,6351.0,1.0
"beta_cos[Demeritte, Travis]",-0.281,0.291,-0.823,0.271,0.003,0.003,8463.0,5708.0,1.0
"beta_cos[Walsh, Jared]",-0.206,0.316,-0.81,0.385,0.004,0.004,8137.0,5775.0,1.0
"beta_cos[Mayfield, Jack]",-0.098,0.313,-0.702,0.471,0.003,0.004,8358.0,5864.0,1.0
"beta_cos[Krizan, Jason]",-0.199,0.311,-0.781,0.388,0.003,0.004,8779.0,5475.0,1.0
"beta_cos[Mendick, Danny]",-0.298,0.301,-0.848,0.268,0.003,0.003,8730.0,5857.0,1.0
"beta_cos[Castellanos, Nick]",-0.262,0.302,-0.857,0.292,0.003,0.004,9480.0,5025.0,1.0
"beta_cos[Capel, Conner]",-0.269,0.282,-0.792,0.27,0.003,0.003,8560.0,5619.0,1.0
"beta_cos[Cruz, Oneil]",-0.233,0.311,-0.812,0.357,0.003,0.004,9129.0,5985.0,1.0
"beta_cos[Carter, Evan]",-0.15,0.204,-0.537,0.225,0.002,0.002,8774.0,5969.0,1.0
"beta_cos[Wallner, Matt]",-0.267,0.21,-0.652,0.134,0.002,0.003,8432.0,5485.0,1.0
"beta_cos[Pache, Cristian]",0.036,0.253,-0.457,0.496,0.003,0.003,8866.0,5503.0,1.0
"beta_cos[Abreu, Wilyer]",0.096,0.283,-0.41,0.655,0.003,0.003,9729.0,5412.0,1.0
"beta_cos[Pereira, Everson]",-0.128,0.243,-0.587,0.32,0.003,0.003,9235.0,6062.0,1.0
"beta_cos[Senzel, Nick]",0.072,0.271,-0.456,0.57,0.003,0.003,6780.0,5407.0,1.0
"beta_cos[Grichuk, Randal]",-0.381,0.169,-0.694,-0.066,0.002,0.002,8923.0,5690.0,1.0
"beta_cos[Alu, Jake]",-0.103,0.258,-0.578,0.389,0.003,0.003,8671.0,6152.0,1.0
"beta_cos[Kjerstad, Heston]",-0.248,0.268,-0.743,0.27,0.003,0.003,8432.0,5650.0,1.0
"beta_cos[Conforto, Michael]",-0.134,0.177,-0.468,0.192,0.002,0.002,7101.0,5371.0,1.0
"beta_cos[Canzone, Dominic]",-0.151,0.24,-0.611,0.295,0.002,0.003,9770.0,4596.0,1.0
"beta_cos[Jones, Nolan]",-0.302,0.153,-0.6,-0.032,0.002,0.002,8772.0,6076.0,1.0
"beta_cos[Eden, Cam]",-0.229,0.304,-0.768,0.37,0.003,0.004,9655.0,5527.0,1.0
"beta_cos[Matos, Luis]",-0.466,0.281,-1.019,0.031,0.003,0.003,8821.0,5685.0,1.0
"beta_cos[Steer, Spencer]",0.072,0.162,-0.223,0.379,0.002,0.002,8057.0,5848.0,1.0
"beta_cos[Blanco, Dairon]",-0.465,0.242,-0.947,-0.034,0.003,0.003,9303.0,5835.0,1.0
"beta_cos[Soto, Juan]",-0.374,0.167,-0.685,-0.057,0.002,0.002,7727.0,5919.0,1.0
"beta_cos[Hernández, Enrique]",-0.272,0.287,-0.827,0.239,0.003,0.004,8378.0,5247.0,1.0
"beta_cos[Wall, Forrest]",-0.387,0.288,-0.93,0.162,0.003,0.003,8454.0,5231.0,1.0
"beta_cos[Kiner-Falefa, Isiah]",-0.151,0.238,-0.593,0.3,0.003,0.003,7722.0,5863.0,1.0
"beta_cos[Yoshida, Masataka]",0.37,0.195,-0.007,0.721,0.002,0.002,7746.0,6067.0,1.0
"beta_cos[Frelick, Sal]",-0.025,0.267,-0.494,0.502,0.003,0.003,7922.0,6214.0,1.0
"beta_cos[Rutherford, Blake]",-0.094,0.293,-0.661,0.444,0.003,0.003,8834.0,5475.0,1.0
"beta_cos[Yastrzemski, Mike]",-0.058,0.293,-0.604,0.495,0.003,0.003,8017.0,5733.0,1.0
"beta_cos[Remillard, Zach]",-0.082,0.287,-0.624,0.453,0.003,0.004,9048.0,5449.0,1.0
"beta_cos[Haniger, Mitch]",-0.366,0.245,-0.83,0.094,0.003,0.003,8199.0,5538.0,1.0
"beta_cos[Hampson, Garrett]",-0.317,0.269,-0.819,0.196,0.003,0.003,7859.0,5799.0,1.0
"beta_cos[Duran, Ezequiel]",-0.03,0.226,-0.459,0.393,0.002,0.002,9477.0,6107.0,1.0
"beta_cos[Adams, Jordyn]",-0.185,0.284,-0.71,0.355,0.003,0.003,8645.0,5904.0,1.0
"beta_cos[Sabol, Blake]",-0.117,0.264,-0.613,0.386,0.003,0.003,9035.0,5777.0,1.0
"beta_cos[Marlowe, Cade]",-0.367,0.269,-0.864,0.134,0.003,0.003,9720.0,6356.0,1.0
"beta_cos[Taylor, Samad]",-0.102,0.258,-0.599,0.374,0.003,0.003,9190.0,5870.0,1.0
"beta_cos[Greene, Riley]",-0.121,0.18,-0.437,0.233,0.002,0.002,8055.0,5894.0,1.0
"beta_cos[Meckler, Wade]",-0.153,0.313,-0.72,0.45,0.003,0.004,9372.0,5914.0,1.0
"beta_cos[Martínez, J.P.]",-0.212,0.296,-0.759,0.36,0.003,0.004,9927.0,5309.0,1.0
"beta_cos[Schneider, Davis]",-0.357,0.194,-0.726,0.001,0.002,0.002,8807.0,5990.0,1.0
"beta_cos[Gonzalez, Oscar]",-0.123,0.312,-0.71,0.463,0.003,0.004,9665.0,5937.0,1.0
"beta_cos[Julks, Corey]",-0.048,0.176,-0.399,0.266,0.002,0.002,7458.0,5715.0,1.0
"beta_cos[Siani, Michael]",-0.073,0.301,-0.622,0.499,0.003,0.003,8822.0,5962.0,1.0
"beta_cos[Hopkins, TJ]",-0.045,0.301,-0.612,0.524,0.003,0.004,8811.0,5347.0,1.0
"beta_cos[García, Avisaíl]",-0.183,0.301,-0.728,0.395,0.003,0.004,10393.0,6044.0,1.0
"beta_cos[Lukes, Nathan]",-0.053,0.261,-0.555,0.417,0.003,0.003,9452.0,5915.0,1.0
"beta_cos[Wilson, Weston]",-0.253,0.294,-0.788,0.316,0.003,0.003,8309.0,5661.0,1.0
"beta_cos[Cowser, Colton]",-0.581,0.193,-0.957,-0.233,0.002,0.002,7060.0,5670.0,1.0
"beta_cos[Perkins, Blake]",-0.4,0.281,-0.913,0.145,0.003,0.003,7744.0,5519.0,1.0
"beta_cos[Rengifo, Luis]",-0.235,0.301,-0.797,0.347,0.003,0.004,8225.0,6017.0,1.0
"beta_cos[Chavis, Michael]",-0.208,0.315,-0.803,0.389,0.003,0.004,8923.0,5505.0,1.0
"beta_cos[Kohlwey, Taylor]",-0.214,0.315,-0.803,0.384,0.003,0.004,8833.0,5603.0,1.0
"beta_cos[Lopez, Nicky]",-0.204,0.316,-0.773,0.404,0.004,0.004,7918.0,5455.0,1.0
"beta_cos[DeLuca, Jonny]",-0.39,0.273,-0.914,0.108,0.003,0.003,8617.0,5660.0,1.0
"beta_cos[Walker, Jordan]",-0.113,0.252,-0.602,0.344,0.003,0.003,8836.0,5768.0,1.0
"beta_cos[Fry, David]",-0.262,0.271,-0.766,0.257,0.003,0.003,8592.0,5622.0,1.0
"beta_cos[Freeman, Tyler]",-0.215,0.312,-0.786,0.376,0.003,0.004,8365.0,5680.0,1.0
"beta_cos[Fletcher, Dominic]",-0.365,0.309,-0.932,0.219,0.003,0.004,8258.0,5945.0,1.0
"beta_cos[Heyward, Jason]",-0.173,0.302,-0.71,0.431,0.003,0.004,8876.0,5694.0,1.0
"beta_cos[Noda, Ryan]",-0.223,0.312,-0.838,0.347,0.003,0.004,9238.0,5629.0,1.0
"beta_cos[Miller, Owen]",-0.21,0.312,-0.812,0.359,0.004,0.004,7704.0,5464.0,1.0
"beta_cos[Guthrie, Dalton]",-0.211,0.314,-0.825,0.347,0.003,0.004,9016.0,6321.0,1.0
"beta_cos[Mastrobuoni, Miles]",-0.199,0.313,-0.78,0.394,0.004,0.004,7684.0,5149.0,1.0
"beta_cos[Wiemer, Joey]",-0.26,0.304,-0.833,0.305,0.003,0.003,8648.0,6154.0,1.0
"beta_cos[Wisely, Brett]",-0.216,0.311,-0.805,0.36,0.004,0.004,7419.0,5665.0,1.0
"beta_cos[Toglia, Michael]",-0.24,0.306,-0.821,0.33,0.003,0.004,10101.0,5883.0,1.0
"beta_cos[Chourio, Jackson]",-0.32,0.213,-0.703,0.091,0.002,0.002,8332.0,5731.0,1.0
"beta_cos[Laureano, Ramón]",-0.198,0.272,-0.688,0.317,0.003,0.003,9101.0,5816.0,1.0
"beta_cos[Dunn, Blake]",-0.113,0.29,-0.661,0.422,0.003,0.003,9673.0,5567.0,1.0
"beta_cos[Beck, Jordan]",-0.497,0.241,-0.975,-0.076,0.003,0.003,8406.0,5099.0,1.0
"beta_cos[DeLoach, Zach]",-0.33,0.302,-0.877,0.26,0.003,0.004,7928.0,5063.0,1.0
"beta_cos[Domínguez, Jasson]",-0.301,0.286,-0.86,0.207,0.003,0.003,9127.0,5702.0,1.0
"beta_cos[Schuemann, Max]",-0.117,0.297,-0.665,0.434,0.003,0.004,8668.0,5584.0,1.0
"beta_cos[Loperfido, Joey]",-0.077,0.231,-0.543,0.334,0.003,0.003,6901.0,5789.0,1.0
"beta_cos[Conine, Griffin]",-0.32,0.301,-0.892,0.236,0.003,0.004,9215.0,5128.0,1.0
"beta_cos[Wood, James]",-0.53,0.201,-0.919,-0.171,0.002,0.002,8041.0,6090.0,1.0
"beta_cos[Langford, Wyatt]",-0.568,0.184,-0.928,-0.229,0.002,0.002,8296.0,5808.0,1.0
"beta_cos[Collins, Isaac]",-0.322,0.306,-0.902,0.244,0.003,0.004,9280.0,5943.0,1.0
"beta_cos[Cook, Billy]",-0.124,0.309,-0.692,0.487,0.004,0.004,7217.0,5402.0,1.0
"beta_cos[Martin, Austin]",-0.218,0.246,-0.695,0.238,0.003,0.003,8390.0,5636.0,1.0
"beta_cos[Martínez, Angel]",0.026,0.281,-0.493,0.561,0.003,0.003,9384.0,5997.0,1.0
"beta_cos[Robles, Victor]",-0.278,0.275,-0.787,0.244,0.003,0.004,11626.0,5836.0,1.0
"beta_cos[Pages, Andy]",-0.346,0.29,-0.907,0.185,0.003,0.004,7744.0,5920.0,1.0
"beta_cos[Myers, Dane]",-0.167,0.303,-0.752,0.378,0.003,0.004,9300.0,6008.0,1.0
"beta_cos[Fabian, Sandro]",-0.215,0.315,-0.791,0.398,0.003,0.004,9028.0,5465.0,1.0
"beta_cos[Hinds, Rece]",-0.221,0.31,-0.798,0.363,0.003,0.004,8464.0,5656.0,1.0
"beta_cos[Hill, Derek]",-0.318,0.267,-0.811,0.193,0.003,0.003,8507.0,6279.0,1.0
"beta_cos[Taylor, Michael A.]",-0.198,0.311,-0.765,0.408,0.003,0.004,8652.0,5487.0,1.0
"beta_cos[Yorke, Nick]",-0.209,0.314,-0.814,0.371,0.003,0.004,9366.0,5926.0,1.0
"beta_cos[Lockridge, Brandon]",-0.244,0.301,-0.784,0.329,0.004,0.004,7278.0,4988.0,1.0
"beta_cos[Campero, Gustavo]",-0.211,0.313,-0.822,0.353,0.003,0.004,8859.0,5728.0,1.0
"beta_cos[Sanoja, Javier]",-0.291,0.305,-0.876,0.279,0.003,0.004,9069.0,5453.0,1.0
"beta_cos[Schneemann, Daniel]",-0.162,0.303,-0.712,0.42,0.003,0.003,9820.0,6069.0,1.0
"beta_cos[Newman, Kevin]",-0.22,0.312,-0.812,0.376,0.003,0.004,9010.0,5896.0,1.0
"beta_cos[Pérez, Wenceel]",-0.251,0.318,-0.817,0.379,0.003,0.004,10145.0,5941.0,1.0
"beta_cos[Barger, Addison]",0.159,0.275,-0.328,0.689,0.003,0.003,6677.0,5985.0,1.0
"beta_cos[Wagaman, Eric]",-0.215,0.319,-0.81,0.389,0.003,0.004,8673.0,5572.0,1.0
"beta_cos[Alvarez, Armando]",-0.229,0.306,-0.825,0.316,0.003,0.004,9124.0,5990.0,1.0
"beta_cos[Helman, Michael]",-0.209,0.307,-0.798,0.362,0.003,0.004,10912.0,5927.0,1.0
"beta_cos[Ellis, Duke]",-0.217,0.31,-0.785,0.378,0.003,0.004,9407.0,6094.0,1.0
"beta_cos[Scott II, Victor]",-0.213,0.31,-0.8,0.357,0.004,0.004,7664.0,5343.0,1.0
"beta_cos[Barrosa, Jorge]",-0.251,0.303,-0.866,0.273,0.004,0.003,7179.0,5705.0,1.0
"beta_cos[Malloy, Justyn-Henry]",-0.227,0.292,-0.781,0.31,0.003,0.003,7673.0,5888.0,1.0
"beta_cos[Espinal, Santiago]",-0.224,0.311,-0.817,0.345,0.003,0.004,7937.0,6029.0,1.0
"beta_cos[Misner, Kameron]",-0.246,0.307,-0.833,0.321,0.003,0.004,8758.0,5418.0,1.0
"beta_cos[Cabbage, Trey]",-0.269,0.301,-0.841,0.299,0.003,0.004,8615.0,5380.0,1.0
"beta_cos[Judge, Aaron]",-0.217,0.292,-0.76,0.329,0.003,0.003,8266.0,5594.0,1.0
"beta_cos[Goodman, Hunter]",-0.267,0.303,-0.837,0.313,0.003,0.004,8790.0,5708.0,1.0
"beta_cos[Berroa, Steward]",-0.215,0.312,-0.806,0.357,0.003,0.004,8205.0,5521.0,1.0
"beta_cos[Clase, Jonatan]",-0.21,0.283,-0.712,0.362,0.003,0.003,10158.0,5486.0,1.0
"beta_cos[Lopez, Otto]",-0.209,0.315,-0.803,0.389,0.003,0.004,8438.0,5755.0,1.0
"beta_cos[Loftin, Nick]",-0.21,0.307,-0.778,0.381,0.003,0.004,9832.0,5727.0,1.0
"beta_cos[Jordan, Levi]",-0.235,0.313,-0.812,0.354,0.003,0.004,10130.0,5227.0,1.0
"beta_cos[Jones, Jahmai]",-0.082,0.301,-0.654,0.476,0.003,0.004,9979.0,5814.0,1.0
"beta_cos[Bruján, Vidal]",-0.247,0.309,-0.826,0.341,0.003,0.003,8228.0,6155.0,1.0
"beta_cos[Hurtubise, Jacob]",-0.127,0.293,-0.666,0.43,0.003,0.003,9818.0,6249.0,1.0
"beta_cos[Bellinger, Cody]",-0.206,0.308,-0.798,0.357,0.003,0.004,8356.0,5121.0,1.0
"beta_cos[Tucker, Cole]",-0.369,0.293,-0.909,0.186,0.003,0.004,9208.0,5673.0,1.0
"beta_cos[Arias, Gabriel]",-0.218,0.312,-0.799,0.366,0.003,0.004,8834.0,6092.0,1.0
"beta_cos[Toro, Abraham]",-0.165,0.294,-0.718,0.381,0.003,0.004,8565.0,5975.0,1.0
"beta_cos[Fitzgerald, Tyler]",-0.248,0.303,-0.82,0.326,0.003,0.004,9871.0,5469.0,1.0
"beta_cos[Monasterio, Andruw]",-0.213,0.317,-0.781,0.394,0.003,0.004,10260.0,5920.0,1.0
"beta_cos[Canario, Alexander]",-0.372,0.296,-0.93,0.18,0.004,0.003,6415.0,5466.0,1.0
"beta_cos[Cooper, Garrett]",-0.214,0.317,-0.842,0.347,0.004,0.004,7356.0,5593.0,1.0
"beta_sin[Rosario, Eddie]",-0.01,0.076,-0.156,0.129,0.001,0.001,9923.0,6199.0,1.0
"beta_sin[Brantley, Michael]",-0.014,0.09,-0.178,0.165,0.001,0.001,9101.0,5574.0,1.0
"beta_sin[Alvarez, Yordan]",-0.008,0.083,-0.173,0.141,0.001,0.001,11111.0,5807.0,1.0
"beta_sin[Pollock, AJ]",0.116,0.09,-0.04,0.289,0.001,0.001,5247.0,5496.0,1.0
"beta_sin[Verdugo, Alex]",-0.13,0.083,-0.29,0.021,0.001,0.001,3833.0,5038.0,1.0
"beta_sin[Taylor, Chris]",0.071,0.086,-0.1,0.224,0.001,0.001,6297.0,5687.0,1.0
"beta_sin[Rondon, José]",-0.005,0.106,-0.206,0.201,0.001,0.001,7163.0,6069.0,1.0
"beta_sin[O'Neill, Tyler]",0.035,0.076,-0.114,0.173,0.001,0.001,7790.0,6113.0,1.0
"beta_sin[Fraley, Jake]",0.056,0.092,-0.109,0.243,0.001,0.001,6787.0,5820.0,1.0
"beta_sin[Gosselin, Phil]",-0.061,0.103,-0.255,0.133,0.001,0.001,7092.0,5163.0,1.0
"beta_sin[Moore, Dylan]",0.031,0.091,-0.141,0.208,0.001,0.001,8044.0,5374.0,1.0
"beta_sin[Mercado, Óscar]",-0.043,0.098,-0.228,0.135,0.001,0.001,7362.0,5743.0,1.0
"beta_sin[Nevin, Tyler]",0.04,0.103,-0.16,0.233,0.001,0.001,8491.0,5397.0,1.0
"beta_sin[Dickerson, Corey]",0.031,0.088,-0.137,0.195,0.001,0.001,11885.0,5899.0,1.0
"beta_sin[Santana, Danny]",0.009,0.106,-0.195,0.208,0.001,0.001,8084.0,5469.0,1.0
"beta_sin[Ruf, Darin]",-0.05,0.102,-0.251,0.135,0.001,0.001,6593.0,4674.0,1.0
"beta_sin[Jiménez, Eloy]",0.014,0.094,-0.163,0.196,0.001,0.001,9092.0,5662.0,1.0
"beta_sin[Smith, Dominic]",0.059,0.096,-0.107,0.256,0.001,0.001,7594.0,5342.0,1.0
"beta_sin[Tapia, Raimel]",-0.066,0.087,-0.229,0.097,0.001,0.001,6747.0,5337.0,1.0
"beta_sin[Ramos, Henry]",-0.019,0.105,-0.221,0.178,0.001,0.001,7587.0,6001.0,1.0
"beta_sin[Haase, Eric]",0.002,0.098,-0.177,0.192,0.001,0.001,9272.0,5754.0,1.0
"beta_sin[Miller, Brian]",0.0,0.106,-0.201,0.202,0.001,0.002,9186.0,5493.0,1.0
"beta_sin[Canha, Mark]",0.092,0.083,-0.06,0.25,0.001,0.001,5116.0,5456.0,1.0
"beta_sin[Gordon, Nick]",-0.061,0.094,-0.244,0.105,0.001,0.001,6689.0,5970.0,1.0
"beta_sin[Isbel, Kyle]",0.002,0.101,-0.195,0.19,0.001,0.001,9410.0,5535.0,1.0
"beta_sin[Bryant, Kris]",-0.003,0.091,-0.176,0.174,0.001,0.001,8985.0,5919.0,1.0
"beta_sin[Wade Jr., LaMonte]",-0.008,0.099,-0.199,0.181,0.001,0.001,8025.0,6127.0,1.0
"beta_sin[Yelich, Christian]",0.066,0.076,-0.07,0.211,0.001,0.001,7129.0,5832.0,1.0
"beta_sin[Duvall, Adam]",-0.02,0.092,-0.203,0.149,0.001,0.001,8219.0,5283.0,1.0
"beta_sin[Meadows, Austin]",-0.025,0.092,-0.204,0.147,0.001,0.001,9170.0,5971.0,1.0
"beta_sin[Arozarena, Randy]",0.044,0.068,-0.082,0.175,0.001,0.001,8889.0,5771.0,1.0
"beta_sin[Stevenson, Andrew]",-0.009,0.102,-0.213,0.172,0.001,0.001,9299.0,5979.0,1.0
"beta_sin[Bell, Josh]",-0.012,0.105,-0.224,0.179,0.001,0.001,9073.0,5685.0,1.0
"beta_sin[Peralta, David]",0.079,0.076,-0.053,0.229,0.001,0.001,6809.0,5606.0,1.0
"beta_sin[Grossman, Robbie]",0.009,0.082,-0.134,0.175,0.001,0.001,9614.0,5478.0,1.0
"beta_sin[Cave, Jake]",0.025,0.089,-0.138,0.203,0.001,0.001,8585.0,6047.0,1.0
"beta_sin[Benintendi, Andrew]",-0.037,0.067,-0.162,0.089,0.001,0.001,9186.0,6173.0,1.0
"beta_sin[Rooker, Brent]",-0.013,0.093,-0.186,0.169,0.001,0.001,9238.0,5747.0,1.0
"beta_sin[Brinson, Lewis]",0.033,0.099,-0.155,0.222,0.001,0.001,7684.0,5579.0,1.0
"beta_sin[McCutchen, Andrew]",-0.058,0.086,-0.229,0.099,0.001,0.001,8441.0,5574.0,1.0
"beta_sin[Frazier, Adam]",0.005,0.101,-0.19,0.2,0.001,0.001,8425.0,5678.0,1.0
"beta_sin[Happ, Ian]",0.054,0.065,-0.07,0.175,0.001,0.001,7677.0,5685.0,1.0
"beta_sin[Schwarber, Kyle]",0.023,0.073,-0.11,0.167,0.001,0.001,9234.0,6301.0,1.0
"beta_sin[Dozier, Hunter]",-0.009,0.102,-0.203,0.19,0.001,0.001,9110.0,5978.0,1.0
"beta_sin[Taylor, Tyrone]",-0.023,0.092,-0.194,0.154,0.001,0.001,8462.0,5750.0,1.0
"beta_sin[Marisnick, Jake]",0.006,0.099,-0.185,0.193,0.001,0.001,9732.0,5720.0,1.0
"beta_sin[Schrock, Max]",0.024,0.102,-0.162,0.228,0.001,0.001,7775.0,5387.0,1.0
"beta_sin[Alford, Anthony]",0.001,0.097,-0.176,0.193,0.001,0.001,9008.0,5363.0,1.0
"beta_sin[Gallo, Joey]",-0.005,0.086,-0.168,0.163,0.001,0.001,9222.0,6687.0,1.0
"beta_sin[Deichmann, Greg]",-0.004,0.105,-0.2,0.205,0.001,0.001,7545.0,5988.0,1.0
"beta_sin[McKenna, Ryan]",-0.051,0.095,-0.239,0.12,0.001,0.001,7898.0,5589.0,1.0
"beta_sin[Phillips, Brett]",0.002,0.103,-0.196,0.195,0.001,0.001,7905.0,5558.0,1.0
"beta_sin[McNeil, Jeff]",0.002,0.093,-0.177,0.18,0.001,0.001,8931.0,5913.0,1.0
"beta_sin[Gamel, Ben]",0.129,0.101,-0.055,0.314,0.002,0.001,4364.0,5649.0,1.0
"beta_sin[Friedl, TJ]",0.052,0.101,-0.14,0.245,0.001,0.001,7478.0,6241.0,1.0
"beta_sin[Ortega, Rafael]",-0.011,0.099,-0.198,0.181,0.001,0.001,7722.0,5612.0,1.0
"beta_sin[Slater, Austin]",0.018,0.094,-0.159,0.2,0.001,0.001,8656.0,5368.0,1.0
"beta_sin[Ramírez, Harold]",-0.018,0.093,-0.196,0.156,0.001,0.001,10449.0,5941.0,1.0
"beta_sin[Calhoun, Willie]",-0.039,0.099,-0.229,0.147,0.001,0.001,8093.0,5911.0,1.0
"beta_sin[Brown, Seth]",-0.015,0.089,-0.185,0.151,0.001,0.001,8708.0,6274.0,1.0
"beta_sin[Hernández, Teoscar]",0.013,0.086,-0.149,0.178,0.001,0.001,9431.0,5330.0,1.0
"beta_sin[Stephenson, Tyler]",0.012,0.105,-0.196,0.205,0.001,0.001,9685.0,6094.0,1.0
"beta_sin[Peters, DJ]",0.027,0.101,-0.158,0.226,0.001,0.001,9432.0,5687.0,1.0
"beta_sin[Varsho, Daulton]",-0.027,0.086,-0.193,0.131,0.001,0.001,8993.0,5959.0,1.0
"beta_sin[Dyson, Jarrod]",-0.013,0.102,-0.197,0.189,0.001,0.001,8599.0,5803.0,1.0
"beta_sin[Ward, Taylor]",0.053,0.08,-0.09,0.209,0.001,0.001,8487.0,5926.0,1.0
"beta_sin[Hilliard, Sam]",-0.016,0.092,-0.189,0.164,0.001,0.001,10007.0,5901.0,1.0
"beta_sin[Herrera, Odúbel]",0.029,0.101,-0.169,0.218,0.001,0.001,8856.0,5783.0,1.0
"beta_sin[Lagares, Juan]",0.004,0.103,-0.198,0.199,0.001,0.001,8978.0,5473.0,1.0
"beta_sin[Hernandez, Yadiel]",0.084,0.092,-0.079,0.267,0.001,0.001,6923.0,5752.0,1.0
"beta_sin[Margot, Manuel]",0.034,0.095,-0.142,0.221,0.001,0.001,8212.0,5953.0,1.0
"beta_sin[Pillar, Kevin]",-0.032,0.094,-0.217,0.142,0.001,0.001,7588.0,5737.0,1.0
"beta_sin[Nootbaar, Lars]",0.009,0.094,-0.172,0.192,0.001,0.001,8267.0,5442.0,1.0
"beta_sin[Hamilton, Billy]",-0.003,0.102,-0.191,0.197,0.001,0.001,7792.0,5033.0,1.0
"beta_sin[Castro, Willi]",-0.009,0.093,-0.189,0.171,0.001,0.001,9783.0,5929.0,1.0
"beta_sin[Peterson, Jace]",-0.04,0.105,-0.241,0.164,0.001,0.001,7649.0,5775.0,1.0
"beta_sin[Stanton, Giancarlo]",0.045,0.104,-0.139,0.257,0.001,0.001,6698.0,5263.0,1.0
"beta_sin[Smith, Pavin]",0.04,0.103,-0.156,0.232,0.001,0.001,9101.0,5830.0,1.0
"beta_sin[Díaz, Aledmys]",-0.004,0.1,-0.202,0.182,0.001,0.001,10339.0,5686.0,1.0
"beta_sin[Rojas, Jose]",0.013,0.103,-0.181,0.212,0.001,0.002,10032.0,5781.0,1.0
"beta_sin[Pham, Tommy]",-0.052,0.075,-0.199,0.083,0.001,0.001,7853.0,5444.0,1.0
"beta_sin[McCormick, Chas]",-0.067,0.089,-0.237,0.101,0.001,0.001,6724.0,5561.0,1.0
"beta_sin[Hays, Austin]",0.081,0.076,-0.064,0.223,0.001,0.001,6868.0,6430.0,1.0
"beta_sin[Beaty, Matt]",0.048,0.103,-0.152,0.244,0.001,0.001,6774.0,5655.0,1.0
"beta_sin[Wisdom, Patrick]",-0.04,0.101,-0.234,0.154,0.001,0.001,7893.0,5969.0,1.0
"beta_sin[Dickerson, Alex]",0.004,0.097,-0.18,0.189,0.001,0.001,9391.0,5804.0,1.0
"beta_sin[Baddoo, Akil]",-0.059,0.081,-0.215,0.09,0.001,0.001,8556.0,5190.0,1.0
"beta_sin[Wong, Kean]",0.011,0.105,-0.195,0.21,0.001,0.001,8970.0,6096.0,1.0
"beta_sin[Profar, Jurickson]",0.037,0.07,-0.093,0.173,0.001,0.001,9031.0,6303.0,1.0
"beta_sin[Kemp, Tony]",-0.02,0.086,-0.177,0.149,0.001,0.001,8185.0,5591.0,1.0
"beta_sin[Meyers, Jake]",-0.0,0.103,-0.194,0.2,0.001,0.001,9206.0,5914.0,1.0
"beta_sin[Cameron, Daz]",0.014,0.098,-0.158,0.221,0.001,0.001,8628.0,5710.0,1.0
"beta_sin[DeShields, Delino]",-0.015,0.105,-0.222,0.18,0.001,0.001,7370.0,5320.0,1.0
"beta_sin[Martini, Nick]",-0.038,0.105,-0.255,0.142,0.001,0.001,7242.0,5308.0,1.0
"beta_sin[Aquino, Aristides]",-0.044,0.101,-0.227,0.149,0.001,0.001,7843.0,5226.0,1.0
"beta_sin[Arraez, Luis]",0.02,0.101,-0.168,0.215,0.001,0.001,9807.0,5623.0,1.0
"beta_sin[Gurriel Jr., Lourdes]",0.035,0.07,-0.089,0.177,0.001,0.001,8141.0,5770.0,1.0
"beta_sin[Engel, Adam]",0.001,0.104,-0.205,0.191,0.001,0.001,8082.0,5425.0,1.0
"beta_sin[Martinez, J.D.]",-0.038,0.101,-0.243,0.143,0.001,0.001,7446.0,4515.0,1.0
"beta_sin[Bolt, Skye]",0.003,0.104,-0.197,0.205,0.001,0.001,10340.0,5565.0,1.0
"beta_sin[Lux, Gavin]",-0.035,0.103,-0.229,0.162,0.001,0.001,8993.0,5253.0,1.0
"beta_sin[Vilade, Ryan]",-0.02,0.103,-0.22,0.172,0.001,0.001,9449.0,5458.0,1.0
"beta_sin[Bauers, Jake]",0.026,0.097,-0.169,0.204,0.001,0.001,9104.0,5919.0,1.0
"beta_sin[Zimmer, Bradley]",-0.004,0.103,-0.212,0.184,0.001,0.001,9277.0,5941.0,1.0
"beta_sin[Gardner, Brett]",0.011,0.1,-0.177,0.211,0.001,0.001,9617.0,5596.0,1.0
"beta_sin[Santander, Anthony]",-0.074,0.102,-0.274,0.111,0.001,0.001,6206.0,5978.0,1.0
"beta_sin[Siri, Jose]",0.007,0.103,-0.193,0.202,0.001,0.001,8708.0,5776.0,1.0
"beta_sin[Vierling, Matt]",-0.001,0.096,-0.184,0.184,0.001,0.001,9175.0,5749.0,1.0
"beta_sin[Wade, Tyler]",-0.005,0.102,-0.204,0.183,0.001,0.001,9879.0,5598.0,1.0
"beta_sin[Refsnyder, Rob]",-0.052,0.093,-0.236,0.113,0.001,0.001,6812.0,5999.0,1.0
"beta_sin[Winker, Jesse]",0.05,0.078,-0.102,0.194,0.001,0.001,7722.0,6123.0,1.0
"beta_sin[De La Cruz, Bryan]",0.035,0.079,-0.115,0.187,0.001,0.001,9019.0,5877.0,1.0
"beta_sin[Rivas III, Alfonso]",-0.002,0.105,-0.21,0.196,0.001,0.001,10129.0,5217.0,1.0
"beta_sin[Martin, Jason]",-0.004,0.098,-0.196,0.181,0.001,0.001,7377.0,4699.0,1.0
"beta_sin[Joyce, Matt]",0.004,0.104,-0.187,0.212,0.001,0.002,9782.0,5385.0,1.0
"beta_sin[Marmolejos, José]",0.032,0.105,-0.164,0.239,0.001,0.001,8821.0,5390.0,1.0
"beta_sin[Adell, Jo]",0.011,0.092,-0.165,0.19,0.001,0.001,8691.0,5830.0,1.0
"beta_sin[Lowe, Josh]",-0.004,0.099,-0.207,0.174,0.001,0.001,9506.0,6067.0,1.0
"beta_sin[Myers, Wil]",-0.027,0.1,-0.213,0.167,0.001,0.001,7932.0,5359.0,1.0
"beta_sin[Naquin, Tyler]",-0.008,0.099,-0.197,0.182,0.001,0.001,9158.0,5755.0,1.0
"beta_sin[Vaughn, Andrew]",0.036,0.089,-0.125,0.213,0.001,0.001,6535.0,5352.0,1.0
"beta_sin[Gonzalez, Romy]",0.004,0.106,-0.203,0.207,0.001,0.001,8888.0,5980.0,1.0
"beta_sin[Souza Jr., Steven]",-0.001,0.102,-0.189,0.196,0.001,0.001,8947.0,5999.0,1.0
"beta_sin[Stewart, DJ]",-0.007,0.096,-0.188,0.171,0.001,0.001,8641.0,5646.0,1.0
"beta_sin[Ruiz, Rio]",-0.001,0.104,-0.207,0.196,0.001,0.001,8898.0,5469.0,1.0
"beta_sin[Sheets, Gavin]",-0.004,0.105,-0.213,0.187,0.001,0.002,9007.0,5330.0,1.0
"beta_sin[Duggar, Steven]",-0.028,0.104,-0.238,0.164,0.001,0.001,8251.0,5497.0,1.0
"beta_sin[Alfaro, Jorge]",0.027,0.105,-0.164,0.232,0.001,0.002,7603.0,4560.0,1.0
"beta_sin[Joe, Connor]",-0.046,0.091,-0.215,0.128,0.001,0.001,8468.0,6055.0,1.0
"beta_sin[Davis, Khris]",0.012,0.106,-0.182,0.221,0.001,0.001,8081.0,4961.0,1.0
"beta_sin[Fairchild, Stuart]",0.005,0.097,-0.176,0.202,0.001,0.001,8049.0,5415.0,1.0
"beta_sin[Luplow, Jordan]",-0.0,0.1,-0.19,0.19,0.001,0.001,8529.0,5779.0,1.0
"beta_sin[Akiyama, Shogo]",-0.002,0.103,-0.196,0.203,0.001,0.002,8808.0,5385.0,1.0
"beta_sin[Reyes, Pablo]",-0.003,0.102,-0.209,0.181,0.001,0.001,9408.0,5321.0,1.0
"beta_sin[Arcia, Orlando]",-0.046,0.106,-0.256,0.144,0.001,0.001,7590.0,5134.0,1.0
"beta_sin[Upton, Justin]",0.024,0.093,-0.144,0.21,0.001,0.001,9062.0,5878.0,1.0
"beta_sin[Johnson, Daniel]",-0.006,0.103,-0.203,0.19,0.001,0.001,8111.0,5342.0,1.0
"beta_sin[Bonifacio, Jorge]",0.001,0.105,-0.204,0.196,0.001,0.001,8214.0,5446.0,1.0
"beta_sin[Rojas, Josh]",-0.021,0.102,-0.217,0.167,0.001,0.001,7744.0,5212.0,1.0
"beta_sin[Olivares, Edward]",-0.044,0.096,-0.238,0.13,0.001,0.001,8485.0,5905.0,1.0
"beta_sin[Muñoz, Yairo]",-0.003,0.105,-0.209,0.193,0.001,0.001,9781.0,5774.0,1.0
"beta_sin[Thomas, Lane]",-0.01,0.096,-0.191,0.175,0.001,0.001,8248.0,5912.0,1.0
"beta_sin[Lamb, Jake]",0.003,0.104,-0.199,0.202,0.001,0.002,9285.0,5352.0,1.0
"beta_sin[Harrison, Josh]",0.033,0.103,-0.156,0.231,0.001,0.001,7795.0,5873.0,1.0
"beta_sin[Carlson, Dylan]",0.01,0.096,-0.168,0.203,0.001,0.001,10111.0,5644.0,1.0
"beta_sin[Smith, Kevin]",-0.001,0.105,-0.192,0.209,0.001,0.001,10274.0,5817.0,1.0
"beta_sin[Jones, Taylor]",-0.021,0.101,-0.22,0.171,0.001,0.001,8388.0,5666.0,1.0
"beta_sin[Drury, Brandon]",0.002,0.106,-0.186,0.214,0.001,0.001,9763.0,5620.0,1.0
"beta_sin[Tsutsugo, Yoshi]",0.005,0.102,-0.187,0.204,0.001,0.001,8908.0,6012.0,1.0
"beta_sin[Ibáñez, Andy]",-0.006,0.105,-0.208,0.189,0.001,0.001,9049.0,5523.0,1.0
"beta_sin[Hermosillo, Michael]",-0.013,0.107,-0.214,0.2,0.001,0.002,9207.0,5126.0,1.0
"beta_sin[Mateo, Jorge]",-0.001,0.103,-0.206,0.188,0.001,0.001,8234.0,5704.0,1.0
"beta_sin[Larnach, Trevor]",-0.044,0.089,-0.218,0.119,0.001,0.001,7466.0,5691.0,1.0
"beta_sin[Park, Hoy]",-0.012,0.105,-0.211,0.192,0.001,0.001,10467.0,5733.0,1.0
"beta_sin[Culberson, Charlie]",0.027,0.103,-0.162,0.233,0.001,0.001,8247.0,5924.0,1.0
"beta_sin[McKinstry, Zach]",-0.02,0.1,-0.204,0.175,0.001,0.001,8006.0,5615.0,1.0
"beta_sin[Robson, Jacob]",-0.001,0.104,-0.209,0.189,0.001,0.001,9269.0,5725.0,1.0
"beta_sin[Goodrum, Niko]",0.0,0.102,-0.195,0.196,0.001,0.001,8626.0,6031.0,1.0
"beta_sin[Cordero, Franchy]",-0.034,0.099,-0.237,0.14,0.001,0.001,7874.0,5443.0,1.0
"beta_sin[Almonte, Abraham]",0.008,0.098,-0.173,0.203,0.001,0.001,9879.0,5342.0,1.0
"beta_sin[Duran, Jarren]",-0.117,0.103,-0.315,0.066,0.001,0.001,4718.0,5799.0,1.0
"beta_sin[García, Leury]",0.005,0.101,-0.181,0.201,0.001,0.001,8868.0,5728.0,1.0
"beta_sin[Williams, Luke]",0.009,0.103,-0.191,0.204,0.001,0.001,8186.0,5638.0,1.0
"beta_sin[Evans, Phillip]",-0.003,0.103,-0.209,0.185,0.001,0.001,9429.0,5306.0,1.0
"beta_sin[Fargas, Johneshwy]",0.009,0.104,-0.189,0.208,0.001,0.001,8573.0,6191.0,1.0
"beta_sin[White, Eli]",-0.028,0.101,-0.222,0.165,0.001,0.001,8395.0,5573.0,1.0
"beta_sin[Dahl, David]",0.021,0.101,-0.165,0.225,0.001,0.001,9235.0,5262.0,1.0
"beta_sin[Reddick, Josh]",-0.003,0.105,-0.198,0.203,0.001,0.001,8339.0,5691.0,1.0
"beta_sin[VanMeter, Josh]",-0.0,0.107,-0.203,0.209,0.001,0.002,9372.0,5178.0,1.0
"beta_sin[Allen, Greg]",0.024,0.102,-0.168,0.219,0.001,0.001,10489.0,6439.0,1.0
"beta_sin[Estrada, Thairo]",0.0,0.103,-0.196,0.193,0.001,0.001,7512.0,5423.0,1.0
"beta_sin[Oliva, Jared]",-0.024,0.104,-0.216,0.18,0.001,0.002,8370.0,5584.0,1.0
"beta_sin[Parra, Gerardo]",0.012,0.104,-0.186,0.214,0.001,0.002,9037.0,5270.0,1.0
"beta_sin[Biggio, Cavan]",-0.006,0.103,-0.2,0.197,0.001,0.001,9168.0,5743.0,1.0
"beta_sin[Long Jr., Shed]",0.015,0.101,-0.17,0.21,0.001,0.001,9267.0,5374.0,1.0
"beta_sin[Sierra, Magneuris]",-0.003,0.102,-0.189,0.201,0.001,0.001,8705.0,5951.0,1.0
"beta_sin[Raley, Luke]",0.009,0.091,-0.17,0.184,0.001,0.001,8262.0,5580.0,1.0
"beta_sin[LaMarre, Ryan]",-0.005,0.103,-0.206,0.191,0.001,0.001,8048.0,4820.0,1.0
"beta_sin[Bradley Jr., Jackie]",-0.055,0.107,-0.259,0.146,0.001,0.001,7335.0,6354.0,1.0
"beta_sin[Tauchman, Mike]",0.028,0.097,-0.146,0.219,0.001,0.001,9961.0,5913.0,1.0
"beta_sin[Berti, Jon]",0.016,0.101,-0.177,0.212,0.001,0.001,7824.0,5951.0,1.0
"beta_sin[Goodwin, Brian]",-0.013,0.103,-0.213,0.185,0.001,0.001,9343.0,5535.0,1.0
"beta_sin[Thomas, Dillon]",-0.003,0.104,-0.215,0.185,0.001,0.002,10300.0,5543.0,1.0
"beta_sin[Reks, Zach]",-0.021,0.105,-0.225,0.174,0.001,0.002,7955.0,5179.0,1.0
"beta_sin[Owings, Chris]",-0.009,0.102,-0.203,0.181,0.001,0.001,8067.0,5140.0,1.0
"beta_sin[Lowe, Brandon]",-0.008,0.105,-0.206,0.193,0.001,0.001,8029.0,5467.0,1.0
"beta_sin[Locastro, Tim]",0.032,0.103,-0.172,0.224,0.001,0.001,8491.0,5410.0,1.0
"beta_sin[Sánchez, Jesús]",0.024,0.098,-0.159,0.214,0.001,0.001,8021.0,6064.0,1.0
"beta_sin[Heredia, Guillermo]",-0.009,0.101,-0.198,0.184,0.001,0.001,8763.0,5972.0,1.0
"beta_sin[Jankowski, Travis]",-0.016,0.094,-0.198,0.159,0.001,0.001,8340.0,5888.0,1.0
"beta_sin[Wilson, Jacob]",-0.003,0.104,-0.202,0.199,0.001,0.001,9708.0,5402.0,1.0
"beta_sin[Pederson, Joc]",0.062,0.089,-0.102,0.232,0.001,0.001,6719.0,5681.0,1.0
"beta_sin[Clement, Ernie]",0.023,0.103,-0.174,0.221,0.001,0.002,9906.0,5557.0,1.0
"beta_sin[Valaika, Pat]",-0.006,0.105,-0.205,0.199,0.001,0.001,9199.0,5286.0,1.0
"beta_sin[Pinder, Chad]",-0.017,0.097,-0.204,0.167,0.001,0.001,8625.0,5645.0,1.0
"beta_sin[Andujar, Miguel]",-0.033,0.088,-0.202,0.133,0.001,0.001,8611.0,5958.0,1.0
"beta_sin[McKinney, Billy]",0.012,0.099,-0.172,0.206,0.001,0.002,8988.0,5263.0,1.0
"beta_sin[Vosler, Jason]",-0.009,0.104,-0.217,0.182,0.001,0.001,9413.0,5905.0,1.0
"beta_sin[Gonzalez, Marwin]",0.005,0.102,-0.189,0.199,0.001,0.001,9842.0,6153.0,1.0
"beta_sin[Kirilloff, Alex]",0.006,0.095,-0.174,0.189,0.001,0.001,8184.0,5763.0,1.0
"beta_sin[Daza, Yonathan]",0.022,0.099,-0.169,0.214,0.001,0.001,8597.0,5912.0,1.0
"beta_sin[Davis, Jaylin]",0.01,0.103,-0.172,0.22,0.001,0.001,7716.0,5419.0,1.0
"beta_sin[Tom, Ka'ai]",-0.018,0.101,-0.21,0.177,0.001,0.001,8245.0,5507.0,1.0
"beta_sin[Schebler, Scott]",-0.01,0.105,-0.217,0.185,0.001,0.001,9091.0,5585.0,1.0
"beta_sin[O'Hearn, Ryan]",0.002,0.102,-0.201,0.189,0.001,0.001,9226.0,5379.0,1.0
"beta_sin[Frazier, Clint]",-0.006,0.1,-0.19,0.195,0.001,0.001,8545.0,5814.0,1.0
"beta_sin[Mountcastle, Ryan]",0.017,0.099,-0.176,0.2,0.001,0.001,7984.0,5485.0,1.0
"beta_sin[González, Luis]",-0.075,0.106,-0.286,0.111,0.002,0.001,4748.0,5282.0,1.0
"beta_sin[Williams, Mason]",-0.002,0.105,-0.199,0.206,0.001,0.001,8164.0,5273.0,1.0
"beta_sin[Stubbs, Garrett]",-0.001,0.104,-0.203,0.193,0.001,0.001,7600.0,5451.0,1.0
"beta_sin[Wilkerson, Stevie]",-0.002,0.104,-0.197,0.197,0.001,0.001,8110.0,5907.0,1.0
"beta_sin[Merrifield, Whit]",-0.086,0.098,-0.275,0.091,0.001,0.001,6204.0,5147.0,1.0
"beta_sin[Heineman, Scott]",-0.003,0.106,-0.196,0.208,0.001,0.002,8252.0,5042.0,1.0
"beta_sin[Fuentes, Joshua]",-0.002,0.105,-0.208,0.198,0.001,0.001,8834.0,5566.0,1.0
"beta_sin[O'Grady, Brian]",-0.006,0.106,-0.209,0.198,0.001,0.001,8853.0,5773.0,1.0
"beta_sin[Trammell, Taylor]",0.015,0.099,-0.17,0.21,0.001,0.001,9548.0,5777.0,1.0
"beta_sin[Adrianza, Ehire]",0.001,0.104,-0.199,0.202,0.001,0.001,8967.0,6174.0,1.0
"beta_sin[Walton, Donovan]",-0.002,0.103,-0.192,0.2,0.001,0.002,9595.0,5590.0,1.0
"beta_sin[Blankenhorn, Travis]",0.007,0.106,-0.191,0.212,0.001,0.002,7854.0,5302.0,1.0
"beta_sin[Marcano, Tucupita]",0.016,0.102,-0.186,0.204,0.001,0.001,7875.0,5714.0,1.0
"beta_sin[Kelenic, Jarred]",0.051,0.086,-0.104,0.224,0.001,0.001,8087.0,6168.0,1.0
"beta_sin[Hiura, Keston]",0.01,0.106,-0.202,0.205,0.001,0.001,8518.0,5606.0,1.0
"beta_sin[Garlick, Kyle]",0.024,0.102,-0.175,0.218,0.001,0.001,8904.0,5350.0,1.0
"beta_sin[Quinn, Roman]",0.022,0.104,-0.178,0.22,0.001,0.001,7581.0,5606.0,1.0
"beta_sin[Williams, Justin]",0.03,0.103,-0.172,0.218,0.001,0.001,8676.0,5124.0,1.0
"beta_sin[Vargas, Ildemaro]",0.013,0.103,-0.184,0.205,0.001,0.001,9127.0,5990.0,1.0
"beta_sin[Ozuna, Marcell]",0.035,0.092,-0.133,0.216,0.001,0.001,9294.0,5918.0,1.0
"beta_sin[Eaton, Adam]",-0.006,0.106,-0.22,0.187,0.001,0.001,8039.0,5625.0,1.0
"beta_sin[Miller, Brad]",-0.022,0.101,-0.222,0.165,0.001,0.001,8262.0,6229.0,1.0
"beta_sin[Maybin, Cameron]",-0.011,0.106,-0.22,0.185,0.001,0.001,8825.0,5428.0,1.0
"beta_sin[Haggerty, Sam]",0.066,0.097,-0.106,0.261,0.001,0.001,6751.0,6134.0,1.0
"beta_sin[Barrera, Luis]",0.005,0.102,-0.179,0.207,0.001,0.001,8196.0,5973.0,1.0
"beta_sin[Hager, Jake]",-0.001,0.103,-0.2,0.19,0.001,0.001,8451.0,6114.0,1.0
"beta_sin[Neuse, Sheldon]",0.0,0.105,-0.186,0.214,0.001,0.001,9609.0,5656.0,1.0
"beta_sin[Duffy, Matt]",0.006,0.103,-0.184,0.21,0.001,0.001,8177.0,5563.0,1.0
"beta_sin[Jay, Jon]",-0.022,0.107,-0.233,0.177,0.001,0.001,8753.0,5473.0,1.0
"beta_sin[García, Adolis]",-0.014,0.105,-0.219,0.18,0.001,0.002,9741.0,5676.0,1.0
"beta_sin[Mathisen, Wyatt]",0.002,0.104,-0.206,0.189,0.001,0.002,9300.0,5674.0,1.0
"beta_sin[Hoerner, Nico]",-0.006,0.105,-0.221,0.188,0.001,0.001,9230.0,5458.0,1.0
"beta_sin[Castro, Harold]",-0.032,0.105,-0.233,0.161,0.001,0.001,7534.0,5214.0,1.0
"beta_sin[Payton, Mark]",-0.008,0.103,-0.205,0.189,0.001,0.001,7300.0,5676.0,1.0
"beta_sin[Lin, Tzu-Wei]",-0.0,0.104,-0.193,0.202,0.001,0.001,7921.0,5919.0,1.0
"beta_sin[Nimmo, Brandon]",0.055,0.093,-0.125,0.23,0.001,0.001,7123.0,5617.0,1.0
"beta_sin[Ohtani, Shohei]",-0.0,0.104,-0.208,0.195,0.001,0.001,9568.0,6124.0,1.0
"beta_sin[Bemboom, Anthony]",-0.001,0.105,-0.198,0.2,0.001,0.001,9926.0,5453.0,1.0
"beta_sin[Reynolds, Bryan]",-0.038,0.076,-0.185,0.1,0.001,0.001,6971.0,6119.0,1.0
"beta_sin[Dean, Austin]",0.012,0.104,-0.186,0.211,0.001,0.001,8556.0,5478.0,1.0
"beta_sin[Palacios, Joshua]",0.016,0.1,-0.181,0.202,0.001,0.001,9116.0,5621.0,1.0
"beta_sin[Blandino, Alex]",-0.0,0.104,-0.201,0.2,0.001,0.001,10796.0,5501.0,1.0
"beta_sin[Jones, JaCoby]",-0.012,0.103,-0.2,0.193,0.001,0.001,9949.0,5911.0,1.0
"beta_sin[Musgrove, Joe]",-0.002,0.104,-0.2,0.196,0.001,0.001,8053.0,5798.0,1.0
"beta_sin[Young, Andrew]",0.003,0.104,-0.207,0.194,0.001,0.001,8297.0,6084.0,1.0
"beta_sin[Williams, Nick]",0.003,0.103,-0.194,0.204,0.001,0.001,8305.0,5308.0,1.0
"beta_sin[Bishop, Braden]",0.003,0.105,-0.193,0.203,0.001,0.001,7966.0,5521.0,1.0
"beta_sin[Pérez, Hernán]",-0.002,0.101,-0.202,0.188,0.001,0.001,9825.0,6132.0,1.0
"beta_sin[Brosseau, Mike]",-0.002,0.11,-0.208,0.215,0.001,0.002,10126.0,5917.0,1.0
"beta_sin[Haseley, Adam]",0.001,0.103,-0.201,0.194,0.001,0.001,9814.0,5103.0,1.0
"beta_sin[Freeman, Mike]",-0.001,0.104,-0.201,0.194,0.001,0.002,8750.0,5539.0,1.0
"beta_sin[Farmer, Kyle]",-0.001,0.103,-0.185,0.203,0.001,0.001,9395.0,6021.0,1.0
"beta_sin[Davis, Jonathan]",0.004,0.104,-0.181,0.219,0.001,0.002,9316.0,4994.0,1.0
"beta_sin[Inciarte, Ender]",-0.005,0.105,-0.208,0.197,0.001,0.001,9281.0,4918.0,1.0
"beta_sin[Reyes, Victor]",-0.013,0.101,-0.211,0.175,0.001,0.001,10261.0,5654.0,1.0
"beta_sin[Kingery, Scott]",-0.014,0.104,-0.215,0.181,0.001,0.001,8844.0,5542.0,1.0
"beta_sin[Almora Jr., Albert]",0.032,0.1,-0.15,0.233,0.001,0.001,8547.0,5646.0,1.0
"beta_sin[Cabrera, Oswaldo]",0.016,0.098,-0.181,0.196,0.001,0.001,8647.0,5771.0,1.0
"beta_sin[Kwan, Steven]",-0.095,0.074,-0.236,0.041,0.001,0.001,5379.0,5840.0,1.0
"beta_sin[Thompson, Trayce]",0.017,0.099,-0.173,0.21,0.001,0.001,8670.0,4867.0,1.0
"beta_sin[Hicks, Aaron]",-0.029,0.09,-0.205,0.139,0.001,0.001,8608.0,5292.0,1.0
"beta_sin[Vavra, Terrin]",0.025,0.104,-0.181,0.219,0.001,0.001,8976.0,5955.0,1.0
"beta_sin[Velázquez, Nelson]",-0.007,0.098,-0.19,0.187,0.001,0.001,9379.0,5712.0,1.0
"beta_sin[Smith, Josh]",-0.043,0.099,-0.234,0.143,0.001,0.001,8235.0,5006.0,1.0
"beta_sin[Thompson, Bubba]",-0.048,0.097,-0.238,0.128,0.001,0.001,7141.0,5777.0,1.0
"beta_sin[Azócar, José]",0.023,0.102,-0.164,0.224,0.001,0.001,8887.0,5849.0,1.0
"beta_sin[Bouchard, Sean]",0.018,0.098,-0.162,0.21,0.001,0.001,8803.0,5473.0,1.0
"beta_sin[Hernández, César]",-0.005,0.105,-0.211,0.194,0.001,0.001,9264.0,5691.0,1.0
"beta_sin[Brennan, Will]",0.032,0.104,-0.163,0.238,0.001,0.001,7835.0,5931.0,1.0
"beta_sin[Hensley, David]",0.012,0.103,-0.188,0.204,0.001,0.001,8739.0,5933.0,1.0
"beta_sin[Vargas, Miguel]",0.036,0.098,-0.143,0.233,0.001,0.001,7041.0,5861.0,1.0
"beta_sin[Bleday, JJ]",-0.0,0.096,-0.173,0.19,0.001,0.001,9222.0,6084.0,1.0
"beta_sin[Carroll, Corbin]",0.04,0.093,-0.128,0.232,0.001,0.001,6984.0,5716.0,1.0
"beta_sin[Suwinski, Jack]",-0.046,0.092,-0.236,0.111,0.001,0.001,7412.0,5934.0,1.0
"beta_sin[Burdick, Peyton]",0.018,0.106,-0.18,0.226,0.001,0.002,9934.0,5419.0,1.0
"beta_sin[Waters, Drew]",-0.003,0.103,-0.196,0.2,0.001,0.001,8272.0,5233.0,1.0
"beta_sin[Mancini, Trey]",-0.001,0.104,-0.196,0.2,0.001,0.001,8375.0,5772.0,1.0
"beta_sin[Melendez, MJ]",0.007,0.083,-0.15,0.164,0.001,0.001,9178.0,5800.0,1.0
"beta_sin[Call, Alex]",0.041,0.097,-0.141,0.231,0.001,0.001,7778.0,5774.0,1.0
"beta_sin[Bae, Ji Hwan]",-0.004,0.103,-0.204,0.19,0.001,0.001,10164.0,6283.0,1.0
"beta_sin[Yepez, Juan]",0.029,0.104,-0.16,0.24,0.001,0.001,9740.0,5661.0,1.0
"beta_sin[Mathias, Mark]",-0.001,0.105,-0.192,0.21,0.001,0.001,8743.0,5922.0,1.0
"beta_sin[Contreras, Mark]",-0.007,0.104,-0.217,0.185,0.001,0.002,8927.0,5048.0,1.0
"beta_sin[Calhoun, Kole]",0.022,0.1,-0.163,0.218,0.001,0.001,7515.0,5785.0,1.0
"beta_sin[Stowers, Kyle]",-0.011,0.097,-0.205,0.17,0.001,0.001,8505.0,5729.0,1.0
"beta_sin[Moniak, Mickey]",0.003,0.101,-0.195,0.196,0.001,0.001,9955.0,5627.0,1.0
"beta_sin[Dubón, Mauricio]",-0.019,0.097,-0.204,0.167,0.001,0.001,8006.0,4997.0,1.0
"beta_sin[Garrett, Stone]",-0.005,0.095,-0.182,0.184,0.001,0.001,8484.0,5774.0,1.0
"beta_sin[Lopez, Alejo]",-0.004,0.103,-0.202,0.188,0.001,0.001,8916.0,5622.0,1.0
"beta_sin[McCarthy, Jake]",0.038,0.098,-0.139,0.24,0.001,0.001,7443.0,5424.0,1.0
"beta_sin[Encarnacion, Jerar]",-0.017,0.102,-0.227,0.167,0.001,0.001,8207.0,5369.0,1.0
"beta_sin[Donovan, Brendan]",-0.022,0.088,-0.191,0.141,0.001,0.001,9257.0,6126.0,1.0
"beta_sin[Benson, Will]",-0.021,0.092,-0.205,0.149,0.001,0.001,7528.0,5298.0,1.0
"beta_sin[Thomas, Cody]",0.015,0.103,-0.184,0.212,0.001,0.001,8379.0,5390.0,1.0
"beta_sin[Palacios, Richie]",-0.034,0.097,-0.224,0.15,0.001,0.001,8546.0,5679.0,1.0
"beta_sin[Garcia, Dérmis]",-0.013,0.105,-0.215,0.184,0.001,0.001,8730.0,5401.0,1.0
"beta_sin[Burleson, Alec]",0.024,0.093,-0.158,0.196,0.001,0.001,9945.0,6428.0,1.0
"beta_sin[Carpenter, Kerry]",-0.028,0.102,-0.229,0.159,0.001,0.001,7571.0,5300.0,1.0
"beta_sin[Solak, Nick]",-0.01,0.104,-0.204,0.19,0.001,0.002,8680.0,5101.0,1.0
"beta_sin[Eaton, Nate]",-0.009,0.104,-0.218,0.184,0.001,0.001,8841.0,5928.0,1.0
"beta_sin[Gore, Terrance]",-0.002,0.105,-0.209,0.19,0.001,0.001,8475.0,5449.0,1.0
"beta_sin[Florial, Estevan]",0.008,0.104,-0.194,0.205,0.001,0.001,9231.0,5779.0,1.0
"beta_sin[Morel, Christopher]",0.023,0.104,-0.179,0.221,0.001,0.002,8020.0,5028.0,1.0
"beta_sin[Stevenson, Cal]",0.003,0.106,-0.194,0.21,0.001,0.001,7618.0,5526.0,1.0
"beta_sin[Ruiz, Esteury]",0.014,0.101,-0.179,0.208,0.001,0.001,7399.0,5553.0,1.0
"beta_sin[Johnson, Bryce]",-0.007,0.104,-0.194,0.2,0.001,0.001,8538.0,5370.0,1.0
"beta_sin[Aguilar, Ryan]",0.001,0.105,-0.192,0.208,0.001,0.002,8551.0,4717.0,1.0
"beta_sin[Anderson, Brian]",-0.02,0.103,-0.23,0.169,0.001,0.001,9136.0,6079.0,1.0
"beta_sin[Maton, Nick]",-0.011,0.105,-0.217,0.185,0.001,0.002,11468.0,5980.0,1.0
"beta_sin[Sosa, Edmundo]",-0.001,0.106,-0.206,0.201,0.001,0.001,8454.0,5388.0,1.0
"beta_sin[Beckham, Tim]",0.007,0.105,-0.201,0.195,0.001,0.001,9060.0,5694.0,1.0
"beta_sin[Bernard, Wynton]",0.0,0.106,-0.196,0.204,0.001,0.002,9873.0,5790.0,1.0
"beta_sin[Pratto, Nick]",-0.011,0.103,-0.206,0.185,0.001,0.001,9347.0,5501.0,1.0
"beta_sin[Celestino, Gilberto]",-0.009,0.1,-0.2,0.185,0.001,0.001,9560.0,6100.0,1.0
"beta_sin[Hernandez, Elier]",-0.008,0.104,-0.216,0.181,0.001,0.001,8508.0,5374.0,1.0
"beta_sin[Piscotty, Stephen]",0.002,0.105,-0.186,0.21,0.001,0.001,9170.0,5616.0,1.0
"beta_sin[Lewis, Kyle]",0.0,0.103,-0.205,0.192,0.001,0.001,8477.0,5722.0,1.0
"beta_sin[Meneses, Joey]",-0.002,0.104,-0.203,0.193,0.001,0.001,10667.0,5759.0,1.0
"beta_sin[Outman, James]",0.005,0.103,-0.19,0.206,0.001,0.001,7979.0,5427.0,1.0
"beta_sin[Madris, Bligh]",-0.022,0.104,-0.219,0.178,0.001,0.001,7955.0,5083.0,1.0
"beta_sin[Reynolds, Matt]",0.004,0.104,-0.195,0.208,0.001,0.001,8744.0,5316.0,1.0
"beta_sin[Marsh, Brandon]",-0.033,0.084,-0.196,0.118,0.001,0.001,8232.0,5396.0,1.0
"beta_sin[Mercedes, Yermín]",-0.003,0.102,-0.207,0.183,0.001,0.001,8933.0,5980.0,1.0
"beta_sin[Carpenter, Matt]",-0.024,0.107,-0.228,0.178,0.001,0.002,8970.0,5203.0,1.0
"beta_sin[Soler, Jorge]",-0.023,0.098,-0.202,0.176,0.001,0.001,7910.0,5391.0,1.0
"beta_sin[Clemens, Kody]",0.015,0.105,-0.176,0.223,0.001,0.001,11291.0,5913.0,1.0
"beta_sin[Harrison, Monte]",0.003,0.104,-0.192,0.203,0.001,0.001,9584.0,5536.0,1.0
"beta_sin[Hummel, Cooper]",-0.017,0.101,-0.207,0.179,0.001,0.001,8465.0,5269.0,1.0
"beta_sin[Mazara, Nomar]",-0.003,0.108,-0.211,0.196,0.001,0.002,8478.0,5523.0,1.0
"beta_sin[Batten, Matthew]",-0.005,0.104,-0.198,0.206,0.001,0.001,7768.0,4809.0,1.0
"beta_sin[Alvarez, Eddy]",-0.002,0.106,-0.215,0.188,0.001,0.001,10546.0,6439.0,1.0
"beta_sin[Reyes, Franmil]",-0.005,0.103,-0.203,0.191,0.001,0.001,11154.0,5609.0,1.0
"beta_sin[Smith-Njigba, Canaan]",-0.018,0.104,-0.216,0.182,0.001,0.001,8793.0,5778.0,1.0
"beta_sin[Ramos, Heliot]",0.036,0.098,-0.147,0.221,0.001,0.001,9033.0,5874.0,1.0
"beta_sin[Swaggerty, Travis]",0.0,0.104,-0.196,0.205,0.001,0.002,10231.0,5785.0,1.0
"beta_sin[Walker, Steele]",-0.014,0.106,-0.22,0.188,0.001,0.001,7522.0,5151.0,1.0
"beta_sin[Plummer, Nick]",0.017,0.105,-0.178,0.226,0.001,0.002,9360.0,5395.0,1.0
"beta_sin[Strange-Gordon, Dee]",-0.001,0.104,-0.21,0.19,0.001,0.001,9030.0,5208.0,1.0
"beta_sin[Rosario, Amed]",0.002,0.104,-0.198,0.202,0.001,0.001,9271.0,5799.0,1.0
"beta_sin[Contreras, William]",-0.019,0.105,-0.223,0.176,0.001,0.002,8264.0,5752.0,1.0
"beta_sin[Demeritte, Travis]",0.006,0.104,-0.198,0.197,0.001,0.001,9652.0,5894.0,1.0
"beta_sin[Walsh, Jared]",-0.004,0.103,-0.214,0.183,0.001,0.001,7908.0,5319.0,1.0
"beta_sin[Mayfield, Jack]",-0.013,0.104,-0.225,0.178,0.001,0.001,8700.0,6109.0,1.0
"beta_sin[Krizan, Jason]",-0.008,0.105,-0.207,0.194,0.001,0.001,9517.0,5622.0,1.0
"beta_sin[Mendick, Danny]",-0.005,0.105,-0.2,0.205,0.001,0.001,8633.0,5574.0,1.0
"beta_sin[Castellanos, Nick]",-0.0,0.104,-0.205,0.199,0.001,0.001,9153.0,5590.0,1.0
"beta_sin[Capel, Conner]",-0.047,0.102,-0.257,0.128,0.001,0.001,8670.0,5918.0,1.0
"beta_sin[Cruz, Oneil]",-0.001,0.103,-0.204,0.192,0.001,0.001,9331.0,5021.0,1.0
"beta_sin[Carter, Evan]",-0.037,0.095,-0.216,0.148,0.001,0.001,8638.0,5710.0,1.0
"beta_sin[Wallner, Matt]",-0.015,0.097,-0.2,0.171,0.001,0.001,9559.0,5657.0,1.0
"beta_sin[Pache, Cristian]",-0.015,0.101,-0.208,0.18,0.001,0.001,7634.0,5449.0,1.0
"beta_sin[Abreu, Wilyer]",-0.011,0.102,-0.216,0.175,0.001,0.001,10189.0,6071.0,1.0
"beta_sin[Pereira, Everson]",-0.023,0.1,-0.225,0.16,0.001,0.001,8100.0,4917.0,1.0
"beta_sin[Senzel, Nick]",-0.042,0.102,-0.246,0.14,0.001,0.001,6699.0,5551.0,1.0
"beta_sin[Grichuk, Randal]",-0.008,0.092,-0.192,0.163,0.001,0.001,10300.0,5699.0,1.0
"beta_sin[Alu, Jake]",-0.018,0.101,-0.211,0.171,0.001,0.001,8314.0,5964.0,1.0
"beta_sin[Kjerstad, Heston]",-0.016,0.105,-0.224,0.177,0.001,0.001,9031.0,5375.0,1.0
"beta_sin[Conforto, Michael]",0.064,0.092,-0.103,0.24,0.001,0.001,6740.0,6067.0,1.0
"beta_sin[Canzone, Dominic]",-0.004,0.096,-0.184,0.18,0.001,0.001,10215.0,6601.0,1.0
"beta_sin[Jones, Nolan]",0.013,0.088,-0.163,0.172,0.001,0.001,11972.0,6220.0,1.0
"beta_sin[Eden, Cam]",-0.0,0.104,-0.195,0.195,0.001,0.001,9073.0,5437.0,1.0
"beta_sin[Matos, Luis]",-0.001,0.102,-0.191,0.201,0.001,0.001,9293.0,5898.0,1.0
"beta_sin[Steer, Spencer]",-0.021,0.087,-0.182,0.148,0.001,0.001,9499.0,6267.0,1.0
"beta_sin[Blanco, Dairon]",-0.027,0.099,-0.225,0.152,0.001,0.001,8240.0,6073.0,1.0
"beta_sin[Soto, Juan]",-0.111,0.092,-0.287,0.054,0.001,0.001,4549.0,5756.0,1.0
"beta_sin[Hernández, Enrique]",0.007,0.101,-0.182,0.202,0.001,0.001,9435.0,5311.0,1.0
"beta_sin[Wall, Forrest]",0.002,0.102,-0.185,0.202,0.001,0.001,9220.0,4845.0,1.0
"beta_sin[Kiner-Falefa, Isiah]",0.002,0.1,-0.176,0.21,0.001,0.001,8210.0,5350.0,1.0
"beta_sin[Yoshida, Masataka]",-0.034,0.093,-0.209,0.144,0.001,0.001,9395.0,5861.0,1.0
"beta_sin[Frelick, Sal]",-0.025,0.101,-0.221,0.16,0.001,0.001,9066.0,6129.0,1.0
"beta_sin[Rutherford, Blake]",-0.012,0.103,-0.21,0.186,0.001,0.001,8583.0,6025.0,1.0
"beta_sin[Yastrzemski, Mike]",-0.003,0.102,-0.199,0.189,0.001,0.001,6828.0,5620.0,1.0
"beta_sin[Remillard, Zach]",-0.014,0.104,-0.215,0.177,0.001,0.001,8567.0,5601.0,1.0
"beta_sin[Haniger, Mitch]",-0.012,0.097,-0.204,0.17,0.001,0.001,8560.0,5653.0,1.0
"beta_sin[Hampson, Garrett]",-0.027,0.1,-0.223,0.163,0.001,0.001,9330.0,5497.0,1.0
"beta_sin[Duran, Ezequiel]",-0.033,0.099,-0.224,0.155,0.001,0.001,8226.0,5318.0,1.0
"beta_sin[Adams, Jordyn]",-0.004,0.103,-0.205,0.192,0.001,0.002,10127.0,5568.0,1.0
"beta_sin[Sabol, Blake]",0.038,0.104,-0.157,0.245,0.001,0.001,8303.0,5533.0,1.0
"beta_sin[Marlowe, Cade]",-0.011,0.098,-0.189,0.185,0.001,0.001,9797.0,5677.0,1.0
"beta_sin[Taylor, Samad]",0.012,0.104,-0.185,0.213,0.001,0.001,8145.0,5934.0,1.0
"beta_sin[Greene, Riley]",-0.022,0.092,-0.206,0.144,0.001,0.001,7796.0,5796.0,1.0
"beta_sin[Meckler, Wade]",-0.008,0.104,-0.218,0.183,0.001,0.001,8755.0,5410.0,1.0
"beta_sin[Martínez, J.P.]",0.01,0.101,-0.189,0.196,0.001,0.001,8602.0,5450.0,1.0
"beta_sin[Schneider, Davis]",-0.004,0.092,-0.173,0.173,0.001,0.001,7711.0,5866.0,1.0
"beta_sin[Gonzalez, Oscar]",-0.016,0.105,-0.215,0.183,0.001,0.001,8339.0,5308.0,1.0
"beta_sin[Julks, Corey]",-0.04,0.091,-0.213,0.126,0.001,0.001,7933.0,5901.0,1.0
"beta_sin[Siani, Michael]",0.002,0.104,-0.207,0.192,0.001,0.001,8855.0,5574.0,1.0
"beta_sin[Hopkins, TJ]",-0.008,0.106,-0.214,0.191,0.001,0.001,9233.0,5863.0,1.0
"beta_sin[García, Avisaíl]",-0.028,0.104,-0.234,0.165,0.001,0.001,7807.0,6057.0,1.0
"beta_sin[Lukes, Nathan]",0.022,0.103,-0.174,0.225,0.001,0.001,6525.0,4889.0,1.0
"beta_sin[Wilson, Weston]",0.015,0.103,-0.181,0.218,0.001,0.002,10898.0,5400.0,1.0
"beta_sin[Cowser, Colton]",-0.025,0.089,-0.203,0.137,0.001,0.001,9382.0,6033.0,1.0
"beta_sin[Perkins, Blake]",0.007,0.103,-0.188,0.211,0.001,0.002,9287.0,5524.0,1.0
"beta_sin[Rengifo, Luis]",-0.024,0.105,-0.224,0.181,0.001,0.001,9608.0,5640.0,1.0
"beta_sin[Chavis, Michael]",-0.003,0.107,-0.202,0.209,0.001,0.001,8815.0,4458.0,1.0
"beta_sin[Kohlwey, Taylor]",-0.004,0.104,-0.202,0.197,0.001,0.001,9455.0,6226.0,1.0
"beta_sin[Lopez, Nicky]",-0.002,0.103,-0.203,0.191,0.001,0.001,8927.0,6145.0,1.0
"beta_sin[DeLuca, Jonny]",-0.033,0.104,-0.233,0.161,0.001,0.001,8148.0,5358.0,1.0
"beta_sin[Walker, Jordan]",-0.002,0.101,-0.201,0.185,0.001,0.001,8460.0,5582.0,1.0
"beta_sin[Fry, David]",-0.008,0.102,-0.202,0.191,0.001,0.001,8834.0,5750.0,1.0
"beta_sin[Freeman, Tyler]",-0.0,0.108,-0.226,0.194,0.001,0.002,10292.0,5115.0,1.0
"beta_sin[Fletcher, Dominic]",0.015,0.104,-0.188,0.211,0.001,0.001,6562.0,5735.0,1.0
"beta_sin[Heyward, Jason]",0.007,0.106,-0.181,0.223,0.001,0.001,8987.0,5112.0,1.0
"beta_sin[Noda, Ryan]",0.002,0.104,-0.205,0.195,0.001,0.001,9153.0,5506.0,1.0
"beta_sin[Miller, Owen]",-0.002,0.107,-0.198,0.216,0.001,0.001,9245.0,5503.0,1.0
"beta_sin[Guthrie, Dalton]",-0.002,0.105,-0.213,0.193,0.001,0.001,8478.0,5573.0,1.0
"beta_sin[Mastrobuoni, Miles]",-0.001,0.103,-0.191,0.206,0.001,0.001,8796.0,5938.0,1.0
"beta_sin[Wiemer, Joey]",-0.008,0.105,-0.193,0.209,0.001,0.001,7416.0,4773.0,1.0
"beta_sin[Wisely, Brett]",-0.002,0.105,-0.201,0.205,0.001,0.001,7462.0,5361.0,1.0
"beta_sin[Toglia, Michael]",-0.011,0.105,-0.219,0.182,0.001,0.001,8335.0,5142.0,1.0
"beta_sin[Chourio, Jackson]",0.12,0.106,-0.068,0.329,0.002,0.001,4241.0,6147.0,1.0
"beta_sin[Laureano, Ramón]",0.007,0.101,-0.185,0.203,0.001,0.001,9186.0,5847.0,1.0
"beta_sin[Dunn, Blake]",-0.004,0.103,-0.208,0.193,0.001,0.001,9363.0,6157.0,1.0
"beta_sin[Beck, Jordan]",0.046,0.103,-0.144,0.243,0.001,0.001,7759.0,6221.0,1.0
"beta_sin[DeLoach, Zach]",-0.001,0.102,-0.199,0.195,0.001,0.001,9092.0,5689.0,1.0
"beta_sin[Domínguez, Jasson]",-0.016,0.103,-0.214,0.177,0.001,0.001,9717.0,6116.0,1.0
"beta_sin[Schuemann, Max]",0.015,0.103,-0.192,0.205,0.001,0.001,9890.0,5242.0,1.0
"beta_sin[Loperfido, Joey]",-0.095,0.106,-0.307,0.086,0.001,0.001,5419.0,5949.0,1.0
"beta_sin[Conine, Griffin]",-0.013,0.104,-0.214,0.18,0.001,0.001,8564.0,6023.0,1.0
"beta_sin[Wood, James]",-0.034,0.094,-0.215,0.144,0.001,0.001,9502.0,5901.0,1.0
"beta_sin[Langford, Wyatt]",0.007,0.09,-0.172,0.17,0.001,0.001,9343.0,6345.0,1.0
"beta_sin[Collins, Isaac]",-0.01,0.105,-0.215,0.187,0.001,0.001,7600.0,5003.0,1.0
"beta_sin[Cook, Billy]",0.011,0.105,-0.194,0.208,0.001,0.001,9126.0,6086.0,1.0
"beta_sin[Martin, Austin]",0.019,0.101,-0.17,0.219,0.001,0.001,7673.0,4946.0,1.0
"beta_sin[Martínez, Angel]",-0.01,0.105,-0.211,0.191,0.001,0.002,9541.0,5373.0,1.0
"beta_sin[Robles, Victor]",0.013,0.102,-0.171,0.213,0.001,0.001,8058.0,5404.0,1.0
"beta_sin[Pages, Andy]",0.011,0.105,-0.182,0.219,0.001,0.001,8899.0,5996.0,1.0
"beta_sin[Myers, Dane]",-0.01,0.105,-0.201,0.199,0.001,0.001,8099.0,5923.0,1.0
"beta_sin[Fabian, Sandro]",-0.001,0.105,-0.207,0.204,0.001,0.001,8831.0,5662.0,1.0
"beta_sin[Hinds, Rece]",-0.001,0.105,-0.195,0.202,0.001,0.001,9275.0,5907.0,1.0
"beta_sin[Hill, Derek]",0.012,0.102,-0.19,0.199,0.001,0.001,8506.0,5199.0,1.0
"beta_sin[Taylor, Michael A.]",0.013,0.106,-0.19,0.22,0.001,0.001,9637.0,5763.0,1.0
"beta_sin[Yorke, Nick]",-0.001,0.103,-0.195,0.203,0.001,0.001,10512.0,5958.0,1.0
"beta_sin[Lockridge, Brandon]",-0.007,0.105,-0.211,0.192,0.001,0.001,8172.0,5425.0,1.0
"beta_sin[Campero, Gustavo]",0.002,0.103,-0.186,0.204,0.001,0.001,8389.0,5721.0,1.0
"beta_sin[Sanoja, Javier]",0.004,0.106,-0.199,0.203,0.001,0.002,10309.0,5039.0,1.0
"beta_sin[Schneemann, Daniel]",-0.001,0.104,-0.203,0.195,0.001,0.002,9554.0,5560.0,1.0
"beta_sin[Newman, Kevin]",-0.001,0.105,-0.2,0.205,0.001,0.001,8678.0,5316.0,1.0
"beta_sin[Pérez, Wenceel]",-0.014,0.106,-0.221,0.186,0.001,0.002,8671.0,5108.0,1.0
"beta_sin[Barger, Addison]",-0.012,0.103,-0.209,0.182,0.001,0.001,8483.0,5210.0,1.0
"beta_sin[Wagaman, Eric]",-0.002,0.103,-0.2,0.193,0.001,0.001,8725.0,5230.0,1.0
"beta_sin[Alvarez, Armando]",-0.002,0.106,-0.206,0.194,0.001,0.002,10225.0,5638.0,1.0
"beta_sin[Helman, Michael]",-0.001,0.106,-0.2,0.204,0.001,0.001,9371.0,6414.0,1.0
"beta_sin[Ellis, Duke]",-0.013,0.104,-0.207,0.188,0.001,0.001,8318.0,5250.0,1.0
"beta_sin[Scott II, Victor]",-0.003,0.104,-0.189,0.211,0.001,0.001,8340.0,5085.0,1.0
"beta_sin[Barrosa, Jorge]",-0.008,0.105,-0.21,0.192,0.001,0.001,9320.0,6325.0,1.0
"beta_sin[Malloy, Justyn-Henry]",0.037,0.104,-0.158,0.239,0.001,0.001,8560.0,5795.0,1.0
"beta_sin[Espinal, Santiago]",-0.008,0.104,-0.212,0.182,0.001,0.001,7596.0,5977.0,1.0
"beta_sin[Misner, Kameron]",-0.004,0.103,-0.208,0.186,0.001,0.001,8163.0,6042.0,1.0
"beta_sin[Cabbage, Trey]",-0.009,0.105,-0.221,0.186,0.001,0.002,8893.0,5508.0,1.0
"beta_sin[Judge, Aaron]",-0.001,0.102,-0.2,0.187,0.001,0.001,7325.0,5494.0,1.0
"beta_sin[Goodman, Hunter]",0.002,0.102,-0.183,0.209,0.001,0.001,7821.0,5629.0,1.0
"beta_sin[Berroa, Steward]",-0.002,0.107,-0.206,0.207,0.001,0.001,8363.0,5586.0,1.0
"beta_sin[Clase, Jonatan]",-0.013,0.104,-0.212,0.186,0.001,0.001,8416.0,5880.0,1.0
"beta_sin[Lopez, Otto]",-0.004,0.105,-0.201,0.201,0.001,0.001,8253.0,5363.0,1.0
"beta_sin[Loftin, Nick]",-0.002,0.104,-0.211,0.193,0.001,0.001,8457.0,5055.0,1.0
"beta_sin[Jordan, Levi]",-0.007,0.104,-0.201,0.203,0.001,0.001,7856.0,5690.0,1.0
"beta_sin[Jones, Jahmai]",-0.004,0.104,-0.202,0.192,0.001,0.001,7006.0,5777.0,1.0
"beta_sin[Bruján, Vidal]",-0.007,0.104,-0.212,0.185,0.001,0.001,8838.0,5964.0,1.0
"beta_sin[Hurtubise, Jacob]",-0.017,0.103,-0.217,0.178,0.001,0.001,7587.0,5817.0,1.0
"beta_sin[Bellinger, Cody]",-0.002,0.104,-0.194,0.199,0.001,0.001,8690.0,6406.0,1.0
"beta_sin[Tucker, Cole]",0.014,0.103,-0.184,0.214,0.001,0.001,7043.0,5434.0,1.0
"beta_sin[Arias, Gabriel]",-0.002,0.104,-0.215,0.188,0.001,0.001,9212.0,5345.0,1.0
"beta_sin[Toro, Abraham]",-0.0,0.106,-0.201,0.21,0.001,0.002,8678.0,5205.0,1.0
"beta_sin[Fitzgerald, Tyler]",-0.008,0.105,-0.205,0.195,0.001,0.001,9765.0,5743.0,1.0
"beta_sin[Monasterio, Andruw]",-0.001,0.104,-0.199,0.203,0.001,0.001,9281.0,6034.0,1.0
"beta_sin[Canario, Alexander]",-0.007,0.105,-0.2,0.204,0.001,0.001,8717.0,5653.0,1.0
"beta_sin[Cooper, Garrett]",-0.001,0.103,-0.193,0.206,0.001,0.001,8683.0,5699.0,1.0
"beta_dist[Rosario, Eddie]",2.465,0.175,2.137,2.786,0.002,0.002,7684.0,5842.0,1.0
"beta_dist[Brantley, Michael]",1.817,0.242,1.371,2.278,0.003,0.003,8476.0,5857.0,1.0
"beta_dist[Alvarez, Yordan]",2.187,0.206,1.803,2.58,0.002,0.002,8213.0,5953.0,1.0
"beta_dist[Pollock, AJ]",2.301,0.216,1.889,2.685,0.002,0.002,8555.0,5685.0,1.0
"beta_dist[Verdugo, Alex]",2.168,0.176,1.842,2.503,0.002,0.002,5801.0,5557.0,1.0
"beta_dist[Taylor, Chris]",2.267,0.225,1.825,2.673,0.003,0.003,7957.0,6180.0,1.0
"beta_dist[Rondon, José]",2.08,0.392,1.369,2.831,0.004,0.005,8647.0,5877.0,1.0
"beta_dist[O'Neill, Tyler]",1.882,0.197,1.522,2.259,0.002,0.002,8888.0,6492.0,1.0
"beta_dist[Fraley, Jake]",2.325,0.245,1.867,2.775,0.003,0.003,8111.0,6195.0,1.0
"beta_dist[Gosselin, Phil]",2.418,0.321,1.803,3.002,0.004,0.004,8085.0,6221.0,1.0
"beta_dist[Moore, Dylan]",2.214,0.269,1.722,2.736,0.003,0.003,7812.0,6115.0,1.0
"beta_dist[Mercado, Óscar]",2.33,0.214,1.922,2.713,0.002,0.003,9070.0,5466.0,1.0
"beta_dist[Nevin, Tyler]",2.35,0.344,1.696,2.983,0.004,0.004,9073.0,6113.0,1.0
"beta_dist[Dickerson, Corey]",2.702,0.211,2.304,3.1,0.002,0.002,8134.0,5663.0,1.0
"beta_dist[Santana, Danny]",2.231,0.395,1.473,2.966,0.004,0.005,9288.0,5688.0,1.0
"beta_dist[Ruf, Darin]",1.952,0.332,1.327,2.564,0.004,0.004,7029.0,5660.0,1.0
"beta_dist[Jiménez, Eloy]",2.435,0.294,1.882,2.977,0.003,0.003,8052.0,6074.0,1.0
"beta_dist[Smith, Dominic]",2.064,0.282,1.524,2.562,0.003,0.003,9931.0,5905.0,1.0
"beta_dist[Tapia, Raimel]",2.303,0.179,1.961,2.631,0.002,0.002,6812.0,5568.0,1.0
"beta_dist[Ramos, Henry]",2.16,0.372,1.444,2.827,0.004,0.004,8574.0,6052.0,1.0
"beta_dist[Haase, Eric]",2.356,0.319,1.759,2.95,0.003,0.004,9871.0,5853.0,1.0
"beta_dist[Miller, Brian]",2.146,0.402,1.413,2.912,0.004,0.005,9067.0,5779.0,1.0
"beta_dist[Canha, Mark]",2.018,0.191,1.66,2.376,0.002,0.002,8453.0,6144.0,1.0
"beta_dist[Gordon, Nick]",2.425,0.24,1.967,2.876,0.003,0.003,7880.0,5828.0,1.0
"beta_dist[Isbel, Kyle]",2.225,0.344,1.571,2.871,0.003,0.004,10862.0,5341.0,1.0
"beta_dist[Bryant, Kris]",1.995,0.308,1.426,2.586,0.003,0.004,8061.0,5677.0,1.0
"beta_dist[Wade Jr., LaMonte]",2.228,0.315,1.616,2.805,0.003,0.004,8947.0,5468.0,1.0
"beta_dist[Yelich, Christian]",1.542,0.192,1.175,1.891,0.002,0.002,7190.0,5137.0,1.0
"beta_dist[Duvall, Adam]",2.012,0.248,1.56,2.479,0.003,0.003,7037.0,5130.0,1.0
"beta_dist[Meadows, Austin]",1.895,0.267,1.407,2.401,0.003,0.003,8516.0,5692.0,1.0
"beta_dist[Arozarena, Randy]",2.204,0.155,1.933,2.51,0.002,0.002,8813.0,5634.0,1.0
"beta_dist[Stevenson, Andrew]",2.266,0.36,1.601,2.947,0.005,0.004,5979.0,5435.0,1.0
"beta_dist[Bell, Josh]",2.11,0.385,1.395,2.83,0.004,0.004,9416.0,6286.0,1.0
"beta_dist[Peralta, David]",1.941,0.167,1.633,2.256,0.002,0.002,7747.0,5638.0,1.0
"beta_dist[Grossman, Robbie]",1.847,0.223,1.419,2.264,0.002,0.002,9491.0,5889.0,1.0
"beta_dist[Cave, Jake]",1.786,0.268,1.297,2.3,0.003,0.003,8489.0,5967.0,1.0
"beta_dist[Benintendi, Andrew]",1.852,0.155,1.569,2.145,0.002,0.002,8085.0,5685.0,1.0
"beta_dist[Rooker, Brent]",1.923,0.285,1.353,2.434,0.003,0.003,8502.0,5602.0,1.0
"beta_dist[Brinson, Lewis]",2.329,0.31,1.77,2.926,0.003,0.004,9253.0,5648.0,1.0
"beta_dist[McCutchen, Andrew]",1.888,0.232,1.422,2.3,0.003,0.003,8444.0,5977.0,1.0
"beta_dist[Frazier, Adam]",2.012,0.349,1.375,2.679,0.004,0.004,8072.0,5013.0,1.0
"beta_dist[Happ, Ian]",2.199,0.156,1.92,2.501,0.002,0.002,7651.0,6445.0,1.0
"beta_dist[Schwarber, Kyle]",2.535,0.157,2.242,2.834,0.002,0.002,7152.0,4834.0,1.0
"beta_dist[Dozier, Hunter]",2.153,0.353,1.475,2.804,0.004,0.004,9356.0,5732.0,1.0
"beta_dist[Taylor, Tyrone]",2.186,0.272,1.696,2.711,0.003,0.003,8344.0,6060.0,1.0
"beta_dist[Marisnick, Jake]",2.116,0.357,1.446,2.784,0.004,0.004,8246.0,5714.0,1.0
"beta_dist[Schrock, Max]",2.084,0.352,1.421,2.739,0.003,0.004,10755.0,5895.0,1.0
"beta_dist[Alford, Anthony]",2.208,0.327,1.594,2.817,0.003,0.004,9292.0,5938.0,1.0
"beta_dist[Gallo, Joey]",2.307,0.229,1.852,2.725,0.002,0.003,8878.0,6150.0,1.0
"beta_dist[Deichmann, Greg]",2.14,0.409,1.353,2.911,0.004,0.005,10632.0,5268.0,1.0
"beta_dist[McKenna, Ryan]",3.608,0.266,3.133,4.125,0.004,0.003,4718.0,5145.0,1.0
"beta_dist[Phillips, Brett]",2.061,0.365,1.36,2.731,0.004,0.004,9638.0,6473.0,1.0
"beta_dist[McNeil, Jeff]",2.113,0.274,1.621,2.646,0.003,0.003,8640.0,5657.0,1.0
"beta_dist[Gamel, Ben]",1.898,0.236,1.457,2.339,0.003,0.003,8202.0,6176.0,1.0
"beta_dist[Friedl, TJ]",1.681,0.334,1.086,2.336,0.004,0.004,7398.0,6067.0,1.0
"beta_dist[Ortega, Rafael]",2.124,0.312,1.549,2.72,0.003,0.004,9249.0,6026.0,1.0
"beta_dist[Slater, Austin]",2.212,0.323,1.603,2.825,0.003,0.004,9610.0,6026.0,1.0
"beta_dist[Ramírez, Harold]",2.309,0.287,1.776,2.854,0.003,0.003,8783.0,6096.0,1.0
"beta_dist[Calhoun, Willie]",2.421,0.33,1.809,3.049,0.004,0.004,8296.0,5935.0,1.0
"beta_dist[Brown, Seth]",2.293,0.246,1.824,2.747,0.003,0.003,9202.0,6258.0,1.0
"beta_dist[Hernández, Teoscar]",2.164,0.242,1.725,2.633,0.003,0.003,8210.0,5520.0,1.0
"beta_dist[Stephenson, Tyler]",2.335,0.4,1.548,3.061,0.004,0.005,8405.0,5926.0,1.0
"beta_dist[Peters, DJ]",2.481,0.355,1.815,3.144,0.004,0.004,7626.0,5262.0,1.0
"beta_dist[Varsho, Daulton]",2.179,0.211,1.789,2.574,0.002,0.002,8453.0,6327.0,1.0
"beta_dist[Dyson, Jarrod]",2.115,0.377,1.414,2.818,0.004,0.004,10309.0,6140.0,1.0
"beta_dist[Ward, Taylor]",2.419,0.157,2.129,2.709,0.002,0.002,6666.0,5330.0,1.0
"beta_dist[Hilliard, Sam]",2.004,0.26,1.517,2.496,0.003,0.003,8742.0,6065.0,1.0
"beta_dist[Herrera, Odúbel]",2.225,0.361,1.516,2.875,0.004,0.005,8249.0,5622.0,1.0
"beta_dist[Lagares, Juan]",2.039,0.335,1.396,2.655,0.004,0.004,8385.0,5744.0,1.0
"beta_dist[Hernandez, Yadiel]",2.492,0.212,2.108,2.907,0.002,0.002,8179.0,5909.0,1.0
"beta_dist[Margot, Manuel]",2.36,0.299,1.784,2.898,0.003,0.003,8673.0,5795.0,1.0
"beta_dist[Pillar, Kevin]",2.071,0.267,1.562,2.563,0.003,0.003,8940.0,5698.0,1.0
"beta_dist[Nootbaar, Lars]",2.431,0.298,1.888,3.008,0.003,0.003,7553.0,5395.0,1.0
"beta_dist[Hamilton, Billy]",2.139,0.378,1.445,2.865,0.004,0.004,9866.0,6228.0,1.0
"beta_dist[Castro, Willi]",2.329,0.261,1.835,2.816,0.003,0.003,8651.0,5574.0,1.0
"beta_dist[Peterson, Jace]",2.128,0.376,1.396,2.809,0.004,0.004,7140.0,5489.0,1.0
"beta_dist[Stanton, Giancarlo]",1.928,0.355,1.276,2.608,0.004,0.004,8897.0,5811.0,1.0
"beta_dist[Smith, Pavin]",2.279,0.339,1.655,2.913,0.004,0.004,8714.0,6210.0,1.0
"beta_dist[Díaz, Aledmys]",2.067,0.325,1.455,2.684,0.004,0.004,7720.0,5253.0,1.0
"beta_dist[Rojas, Jose]",2.533,0.395,1.826,3.32,0.005,0.005,7416.0,5563.0,1.0
"beta_dist[Pham, Tommy]",1.931,0.166,1.63,2.258,0.002,0.002,7831.0,6079.0,1.0
"beta_dist[McCormick, Chas]",2.587,0.221,2.161,2.984,0.003,0.002,7365.0,5857.0,1.0
"beta_dist[Hays, Austin]",1.99,0.175,1.667,2.321,0.002,0.002,7270.0,5654.0,1.0
"beta_dist[Beaty, Matt]",2.288,0.351,1.618,2.936,0.004,0.004,9494.0,5284.0,1.0
"beta_dist[Wisdom, Patrick]",2.069,0.354,1.366,2.696,0.004,0.004,10189.0,5747.0,1.0
"beta_dist[Dickerson, Alex]",2.133,0.296,1.586,2.703,0.003,0.003,8354.0,5506.0,1.0
"beta_dist[Baddoo, Akil]",2.496,0.191,2.132,2.845,0.002,0.002,8298.0,6010.0,1.0
"beta_dist[Wong, Kean]",2.586,0.331,1.964,3.191,0.004,0.004,8793.0,6087.0,1.0
"beta_dist[Profar, Jurickson]",2.236,0.159,1.939,2.54,0.002,0.002,7580.0,5500.0,1.0
"beta_dist[Kemp, Tony]",2.122,0.215,1.711,2.516,0.002,0.003,9325.0,5347.0,1.0
"beta_dist[Meyers, Jake]",2.153,0.397,1.415,2.927,0.004,0.005,8121.0,5344.0,1.0
"beta_dist[Cameron, Daz]",2.15,0.342,1.504,2.768,0.003,0.004,9910.0,5930.0,1.0
"beta_dist[DeShields, Delino]",2.11,0.403,1.383,2.888,0.005,0.005,7343.0,5902.0,1.0
"beta_dist[Martini, Nick]",1.803,0.352,1.154,2.464,0.003,0.004,10380.0,5844.0,1.0
"beta_dist[Aquino, Aristides]",2.063,0.354,1.439,2.774,0.004,0.004,7797.0,5108.0,1.0
"beta_dist[Arraez, Luis]",1.765,0.351,1.128,2.442,0.004,0.004,9682.0,5299.0,1.0
"beta_dist[Gurriel Jr., Lourdes]",2.285,0.151,2.001,2.574,0.002,0.002,7067.0,5973.0,1.0
"beta_dist[Engel, Adam]",1.886,0.358,1.206,2.557,0.003,0.004,10805.0,5619.0,1.0
"beta_dist[Martinez, J.D.]",2.235,0.327,1.588,2.825,0.003,0.004,9492.0,4912.0,1.0
"beta_dist[Bolt, Skye]",2.202,0.392,1.461,2.932,0.004,0.004,8958.0,5910.0,1.0
"beta_dist[Lux, Gavin]",2.552,0.331,1.944,3.181,0.004,0.004,8231.0,6086.0,1.0
"beta_dist[Vilade, Ryan]",2.348,0.374,1.614,3.023,0.004,0.005,9060.0,5657.0,1.0
"beta_dist[Bauers, Jake]",2.432,0.304,1.878,3.005,0.003,0.003,8074.0,6098.0,1.0
"beta_dist[Zimmer, Bradley]",2.087,0.393,1.363,2.831,0.004,0.004,8203.0,5843.0,1.0
"beta_dist[Gardner, Brett]",2.174,0.316,1.569,2.76,0.003,0.004,9327.0,5541.0,1.0
"beta_dist[Santander, Anthony]",2.63,0.292,2.078,3.168,0.003,0.003,7249.0,5702.0,1.0
"beta_dist[Siri, Jose]",2.262,0.382,1.554,2.966,0.004,0.005,10574.0,6207.0,1.0
"beta_dist[Vierling, Matt]",2.468,0.288,1.912,2.986,0.003,0.003,8355.0,5714.0,1.0
"beta_dist[Wade, Tyler]",2.433,0.367,1.796,3.173,0.004,0.004,7962.0,5953.0,1.0
"beta_dist[Refsnyder, Rob]",2.081,0.27,1.572,2.578,0.003,0.003,8524.0,5771.0,1.0
"beta_dist[Winker, Jesse]",2.034,0.18,1.69,2.37,0.002,0.002,7171.0,5700.0,1.0
"beta_dist[De La Cruz, Bryan]",2.201,0.184,1.846,2.54,0.002,0.002,8558.0,6033.0,1.0
"beta_dist[Rivas III, Alfonso]",2.115,0.394,1.341,2.832,0.005,0.005,7406.0,5570.0,1.0
"beta_dist[Martin, Jason]",2.387,0.303,1.783,2.924,0.003,0.004,8559.0,5479.0,1.0
"beta_dist[Joyce, Matt]",2.19,0.388,1.47,2.904,0.004,0.005,8688.0,5382.0,1.0
"beta_dist[Marmolejos, José]",2.237,0.356,1.552,2.886,0.004,0.004,7354.0,5300.0,1.0
"beta_dist[Adell, Jo]",2.228,0.262,1.741,2.72,0.003,0.003,8557.0,5601.0,1.0
"beta_dist[Lowe, Josh]",1.858,0.35,1.179,2.491,0.004,0.004,8922.0,5348.0,1.0
"beta_dist[Myers, Wil]",1.954,0.365,1.287,2.648,0.004,0.004,8778.0,5670.0,1.0
"beta_dist[Naquin, Tyler]",2.616,0.338,1.973,3.242,0.004,0.004,7566.0,5706.0,1.0
"beta_dist[Vaughn, Andrew]",1.746,0.276,1.233,2.272,0.003,0.003,6906.0,5748.0,1.0
"beta_dist[Gonzalez, Romy]",2.081,0.392,1.349,2.84,0.005,0.004,7493.0,5887.0,1.0
"beta_dist[Souza Jr., Steven]",2.164,0.402,1.403,2.923,0.004,0.005,8170.0,5562.0,1.0
"beta_dist[Stewart, DJ]",2.252,0.313,1.665,2.827,0.003,0.004,9671.0,6103.0,1.0
"beta_dist[Ruiz, Rio]",2.158,0.396,1.426,2.923,0.004,0.005,8470.0,5524.0,1.0
"beta_dist[Sheets, Gavin]",2.213,0.394,1.464,2.949,0.004,0.005,8011.0,5723.0,1.0
"beta_dist[Duggar, Steven]",2.257,0.359,1.608,2.957,0.004,0.004,8075.0,5156.0,1.0
"beta_dist[Alfaro, Jorge]",2.341,0.367,1.658,3.037,0.004,0.004,7441.0,5204.0,1.0
"beta_dist[Joe, Connor]",2.203,0.26,1.734,2.711,0.003,0.003,7634.0,5413.0,1.0
"beta_dist[Davis, Khris]",2.135,0.397,1.422,2.913,0.004,0.005,8115.0,5535.0,1.0
"beta_dist[Fairchild, Stuart]",2.269,0.302,1.698,2.839,0.003,0.003,8522.0,5642.0,1.0
"beta_dist[Luplow, Jordan]",1.809,0.3,1.277,2.394,0.003,0.004,8928.0,5262.0,1.0
"beta_dist[Akiyama, Shogo]",2.133,0.397,1.405,2.892,0.004,0.004,7860.0,6068.0,1.0
"beta_dist[Reyes, Pablo]",2.16,0.394,1.45,2.935,0.004,0.004,8996.0,6002.0,1.0
"beta_dist[Arcia, Orlando]",2.633,0.225,2.208,3.057,0.002,0.003,9848.0,5260.0,1.0
"beta_dist[Upton, Justin]",2.407,0.271,1.916,2.947,0.003,0.003,8852.0,5826.0,1.0
"beta_dist[Johnson, Daniel]",2.075,0.375,1.395,2.794,0.004,0.004,8576.0,5655.0,1.0
"beta_dist[Bonifacio, Jorge]",2.058,0.387,1.342,2.777,0.004,0.005,11047.0,5322.0,1.0
"beta_dist[Rojas, Josh]",2.158,0.36,1.479,2.833,0.004,0.004,9313.0,5595.0,1.0
"beta_dist[Olivares, Edward]",2.327,0.265,1.846,2.833,0.003,0.003,8432.0,5270.0,1.0
"beta_dist[Muñoz, Yairo]",2.162,0.404,1.374,2.901,0.004,0.005,9717.0,5857.0,1.0
"beta_dist[Thomas, Lane]",2.242,0.311,1.65,2.813,0.003,0.004,8694.0,5514.0,1.0
"beta_dist[Lamb, Jake]",2.238,0.369,1.539,2.915,0.004,0.004,8475.0,5612.0,1.0
"beta_dist[Harrison, Josh]",2.111,0.351,1.461,2.775,0.004,0.004,9232.0,5484.0,1.0
"beta_dist[Carlson, Dylan]",1.821,0.33,1.205,2.436,0.004,0.004,8636.0,6556.0,1.0
"beta_dist[Smith, Kevin]",2.204,0.398,1.467,2.953,0.004,0.005,9478.0,6084.0,1.0
"beta_dist[Jones, Taylor]",2.463,0.385,1.754,3.197,0.004,0.004,7882.0,6124.0,1.0
"beta_dist[Drury, Brandon]",2.072,0.4,1.274,2.78,0.004,0.005,8855.0,5870.0,1.0
"beta_dist[Tsutsugo, Yoshi]",1.969,0.373,1.284,2.697,0.004,0.004,8123.0,5634.0,1.0
"beta_dist[Ibáñez, Andy]",2.329,0.345,1.652,2.946,0.004,0.004,7506.0,5894.0,1.0
"beta_dist[Hermosillo, Michael]",2.072,0.388,1.343,2.795,0.004,0.005,9534.0,6077.0,1.0
"beta_dist[Mateo, Jorge]",2.195,0.383,1.484,2.927,0.004,0.004,9144.0,6063.0,1.0
"beta_dist[Larnach, Trevor]",1.864,0.235,1.438,2.32,0.003,0.003,7044.0,5520.0,1.0
"beta_dist[Park, Hoy]",1.907,0.395,1.179,2.655,0.005,0.005,7236.0,5908.0,1.0
"beta_dist[Culberson, Charlie]",2.158,0.363,1.462,2.833,0.004,0.005,8906.0,5530.0,1.0
"beta_dist[McKinstry, Zach]",2.719,0.291,2.164,3.253,0.004,0.003,6575.0,5085.0,1.0
"beta_dist[Robson, Jacob]",2.164,0.389,1.422,2.889,0.004,0.005,9364.0,6026.0,1.0
"beta_dist[Goodrum, Niko]",2.052,0.387,1.28,2.742,0.004,0.004,8210.0,5951.0,1.0
"beta_dist[Cordero, Franchy]",2.413,0.243,1.954,2.872,0.003,0.003,9045.0,5835.0,1.0
"beta_dist[Almonte, Abraham]",2.484,0.296,1.921,3.028,0.004,0.003,6854.0,5473.0,1.0
"beta_dist[Duran, Jarren]",1.794,0.276,1.278,2.307,0.003,0.003,8562.0,6242.0,1.0
"beta_dist[García, Leury]",2.198,0.371,1.532,2.933,0.004,0.004,9300.0,5804.0,1.0
"beta_dist[Williams, Luke]",2.041,0.358,1.379,2.725,0.004,0.004,8842.0,5860.0,1.0
"beta_dist[Evans, Phillip]",2.15,0.362,1.443,2.805,0.004,0.004,8875.0,5697.0,1.0
"beta_dist[Fargas, Johneshwy]",2.136,0.399,1.39,2.899,0.004,0.005,8680.0,5232.0,1.0
"beta_dist[White, Eli]",1.988,0.319,1.39,2.58,0.004,0.004,7782.0,5529.0,1.0
"beta_dist[Dahl, David]",1.924,0.32,1.323,2.53,0.003,0.004,9397.0,5762.0,1.0
"beta_dist[Reddick, Josh]",2.143,0.407,1.385,2.915,0.004,0.005,8277.0,5816.0,1.0
"beta_dist[VanMeter, Josh]",2.152,0.399,1.409,2.914,0.004,0.004,8630.0,6064.0,1.0
"beta_dist[Allen, Greg]",1.876,0.339,1.262,2.544,0.004,0.004,8116.0,5690.0,1.0
"beta_dist[Estrada, Thairo]",2.335,0.359,1.668,3.02,0.004,0.004,7803.0,5397.0,1.0
"beta_dist[Oliva, Jared]",2.252,0.39,1.547,3.001,0.004,0.004,10414.0,6458.0,1.0
"beta_dist[Parra, Gerardo]",2.197,0.37,1.487,2.864,0.004,0.004,7749.0,6164.0,1.0
"beta_dist[Biggio, Cavan]",2.218,0.397,1.467,2.973,0.005,0.005,6930.0,5304.0,1.0
"beta_dist[Long Jr., Shed]",2.22,0.341,1.588,2.867,0.003,0.004,9731.0,5793.0,1.0
"beta_dist[Sierra, Magneuris]",2.311,0.353,1.66,2.969,0.004,0.004,8802.0,5382.0,1.0
"beta_dist[Raley, Luke]",2.126,0.268,1.619,2.631,0.003,0.003,7751.0,5360.0,1.0
"beta_dist[LaMarre, Ryan]",2.143,0.388,1.394,2.861,0.004,0.005,8225.0,6078.0,1.0
"beta_dist[Bradley Jr., Jackie]",3.018,0.281,2.488,3.523,0.003,0.003,6820.0,5035.0,1.0
"beta_dist[Tauchman, Mike]",1.945,0.326,1.331,2.551,0.003,0.004,8990.0,6307.0,1.0
"beta_dist[Berti, Jon]",2.123,0.328,1.514,2.735,0.003,0.004,9112.0,4909.0,1.0
"beta_dist[Goodwin, Brian]",2.342,0.275,1.845,2.86,0.003,0.004,9578.0,5161.0,1.0
"beta_dist[Thomas, Dillon]",2.122,0.406,1.383,2.904,0.004,0.005,8354.0,5705.0,1.0
"beta_dist[Reks, Zach]",2.089,0.361,1.405,2.774,0.004,0.005,8249.0,5896.0,1.0
"beta_dist[Owings, Chris]",2.108,0.391,1.376,2.836,0.004,0.005,8681.0,5770.0,1.0
"beta_dist[Lowe, Brandon]",2.166,0.383,1.45,2.884,0.004,0.004,9174.0,5868.0,1.0
"beta_dist[Locastro, Tim]",2.465,0.327,1.85,3.081,0.003,0.004,9044.0,5949.0,1.0
"beta_dist[Sánchez, Jesús]",2.043,0.299,1.471,2.59,0.003,0.004,8819.0,5204.0,1.0
"beta_dist[Heredia, Guillermo]",2.263,0.368,1.543,2.919,0.004,0.004,8275.0,5766.0,1.0
"beta_dist[Jankowski, Travis]",2.141,0.294,1.609,2.7,0.003,0.003,8465.0,6186.0,1.0
"beta_dist[Wilson, Jacob]",2.156,0.393,1.392,2.872,0.004,0.005,9948.0,5497.0,1.0
"beta_dist[Pederson, Joc]",2.299,0.227,1.86,2.721,0.002,0.002,8407.0,6096.0,1.0
"beta_dist[Clement, Ernie]",2.373,0.373,1.71,3.114,0.004,0.004,8746.0,6199.0,1.0
"beta_dist[Valaika, Pat]",2.294,0.387,1.57,3.047,0.004,0.005,7806.0,5625.0,1.0
"beta_dist[Pinder, Chad]",1.811,0.298,1.243,2.356,0.003,0.004,8375.0,5869.0,1.0
"beta_dist[Andujar, Miguel]",1.649,0.253,1.177,2.123,0.003,0.003,7706.0,5487.0,1.0
"beta_dist[McKinney, Billy]",1.877,0.302,1.285,2.43,0.003,0.003,8076.0,5613.0,1.0
"beta_dist[Vosler, Jason]",2.033,0.394,1.269,2.742,0.005,0.004,7316.0,5299.0,1.0
"beta_dist[Gonzalez, Marwin]",2.02,0.364,1.327,2.694,0.004,0.004,8232.0,5952.0,1.0
"beta_dist[Kirilloff, Alex]",1.291,0.304,0.681,1.837,0.004,0.003,6856.0,5694.0,1.0
"beta_dist[Daza, Yonathan]",2.261,0.319,1.66,2.848,0.003,0.004,10221.0,5534.0,1.0
"beta_dist[Davis, Jaylin]",2.073,0.395,1.353,2.831,0.004,0.005,9170.0,5032.0,1.0
"beta_dist[Tom, Ka'ai]",2.025,0.354,1.339,2.66,0.004,0.004,8709.0,6092.0,1.0
"beta_dist[Schebler, Scott]",2.186,0.389,1.445,2.91,0.004,0.005,8749.0,5448.0,1.0
"beta_dist[O'Hearn, Ryan]",2.255,0.374,1.546,2.956,0.004,0.004,7228.0,5800.0,1.0
"beta_dist[Frazier, Clint]",2.284,0.311,1.684,2.857,0.003,0.004,9468.0,5947.0,1.0
"beta_dist[Mountcastle, Ryan]",2.39,0.336,1.779,3.042,0.004,0.004,8359.0,5969.0,1.0
"beta_dist[González, Luis]",2.132,0.34,1.515,2.794,0.003,0.004,10610.0,5638.0,1.0
"beta_dist[Williams, Mason]",2.166,0.395,1.408,2.894,0.004,0.004,8998.0,5789.0,1.0
"beta_dist[Stubbs, Garrett]",2.165,0.402,1.4,2.915,0.004,0.005,8967.0,5388.0,1.0
"beta_dist[Wilkerson, Stevie]",2.152,0.395,1.387,2.881,0.004,0.005,10572.0,5149.0,1.0
"beta_dist[Merrifield, Whit]",2.166,0.258,1.69,2.66,0.003,0.003,7349.0,5949.0,1.0
"beta_dist[Heineman, Scott]",2.161,0.399,1.417,2.93,0.004,0.005,9054.0,5825.0,1.0
"beta_dist[Fuentes, Joshua]",2.157,0.401,1.43,2.933,0.004,0.005,10955.0,5816.0,1.0
"beta_dist[O'Grady, Brian]",2.133,0.399,1.404,2.904,0.004,0.005,9091.0,5855.0,1.0
"beta_dist[Trammell, Taylor]",1.861,0.356,1.186,2.522,0.004,0.004,8952.0,5372.0,1.0
"beta_dist[Adrianza, Ehire]",2.22,0.315,1.63,2.795,0.003,0.004,9241.0,6032.0,1.0
"beta_dist[Walton, Donovan]",2.217,0.389,1.531,2.983,0.004,0.004,8502.0,5845.0,1.0
"beta_dist[Blankenhorn, Travis]",1.992,0.373,1.306,2.708,0.004,0.004,6949.0,5864.0,1.0
"beta_dist[Marcano, Tucupita]",2.418,0.333,1.795,3.031,0.004,0.004,6992.0,6003.0,1.0
"beta_dist[Kelenic, Jarred]",2.235,0.22,1.829,2.651,0.003,0.002,7221.0,6031.0,1.0
"beta_dist[Hiura, Keston]",2.194,0.389,1.47,2.936,0.004,0.005,9007.0,5188.0,1.0
"beta_dist[Garlick, Kyle]",2.046,0.334,1.412,2.66,0.003,0.004,10074.0,5718.0,1.0
"beta_dist[Quinn, Roman]",2.028,0.394,1.259,2.762,0.004,0.005,8607.0,5192.0,1.0
"beta_dist[Williams, Justin]",1.956,0.368,1.293,2.656,0.004,0.004,8863.0,5813.0,1.0
"beta_dist[Vargas, Ildemaro]",1.916,0.387,1.196,2.63,0.004,0.005,8658.0,5272.0,1.0
"beta_dist[Ozuna, Marcell]",2.387,0.259,1.884,2.85,0.003,0.003,7404.0,5819.0,1.0
"beta_dist[Eaton, Adam]",2.144,0.396,1.423,2.918,0.004,0.005,8943.0,6033.0,1.0
"beta_dist[Miller, Brad]",2.463,0.336,1.825,3.07,0.004,0.004,7890.0,5538.0,1.0
"beta_dist[Maybin, Cameron]",2.152,0.392,1.378,2.857,0.004,0.005,9635.0,6240.0,1.0
"beta_dist[Haggerty, Sam]",1.861,0.307,1.259,2.413,0.003,0.003,8975.0,5783.0,1.0
"beta_dist[Barrera, Luis]",2.233,0.374,1.515,2.934,0.004,0.005,9658.0,5641.0,1.0
"beta_dist[Hager, Jake]",2.166,0.394,1.411,2.898,0.004,0.004,8765.0,5419.0,1.0
"beta_dist[Neuse, Sheldon]",2.16,0.39,1.432,2.901,0.004,0.004,8214.0,5254.0,1.0
"beta_dist[Duffy, Matt]",2.175,0.398,1.448,2.927,0.004,0.005,9197.0,6188.0,1.0
"beta_dist[Jay, Jon]",2.1,0.375,1.432,2.828,0.004,0.004,9586.0,6077.0,1.0
"beta_dist[García, Adolis]",2.169,0.397,1.449,2.936,0.005,0.004,7725.0,5903.0,1.0
"beta_dist[Mathisen, Wyatt]",2.215,0.391,1.468,2.95,0.004,0.005,8430.0,5597.0,1.0
"beta_dist[Hoerner, Nico]",2.206,0.41,1.474,3.005,0.004,0.005,9089.0,5777.0,1.0
"beta_dist[Castro, Harold]",2.539,0.383,1.852,3.294,0.004,0.004,7332.0,5795.0,1.0
"beta_dist[Payton, Mark]",2.203,0.388,1.461,2.911,0.004,0.005,7596.0,6008.0,1.0
"beta_dist[Lin, Tzu-Wei]",2.157,0.4,1.409,2.897,0.004,0.005,10551.0,5295.0,1.0
"beta_dist[Nimmo, Brandon]",1.729,0.253,1.254,2.217,0.003,0.003,8912.0,5350.0,1.0
"beta_dist[Ohtani, Shohei]",2.161,0.406,1.398,2.905,0.004,0.005,9742.0,5650.0,1.0
"beta_dist[Bemboom, Anthony]",2.16,0.402,1.438,2.949,0.004,0.005,8819.0,5682.0,1.0
"beta_dist[Reynolds, Bryan]",2.164,0.197,1.799,2.532,0.002,0.002,7645.0,5862.0,1.0
"beta_dist[Dean, Austin]",2.148,0.385,1.439,2.872,0.004,0.004,8994.0,5486.0,1.0
"beta_dist[Palacios, Joshua]",1.93,0.33,1.313,2.539,0.004,0.004,8111.0,5781.0,1.0
"beta_dist[Blandino, Alex]",2.16,0.393,1.462,2.941,0.004,0.005,8938.0,5715.0,1.0
"beta_dist[Jones, JaCoby]",2.118,0.387,1.374,2.823,0.004,0.005,10357.0,5274.0,1.0
"beta_dist[Musgrove, Joe]",2.145,0.396,1.389,2.884,0.004,0.005,8830.0,5684.0,1.0
"beta_dist[Young, Andrew]",2.309,0.383,1.606,3.032,0.004,0.004,7538.0,6023.0,1.0
"beta_dist[Williams, Nick]",2.235,0.389,1.526,2.988,0.004,0.005,8808.0,5903.0,1.0
"beta_dist[Bishop, Braden]",2.177,0.393,1.443,2.932,0.004,0.005,8896.0,5714.0,1.0
"beta_dist[Pérez, Hernán]",2.145,0.394,1.37,2.84,0.004,0.004,8104.0,5499.0,1.0
"beta_dist[Brosseau, Mike]",2.146,0.396,1.403,2.903,0.004,0.005,8223.0,6439.0,1.0
"beta_dist[Haseley, Adam]",2.176,0.4,1.391,2.929,0.004,0.005,8756.0,5589.0,1.0
"beta_dist[Freeman, Mike]",2.163,0.396,1.391,2.876,0.004,0.005,9619.0,6100.0,1.0
"beta_dist[Farmer, Kyle]",2.165,0.398,1.43,2.896,0.004,0.005,9506.0,5894.0,1.0
"beta_dist[Davis, Jonathan]",2.16,0.387,1.443,2.904,0.004,0.005,8468.0,5943.0,1.0
"beta_dist[Inciarte, Ender]",2.122,0.394,1.372,2.844,0.004,0.005,8900.0,5997.0,1.0
"beta_dist[Reyes, Victor]",2.394,0.342,1.746,3.044,0.004,0.004,8254.0,5492.0,1.0
"beta_dist[Kingery, Scott]",2.071,0.4,1.299,2.8,0.004,0.005,10127.0,6412.0,1.0
"beta_dist[Almora Jr., Albert]",2.159,0.351,1.53,2.845,0.004,0.004,9564.0,6050.0,1.0
"beta_dist[Cabrera, Oswaldo]",2.061,0.332,1.469,2.722,0.004,0.004,8680.0,6068.0,1.0
"beta_dist[Kwan, Steven]",1.882,0.149,1.61,2.161,0.002,0.002,7812.0,5639.0,1.0
"beta_dist[Thompson, Trayce]",1.985,0.326,1.401,2.611,0.004,0.004,8184.0,5999.0,1.0
"beta_dist[Hicks, Aaron]",2.22,0.272,1.706,2.728,0.003,0.004,10177.0,5360.0,1.0
"beta_dist[Vavra, Terrin]",2.16,0.374,1.465,2.874,0.004,0.004,8424.0,6074.0,1.0
"beta_dist[Velázquez, Nelson]",2.133,0.348,1.49,2.785,0.004,0.004,9000.0,5218.0,1.0
"beta_dist[Smith, Josh]",2.131,0.306,1.551,2.69,0.003,0.004,8770.0,5973.0,1.0
"beta_dist[Thompson, Bubba]",2.579,0.299,2.028,3.159,0.003,0.003,9336.0,6322.0,1.0
"beta_dist[Azócar, José]",2.238,0.36,1.58,2.933,0.004,0.004,8814.0,5869.0,1.0
"beta_dist[Bouchard, Sean]",1.85,0.31,1.286,2.457,0.004,0.004,7549.0,5910.0,1.0
"beta_dist[Hernández, César]",2.235,0.368,1.549,2.943,0.004,0.004,9056.0,6004.0,1.0
"beta_dist[Brennan, Will]",2.111,0.353,1.452,2.774,0.004,0.004,10002.0,5439.0,1.0
"beta_dist[Hensley, David]",2.061,0.388,1.352,2.802,0.005,0.004,7277.0,5819.0,1.0
"beta_dist[Vargas, Miguel]",1.885,0.358,1.213,2.547,0.004,0.004,7641.0,5684.0,1.0
"beta_dist[Bleday, JJ]",2.253,0.296,1.721,2.822,0.003,0.003,7359.0,5569.0,1.0
"beta_dist[Carroll, Corbin]",1.756,0.29,1.204,2.288,0.003,0.003,9007.0,5871.0,1.0
"beta_dist[Suwinski, Jack]",2.168,0.26,1.686,2.67,0.003,0.003,8569.0,5439.0,1.0
"beta_dist[Burdick, Peyton]",2.648,0.36,1.972,3.318,0.005,0.004,6286.0,5227.0,1.0
"beta_dist[Waters, Drew]",2.068,0.382,1.334,2.761,0.004,0.005,9582.0,5658.0,1.0
"beta_dist[Mancini, Trey]",2.055,0.376,1.378,2.781,0.004,0.005,7468.0,5540.0,1.0
"beta_dist[Melendez, MJ]",2.396,0.195,2.034,2.763,0.002,0.002,8118.0,5653.0,1.0
"beta_dist[Call, Alex]",2.762,0.221,2.351,3.164,0.002,0.003,8145.0,5316.0,1.0
"beta_dist[Bae, Ji Hwan]",2.16,0.41,1.376,2.953,0.004,0.005,8859.0,5513.0,1.0
"beta_dist[Yepez, Juan]",2.05,0.33,1.43,2.668,0.003,0.004,9522.0,6177.0,1.0
"beta_dist[Mathias, Mark]",2.169,0.398,1.429,2.916,0.005,0.005,7586.0,5274.0,1.0
"beta_dist[Contreras, Mark]",2.129,0.394,1.42,2.918,0.004,0.005,9866.0,5779.0,1.0
"beta_dist[Calhoun, Kole]",2.271,0.315,1.674,2.862,0.003,0.004,8872.0,5233.0,1.0
"beta_dist[Stowers, Kyle]",1.901,0.314,1.323,2.495,0.003,0.003,8859.0,6072.0,1.0
"beta_dist[Moniak, Mickey]",2.2,0.362,1.504,2.874,0.004,0.004,8117.0,5647.0,1.0
"beta_dist[Dubón, Mauricio]",2.06,0.306,1.47,2.615,0.003,0.003,8088.0,6164.0,1.0
"beta_dist[Garrett, Stone]",1.889,0.326,1.277,2.485,0.004,0.004,8258.0,5867.0,1.0
"beta_dist[Lopez, Alejo]",2.107,0.394,1.363,2.831,0.004,0.004,9866.0,5855.0,1.0
"beta_dist[McCarthy, Jake]",2.341,0.29,1.79,2.894,0.003,0.003,8056.0,5472.0,1.0
"beta_dist[Encarnacion, Jerar]",1.93,0.376,1.221,2.633,0.004,0.004,7782.0,5573.0,1.0
"beta_dist[Donovan, Brendan]",1.801,0.261,1.272,2.248,0.003,0.003,8526.0,5716.0,1.0
"beta_dist[Benson, Will]",2.374,0.27,1.889,2.913,0.003,0.003,8073.0,5554.0,1.0
"beta_dist[Thomas, Cody]",1.933,0.366,1.284,2.65,0.004,0.004,8002.0,5619.0,1.0
"beta_dist[Palacios, Richie]",2.568,0.287,2.042,3.118,0.003,0.003,8801.0,6094.0,1.0
"beta_dist[Garcia, Dérmis]",2.318,0.398,1.542,3.047,0.004,0.005,8608.0,6011.0,1.0
"beta_dist[Burleson, Alec]",2.191,0.261,1.703,2.685,0.003,0.003,9922.0,6320.0,1.0
"beta_dist[Carpenter, Kerry]",1.956,0.367,1.268,2.655,0.004,0.005,9566.0,5078.0,1.0
"beta_dist[Solak, Nick]",2.017,0.367,1.347,2.718,0.004,0.004,9462.0,5981.0,1.0
"beta_dist[Eaton, Nate]",2.157,0.385,1.452,2.905,0.004,0.005,8426.0,5631.0,1.0
"beta_dist[Gore, Terrance]",2.165,0.401,1.409,2.923,0.004,0.005,8250.0,5782.0,1.0
"beta_dist[Florial, Estevan]",2.125,0.383,1.398,2.829,0.004,0.005,8544.0,5263.0,1.0
"beta_dist[Morel, Christopher]",2.216,0.334,1.593,2.851,0.003,0.004,9577.0,5554.0,1.0
"beta_dist[Stevenson, Cal]",2.113,0.398,1.348,2.835,0.004,0.004,9420.0,6006.0,1.0
"beta_dist[Ruiz, Esteury]",2.051,0.336,1.418,2.686,0.003,0.004,9376.0,5768.0,1.0
"beta_dist[Johnson, Bryce]",2.185,0.387,1.465,2.912,0.005,0.004,6941.0,5685.0,1.0
"beta_dist[Aguilar, Ryan]",2.17,0.376,1.453,2.871,0.004,0.005,8729.0,6261.0,1.0
"beta_dist[Anderson, Brian]",2.156,0.386,1.428,2.901,0.004,0.004,8490.0,5917.0,1.0
"beta_dist[Maton, Nick]",2.168,0.376,1.449,2.865,0.004,0.005,7928.0,5661.0,1.0
"beta_dist[Sosa, Edmundo]",2.168,0.398,1.398,2.906,0.005,0.004,7485.0,5782.0,1.0
"beta_dist[Beckham, Tim]",2.258,0.399,1.477,2.973,0.004,0.005,10653.0,5430.0,1.0
"beta_dist[Bernard, Wynton]",2.15,0.393,1.441,2.918,0.004,0.005,9201.0,5423.0,1.0
"beta_dist[Pratto, Nick]",2.305,0.367,1.609,2.989,0.004,0.005,10081.0,5371.0,1.0
"beta_dist[Celestino, Gilberto]",2.033,0.354,1.374,2.693,0.004,0.004,8440.0,5213.0,1.0
"beta_dist[Hernandez, Elier]",2.231,0.395,1.494,2.97,0.004,0.005,9455.0,5147.0,1.0
"beta_dist[Piscotty, Stephen]",2.065,0.391,1.313,2.792,0.004,0.005,8215.0,5445.0,1.0
"beta_dist[Lewis, Kyle]",2.033,0.386,1.338,2.781,0.004,0.004,9854.0,6322.0,1.0
"beta_dist[Meneses, Joey]",2.161,0.406,1.361,2.886,0.004,0.005,10780.0,5807.0,1.0
"beta_dist[Outman, James]",2.009,0.374,1.31,2.702,0.004,0.004,9443.0,6296.0,1.0
"beta_dist[Madris, Bligh]",2.472,0.364,1.799,3.157,0.004,0.004,8101.0,6106.0,1.0
"beta_dist[Reynolds, Matt]",2.185,0.394,1.436,2.917,0.005,0.004,7581.0,5887.0,1.0
"beta_dist[Marsh, Brandon]",1.755,0.216,1.348,2.153,0.003,0.002,7455.0,6005.0,1.0
"beta_dist[Mercedes, Yermín]",2.151,0.387,1.42,2.862,0.004,0.005,9708.0,6025.0,1.0
"beta_dist[Carpenter, Matt]",2.136,0.392,1.392,2.868,0.004,0.005,9115.0,5656.0,1.0
"beta_dist[Soler, Jorge]",1.91,0.301,1.346,2.477,0.003,0.003,7752.0,5573.0,1.0
"beta_dist[Clemens, Kody]",2.059,0.37,1.398,2.786,0.004,0.004,8451.0,5860.0,1.0
"beta_dist[Harrison, Monte]",2.155,0.398,1.399,2.87,0.004,0.005,8557.0,5259.0,1.0
"beta_dist[Hummel, Cooper]",2.354,0.336,1.696,2.963,0.003,0.004,9571.0,5557.0,1.0
"beta_dist[Mazara, Nomar]",2.149,0.387,1.426,2.882,0.004,0.005,8999.0,5979.0,1.0
"beta_dist[Batten, Matthew]",2.17,0.399,1.435,2.911,0.004,0.005,8649.0,5716.0,1.0
"beta_dist[Alvarez, Eddy]",2.154,0.4,1.43,2.911,0.004,0.005,8464.0,5926.0,1.0
"beta_dist[Reyes, Franmil]",2.228,0.389,1.512,2.978,0.004,0.004,8955.0,5731.0,1.0
"beta_dist[Smith-Njigba, Canaan]",1.945,0.394,1.195,2.664,0.004,0.005,8768.0,5344.0,1.0
"beta_dist[Ramos, Heliot]",2.107,0.306,1.533,2.686,0.003,0.003,7631.0,6093.0,1.0
"beta_dist[Swaggerty, Travis]",2.156,0.398,1.428,2.927,0.004,0.005,8517.0,5431.0,1.0
"beta_dist[Walker, Steele]",2.46,0.38,1.786,3.218,0.004,0.005,8361.0,5327.0,1.0
"beta_dist[Plummer, Nick]",2.162,0.399,1.401,2.904,0.004,0.005,8803.0,6250.0,1.0
"beta_dist[Strange-Gordon, Dee]",2.144,0.395,1.419,2.919,0.004,0.005,8275.0,5642.0,1.0
"beta_dist[Rosario, Amed]",2.058,0.377,1.355,2.789,0.004,0.005,8887.0,5699.0,1.0
"beta_dist[Contreras, William]",2.149,0.397,1.396,2.878,0.004,0.005,9029.0,6040.0,1.0
"beta_dist[Demeritte, Travis]",2.507,0.379,1.793,3.219,0.004,0.005,7448.0,5705.0,1.0
"beta_dist[Walsh, Jared]",2.152,0.402,1.424,2.94,0.004,0.005,10431.0,5710.0,1.0
"beta_dist[Mayfield, Jack]",2.182,0.396,1.44,2.949,0.004,0.005,9955.0,6018.0,1.0
"beta_dist[Krizan, Jason]",2.153,0.4,1.412,2.921,0.004,0.005,8064.0,5615.0,1.0
"beta_dist[Mendick, Danny]",2.147,0.39,1.412,2.87,0.004,0.005,9597.0,5881.0,1.0
"beta_dist[Castellanos, Nick]",2.001,0.378,1.266,2.698,0.004,0.004,8450.0,5822.0,1.0
"beta_dist[Capel, Conner]",2.206,0.39,1.471,2.95,0.004,0.005,8618.0,5902.0,1.0
"beta_dist[Cruz, Oneil]",2.165,0.386,1.47,2.923,0.004,0.004,8607.0,5902.0,1.0
"beta_dist[Carter, Evan]",1.734,0.284,1.208,2.26,0.003,0.003,7036.0,5795.0,1.0
"beta_dist[Wallner, Matt]",1.911,0.308,1.34,2.498,0.003,0.003,8151.0,5812.0,1.0
"beta_dist[Pache, Cristian]",2.041,0.342,1.392,2.682,0.004,0.004,8658.0,6268.0,1.0
"beta_dist[Abreu, Wilyer]",2.2,0.353,1.512,2.848,0.004,0.004,10076.0,6008.0,1.0
"beta_dist[Pereira, Everson]",2.234,0.334,1.621,2.873,0.004,0.004,8988.0,5840.0,1.0
"beta_dist[Senzel, Nick]",2.124,0.352,1.467,2.787,0.004,0.004,8470.0,5863.0,1.0
"beta_dist[Grichuk, Randal]",2.071,0.266,1.572,2.576,0.003,0.003,9229.0,6108.0,1.0
"beta_dist[Alu, Jake]",2.169,0.343,1.539,2.821,0.004,0.004,8583.0,5670.0,1.0
"beta_dist[Kjerstad, Heston]",2.019,0.367,1.323,2.697,0.004,0.004,8679.0,5930.0,1.0
"beta_dist[Conforto, Michael]",2.492,0.239,2.067,2.95,0.003,0.003,8895.0,6145.0,1.0
"beta_dist[Canzone, Dominic]",1.916,0.312,1.315,2.49,0.003,0.004,8864.0,6114.0,1.0
"beta_dist[Jones, Nolan]",2.292,0.243,1.857,2.759,0.003,0.003,7952.0,6387.0,1.0
"beta_dist[Eden, Cam]",2.14,0.387,1.435,2.888,0.004,0.004,8297.0,6054.0,1.0
"beta_dist[Matos, Luis]",2.266,0.352,1.556,2.889,0.004,0.004,8863.0,5888.0,1.0
"beta_dist[Steer, Spencer]",2.245,0.237,1.808,2.699,0.003,0.003,8477.0,5748.0,1.0
"beta_dist[Blanco, Dairon]",2.199,0.308,1.614,2.782,0.003,0.004,8994.0,5502.0,1.0
"beta_dist[Soto, Juan]",2.213,0.226,1.771,2.62,0.002,0.002,8501.0,6305.0,1.0
"beta_dist[Hernández, Enrique]",2.126,0.359,1.468,2.809,0.004,0.005,9229.0,6029.0,1.0
"beta_dist[Wall, Forrest]",2.15,0.367,1.494,2.87,0.004,0.004,8520.0,5609.0,1.0
"beta_dist[Kiner-Falefa, Isiah]",2.245,0.332,1.618,2.87,0.004,0.004,7843.0,5926.0,1.0
"beta_dist[Yoshida, Masataka]",1.97,0.264,1.48,2.464,0.003,0.003,8399.0,5646.0,1.0
"beta_dist[Frelick, Sal]",2.284,0.365,1.602,2.98,0.004,0.004,9396.0,5851.0,1.0
"beta_dist[Rutherford, Blake]",2.356,0.387,1.621,3.072,0.004,0.005,7469.0,5600.0,1.0
"beta_dist[Yastrzemski, Mike]",2.008,0.366,1.307,2.683,0.004,0.004,7676.0,5379.0,1.0
"beta_dist[Remillard, Zach]",2.189,0.376,1.485,2.897,0.004,0.004,8016.0,5625.0,1.0
"beta_dist[Haniger, Mitch]",2.035,0.332,1.41,2.659,0.004,0.004,7353.0,5717.0,1.0
"beta_dist[Hampson, Garrett]",1.971,0.355,1.3,2.647,0.004,0.004,8313.0,5504.0,1.0
"beta_dist[Duran, Ezequiel]",2.127,0.315,1.549,2.736,0.003,0.004,8697.0,5850.0,1.0
"beta_dist[Adams, Jordyn]",2.046,0.39,1.342,2.823,0.004,0.005,8675.0,5600.0,1.0
"beta_dist[Sabol, Blake]",2.042,0.333,1.42,2.691,0.004,0.004,8350.0,6514.0,1.0
"beta_dist[Marlowe, Cade]",2.037,0.356,1.343,2.683,0.004,0.004,9840.0,5450.0,1.0
"beta_dist[Taylor, Samad]",1.941,0.371,1.242,2.639,0.004,0.004,8484.0,5550.0,1.0
"beta_dist[Greene, Riley]",2.299,0.27,1.785,2.806,0.003,0.003,10374.0,6491.0,1.0
"beta_dist[Meckler, Wade]",2.039,0.387,1.327,2.795,0.004,0.005,9717.0,4922.0,1.0
"beta_dist[Martínez, J.P.]",2.186,0.389,1.406,2.873,0.004,0.005,9518.0,6332.0,1.0
"beta_dist[Schneider, Davis]",2.013,0.283,1.472,2.541,0.003,0.003,8671.0,5734.0,1.0
"beta_dist[Gonzalez, Oscar]",2.312,0.391,1.59,3.058,0.004,0.005,7984.0,5780.0,1.0
"beta_dist[Julks, Corey]",2.254,0.274,1.751,2.766,0.003,0.003,9159.0,5929.0,1.0
"beta_dist[Siani, Michael]",2.07,0.384,1.349,2.798,0.004,0.004,8758.0,6548.0,1.0
"beta_dist[Hopkins, TJ]",2.002,0.39,1.275,2.736,0.004,0.005,8391.0,5723.0,1.0
"beta_dist[García, Avisaíl]",2.002,0.379,1.267,2.69,0.004,0.004,8190.0,5347.0,1.0
"beta_dist[Lukes, Nathan]",2.177,0.346,1.494,2.803,0.004,0.004,8768.0,5169.0,1.0
"beta_dist[Wilson, Weston]",2.338,0.375,1.623,3.039,0.004,0.005,8186.0,5033.0,1.0
"beta_dist[Cowser, Colton]",1.953,0.273,1.435,2.447,0.003,0.003,9136.0,6127.0,1.0
"beta_dist[Perkins, Blake]",2.144,0.361,1.475,2.839,0.004,0.004,8088.0,6127.0,1.0
"beta_dist[Rengifo, Luis]",2.074,0.382,1.35,2.789,0.004,0.004,7967.0,5687.0,1.0
"beta_dist[Chavis, Michael]",2.162,0.397,1.438,2.908,0.004,0.005,9045.0,5836.0,1.0
"beta_dist[Kohlwey, Taylor]",2.167,0.399,1.416,2.92,0.004,0.005,8569.0,5440.0,1.0
"beta_dist[Lopez, Nicky]",2.094,0.401,1.322,2.818,0.004,0.005,8658.0,5834.0,1.0
"beta_dist[DeLuca, Jonny]",2.093,0.374,1.363,2.779,0.004,0.004,8191.0,5008.0,1.0
"beta_dist[Walker, Jordan]",2.528,0.335,1.902,3.161,0.004,0.004,7917.0,6180.0,1.0
"beta_dist[Fry, David]",2.072,0.369,1.375,2.755,0.004,0.004,7443.0,5752.0,1.0
"beta_dist[Freeman, Tyler]",2.166,0.402,1.402,2.925,0.004,0.005,8086.0,5391.0,1.0
"beta_dist[Fletcher, Dominic]",2.27,0.39,1.558,3.026,0.004,0.004,8131.0,5820.0,1.0
"beta_dist[Heyward, Jason]",2.184,0.388,1.461,2.925,0.004,0.004,7944.0,5631.0,1.0
"beta_dist[Noda, Ryan]",2.204,0.395,1.477,2.97,0.004,0.005,8269.0,5858.0,1.0
"beta_dist[Miller, Owen]",2.16,0.39,1.436,2.887,0.004,0.005,9650.0,6146.0,1.0
"beta_dist[Guthrie, Dalton]",2.164,0.399,1.377,2.866,0.004,0.005,8136.0,5884.0,1.0
"beta_dist[Mastrobuoni, Miles]",2.157,0.406,1.378,2.925,0.004,0.005,9027.0,5595.0,1.0
"beta_dist[Wiemer, Joey]",2.216,0.368,1.533,2.912,0.004,0.004,8051.0,6153.0,1.0
"beta_dist[Wisely, Brett]",2.162,0.391,1.452,2.931,0.004,0.005,9832.0,5215.0,1.0
"beta_dist[Toglia, Michael]",2.064,0.395,1.319,2.806,0.004,0.005,10506.0,5951.0,1.0
"beta_dist[Chourio, Jackson]",2.288,0.289,1.734,2.831,0.003,0.003,9401.0,5547.0,1.0
"beta_dist[Laureano, Ramón]",2.039,0.346,1.387,2.694,0.004,0.004,8952.0,6004.0,1.0
"beta_dist[Dunn, Blake]",2.078,0.379,1.387,2.816,0.004,0.004,8083.0,5900.0,1.0
"beta_dist[Beck, Jordan]",2.753,0.312,2.158,3.323,0.004,0.003,6057.0,5587.0,1.0
"beta_dist[DeLoach, Zach]",2.041,0.385,1.338,2.78,0.004,0.004,8750.0,6121.0,1.0
"beta_dist[Domínguez, Jasson]",2.031,0.37,1.328,2.719,0.004,0.005,10597.0,5713.0,1.0
"beta_dist[Schuemann, Max]",2.075,0.39,1.345,2.825,0.004,0.005,9401.0,5623.0,1.0
"beta_dist[Loperfido, Joey]",2.578,0.3,2.006,3.119,0.003,0.003,8417.0,4899.0,1.0
"beta_dist[Conine, Griffin]",2.076,0.381,1.387,2.803,0.004,0.004,8011.0,5956.0,1.0
"beta_dist[Wood, James]",2.042,0.286,1.52,2.593,0.003,0.003,8438.0,6198.0,1.0
"beta_dist[Langford, Wyatt]",2.203,0.258,1.709,2.673,0.003,0.003,8822.0,5960.0,1.0
"beta_dist[Collins, Isaac]",1.923,0.39,1.222,2.655,0.004,0.005,7825.0,5534.0,1.0
"beta_dist[Cook, Billy]",2.171,0.391,1.435,2.903,0.004,0.005,8914.0,5931.0,1.0
"beta_dist[Martin, Austin]",2.106,0.339,1.456,2.746,0.004,0.004,8651.0,6338.0,1.0
"beta_dist[Martínez, Angel]",1.943,0.37,1.233,2.627,0.004,0.004,8145.0,5714.0,1.0
"beta_dist[Robles, Victor]",2.054,0.369,1.347,2.732,0.004,0.004,8172.0,5673.0,1.0
"beta_dist[Pages, Andy]",2.191,0.394,1.49,2.99,0.004,0.005,9481.0,5924.0,1.0
"beta_dist[Myers, Dane]",2.126,0.399,1.348,2.847,0.004,0.005,8408.0,5800.0,1.0
"beta_dist[Fabian, Sandro]",2.161,0.391,1.45,2.917,0.004,0.005,9869.0,6273.0,1.0
"beta_dist[Hinds, Rece]",2.172,0.395,1.451,2.927,0.004,0.005,9876.0,5850.0,1.0
"beta_dist[Hill, Derek]",2.255,0.353,1.589,2.916,0.004,0.004,10108.0,6049.0,1.0
"beta_dist[Taylor, Michael A.]",2.191,0.396,1.418,2.894,0.004,0.005,8732.0,5894.0,1.0
"beta_dist[Yorke, Nick]",2.159,0.396,1.416,2.885,0.004,0.005,9352.0,5871.0,1.0
"beta_dist[Lockridge, Brandon]",2.187,0.403,1.414,2.943,0.004,0.005,9898.0,5737.0,1.0
"beta_dist[Campero, Gustavo]",2.177,0.396,1.418,2.913,0.005,0.004,7208.0,5680.0,1.0
"beta_dist[Sanoja, Javier]",2.076,0.393,1.364,2.837,0.004,0.005,9066.0,5959.0,1.0
"beta_dist[Schneemann, Daniel]",1.968,0.376,1.246,2.657,0.004,0.004,7722.0,5801.0,1.0
"beta_dist[Newman, Kevin]",2.156,0.398,1.435,2.93,0.004,0.005,8197.0,5128.0,1.0
"beta_dist[Pérez, Wenceel]",2.1,0.408,1.4,2.93,0.004,0.005,8996.0,5004.0,1.0
"beta_dist[Barger, Addison]",2.413,0.352,1.727,3.044,0.004,0.004,8503.0,6337.0,1.0
"beta_dist[Wagaman, Eric]",2.16,0.405,1.368,2.892,0.004,0.005,8107.0,5036.0,1.0
"beta_dist[Alvarez, Armando]",2.147,0.394,1.423,2.899,0.004,0.005,8398.0,5613.0,1.0
"beta_dist[Helman, Michael]",2.165,0.396,1.409,2.902,0.004,0.005,8693.0,5100.0,1.0
"beta_dist[Ellis, Duke]",2.212,0.386,1.47,2.926,0.004,0.005,9573.0,5030.0,1.0
"beta_dist[Scott II, Victor]",2.16,0.403,1.439,2.951,0.004,0.005,9066.0,5275.0,1.0
"beta_dist[Barrosa, Jorge]",2.141,0.391,1.425,2.894,0.004,0.005,8468.0,5486.0,1.0
"beta_dist[Malloy, Justyn-Henry]",2.34,0.353,1.655,2.994,0.004,0.004,7745.0,5814.0,1.0
"beta_dist[Espinal, Santiago]",2.137,0.397,1.383,2.877,0.004,0.005,9945.0,6374.0,1.0
"beta_dist[Misner, Kameron]",2.181,0.393,1.443,2.93,0.004,0.005,8712.0,5142.0,1.0
"beta_dist[Cabbage, Trey]",2.127,0.392,1.442,2.919,0.004,0.005,9011.0,5620.0,1.0
"beta_dist[Judge, Aaron]",2.137,0.384,1.415,2.856,0.004,0.004,11241.0,5578.0,1.0
"beta_dist[Goodman, Hunter]",2.207,0.385,1.495,2.928,0.004,0.004,8148.0,5651.0,1.0
"beta_dist[Berroa, Steward]",2.103,0.391,1.371,2.839,0.004,0.004,8130.0,5784.0,1.0
"beta_dist[Clase, Jonatan]",2.306,0.346,1.64,2.93,0.004,0.004,8335.0,6301.0,1.0
"beta_dist[Lopez, Otto]",2.162,0.39,1.452,2.907,0.004,0.005,8825.0,5717.0,1.0
"beta_dist[Loftin, Nick]",2.156,0.399,1.435,2.91,0.004,0.005,9387.0,6093.0,1.0
"beta_dist[Jordan, Levi]",2.072,0.387,1.388,2.861,0.004,0.004,7728.0,5854.0,1.0
"beta_dist[Jones, Jahmai]",2.207,0.403,1.439,2.951,0.004,0.005,8878.0,5226.0,1.0
"beta_dist[Bruján, Vidal]",2.155,0.396,1.39,2.877,0.005,0.005,7237.0,5739.0,1.0
"beta_dist[Hurtubise, Jacob]",1.952,0.368,1.252,2.636,0.004,0.005,9019.0,5436.0,1.0
"beta_dist[Bellinger, Cody]",2.164,0.389,1.446,2.893,0.004,0.005,8924.0,5933.0,1.0
"beta_dist[Tucker, Cole]",2.066,0.385,1.376,2.829,0.004,0.005,8442.0,5387.0,1.0
"beta_dist[Arias, Gabriel]",2.16,0.4,1.418,2.916,0.004,0.005,8284.0,5599.0,1.0
"beta_dist[Toro, Abraham]",2.162,0.4,1.393,2.885,0.005,0.005,7539.0,5451.0,1.0
"beta_dist[Fitzgerald, Tyler]",2.16,0.376,1.412,2.835,0.004,0.005,9680.0,5853.0,1.0
"beta_dist[Monasterio, Andruw]",2.161,0.397,1.431,2.922,0.004,0.005,9143.0,5932.0,1.0
"beta_dist[Canario, Alexander]",1.995,0.373,1.29,2.696,0.004,0.004,8651.0,5608.0,1.0
"beta_dist[Cooper, Garrett]",2.166,0.393,1.449,2.911,0.004,0.005,8734.0,5847.0,1.0
