,mean,sd,hdi_3%,hdi_97%,mcse_mean,mcse_sd,ess_bulk,ess_tail,r_hat
"alpha[Verdugo, Alex]",-2.348,0.136,-2.601,-2.094,0.002,0.001,5327.0,5666.0,1.0
"alpha[Meadows, Austin]",-2.075,0.224,-2.502,-1.652,0.002,0.003,8154.0,5782.0,1.0
"alpha[Pollock, AJ]",-2.121,0.171,-2.442,-1.8,0.002,0.002,6405.0,6579.0,1.0
"alpha[Wade Jr., LaMonte]",-2.192,0.235,-2.652,-1.77,0.003,0.002,6974.0,5227.0,1.0
"alpha[Rosario, Eddie]",-1.902,0.153,-2.179,-1.605,0.002,0.002,6324.0,5908.0,1.0
"alpha[Yelich, Christian]",-2.432,0.165,-2.741,-2.128,0.002,0.002,5720.0,6032.0,1.0
"alpha[Brantley, Michael]",-2.468,0.215,-2.873,-2.059,0.003,0.002,6696.0,6074.0,1.0
"alpha[Jiménez, Eloy]",-2.362,0.265,-2.849,-1.853,0.003,0.003,7992.0,6239.0,1.0
"alpha[Arozarena, Randy]",-2.333,0.142,-2.597,-2.068,0.002,0.001,6391.0,6147.0,1.0
"alpha[Ruf, Darin]",-2.491,0.295,-3.033,-1.935,0.004,0.003,6892.0,5643.0,1.0
"alpha[Alvarez, Yordan]",-2.892,0.208,-3.283,-2.509,0.003,0.002,6312.0,5687.0,1.0
"alpha[Bryant, Kris]",-2.787,0.202,-3.162,-2.405,0.003,0.002,5566.0,6244.0,1.0
"alpha[Taylor, Chris]",-2.245,0.178,-2.585,-1.913,0.002,0.002,6615.0,5833.0,1.0
"alpha[O'Neill, Tyler]",-2.496,0.165,-2.806,-2.189,0.002,0.002,5548.0,5781.0,1.0
"alpha[Smith, Dominic]",-2.49,0.27,-3.01,-1.993,0.003,0.003,7088.0,5994.0,1.0
"alpha[Tapia, Raimel]",-2.269,0.17,-2.578,-1.937,0.002,0.002,6181.0,5933.0,1.0
"alpha[Ramos, Henry]",-2.2,0.341,-2.838,-1.562,0.004,0.004,9436.0,5935.0,1.0
"alpha[Haase, Eric]",-2.116,0.316,-2.733,-1.538,0.003,0.004,8933.0,6146.0,1.0
"alpha[Miller, Brian]",-2.097,0.486,-2.999,-1.162,0.005,0.006,10662.0,6134.0,1.0
"alpha[Canha, Mark]",-2.484,0.162,-2.779,-2.173,0.002,0.002,5247.0,5692.0,1.0
"alpha[Gordon, Nick]",-2.22,0.189,-2.592,-1.882,0.002,0.002,6896.0,6161.0,1.0
"alpha[Isbel, Kyle]",-1.234,0.131,-1.481,-0.989,0.002,0.001,7117.0,6107.0,1.0
"alpha[Rooker, Brent]",-2.741,0.226,-3.148,-2.296,0.003,0.002,6924.0,5837.0,1.0
"alpha[Dozier, Hunter]",-2.692,0.229,-3.124,-2.252,0.003,0.002,7386.0,6141.0,1.0
"alpha[Taylor, Tyrone]",-1.629,0.153,-1.901,-1.331,0.002,0.002,6647.0,6219.0,1.0
"alpha[Marisnick, Jake]",-1.474,0.225,-1.932,-1.082,0.002,0.003,8623.0,5944.0,1.0
"alpha[Schrock, Max]",-2.28,0.368,-2.962,-1.57,0.004,0.005,9872.0,5153.0,1.0
"alpha[Alford, Anthony]",-2.288,0.282,-2.817,-1.757,0.003,0.003,8634.0,5972.0,1.0
"alpha[Gallo, Joey]",-2.497,0.175,-2.821,-2.163,0.002,0.002,6368.0,5571.0,1.0
"alpha[Deichmann, Greg]",-2.26,0.453,-3.064,-1.37,0.005,0.005,8395.0,6154.0,1.0
"alpha[Rondon, José]",-2.317,0.428,-3.121,-1.535,0.004,0.005,10478.0,6104.0,1.0
"alpha[Fraley, Jake]",-2.148,0.163,-2.463,-1.852,0.002,0.002,7356.0,5756.0,1.0
"alpha[Gosselin, Phil]",-2.404,0.299,-2.996,-1.863,0.003,0.004,8312.0,5500.0,1.0
"alpha[Moore, Dylan]",-2.137,0.216,-2.565,-1.749,0.003,0.002,6687.0,5940.0,1.0
"alpha[Mercado, Óscar]",-2.295,0.218,-2.71,-1.888,0.003,0.002,7365.0,6127.0,1.0
"alpha[Nevin, Tyler]",-2.41,0.312,-2.99,-1.821,0.003,0.003,9720.0,5931.0,1.0
"alpha[Dickerson, Corey]",-2.095,0.204,-2.47,-1.703,0.003,0.002,6616.0,6001.0,1.0
"alpha[Stevenson, Andrew]",-1.631,0.28,-2.169,-1.116,0.003,0.003,8291.0,6395.0,1.0
"alpha[Bell, Josh]",-2.443,0.449,-3.295,-1.609,0.005,0.005,7640.0,6176.0,1.0
"alpha[Peralta, David]",-2.515,0.157,-2.806,-2.217,0.002,0.002,6321.0,5730.0,1.0
"alpha[Grossman, Robbie]",-2.298,0.154,-2.581,-2.003,0.002,0.002,5941.0,6034.0,1.0
"alpha[Cave, Jake]",-2.571,0.18,-2.906,-2.235,0.002,0.002,6197.0,5987.0,1.0
"alpha[Benintendi, Andrew]",-2.385,0.147,-2.665,-2.116,0.002,0.001,6165.0,5702.0,1.0
"alpha[Brinson, Lewis]",-2.389,0.251,-2.865,-1.933,0.003,0.003,8639.0,6248.0,1.0
"alpha[McCutchen, Andrew]",-2.488,0.195,-2.859,-2.125,0.002,0.002,6641.0,6498.0,1.0
"alpha[McNeil, Jeff]",-2.194,0.218,-2.602,-1.79,0.003,0.002,7552.0,6245.0,1.0
"alpha[Gamel, Ben]",-2.726,0.195,-3.121,-2.378,0.003,0.002,5591.0,5749.0,1.0
"alpha[Friedl, TJ]",-1.647,0.158,-1.942,-1.354,0.002,0.002,6005.0,6322.0,1.0
"alpha[Ortega, Rafael]",-2.001,0.181,-2.333,-1.656,0.002,0.002,7453.0,5830.0,1.0
"alpha[Happ, Ian]",-2.012,0.133,-2.258,-1.754,0.002,0.001,5144.0,5007.0,1.0
"alpha[Slater, Austin]",-1.61,0.166,-1.92,-1.294,0.002,0.002,7161.0,5845.0,1.0
"alpha[Ramírez, Harold]",-2.623,0.217,-3.046,-2.223,0.003,0.002,6506.0,6254.0,1.0
"alpha[Calhoun, Willie]",-2.423,0.307,-3.009,-1.85,0.004,0.003,7309.0,5672.0,1.0
"alpha[Brown, Seth]",-2.256,0.164,-2.579,-1.959,0.002,0.002,6116.0,5973.0,1.0
"alpha[Hernández, Teoscar]",-2.317,0.139,-2.58,-2.066,0.002,0.001,5524.0,5770.0,1.0
"alpha[McKenna, Ryan]",-1.664,0.185,-1.992,-1.298,0.002,0.002,6932.0,6598.0,1.0
"alpha[Phillips, Brett]",-1.619,0.189,-1.97,-1.264,0.002,0.002,8031.0,6554.0,1.0
"alpha[Herrera, Odúbel]",-1.5,0.175,-1.833,-1.182,0.002,0.002,7365.0,5949.0,1.0
"alpha[Frazier, Adam]",-2.32,0.27,-2.83,-1.82,0.003,0.003,8562.0,6460.0,1.0
"alpha[Schwarber, Kyle]",-2.457,0.168,-2.767,-2.138,0.002,0.002,4956.0,6165.0,1.0
"alpha[Stephenson, Tyler]",-2.389,0.498,-3.341,-1.496,0.005,0.006,8968.0,5723.0,1.0
"alpha[Peters, DJ]",-1.985,0.262,-2.451,-1.47,0.003,0.003,7626.0,6408.0,1.0
"alpha[Castro, Willi]",-2.386,0.179,-2.732,-2.063,0.002,0.002,6099.0,6123.0,1.0
"alpha[Peterson, Jace]",-2.701,0.313,-3.289,-2.109,0.004,0.004,7281.0,5535.0,1.0
"alpha[Stanton, Giancarlo]",-2.582,0.237,-3.009,-2.118,0.003,0.002,5849.0,5691.0,1.0
"alpha[Varsho, Daulton]",-1.699,0.13,-1.931,-1.435,0.002,0.001,6524.0,5804.0,1.0
"alpha[Smith, Pavin]",-2.506,0.2,-2.908,-2.147,0.003,0.002,5759.0,5819.0,1.0
"alpha[Lagares, Juan]",-2.255,0.229,-2.702,-1.843,0.003,0.002,7133.0,6107.0,1.0
"alpha[Hernandez, Yadiel]",-2.399,0.219,-2.781,-1.957,0.003,0.002,7208.0,6038.0,1.0
"alpha[Margot, Manuel]",-1.679,0.153,-1.981,-1.402,0.002,0.002,6289.0,5968.0,1.0
"alpha[Pillar, Kevin]",-2.156,0.181,-2.494,-1.809,0.002,0.002,7239.0,6064.0,1.0
"alpha[Nootbaar, Lars]",-2.23,0.158,-2.509,-1.922,0.002,0.002,5691.0,5916.0,1.0
"alpha[Dyson, Jarrod]",-1.706,0.254,-2.18,-1.235,0.003,0.003,8944.0,6159.0,1.0
"alpha[Ward, Taylor]",-2.365,0.148,-2.63,-2.077,0.002,0.001,5605.0,5793.0,1.0
"alpha[Hilliard, Sam]",-2.37,0.188,-2.721,-2.01,0.002,0.002,6212.0,5887.0,1.0
"alpha[Díaz, Aledmys]",-2.156,0.32,-2.733,-1.53,0.003,0.004,10080.0,5956.0,1.0
"alpha[Hamilton, Billy]",-1.532,0.32,-2.136,-0.924,0.004,0.004,8307.0,5762.0,1.0
"alpha[Hays, Austin]",-2.351,0.143,-2.619,-2.088,0.002,0.001,5715.0,5493.0,1.0
"alpha[DeShields, Delino]",-1.963,0.373,-2.672,-1.273,0.004,0.004,9923.0,5931.0,1.0
"alpha[Martini, Nick]",-2.532,0.315,-3.116,-1.94,0.003,0.004,8477.0,5968.0,1.0
"alpha[Rojas, Jose]",-2.243,0.319,-2.815,-1.605,0.004,0.003,7704.0,5983.0,1.0
"alpha[Pham, Tommy]",-2.43,0.151,-2.715,-2.153,0.002,0.002,6000.0,6428.0,1.0
"alpha[McCormick, Chas]",-1.497,0.139,-1.755,-1.238,0.002,0.001,5803.0,5748.0,1.0
"alpha[Beaty, Matt]",-2.481,0.292,-3.028,-1.94,0.003,0.003,9146.0,6516.0,1.0
"alpha[Wisdom, Patrick]",-2.803,0.304,-3.351,-2.21,0.003,0.003,8111.0,6285.0,1.0
"alpha[Dickerson, Alex]",-2.22,0.284,-2.739,-1.68,0.003,0.003,7659.0,6020.0,1.0
"alpha[Baddoo, Akil]",-1.872,0.156,-2.17,-1.589,0.002,0.002,5732.0,5510.0,1.0
"alpha[Wong, Kean]",-2.247,0.421,-2.994,-1.414,0.005,0.005,8223.0,6518.0,1.0
"alpha[Profar, Jurickson]",-2.6,0.156,-2.888,-2.303,0.002,0.002,5468.0,6048.0,1.0
"alpha[Kemp, Tony]",-2.188,0.197,-2.556,-1.824,0.002,0.002,7007.0,6310.0,1.0
"alpha[Meyers, Jake]",-1.259,0.146,-1.549,-0.994,0.002,0.002,8130.0,5913.0,1.0
"alpha[Aquino, Aristides]",-2.187,0.224,-2.588,-1.754,0.003,0.002,7590.0,6550.0,1.0
"alpha[Cameron, Daz]",-2.43,0.226,-2.861,-2.001,0.003,0.002,6906.0,5678.0,1.0
"alpha[Bolt, Skye]",-1.861,0.272,-2.35,-1.34,0.003,0.003,7771.0,5883.0,1.0
"alpha[Arraez, Luis]",-2.511,0.349,-3.166,-1.841,0.004,0.004,9454.0,6256.0,1.0
"alpha[Gurriel Jr., Lourdes]",-2.292,0.146,-2.568,-2.014,0.002,0.002,5280.0,5501.0,1.0
"alpha[Duvall, Adam]",-2.146,0.15,-2.413,-1.855,0.002,0.001,6470.0,6392.0,1.0
"alpha[Engel, Adam]",-2.044,0.21,-2.428,-1.647,0.002,0.002,7263.0,5993.0,1.0
"alpha[Bauers, Jake]",-2.779,0.238,-3.22,-2.33,0.003,0.003,7272.0,5744.0,1.0
"alpha[Lux, Gavin]",-2.439,0.299,-2.985,-1.859,0.003,0.004,10203.0,5968.0,1.0
"alpha[Martinez, J.D.]",-2.728,0.32,-3.326,-2.132,0.003,0.004,9452.0,6072.0,1.0
"alpha[Santander, Anthony]",-2.612,0.152,-2.885,-2.314,0.002,0.002,6290.0,6367.0,1.0
"alpha[Vilade, Ryan]",-2.017,0.396,-2.746,-1.263,0.004,0.005,10048.0,5917.0,1.0
"alpha[Gardner, Brett]",-1.872,0.199,-2.255,-1.509,0.002,0.002,6821.0,5920.0,1.0
"alpha[Wade, Tyler]",-2.232,0.324,-2.824,-1.599,0.003,0.004,10187.0,5849.0,1.0
"alpha[Zimmer, Bradley]",-1.241,0.217,-1.634,-0.822,0.002,0.002,8450.0,5761.0,1.0
"alpha[Winker, Jesse]",-2.703,0.177,-3.036,-2.366,0.002,0.002,5727.0,6172.0,1.0
"alpha[Siri, Jose]",-1.169,0.143,-1.437,-0.898,0.002,0.002,8888.0,5697.0,1.0
"alpha[Vierling, Matt]",-1.841,0.152,-2.112,-1.534,0.002,0.002,7615.0,6092.0,1.0
"alpha[De La Cruz, Bryan]",-2.498,0.154,-2.78,-2.206,0.002,0.002,5614.0,5773.0,1.0
"alpha[Refsnyder, Rob]",-2.111,0.182,-2.448,-1.767,0.002,0.002,6698.0,6209.0,1.0
"alpha[Rivas III, Alfonso]",-2.324,0.428,-3.111,-1.496,0.004,0.005,9938.0,5730.0,1.0
"alpha[Martin, Jason]",-2.171,0.288,-2.717,-1.641,0.003,0.003,7836.0,5281.0,1.0
"alpha[Gonzalez, Romy]",-1.901,0.427,-2.726,-1.138,0.004,0.006,11814.0,5152.0,1.0
"alpha[Souza Jr., Steven]",-2.446,0.418,-3.224,-1.664,0.004,0.005,10790.0,6122.0,1.0
"alpha[Joyce, Matt]",-2.176,0.383,-2.893,-1.458,0.004,0.004,9648.0,5703.0,1.0
"alpha[Sheets, Gavin]",-2.825,0.215,-3.224,-2.423,0.003,0.002,7247.0,5762.0,1.0
"alpha[Santana, Danny]",-2.182,0.389,-2.914,-1.451,0.004,0.004,9663.0,6067.0,1.0
"alpha[Stewart, DJ]",-2.899,0.212,-3.287,-2.498,0.003,0.002,5972.0,5854.0,1.0
"alpha[Ruiz, Rio]",-2.152,0.505,-3.136,-1.236,0.005,0.006,11089.0,6056.0,1.0
"alpha[Marmolejos, José]",-2.066,0.395,-2.833,-1.347,0.004,0.005,10385.0,5614.0,1.0
"alpha[Myers, Wil]",-2.389,0.21,-2.781,-1.987,0.003,0.002,6970.0,6141.0,1.0
"alpha[Vaughn, Andrew]",-2.78,0.214,-3.183,-2.376,0.003,0.002,6894.0,6308.0,1.0
"alpha[Adell, Jo]",-2.397,0.184,-2.749,-2.059,0.002,0.002,5775.0,6303.0,1.0
"alpha[Duggar, Steven]",-1.527,0.227,-1.958,-1.1,0.003,0.002,8003.0,6201.0,1.0
"alpha[Lowe, Josh]",-2.503,0.188,-2.865,-2.155,0.003,0.002,5594.0,5631.0,1.0
"alpha[Alfaro, Jorge]",-2.359,0.411,-3.158,-1.617,0.004,0.005,11936.0,6407.0,1.0
"alpha[Naquin, Tyler]",-2.33,0.192,-2.677,-1.949,0.002,0.002,6534.0,5599.0,1.0
"alpha[Fairchild, Stuart]",-1.609,0.186,-1.958,-1.264,0.002,0.002,7180.0,5889.0,1.0
"alpha[Joe, Connor]",-2.52,0.187,-2.861,-2.156,0.002,0.002,7109.0,6323.0,1.0
"alpha[Luplow, Jordan]",-2.504,0.234,-2.938,-2.063,0.003,0.002,7271.0,6506.0,1.0
"alpha[Davis, Khris]",-2.022,0.473,-2.899,-1.136,0.005,0.005,10173.0,5918.0,1.0
"alpha[Akiyama, Shogo]",-1.998,0.288,-2.548,-1.471,0.003,0.003,8582.0,6120.0,1.0
"alpha[Arcia, Orlando]",-2.091,0.371,-2.783,-1.391,0.004,0.005,11063.0,5921.0,1.0
"alpha[Reyes, Pablo]",-2.156,0.49,-3.102,-1.273,0.005,0.006,8673.0,5712.0,1.0
"alpha[Upton, Justin]",-2.444,0.263,-2.918,-1.929,0.003,0.003,8869.0,5866.0,1.0
"alpha[Johnson, Daniel]",-2.193,0.335,-2.824,-1.571,0.004,0.004,8950.0,6118.0,1.0
"alpha[Bonifacio, Jorge]",-2.28,0.46,-3.138,-1.414,0.005,0.006,10287.0,5257.0,1.0
"alpha[Rojas, Josh]",-2.345,0.305,-2.886,-1.744,0.003,0.004,8506.0,6145.0,1.0
"alpha[Muñoz, Yairo]",-2.427,0.475,-3.334,-1.538,0.005,0.006,10329.0,4989.0,1.0
"alpha[Thomas, Lane]",-2.315,0.143,-2.574,-2.042,0.002,0.002,5795.0,5145.0,1.0
"alpha[Olivares, Edward]",-2.566,0.201,-2.941,-2.191,0.002,0.002,6630.0,5855.0,1.0
"alpha[Harrison, Josh]",-3.086,0.345,-3.764,-2.467,0.004,0.004,8775.0,6090.0,1.0
"alpha[Jones, Taylor]",-3.009,0.424,-3.803,-2.228,0.004,0.005,10427.0,6233.0,1.0
"alpha[Lamb, Jake]",-2.656,0.35,-3.29,-1.974,0.004,0.004,9168.0,5933.0,1.0
"alpha[Smith, Kevin]",-2.251,0.483,-3.169,-1.365,0.005,0.006,10547.0,5781.0,1.0
"alpha[Carlson, Dylan]",-2.12,0.144,-2.39,-1.848,0.002,0.001,6606.0,5211.0,1.0
"alpha[Drury, Brandon]",-2.062,0.451,-2.913,-1.225,0.004,0.006,10858.0,5691.0,1.0
"alpha[Tsutsugo, Yoshi]",-2.611,0.337,-3.28,-2.008,0.004,0.004,7973.0,6001.0,1.0
"alpha[Ibáñez, Andy]",-2.121,0.371,-2.808,-1.411,0.004,0.004,8762.0,6102.0,1.0
"alpha[Hermosillo, Michael]",-1.817,0.307,-2.379,-1.207,0.003,0.004,9828.0,5421.0,1.0
"alpha[Mateo, Jorge]",-2.015,0.353,-2.708,-1.366,0.004,0.004,9497.0,6251.0,1.0
"alpha[Culberson, Charlie]",-2.494,0.358,-3.16,-1.809,0.004,0.004,8455.0,5755.0,1.0
"alpha[McKinstry, Zach]",-1.873,0.229,-2.3,-1.438,0.003,0.002,7593.0,6051.0,1.0
"alpha[Larnach, Trevor]",-2.489,0.196,-2.868,-2.134,0.002,0.002,6695.0,5989.0,1.0
"alpha[Park, Hoy]",-2.591,0.417,-3.349,-1.794,0.004,0.005,12155.0,6377.0,1.0
"alpha[Robson, Jacob]",-2.155,0.488,-3.054,-1.233,0.005,0.006,10751.0,6063.0,1.0
"alpha[Goodrum, Niko]",-2.31,0.399,-3.015,-1.525,0.004,0.005,9168.0,5714.0,1.0
"alpha[Almonte, Abraham]",-2.416,0.292,-2.946,-1.844,0.003,0.003,7186.0,5451.0,1.0
"alpha[Cordero, Franchy]",-2.449,0.251,-2.928,-1.98,0.003,0.003,8071.0,6101.0,1.0
"alpha[García, Leury]",-2.0,0.243,-2.46,-1.549,0.003,0.003,7744.0,6130.0,1.0
"alpha[Duran, Jarren]",-1.877,0.145,-2.151,-1.608,0.002,0.001,6960.0,6523.0,1.0
"alpha[Williams, Luke]",-2.017,0.353,-2.658,-1.341,0.004,0.004,8322.0,6310.0,1.0
"alpha[Evans, Phillip]",-2.108,0.36,-2.807,-1.453,0.004,0.004,9828.0,5641.0,1.0
"alpha[Fargas, Johneshwy]",-1.893,0.403,-2.674,-1.155,0.004,0.005,11766.0,6074.0,1.0
"alpha[Reddick, Josh]",-2.594,0.319,-3.155,-1.957,0.004,0.003,8296.0,6252.0,1.0
"alpha[Dahl, David]",-2.33,0.271,-2.86,-1.845,0.003,0.003,7231.0,5766.0,1.0
"alpha[White, Eli]",-1.568,0.228,-1.995,-1.148,0.003,0.002,7611.0,5861.0,1.0
"alpha[VanMeter, Josh]",-2.198,0.471,-3.08,-1.343,0.005,0.006,9594.0,5502.0,1.0
"alpha[Allen, Greg]",-2.133,0.268,-2.636,-1.632,0.003,0.003,7563.0,6272.0,1.0
"alpha[Parra, Gerardo]",-2.303,0.368,-2.993,-1.627,0.003,0.004,11236.0,5825.0,1.0
"alpha[Estrada, Thairo]",-2.407,0.391,-3.173,-1.719,0.004,0.004,9794.0,6364.0,1.0
"alpha[Oliva, Jared]",-2.418,0.373,-3.106,-1.728,0.004,0.005,9246.0,5945.0,1.0
"alpha[Biggio, Cavan]",-2.216,0.284,-2.748,-1.696,0.003,0.003,8157.0,5937.0,1.0
"alpha[Long Jr., Shed]",-2.51,0.353,-3.172,-1.852,0.004,0.004,8375.0,6104.0,1.0
"alpha[Bradley Jr., Jackie]",-1.681,0.162,-1.987,-1.371,0.002,0.002,7115.0,5736.0,1.0
"alpha[Raley, Luke]",-2.24,0.206,-2.614,-1.841,0.002,0.002,7063.0,5791.0,1.0
"alpha[LaMarre, Ryan]",-2.079,0.432,-2.921,-1.316,0.004,0.005,10567.0,5786.0,1.0
"alpha[Sierra, Magneuris]",-1.473,0.247,-1.946,-1.02,0.003,0.003,8461.0,6117.0,1.0
"alpha[Goodwin, Brian]",-2.155,0.25,-2.613,-1.676,0.003,0.003,8550.0,6778.0,1.0
"alpha[Thomas, Dillon]",-2.114,0.41,-2.891,-1.342,0.005,0.005,8074.0,5311.0,1.0
"alpha[Tauchman, Mike]",-1.867,0.187,-2.213,-1.515,0.002,0.002,7981.0,6197.0,1.0
"alpha[Berti, Jon]",-2.12,0.316,-2.731,-1.55,0.003,0.004,8589.0,5827.0,1.0
"alpha[Reks, Zach]",-2.46,0.37,-3.138,-1.735,0.004,0.004,8796.0,5379.0,1.0
"alpha[Owings, Chris]",-2.331,0.401,-3.082,-1.581,0.004,0.005,10308.0,5305.0,1.0
"alpha[Lowe, Brandon]",-2.311,0.431,-3.103,-1.491,0.004,0.005,9985.0,5401.0,1.0
"alpha[Locastro, Tim]",-2.247,0.276,-2.768,-1.736,0.003,0.003,8023.0,6240.0,1.0
"alpha[Heredia, Guillermo]",-1.697,0.215,-2.085,-1.289,0.003,0.002,7339.0,5670.0,1.0
"alpha[Sánchez, Jesús]",-2.127,0.16,-2.422,-1.823,0.002,0.002,5927.0,6103.0,1.0
"alpha[Wilson, Jacob]",-2.142,0.485,-3.073,-1.266,0.005,0.005,9725.0,6053.0,1.0
"alpha[Pederson, Joc]",-2.492,0.189,-2.845,-2.134,0.002,0.002,5809.0,5487.0,1.0
"alpha[Clement, Ernie]",-2.423,0.402,-3.201,-1.695,0.004,0.005,10371.0,5647.0,1.0
"alpha[Jankowski, Travis]",-1.883,0.194,-2.229,-1.503,0.002,0.002,7148.0,6179.0,1.0
"alpha[Valaika, Pat]",-2.344,0.48,-3.256,-1.473,0.005,0.005,8220.0,5983.0,1.0
"alpha[Andujar, Miguel]",-2.516,0.211,-2.914,-2.131,0.003,0.002,6131.0,6041.0,1.0
"alpha[Vosler, Jason]",-2.33,0.452,-3.182,-1.49,0.005,0.005,9297.0,5770.0,1.0
"alpha[Gonzalez, Marwin]",-1.84,0.336,-2.468,-1.195,0.003,0.004,9292.0,5915.0,1.0
"alpha[Pinder, Chad]",-2.068,0.216,-2.461,-1.651,0.003,0.002,6819.0,5657.0,1.0
"alpha[McKinney, Billy]",-2.07,0.227,-2.502,-1.646,0.003,0.002,7828.0,6243.0,1.0
"alpha[Kirilloff, Alex]",-2.75,0.251,-3.233,-2.287,0.003,0.003,6046.0,5216.0,1.0
"alpha[Daza, Yonathan]",-2.04,0.174,-2.382,-1.725,0.002,0.002,6770.0,6411.0,1.0
"alpha[Davis, Jaylin]",-1.864,0.406,-2.643,-1.109,0.004,0.005,10128.0,5785.0,1.0
"alpha[O'Hearn, Ryan]",-2.495,0.259,-2.984,-2.016,0.003,0.003,8231.0,5537.0,1.0
"alpha[Tom, Ka'ai]",-2.368,0.339,-3.0,-1.729,0.004,0.004,8097.0,5705.0,1.0
"alpha[Schebler, Scott]",-2.089,0.397,-2.807,-1.325,0.004,0.005,8396.0,5366.0,1.0
"alpha[Frazier, Clint]",-2.835,0.256,-3.336,-2.374,0.003,0.003,6617.0,6186.0,1.0
"alpha[González, Luis]",-2.465,0.243,-2.938,-2.03,0.003,0.002,6221.0,6031.0,1.0
"alpha[Mountcastle, Ryan]",-2.896,0.354,-3.578,-2.252,0.004,0.004,8212.0,6193.0,1.0
"alpha[Wilkerson, Stevie]",-2.079,0.472,-2.989,-1.209,0.005,0.006,10397.0,6020.0,1.0
"alpha[Williams, Mason]",-1.908,0.436,-2.709,-1.087,0.004,0.005,9629.0,5267.0,1.0
"alpha[Stubbs, Garrett]",-2.164,0.487,-3.032,-1.227,0.005,0.006,10087.0,5670.0,1.0
"alpha[Merrifield, Whit]",-2.364,0.198,-2.737,-1.991,0.002,0.002,6657.0,5593.0,1.0
"alpha[Heineman, Scott]",-1.945,0.458,-2.793,-1.07,0.004,0.006,10889.0,6147.0,1.0
"alpha[O'Grady, Brian]",-2.274,0.429,-3.052,-1.457,0.004,0.005,10060.0,6184.0,1.0
"alpha[Fuentes, Joshua]",-2.162,0.506,-3.108,-1.229,0.005,0.006,8754.0,5778.0,1.0
"alpha[Walton, Donovan]",-1.995,0.466,-2.839,-1.111,0.005,0.006,8615.0,5639.0,1.0
"alpha[Trammell, Taylor]",-2.115,0.238,-2.582,-1.682,0.003,0.003,6838.0,5859.0,1.0
"alpha[Adrianza, Ehire]",-2.359,0.346,-3.015,-1.707,0.004,0.004,8355.0,6213.0,1.0
"alpha[Blankenhorn, Travis]",-2.326,0.376,-3.051,-1.638,0.004,0.004,8865.0,6157.0,1.0
"alpha[Marcano, Tucupita]",-2.555,0.337,-3.187,-1.927,0.003,0.004,9804.0,6318.0,1.0
"alpha[Hiura, Keston]",-2.316,0.446,-3.146,-1.489,0.004,0.005,11276.0,6209.0,1.0
"alpha[Garlick, Kyle]",-2.751,0.266,-3.24,-2.24,0.003,0.003,7539.0,6349.0,1.0
"alpha[Kelenic, Jarred]",-1.971,0.146,-2.233,-1.686,0.002,0.001,6859.0,6269.0,1.0
"alpha[Quinn, Roman]",-1.51,0.281,-2.034,-0.985,0.003,0.003,8095.0,6475.0,1.0
"alpha[Miller, Brad]",-2.505,0.306,-3.089,-1.94,0.003,0.003,8404.0,6117.0,1.0
"alpha[Maybin, Cameron]",-2.169,0.448,-3.045,-1.358,0.004,0.005,10751.0,5763.0,1.0
"alpha[Haggerty, Sam]",-1.369,0.229,-1.812,-0.954,0.002,0.003,8888.0,6070.0,1.0
"alpha[Williams, Justin]",-2.648,0.317,-3.231,-2.035,0.004,0.004,7262.0,5698.0,1.0
"alpha[Vargas, Ildemaro]",-2.193,0.399,-2.931,-1.441,0.004,0.005,10208.0,5709.0,1.0
"alpha[Ozuna, Marcell]",-2.326,0.244,-2.791,-1.864,0.003,0.003,7806.0,6059.0,1.0
"alpha[Eaton, Adam]",-2.237,0.253,-2.701,-1.755,0.003,0.003,7978.0,6166.0,1.0
"alpha[Barrera, Luis]",-1.455,0.352,-2.093,-0.775,0.004,0.004,9078.0,6054.0,1.0
"alpha[Hager, Jake]",-2.332,0.476,-3.23,-1.435,0.005,0.005,10346.0,6276.0,1.0
"alpha[Duffy, Matt]",-2.416,0.469,-3.276,-1.514,0.005,0.006,8907.0,5782.0,1.0
"alpha[Neuse, Sheldon]",-2.302,0.484,-3.229,-1.395,0.005,0.005,9342.0,5945.0,1.0
"alpha[Jay, Jon]",-2.116,0.443,-2.914,-1.272,0.004,0.005,10641.0,6013.0,1.0
"alpha[García, Adolis]",-2.244,0.136,-2.502,-1.99,0.002,0.001,5722.0,5964.0,1.0
"alpha[Hoerner, Nico]",-2.219,0.464,-3.11,-1.375,0.005,0.005,9651.0,6178.0,1.0
"alpha[Castro, Harold]",-2.01,0.357,-2.661,-1.321,0.004,0.004,8849.0,5995.0,1.0
"alpha[Payton, Mark]",-2.422,0.418,-3.19,-1.61,0.004,0.005,9539.0,5637.0,1.0
"alpha[Mathisen, Wyatt]",-2.207,0.464,-3.114,-1.376,0.005,0.005,9594.0,6161.0,1.0
"alpha[Lin, Tzu-Wei]",-2.154,0.5,-3.09,-1.244,0.005,0.006,9913.0,5898.0,1.0
"alpha[Nimmo, Brandon]",-1.827,0.132,-2.083,-1.586,0.002,0.001,6429.0,5856.0,1.0
"alpha[Ohtani, Shohei]",-2.157,0.506,-3.056,-1.168,0.005,0.006,9879.0,6019.0,1.0
"alpha[Bemboom, Anthony]",-2.145,0.494,-3.086,-1.255,0.005,0.006,9697.0,6056.0,1.0
"alpha[Reynolds, Bryan]",-2.057,0.132,-2.304,-1.811,0.002,0.001,5794.0,6254.0,1.0
"alpha[Dean, Austin]",-2.523,0.421,-3.316,-1.741,0.004,0.005,8858.0,6038.0,1.0
"alpha[Musgrove, Joe]",-2.14,0.487,-3.062,-1.243,0.004,0.006,11880.0,5963.0,1.0
"alpha[Jones, JaCoby]",-1.64,0.287,-2.17,-1.093,0.003,0.003,7952.0,6042.0,1.0
"alpha[Bishop, Braden]",-2.088,0.484,-3.016,-1.182,0.005,0.006,9610.0,5625.0,1.0
"alpha[Palacios, Joshua]",-2.153,0.237,-2.599,-1.714,0.003,0.003,7210.0,6069.0,1.0
"alpha[Blandino, Alex]",-2.155,0.486,-3.069,-1.246,0.004,0.006,11971.0,5892.0,1.0
"alpha[Young, Andrew]",-2.349,0.479,-3.27,-1.473,0.005,0.005,9085.0,6210.0,1.0
"alpha[Williams, Nick]",-2.194,0.457,-3.052,-1.347,0.005,0.005,9300.0,6197.0,1.0
"alpha[Pérez, Hernán]",-2.243,0.452,-3.074,-1.382,0.005,0.005,8440.0,5617.0,1.0
"alpha[Haseley, Adam]",-2.052,0.325,-2.644,-1.421,0.004,0.004,8386.0,5817.0,1.0
"alpha[Brosseau, Mike]",-2.341,0.489,-3.258,-1.41,0.005,0.006,11367.0,5709.0,1.0
"alpha[Freeman, Mike]",-2.124,0.487,-3.04,-1.207,0.005,0.006,9898.0,5470.0,1.0
"alpha[Inciarte, Ender]",-1.697,0.33,-2.306,-1.07,0.004,0.004,8012.0,5789.0,1.0
"alpha[Farmer, Kyle]",-2.156,0.502,-3.129,-1.25,0.005,0.006,10696.0,5811.0,1.0
"alpha[Kingery, Scott]",-1.911,0.399,-2.649,-1.137,0.004,0.005,9887.0,5757.0,1.0
"alpha[Davis, Jonathan]",-1.484,0.229,-1.904,-1.043,0.003,0.002,7894.0,5777.0,1.0
"alpha[Reyes, Victor]",-2.158,0.194,-2.506,-1.779,0.002,0.002,6648.0,6011.0,1.0
"alpha[Almora Jr., Albert]",-1.922,0.239,-2.358,-1.465,0.003,0.003,7699.0,5659.0,1.0
"alpha[Azócar, José]",-1.72,0.209,-2.115,-1.335,0.003,0.002,6849.0,5849.0,1.0
"alpha[Thompson, Trayce]",-1.917,0.212,-2.312,-1.52,0.003,0.002,7014.0,5854.0,1.0
"alpha[Kwan, Steven]",-2.012,0.14,-2.273,-1.748,0.002,0.001,4708.0,5602.0,1.0
"alpha[Cabrera, Oswaldo]",-2.186,0.238,-2.617,-1.733,0.003,0.002,7786.0,6323.0,1.0
"alpha[Hicks, Aaron]",-2.174,0.167,-2.483,-1.854,0.002,0.002,6879.0,6193.0,1.0
"alpha[Vavra, Terrin]",-2.636,0.365,-3.299,-1.935,0.004,0.004,10168.0,6129.0,1.0
"alpha[Velázquez, Nelson]",-2.553,0.234,-2.984,-2.108,0.003,0.002,6709.0,6023.0,1.0
"alpha[Brennan, Will]",-2.108,0.189,-2.468,-1.763,0.002,0.002,6153.0,6042.0,1.0
"alpha[Hensley, David]",-2.342,0.407,-3.094,-1.552,0.004,0.005,8450.0,5763.0,1.0
"alpha[Vargas, Miguel]",-2.238,0.344,-2.903,-1.618,0.004,0.004,8663.0,5492.0,1.0
"alpha[Bouchard, Sean]",-2.836,0.256,-3.327,-2.359,0.003,0.003,7589.0,6343.0,1.0
"alpha[Smith, Josh]",-2.222,0.291,-2.761,-1.679,0.003,0.003,7967.0,6033.0,1.0
"alpha[Thompson, Bubba]",-1.965,0.251,-2.444,-1.501,0.003,0.003,7155.0,6006.0,1.0
"alpha[Waters, Drew]",-1.976,0.198,-2.348,-1.604,0.002,0.002,6778.0,6344.0,1.0
"alpha[Mancini, Trey]",-2.161,0.34,-2.808,-1.531,0.004,0.004,8734.0,6138.0,1.0
"alpha[Hernández, César]",-2.108,0.414,-2.864,-1.319,0.004,0.005,9107.0,6195.0,1.0
"alpha[Bleday, JJ]",-1.937,0.154,-2.239,-1.658,0.002,0.002,6141.0,6071.0,1.0
"alpha[Burdick, Peyton]",-2.417,0.303,-2.996,-1.851,0.003,0.003,8721.0,6148.0,1.0
"alpha[Carroll, Corbin]",-2.079,0.149,-2.377,-1.82,0.002,0.002,6229.0,6304.0,1.0
"alpha[Suwinski, Jack]",-2.086,0.145,-2.35,-1.81,0.002,0.001,6637.0,6461.0,1.0
"alpha[Bae, Ji Hwan]",-1.54,0.243,-1.991,-1.077,0.003,0.003,7287.0,5597.0,1.0
"alpha[Yepez, Juan]",-3.112,0.304,-3.683,-2.527,0.003,0.003,7878.0,5815.0,1.0
"alpha[Melendez, MJ]",-2.223,0.16,-2.517,-1.915,0.002,0.002,6681.0,6219.0,1.0
"alpha[Mathias, Mark]",-2.159,0.449,-2.985,-1.313,0.005,0.005,8777.0,5561.0,1.0
"alpha[Call, Alex]",-1.846,0.172,-2.153,-1.509,0.002,0.002,6518.0,6027.0,1.0
"alpha[Contreras, Mark]",-1.87,0.338,-2.533,-1.268,0.004,0.004,8030.0,6002.0,1.0
"alpha[Stowers, Kyle]",-2.262,0.234,-2.725,-1.846,0.003,0.002,7759.0,6399.0,1.0
"alpha[Dubón, Mauricio]",-1.458,0.187,-1.809,-1.113,0.002,0.002,7828.0,6103.0,1.0
"alpha[Calhoun, Kole]",-2.548,0.222,-2.978,-2.155,0.003,0.002,6409.0,5577.0,1.0
"alpha[Moniak, Mickey]",-1.586,0.173,-1.915,-1.267,0.002,0.002,8703.0,6431.0,1.0
"alpha[Garrett, Stone]",-1.903,0.29,-2.452,-1.357,0.003,0.003,9179.0,5976.0,1.0
"alpha[Lopez, Alejo]",-2.038,0.473,-2.904,-1.148,0.004,0.006,13244.0,5873.0,1.0
"alpha[Encarnacion, Jerar]",-2.139,0.357,-2.824,-1.497,0.004,0.004,8514.0,5778.0,1.0
"alpha[Donovan, Brendan]",-2.123,0.201,-2.524,-1.767,0.002,0.002,7810.0,6413.0,1.0
"alpha[Palacios, Richie]",-2.241,0.231,-2.668,-1.797,0.003,0.003,8085.0,6038.0,1.0
"alpha[Garcia, Dérmis]",-2.361,0.478,-3.186,-1.388,0.005,0.005,8512.0,6057.0,1.0
"alpha[McCarthy, Jake]",-2.271,0.159,-2.578,-1.98,0.002,0.002,5803.0,6060.0,1.0
"alpha[Benson, Will]",-2.134,0.167,-2.45,-1.824,0.002,0.002,7128.0,6523.0,1.0
"alpha[Thomas, Cody]",-2.564,0.354,-3.193,-1.879,0.004,0.004,8704.0,5986.0,1.0
"alpha[Burleson, Alec]",-2.83,0.224,-3.23,-2.391,0.003,0.002,6833.0,6382.0,1.0
"alpha[Carpenter, Kerry]",-2.305,0.215,-2.712,-1.899,0.003,0.002,6931.0,5976.0,1.0
"alpha[Solak, Nick]",-2.562,0.369,-3.23,-1.85,0.004,0.004,8860.0,6138.0,1.0
"alpha[Eaton, Nate]",-1.942,0.294,-2.477,-1.374,0.003,0.003,9533.0,5886.0,1.0
"alpha[Gore, Terrance]",-2.059,0.455,-2.955,-1.228,0.004,0.006,10383.0,5015.0,1.0
"alpha[Morel, Christopher]",-2.481,0.24,-2.911,-2.014,0.003,0.003,7856.0,6158.0,1.0
"alpha[Florial, Estevan]",-1.725,0.259,-2.203,-1.245,0.003,0.003,10133.0,6284.0,1.0
"alpha[Johnson, Bryce]",-2.079,0.287,-2.616,-1.548,0.003,0.003,8939.0,6594.0,1.0
"alpha[Anderson, Brian]",-2.474,0.254,-2.955,-1.988,0.003,0.003,7828.0,5933.0,1.0
"alpha[Stevenson, Cal]",-1.607,0.33,-2.227,-0.994,0.004,0.004,8246.0,5408.0,1.0
"alpha[Ruiz, Esteury]",-1.485,0.191,-1.847,-1.139,0.002,0.002,8128.0,6328.0,1.0
"alpha[Aguilar, Ryan]",-1.958,0.414,-2.758,-1.202,0.004,0.005,10633.0,5233.0,1.0
"alpha[Maton, Nick]",-2.393,0.389,-3.141,-1.672,0.004,0.005,9811.0,5847.0,1.0
"alpha[Sosa, Edmundo]",-2.024,0.473,-2.905,-1.152,0.005,0.005,9518.0,5862.0,1.0
"alpha[Bernard, Wynton]",-2.208,0.388,-2.943,-1.49,0.004,0.004,9067.0,6053.0,1.0
"alpha[Beckham, Tim]",-2.323,0.479,-3.238,-1.447,0.005,0.006,9551.0,5643.0,1.0
"alpha[Celestino, Gilberto]",-1.732,0.199,-2.11,-1.36,0.002,0.002,7317.0,6203.0,1.0
"alpha[Pratto, Nick]",-2.35,0.323,-2.989,-1.777,0.003,0.004,10009.0,5934.0,1.0
"alpha[Hernandez, Elier]",-1.961,0.456,-2.83,-1.124,0.004,0.006,11848.0,6049.0,1.0
"alpha[Piscotty, Stephen]",-2.782,0.271,-3.31,-2.298,0.003,0.003,7603.0,5951.0,1.0
"alpha[Lewis, Kyle]",-1.548,0.29,-2.101,-1.007,0.003,0.003,9656.0,6136.0,1.0
"alpha[Meneses, Joey]",-2.536,0.324,-3.153,-1.946,0.004,0.004,8014.0,5860.0,1.0
"alpha[Outman, James]",-1.626,0.178,-1.952,-1.284,0.002,0.002,8145.0,6624.0,1.0
"alpha[Reynolds, Matt]",-2.112,0.42,-2.906,-1.345,0.005,0.005,7872.0,5842.0,1.0
"alpha[Madris, Bligh]",-2.598,0.325,-3.208,-1.993,0.004,0.004,8450.0,5618.0,1.0
"alpha[Marsh, Brandon]",-1.912,0.137,-2.163,-1.653,0.002,0.001,5878.0,5768.0,1.0
"alpha[Mercedes, Yermín]",-2.11,0.469,-2.958,-1.197,0.004,0.006,11447.0,5924.0,1.0
"alpha[Carpenter, Matt]",-2.191,0.382,-2.945,-1.498,0.004,0.004,11201.0,6285.0,1.0
"alpha[Soler, Jorge]",-2.606,0.197,-2.978,-2.242,0.003,0.002,6231.0,5661.0,1.0
"alpha[Clemens, Kody]",-2.183,0.407,-2.946,-1.425,0.004,0.005,8256.0,5605.0,1.0
"alpha[Harrison, Monte]",-2.05,0.417,-2.837,-1.264,0.004,0.005,9578.0,5947.0,1.0
"alpha[Mazara, Nomar]",-2.442,0.251,-2.919,-1.982,0.003,0.003,8275.0,5882.0,1.0
"alpha[Hummel, Cooper]",-2.229,0.353,-2.869,-1.531,0.004,0.004,8775.0,5603.0,1.0
"alpha[Batten, Matthew]",-2.101,0.486,-2.998,-1.176,0.005,0.005,10310.0,5949.0,1.0
"alpha[Alvarez, Eddy]",-2.376,0.466,-3.22,-1.49,0.005,0.006,8848.0,5727.0,1.0
"alpha[Reyes, Franmil]",-2.605,0.339,-3.221,-1.956,0.004,0.004,8727.0,6201.0,1.0
"alpha[Smith-Njigba, Canaan]",-2.455,0.394,-3.221,-1.719,0.004,0.005,9346.0,5921.0,1.0
"alpha[Ramos, Heliot]",-2.054,0.203,-2.438,-1.675,0.002,0.002,6785.0,6370.0,1.0
"alpha[Swaggerty, Travis]",-2.22,0.476,-3.117,-1.312,0.005,0.006,10272.0,5779.0,1.0
"alpha[Walker, Steele]",-2.336,0.406,-3.097,-1.572,0.004,0.005,10577.0,6072.0,1.0
"alpha[Plummer, Nick]",-2.264,0.432,-3.072,-1.454,0.005,0.005,9143.0,6251.0,1.0
"alpha[Strange-Gordon, Dee]",-2.053,0.475,-2.884,-1.094,0.005,0.006,10993.0,6007.0,1.0
"alpha[Rosario, Amed]",-2.095,0.303,-2.668,-1.527,0.003,0.003,9295.0,6251.0,1.0
"alpha[Contreras, William]",-2.592,0.485,-3.491,-1.681,0.005,0.006,9870.0,5412.0,1.0
"alpha[Demeritte, Travis]",-2.274,0.319,-2.903,-1.691,0.003,0.003,9763.0,6179.0,1.0
"alpha[Mayfield, Jack]",-2.398,0.45,-3.288,-1.601,0.004,0.006,12803.0,5578.0,1.0
"alpha[Walsh, Jared]",-2.082,0.348,-2.708,-1.404,0.004,0.004,6881.0,5742.0,1.0
"alpha[Krizan, Jason]",-2.197,0.469,-3.088,-1.327,0.005,0.005,9021.0,5666.0,1.0
"alpha[Mendick, Danny]",-2.431,0.428,-3.262,-1.666,0.005,0.005,8874.0,5558.0,1.0
"alpha[Castellanos, Nick]",-2.69,0.143,-2.957,-2.424,0.002,0.001,5250.0,5527.0,1.0
"alpha[Capel, Conner]",-2.389,0.285,-2.911,-1.84,0.003,0.003,7791.0,5937.0,1.0
"alpha[Cruz, Oneil]",-1.665,0.335,-2.299,-1.047,0.003,0.004,9885.0,5851.0,1.0
"alpha[Carter, Evan]",-2.154,0.242,-2.599,-1.694,0.003,0.003,8442.0,6050.0,1.0
"alpha[Wallner, Matt]",-2.792,0.224,-3.213,-2.369,0.003,0.002,5928.0,5631.0,1.0
"alpha[Canzone, Dominic]",-2.113,0.246,-2.583,-1.666,0.003,0.003,9177.0,6517.0,1.0
"alpha[Jones, Nolan]",-2.573,0.199,-2.933,-2.187,0.002,0.002,6948.0,5874.0,1.0
"alpha[Eden, Cam]",-2.135,0.489,-3.071,-1.233,0.004,0.006,12009.0,5589.0,1.0
"alpha[Pache, Cristian]",-1.266,0.168,-1.58,-0.949,0.002,0.002,6609.0,5476.0,1.0
"alpha[Abreu, Wilyer]",-2.084,0.209,-2.454,-1.674,0.003,0.002,6630.0,6184.0,1.0
"alpha[Kjerstad, Heston]",-2.065,0.377,-2.743,-1.339,0.004,0.004,9248.0,6021.0,1.0
"alpha[Grichuk, Randal]",-2.471,0.149,-2.782,-2.214,0.002,0.001,4953.0,5713.0,1.0
"alpha[Conforto, Michael]",-2.684,0.171,-3.007,-2.36,0.002,0.002,5959.0,5282.0,1.0
"alpha[Alu, Jake]",-2.59,0.347,-3.278,-1.986,0.004,0.004,9822.0,5726.0,1.0
"alpha[Pereira, Everson]",-2.392,0.314,-2.961,-1.792,0.003,0.003,9868.0,6142.0,1.0
"alpha[Soto, Juan]",-2.56,0.139,-2.81,-2.292,0.002,0.001,5149.0,5898.0,1.0
"alpha[Matos, Luis]",-2.235,0.212,-2.641,-1.845,0.002,0.002,7941.0,6268.0,1.0
"alpha[Blanco, Dairon]",-2.071,0.238,-2.537,-1.647,0.003,0.003,7921.0,6064.0,1.0
"alpha[Senzel, Nick]",-1.815,0.186,-2.182,-1.483,0.002,0.002,8095.0,5673.0,1.0
"alpha[Steer, Spencer]",-2.514,0.224,-2.93,-2.087,0.003,0.002,6462.0,5478.0,1.0
"alpha[Hernández, Enrique]",-1.514,0.158,-1.81,-1.221,0.002,0.002,5834.0,5488.0,1.0
"alpha[Yoshida, Masataka]",-2.756,0.252,-3.224,-2.275,0.003,0.003,7085.0,5975.0,1.0
"alpha[Kiner-Falefa, Isiah]",-1.945,0.252,-2.408,-1.461,0.003,0.003,7660.0,5993.0,1.0
"alpha[Yastrzemski, Mike]",-2.0,0.139,-2.247,-1.724,0.002,0.001,5224.0,5777.0,1.0
"alpha[Wall, Forrest]",-2.113,0.395,-2.849,-1.364,0.004,0.005,9855.0,6071.0,1.0
"alpha[Remillard, Zach]",-2.576,0.391,-3.332,-1.864,0.004,0.005,9202.0,5747.0,1.0
"alpha[Haniger, Mitch]",-2.25,0.162,-2.556,-1.949,0.002,0.002,6383.0,6350.0,1.0
"alpha[Frelick, Sal]",-1.85,0.189,-2.193,-1.486,0.002,0.002,7206.0,6055.0,1.0
"alpha[Rutherford, Blake]",-2.222,0.441,-3.065,-1.422,0.005,0.005,9041.0,5358.0,1.0
"alpha[Hampson, Garrett]",-1.741,0.18,-2.067,-1.396,0.002,0.002,6834.0,6072.0,1.0
"alpha[Duran, Ezequiel]",-2.359,0.301,-2.906,-1.782,0.004,0.003,7237.0,5476.0,1.0
"alpha[Adams, Jordyn]",-2.373,0.326,-2.989,-1.769,0.003,0.004,9253.0,6553.0,1.0
"alpha[Sabol, Blake]",-2.132,0.343,-2.757,-1.443,0.003,0.004,9827.0,5835.0,1.0
"alpha[Marlowe, Cade]",-1.95,0.331,-2.56,-1.322,0.004,0.004,8780.0,5960.0,1.0
"alpha[Taylor, Samad]",-2.165,0.379,-2.875,-1.46,0.004,0.004,9953.0,5771.0,1.0
"alpha[Greene, Riley]",-1.409,0.149,-1.677,-1.12,0.002,0.001,6609.0,5740.0,1.0
"alpha[Meckler, Wade]",-1.818,0.345,-2.486,-1.203,0.004,0.004,8972.0,6292.0,1.0
"alpha[Martínez, J.P.]",-2.197,0.427,-2.993,-1.395,0.004,0.005,11920.0,5798.0,1.0
"alpha[Gonzalez, Oscar]",-2.365,0.211,-2.77,-1.979,0.002,0.002,7753.0,6078.0,1.0
"alpha[Julks, Corey]",-2.706,0.228,-3.122,-2.272,0.003,0.002,7668.0,5617.0,1.0
"alpha[Schneider, Davis]",-2.21,0.245,-2.669,-1.761,0.003,0.003,7631.0,6092.0,1.0
"alpha[Siani, Michael]",-1.384,0.198,-1.741,-1.002,0.002,0.002,9021.0,5816.0,1.0
"alpha[Hopkins, TJ]",-2.074,0.389,-2.798,-1.335,0.004,0.005,9483.0,6215.0,1.0
"alpha[García, Avisaíl]",-2.51,0.179,-2.869,-2.193,0.002,0.002,5673.0,5813.0,1.0
"alpha[Lukes, Nathan]",-1.853,0.356,-2.513,-1.17,0.004,0.004,9376.0,5825.0,1.0
"alpha[Wilson, Weston]",-2.14,0.389,-2.852,-1.409,0.004,0.005,9527.0,5755.0,1.0
"alpha[Cowser, Colton]",-2.04,0.204,-2.422,-1.653,0.002,0.002,6943.0,6200.0,1.0
"alpha[Perkins, Blake]",-1.333,0.197,-1.716,-0.98,0.002,0.002,7596.0,5730.0,1.0
"alpha[Rengifo, Luis]",-2.332,0.316,-2.91,-1.725,0.004,0.003,7578.0,6210.0,1.0
"alpha[Chavis, Michael]",-2.336,0.484,-3.275,-1.441,0.005,0.006,10863.0,5968.0,1.0
"alpha[Kohlwey, Taylor]",-2.147,0.485,-3.045,-1.218,0.005,0.006,8831.0,5928.0,1.0
"alpha[Lopez, Nicky]",-2.094,0.479,-3.021,-1.225,0.005,0.006,10319.0,5848.0,1.0
"alpha[DeLuca, Jonny]",-1.618,0.22,-2.053,-1.225,0.002,0.002,8176.0,5835.0,1.0
"alpha[Walker, Jordan]",-2.941,0.214,-3.361,-2.554,0.003,0.002,6575.0,5570.0,1.0
"alpha[Fry, David]",-2.036,0.355,-2.663,-1.329,0.003,0.004,10289.0,6111.0,1.0
"alpha[Fletcher, Dominic]",-2.322,0.219,-2.729,-1.912,0.003,0.002,7221.0,6364.0,1.0
"alpha[Freeman, Tyler]",-1.825,0.258,-2.333,-1.365,0.003,0.003,7727.0,5961.0,1.0
"alpha[Heyward, Jason]",-1.91,0.16,-2.202,-1.602,0.002,0.002,7235.0,6325.0,1.0
"alpha[Noda, Ryan]",-2.222,0.466,-3.054,-1.294,0.005,0.006,10135.0,5669.0,1.0
"alpha[Miller, Owen]",-2.152,0.474,-3.044,-1.239,0.005,0.006,8942.0,5938.0,1.0
"alpha[Guthrie, Dalton]",-2.034,0.343,-2.67,-1.386,0.003,0.004,9793.0,5958.0,1.0
"alpha[Mastrobuoni, Miles]",-2.147,0.436,-2.993,-1.359,0.005,0.005,8793.0,5763.0,1.0
"alpha[Wiemer, Joey]",-1.527,0.199,-1.907,-1.164,0.002,0.002,8513.0,6303.0,1.0
"alpha[Wisely, Brett]",-2.444,0.388,-3.167,-1.733,0.004,0.005,9200.0,6403.0,1.0
"alpha[Toglia, Michael]",-2.975,0.283,-3.494,-2.442,0.003,0.003,7686.0,6196.0,1.0
"alpha[Chourio, Jackson]",-1.608,0.221,-2.013,-1.195,0.002,0.002,8417.0,6019.0,1.0
"alpha[Laureano, Ramón]",-2.124,0.15,-2.392,-1.831,0.002,0.002,6822.0,6039.0,1.0
"alpha[DeLoach, Zach]",-2.317,0.372,-3.033,-1.65,0.004,0.005,9705.0,5800.0,1.0
"alpha[Dunn, Blake]",-2.031,0.434,-2.821,-1.18,0.004,0.005,9445.0,5689.0,1.0
"alpha[Beck, Jordan]",-2.492,0.294,-3.049,-1.943,0.003,0.003,7344.0,6191.0,1.0
"alpha[Langford, Wyatt]",-2.358,0.226,-2.786,-1.939,0.003,0.002,8019.0,6606.0,1.0
"alpha[Collins, Isaac]",-2.428,0.454,-3.273,-1.572,0.004,0.005,10952.0,5858.0,1.0
"alpha[Martin, Austin]",-2.45,0.257,-2.94,-1.978,0.003,0.003,6617.0,5875.0,1.0
"alpha[Domínguez, Jasson]",-2.14,0.368,-2.801,-1.429,0.004,0.004,8792.0,5911.0,1.0
"alpha[Schuemann, Max]",-2.299,0.447,-3.181,-1.507,0.005,0.005,9426.0,6001.0,1.0
"alpha[Loperfido, Joey]",-2.047,0.243,-2.51,-1.589,0.003,0.003,7422.0,6331.0,1.0
"alpha[Conine, Griffin]",-2.104,0.365,-2.772,-1.406,0.004,0.004,8601.0,5783.0,1.0
"alpha[Wood, James]",-2.584,0.259,-3.07,-2.101,0.003,0.003,6683.0,6000.0,1.0
"alpha[Cook, Billy]",-1.487,0.415,-2.261,-0.708,0.005,0.005,7515.0,5421.0,1.0
"alpha[Robles, Victor]",-1.554,0.146,-1.819,-1.278,0.002,0.001,6447.0,6122.0,1.0
"alpha[Martínez, Angel]",-2.619,0.34,-3.254,-1.982,0.004,0.004,8777.0,5996.0,1.0
"alpha[Pages, Andy]",-1.595,0.229,-2.009,-1.14,0.003,0.003,7902.0,6191.0,1.0
"alpha[Myers, Dane]",-2.022,0.278,-2.546,-1.505,0.003,0.003,9228.0,6082.0,1.0
"alpha[Fabian, Sandro]",-2.173,0.488,-3.083,-1.266,0.005,0.006,9512.0,6269.0,1.0
"alpha[Hill, Derek]",-1.842,0.189,-2.187,-1.474,0.002,0.002,7027.0,6458.0,1.0
"alpha[Hinds, Rece]",-2.112,0.362,-2.787,-1.441,0.004,0.004,9887.0,5656.0,1.0
"alpha[Taylor, Michael A.]",-1.25,0.118,-1.465,-1.023,0.001,0.001,6983.0,6189.0,1.0
"alpha[Yorke, Nick]",-1.945,0.478,-2.807,-1.005,0.005,0.006,10390.0,5597.0,1.0
"alpha[Campero, Gustavo]",-2.212,0.399,-2.958,-1.486,0.004,0.005,10520.0,5899.0,1.0
"alpha[Lockridge, Brandon]",-1.998,0.416,-2.766,-1.216,0.004,0.005,10275.0,5917.0,1.0
"alpha[Sanoja, Javier]",-1.827,0.479,-2.724,-0.921,0.005,0.006,10862.0,5536.0,1.0
"alpha[Newman, Kevin]",-2.147,0.491,-3.05,-1.238,0.005,0.006,10224.0,5825.0,1.0
"alpha[Schneemann, Daniel]",-1.916,0.344,-2.538,-1.246,0.004,0.004,7224.0,6092.0,1.0
"alpha[Barger, Addison]",-2.46,0.334,-3.115,-1.862,0.004,0.004,9097.0,5999.0,1.0
"alpha[Pérez, Wenceel]",-1.541,0.244,-1.996,-1.075,0.003,0.003,9066.0,5949.0,1.0
"alpha[Alvarez, Armando]",-2.088,0.477,-2.974,-1.194,0.005,0.005,10397.0,6430.0,1.0
"alpha[Wagaman, Eric]",-2.149,0.503,-3.104,-1.223,0.005,0.006,10359.0,5786.0,1.0
"alpha[Helman, Michael]",-2.123,0.48,-3.047,-1.245,0.005,0.006,9674.0,6272.0,1.0
"alpha[Scott II, Victor]",-1.524,0.285,-2.068,-1.009,0.003,0.003,9977.0,5944.0,1.0
"alpha[Ellis, Duke]",-2.138,0.453,-3.022,-1.321,0.005,0.005,8827.0,5594.0,1.0
"alpha[Barrosa, Jorge]",-1.942,0.457,-2.806,-1.099,0.005,0.005,9283.0,5673.0,1.0
"alpha[Malloy, Justyn-Henry]",-2.533,0.394,-3.28,-1.798,0.004,0.005,11711.0,5623.0,1.0
"alpha[Misner, Kameron]",-1.96,0.433,-2.75,-1.14,0.004,0.005,10549.0,5762.0,1.0
"alpha[Espinal, Santiago]",-2.403,0.452,-3.246,-1.545,0.004,0.005,11482.0,5673.0,1.0
"alpha[Cabbage, Trey]",-2.126,0.349,-2.763,-1.446,0.004,0.004,8307.0,5550.0,1.0
"alpha[Judge, Aaron]",-1.918,0.133,-2.162,-1.664,0.002,0.001,5455.0,5703.0,1.0
"alpha[Berroa, Steward]",-1.918,0.427,-2.71,-1.108,0.004,0.005,9246.0,6161.0,1.0
"alpha[Goodman, Hunter]",-2.606,0.307,-3.201,-2.063,0.004,0.003,7443.0,6056.0,1.0
"alpha[Lopez, Otto]",-2.175,0.492,-3.093,-1.242,0.005,0.006,10218.0,5817.0,1.0
"alpha[Clase, Jonatan]",-2.383,0.38,-3.088,-1.655,0.004,0.005,8530.0,5631.0,1.0
"alpha[Loftin, Nick]",-2.161,0.5,-3.094,-1.218,0.005,0.006,10921.0,5950.0,1.0
"alpha[Jordan, Levi]",-2.296,0.481,-3.179,-1.376,0.005,0.006,10435.0,6025.0,1.0
"alpha[Jones, Jahmai]",-2.431,0.423,-3.216,-1.619,0.005,0.005,8521.0,5811.0,1.0
"alpha[Hurtubise, Jacob]",-2.082,0.379,-2.797,-1.39,0.004,0.004,8338.0,5779.0,1.0
"alpha[Bruján, Vidal]",-1.961,0.32,-2.55,-1.348,0.003,0.004,9145.0,5803.0,1.0
"alpha[Tucker, Cole]",-2.157,0.343,-2.785,-1.501,0.003,0.004,9705.0,6020.0,1.0
"alpha[Bellinger, Cody]",-1.657,0.137,-1.919,-1.408,0.002,0.001,5843.0,6150.0,1.0
"alpha[Arias, Gabriel]",-2.574,0.345,-3.204,-1.914,0.004,0.004,9378.0,6025.0,1.0
"alpha[Toro, Abraham]",-2.249,0.474,-3.147,-1.376,0.004,0.005,11355.0,6104.0,1.0
"alpha[Fitzgerald, Tyler]",-1.735,0.344,-2.368,-1.083,0.004,0.004,8784.0,5688.0,1.0
"alpha[Monasterio, Andruw]",-2.159,0.492,-3.048,-1.162,0.004,0.007,12173.0,5586.0,1.0
"alpha[Canario, Alexander]",-2.257,0.396,-2.952,-1.478,0.004,0.005,10740.0,5760.0,1.0
"alpha[Cooper, Garrett]",-2.663,0.328,-3.26,-2.03,0.004,0.003,7124.0,6101.0,1.0
"alpha[Kiermaier, Kevin]",-1.108,0.133,-1.371,-0.872,0.002,0.001,5953.0,6361.0,1.0
"alpha[Cain, Lorenzo]",-1.149,0.23,-1.612,-0.746,0.002,0.003,9546.0,6174.0,1.0
"alpha[Robert Jr., Luis]",-1.404,0.131,-1.641,-1.154,0.002,0.001,5884.0,5936.0,1.0
"alpha[Bader, Harrison]",-1.177,0.129,-1.407,-0.925,0.001,0.001,7402.0,6783.0,1.0
"alpha[Marte, Starling]",-2.164,0.148,-2.44,-1.889,0.002,0.001,6214.0,6297.0,1.0
"alpha[Buxton, Byron]",-1.488,0.166,-1.802,-1.179,0.002,0.002,7171.0,6376.0,1.0
"alpha[Grisham, Trent]",-1.03,0.124,-1.264,-0.8,0.001,0.001,7671.0,6190.0,1.0
"alpha[Straw, Myles]",-1.452,0.124,-1.69,-1.229,0.001,0.001,7000.0,6025.0,1.0
"alpha[Springer, George]",-1.813,0.151,-2.104,-1.539,0.002,0.002,6047.0,5784.0,1.0
"alpha[Mullins, Cedric]",-1.38,0.117,-1.594,-1.158,0.002,0.001,5526.0,5810.0,1.0
"alpha[Renfroe, Hunter]",-2.739,0.153,-3.046,-2.467,0.002,0.002,4207.0,4922.0,1.0
"alpha[Taveras, Leody]",-1.586,0.124,-1.819,-1.354,0.002,0.001,6860.0,5990.0,1.0
"alpha[Tatis Jr., Fernando]",-2.528,0.186,-2.871,-2.173,0.003,0.002,5505.0,5752.0,1.0
"alpha[Barrero, José]",-2.015,0.353,-2.682,-1.362,0.004,0.004,7832.0,6095.0,1.0
"alpha[Betts, Mookie]",-2.259,0.158,-2.564,-1.97,0.002,0.002,6077.0,6089.0,1.0
"alpha[Marte, Ketel]",-1.934,0.23,-2.378,-1.509,0.003,0.002,6754.0,6416.0,1.0
"alpha[Kepler, Max]",-2.506,0.155,-2.8,-2.218,0.002,0.002,6358.0,6119.0,1.0
"alpha[Tucker, Kyle]",-2.33,0.144,-2.6,-2.058,0.002,0.001,5385.0,5704.0,1.0
"alpha[Heath, Nick]",-1.644,0.404,-2.401,-0.887,0.004,0.004,10242.0,6121.0,1.0
"alpha[Torreyes, Ronald]",-2.043,0.483,-2.936,-1.122,0.005,0.006,10235.0,5302.0,1.0
"alpha[Trout, Mike]",-1.569,0.162,-1.876,-1.263,0.002,0.002,8257.0,6595.0,1.0
"alpha[Andreoli, John]",-1.946,0.498,-2.881,-1.005,0.005,0.006,9703.0,5708.0,1.0
"alpha[Acuña Jr., Ronald]",-2.601,0.176,-2.942,-2.281,0.002,0.002,5893.0,5361.0,1.0
"alpha[Difo, Wilmer]",-2.911,0.395,-3.668,-2.174,0.004,0.004,8433.0,5910.0,1.0
"alpha[Fowler, Dustin]",-1.716,0.389,-2.445,-0.981,0.004,0.005,8942.0,5893.0,1.0
"alpha[Hurst, Scott]",-2.147,0.487,-3.034,-1.214,0.006,0.006,7812.0,5468.0,1.0
"alpha[Rodríguez, Julio]",-1.191,0.131,-1.436,-0.947,0.001,0.001,7834.0,6369.0,1.0
"alpha[Harris II, Michael]",-1.422,0.138,-1.686,-1.168,0.002,0.001,7224.0,6303.0,1.0
"alpha[DeLuzio, Ben]",-1.667,0.408,-2.413,-0.895,0.004,0.005,12462.0,6326.0,1.0
"alpha[Mitchell, Garrett]",-1.65,0.243,-2.103,-1.192,0.003,0.003,8556.0,6068.0,1.0
"alpha[Kreidler, Ryan]",-2.201,0.484,-3.195,-1.374,0.005,0.006,10393.0,5827.0,1.0
"alpha[Thomas, Alek]",-1.809,0.158,-2.099,-1.508,0.002,0.001,6238.0,6722.0,1.0
"alpha[Crook, Narciso]",-2.124,0.457,-2.997,-1.295,0.004,0.005,11232.0,5520.0,1.0
"alpha[Lee, Khalil]",-2.175,0.464,-3.065,-1.319,0.005,0.006,9163.0,5507.0,1.0
"alpha[Lewis, Royce]",-2.083,0.485,-2.994,-1.167,0.005,0.005,9922.0,6089.0,1.0
"alpha[Hicklen, Brewer]",-2.021,0.471,-2.903,-1.135,0.005,0.006,8410.0,5564.0,1.0
"alpha[Edman, Tommy]",-1.646,0.2,-2.02,-1.271,0.002,0.002,7960.0,6579.0,1.0
"alpha[Whitefield, Aaron]",-2.213,0.447,-3.034,-1.359,0.005,0.005,9642.0,5844.0,1.0
"alpha[McDonald, Mickey]",-2.09,0.492,-3.021,-1.185,0.004,0.006,12838.0,5700.0,1.0
"alpha[Muzziotti, Símon]",-1.78,0.437,-2.55,-0.906,0.005,0.005,9325.0,6019.0,1.0
"alpha[Rojas, Johan]",-1.19,0.18,-1.524,-0.857,0.002,0.002,8600.0,6125.0,1.0
"alpha[Doyle, Brenton]",-1.426,0.144,-1.699,-1.161,0.002,0.001,6398.0,6262.0,1.0
"alpha[Chisholm Jr., Jazz]",-1.378,0.171,-1.708,-1.063,0.002,0.002,6271.0,5911.0,1.0
"alpha[Young, Jacob]",-1.054,0.171,-1.364,-0.726,0.002,0.002,8298.0,6167.0,1.0
"alpha[Meadows, Parker]",-0.758,0.216,-1.155,-0.352,0.002,0.002,8178.0,5858.0,1.0
"alpha[Rafaela, Ceddanne]",-1.72,0.219,-2.123,-1.298,0.003,0.002,7408.0,6079.0,1.0
"alpha[Butler, Lawrence]",-2.232,0.205,-2.615,-1.843,0.002,0.002,6972.0,6159.0,1.0
"alpha[Crow-Armstrong, Pete]",-1.312,0.199,-1.694,-0.948,0.002,0.002,6827.0,5861.0,1.0
"alpha[Paris, Kyren]",-2.146,0.495,-3.067,-1.22,0.005,0.006,10264.0,5964.0,1.0
"alpha[Colás, Oscar]",-2.306,0.251,-2.803,-1.857,0.003,0.003,7787.0,5463.0,1.0
"alpha[Velazquez, Andrew]",-2.155,0.484,-3.017,-1.227,0.005,0.006,10018.0,5413.0,1.0
"alpha[Short, Zack]",-2.354,0.492,-3.261,-1.405,0.005,0.006,10371.0,6077.0,1.0
"alpha[Edwards, Xavier]",-2.402,0.48,-3.302,-1.487,0.005,0.006,9968.0,5760.0,1.0
"alpha[Merrill, Jackson]",-1.41,0.197,-1.765,-1.029,0.002,0.002,7079.0,5420.0,1.0
"alpha[Keirsey Jr., DaShawn]",-2.102,0.45,-2.929,-1.236,0.005,0.006,9417.0,5792.0,1.0
"alpha[McCray, Grant]",-1.716,0.29,-2.263,-1.177,0.003,0.003,7011.0,5669.0,1.0
"alpha[Crews, Dylan]",-2.113,0.333,-2.758,-1.5,0.004,0.004,8173.0,5855.0,1.0
"alpha[Teodosio, Bryce]",-2.363,0.456,-3.22,-1.515,0.005,0.005,9566.0,6227.0,1.0
"alpha[Lee, Jung Hoo]",-1.8,0.308,-2.373,-1.21,0.003,0.004,9151.0,5840.0,1.0
"alpha[Harper, Bryce]",-2.787,0.207,-3.172,-2.398,0.003,0.002,5514.0,5438.0,1.0
"alpha[Blackmon, Charlie]",-2.983,0.188,-3.316,-2.614,0.002,0.002,6107.0,6179.0,1.0
"alpha[Motter, Taylor]",-2.056,0.478,-2.963,-1.193,0.005,0.006,9933.0,5096.0,1.0
"alpha[Polanco, Gregory]",-2.629,0.225,-3.061,-2.224,0.003,0.002,6922.0,6262.0,1.0
"alpha[Amburgey, Trey]",-1.848,0.451,-2.717,-1.012,0.004,0.005,10749.0,6011.0,1.0
"alpha[Lorenzen, Michael]",-2.152,0.498,-3.071,-1.209,0.005,0.006,12001.0,5842.0,1.0
"alpha[Naylor, Josh]",-2.641,0.26,-3.133,-2.153,0.003,0.003,8583.0,6253.0,1.0
"alpha[Fisher, Derek]",-2.088,0.489,-3.008,-1.179,0.005,0.006,11534.0,5866.0,1.0
"alpha[Astudillo, Willians]",-2.187,0.49,-3.092,-1.246,0.005,0.006,10393.0,5414.0,1.0
"alpha[Stokes Jr., Troy]",-2.139,0.445,-2.957,-1.271,0.004,0.005,9791.0,5767.0,1.0
"alpha[Kivlehan, Patrick]",-2.153,0.484,-3.105,-1.284,0.005,0.006,9786.0,5505.0,1.0
"alpha[Riley, Austin]",-2.583,0.49,-3.48,-1.662,0.005,0.005,9280.0,5523.0,1.0
"alpha[Owen, Hunter]",-2.284,0.501,-3.234,-1.359,0.005,0.006,9433.0,6326.0,1.0
"alpha[Ray, Corey]",-2.089,0.485,-2.981,-1.147,0.005,0.006,10478.0,5450.0,1.0
"alpha[Fowler, Dexter]",-2.119,0.493,-3.003,-1.158,0.005,0.006,11689.0,5380.0,1.0
"alpha[Suzuki, Seiya]",-2.497,0.173,-2.829,-2.179,0.002,0.002,6144.0,5774.0,1.0
"alpha[Davis, Brendon]",-2.304,0.47,-3.169,-1.409,0.005,0.006,10287.0,5650.0,1.0
"alpha[Dixon, Brandon]",-1.932,0.437,-2.769,-1.115,0.004,0.005,10165.0,5567.0,1.0
"alpha[Mitchell, Cal]",-2.536,0.284,-3.048,-1.979,0.003,0.003,7881.0,6025.0,1.0
"alpha[Castillo, Diego]",-2.536,0.346,-3.178,-1.889,0.004,0.004,9658.0,6293.0,1.0
"alpha[Díaz, Yusniel]",-2.147,0.487,-3.083,-1.247,0.004,0.006,12167.0,5518.0,1.0
"alpha[Arroyo, Christian]",-2.75,0.375,-3.452,-2.04,0.004,0.004,9836.0,5844.0,1.0
"alpha[Wilson, Marcus]",-2.301,0.473,-3.175,-1.404,0.004,0.006,11426.0,5874.0,1.0
"alpha[Alberto, Hanser]",-2.341,0.473,-3.208,-1.436,0.005,0.005,10898.0,6210.0,1.0
"alpha[Abrams, CJ]",-2.117,0.481,-2.99,-1.191,0.005,0.006,10696.0,5822.0,1.0
"alpha[Lopes, Christian]",-2.148,0.494,-3.084,-1.25,0.005,0.006,9102.0,5922.0,1.0
"alpha[Jackson, Drew]",-2.242,0.483,-3.117,-1.309,0.006,0.005,7647.0,5430.0,1.0
"alpha[Basabe, Osleivis]",-2.126,0.465,-2.972,-1.245,0.004,0.006,11050.0,5040.0,1.0
"alpha[Davis, Henry]",-2.888,0.281,-3.435,-2.384,0.004,0.003,6225.0,5936.0,1.0
"alpha[Encarnacion-Strand, Christian]",-2.139,0.508,-3.098,-1.183,0.005,0.006,11114.0,6424.0,1.0
"alpha[Odor, Rougned]",-2.024,0.475,-2.887,-1.099,0.005,0.006,11076.0,5771.0,1.0
"alpha[Noel, Jhonkensy]",-2.227,0.31,-2.804,-1.638,0.004,0.003,7502.0,6154.0,1.0
"alpha[Alcántara, Kevin]",-2.132,0.492,-3.069,-1.229,0.005,0.006,9462.0,5642.0,1.0
"alpha[Garcia, Maikel]",-2.164,0.488,-3.105,-1.276,0.005,0.006,9126.0,6014.0,1.0
"alpha[Gentry, Tyler]",-2.157,0.49,-3.055,-1.239,0.005,0.006,10002.0,6231.0,1.0
"alpha[León, Pedro]",-2.465,0.431,-3.281,-1.665,0.004,0.005,9380.0,5552.0,1.0
"alpha[Triolo, Jared]",-2.102,0.481,-2.985,-1.182,0.005,0.006,9648.0,6130.0,1.0
"alpha[Rodríguez, Johnathan]",-2.734,0.406,-3.521,-2.0,0.004,0.004,8821.0,6503.0,1.0
"alpha[Jones, Greg]",-2.452,0.481,-3.364,-1.556,0.005,0.005,9088.0,5404.0,1.0
"alpha[Dalbec, Bobby]",-2.153,0.497,-3.14,-1.269,0.005,0.006,10279.0,5551.0,1.0
"beta_speed[Verdugo, Alex]",-19.128,0.673,-20.355,-17.849,0.01,0.007,4959.0,5990.0,1.0
"beta_speed[Meadows, Austin]",-19.61,0.866,-21.325,-18.106,0.01,0.009,7969.0,5912.0,1.0
"beta_speed[Pollock, AJ]",-20.035,0.77,-21.408,-18.488,0.011,0.008,5183.0,5818.0,1.0
"beta_speed[Wade Jr., LaMonte]",-19.771,0.827,-21.315,-18.19,0.01,0.009,6658.0,6322.0,1.0
"beta_speed[Rosario, Eddie]",-18.855,0.742,-20.278,-17.496,0.011,0.007,4391.0,5924.0,1.0
"beta_speed[Yelich, Christian]",-21.199,0.798,-22.717,-19.739,0.012,0.008,4827.0,5330.0,1.0
"beta_speed[Brantley, Michael]",-20.277,0.833,-21.815,-18.708,0.01,0.009,6907.0,6181.0,1.0
"beta_speed[Jiménez, Eloy]",-19.731,0.861,-21.413,-18.125,0.01,0.009,7057.0,6283.0,1.0
"beta_speed[Arozarena, Randy]",-20.167,0.688,-21.472,-18.884,0.009,0.007,5347.0,5955.0,1.0
"beta_speed[Ruf, Darin]",-19.935,0.894,-21.554,-18.2,0.01,0.01,7951.0,6391.0,1.0
"beta_speed[Alvarez, Yordan]",-20.262,0.81,-21.848,-18.784,0.011,0.008,5875.0,5939.0,1.0
"beta_speed[Bryant, Kris]",-20.837,0.832,-22.394,-19.251,0.011,0.009,5317.0,5897.0,1.0
"beta_speed[Taylor, Chris]",-20.437,0.79,-21.934,-18.978,0.01,0.008,6226.0,6434.0,1.0
"beta_speed[O'Neill, Tyler]",-21.497,0.806,-22.989,-19.983,0.013,0.008,4012.0,5205.0,1.0
"beta_speed[Smith, Dominic]",-20.108,0.851,-21.638,-18.432,0.011,0.009,6438.0,5776.0,1.0
"beta_speed[Tapia, Raimel]",-19.484,0.777,-20.875,-17.956,0.011,0.008,5131.0,5817.0,1.0
"beta_speed[Ramos, Henry]",-20.423,0.93,-22.159,-18.654,0.01,0.011,7996.0,5768.0,1.0
"beta_speed[Haase, Eric]",-20.026,0.881,-21.741,-18.434,0.009,0.01,8907.0,5422.0,1.0
"beta_speed[Miller, Brian]",-20.183,0.963,-21.998,-18.383,0.009,0.012,10587.0,6113.0,1.0
"beta_speed[Canha, Mark]",-21.014,0.793,-22.587,-19.611,0.012,0.008,4432.0,5689.0,1.0
"beta_speed[Gordon, Nick]",-19.71,0.805,-21.185,-18.127,0.01,0.008,6129.0,6189.0,1.0
"beta_speed[Isbel, Kyle]",-19.079,0.738,-20.436,-17.686,0.01,0.007,5707.0,5899.0,1.0
"beta_speed[Rooker, Brent]",-20.269,0.85,-21.791,-18.626,0.01,0.01,6893.0,6193.0,1.0
"beta_speed[Dozier, Hunter]",-20.33,0.841,-22.011,-18.821,0.01,0.009,6958.0,5380.0,1.0
"beta_speed[Taylor, Tyrone]",-19.269,0.751,-20.646,-17.826,0.011,0.008,4782.0,5669.0,1.0
"beta_speed[Marisnick, Jake]",-20.685,0.884,-22.285,-18.959,0.01,0.01,7782.0,6021.0,1.0
"beta_speed[Schrock, Max]",-20.252,0.918,-21.992,-18.526,0.01,0.01,8435.0,5823.0,1.0
"beta_speed[Alford, Anthony]",-19.666,0.89,-21.312,-17.974,0.011,0.01,7221.0,5472.0,1.0
"beta_speed[Gallo, Joey]",-20.915,0.779,-22.406,-19.505,0.011,0.008,5193.0,5664.0,1.0
"beta_speed[Deichmann, Greg]",-20.214,0.926,-21.987,-18.48,0.01,0.011,8148.0,5752.0,1.0
"beta_speed[Rondon, José]",-20.037,0.971,-21.93,-18.252,0.011,0.013,8372.0,5310.0,1.0
"beta_speed[Fraley, Jake]",-19.882,0.764,-21.333,-18.466,0.01,0.008,5943.0,5884.0,1.0
"beta_speed[Gosselin, Phil]",-19.716,0.896,-21.323,-17.974,0.01,0.01,8084.0,6011.0,1.0
"beta_speed[Moore, Dylan]",-20.576,0.842,-22.25,-19.091,0.011,0.009,6239.0,5844.0,1.0
"beta_speed[Mercado, Óscar]",-20.529,0.843,-22.127,-18.971,0.011,0.009,6214.0,5681.0,1.0
"beta_speed[Nevin, Tyler]",-19.809,0.882,-21.409,-18.127,0.01,0.01,7135.0,5401.0,1.0
"beta_speed[Dickerson, Corey]",-18.988,0.824,-20.528,-17.451,0.012,0.008,4357.0,5759.0,1.0
"beta_speed[Stevenson, Andrew]",-19.878,0.893,-21.559,-18.22,0.01,0.01,7742.0,5843.0,1.0
"beta_speed[Bell, Josh]",-20.089,0.951,-21.888,-18.327,0.009,0.012,10859.0,5675.0,1.0
"beta_speed[Peralta, David]",-21.098,0.761,-22.517,-19.661,0.011,0.008,5137.0,5719.0,1.0
"beta_speed[Grossman, Robbie]",-20.074,0.74,-21.502,-18.742,0.01,0.007,5271.0,5721.0,1.0
"beta_speed[Cave, Jake]",-21.079,0.817,-22.659,-19.571,0.011,0.008,5347.0,5830.0,1.0
"beta_speed[Benintendi, Andrew]",-20.34,0.721,-21.654,-18.96,0.01,0.007,5596.0,5714.0,1.0
"beta_speed[Brinson, Lewis]",-20.315,0.885,-21.968,-18.654,0.01,0.01,7626.0,5945.0,1.0
"beta_speed[McCutchen, Andrew]",-20.909,0.831,-22.506,-19.399,0.011,0.008,5273.0,6435.0,1.0
"beta_speed[McNeil, Jeff]",-20.764,0.854,-22.44,-19.204,0.01,0.01,6760.0,5473.0,1.0
"beta_speed[Gamel, Ben]",-20.244,0.799,-21.763,-18.753,0.011,0.009,5653.0,5683.0,1.0
"beta_speed[Friedl, TJ]",-19.991,0.789,-21.507,-18.541,0.01,0.009,5759.0,5381.0,1.0
"beta_speed[Ortega, Rafael]",-20.847,0.821,-22.483,-19.375,0.01,0.008,6673.0,5800.0,1.0
"beta_speed[Happ, Ian]",-19.344,0.685,-20.639,-18.053,0.011,0.007,4173.0,5446.0,1.0
"beta_speed[Slater, Austin]",-19.132,0.815,-20.592,-17.531,0.011,0.009,5181.0,5419.0,1.0
"beta_speed[Ramírez, Harold]",-20.48,0.843,-22.084,-18.968,0.011,0.009,6365.0,5781.0,1.0
"beta_speed[Calhoun, Willie]",-19.86,0.869,-21.434,-18.183,0.01,0.01,7554.0,6122.0,1.0
"beta_speed[Brown, Seth]",-20.222,0.757,-21.637,-18.777,0.01,0.008,5778.0,5821.0,1.0
"beta_speed[Hernández, Teoscar]",-20.311,0.693,-21.62,-18.997,0.01,0.007,4504.0,5177.0,1.0
"beta_speed[McKenna, Ryan]",-18.578,0.817,-20.065,-17.006,0.013,0.008,4290.0,5322.0,1.0
"beta_speed[Phillips, Brett]",-21.214,0.866,-22.821,-19.582,0.011,0.009,5836.0,6217.0,1.0
"beta_speed[Herrera, Odúbel]",-19.582,0.825,-21.117,-18.048,0.011,0.009,6130.0,5870.0,1.0
"beta_speed[Frazier, Adam]",-20.709,0.905,-22.441,-19.035,0.01,0.01,8369.0,6106.0,1.0
"beta_speed[Schwarber, Kyle]",-19.712,0.75,-21.04,-18.262,0.012,0.007,4067.0,5285.0,1.0
"beta_speed[Stephenson, Tyler]",-19.823,0.985,-21.653,-17.924,0.01,0.012,9937.0,5712.0,1.0
"beta_speed[Peters, DJ]",-20.314,0.894,-21.936,-18.622,0.009,0.01,9481.0,5959.0,1.0
"beta_speed[Castro, Willi]",-20.591,0.781,-22.11,-19.178,0.011,0.008,5430.0,5931.0,1.0
"beta_speed[Peterson, Jace]",-20.271,0.915,-21.964,-18.521,0.01,0.011,7732.0,5845.0,1.0
"beta_speed[Stanton, Giancarlo]",-20.107,0.835,-21.628,-18.508,0.012,0.009,4486.0,5057.0,1.0
"beta_speed[Varsho, Daulton]",-19.868,0.7,-21.18,-18.552,0.009,0.007,5768.0,6236.0,1.0
"beta_speed[Smith, Pavin]",-20.233,0.817,-21.779,-18.702,0.011,0.009,5642.0,5564.0,1.0
"beta_speed[Lagares, Juan]",-20.452,0.854,-22.041,-18.861,0.01,0.009,6866.0,5981.0,1.0
"beta_speed[Hernandez, Yadiel]",-19.843,0.826,-21.4,-18.302,0.011,0.008,5912.0,5647.0,1.0
"beta_speed[Margot, Manuel]",-20.174,0.765,-21.668,-18.765,0.01,0.008,5828.0,6061.0,1.0
"beta_speed[Pillar, Kevin]",-20.669,0.816,-22.164,-19.102,0.01,0.009,6083.0,5375.0,1.0
"beta_speed[Nootbaar, Lars]",-20.8,0.78,-22.256,-19.323,0.011,0.009,5036.0,4799.0,1.0
"beta_speed[Dyson, Jarrod]",-19.98,0.886,-21.677,-18.35,0.009,0.01,8965.0,6525.0,1.0
"beta_speed[Ward, Taylor]",-21.291,0.738,-22.677,-19.932,0.011,0.007,4541.0,5590.0,1.0
"beta_speed[Hilliard, Sam]",-19.928,0.804,-21.399,-18.365,0.01,0.008,5924.0,5888.0,1.0
"beta_speed[Díaz, Aledmys]",-20.0,0.897,-21.69,-18.339,0.01,0.011,8420.0,5776.0,1.0
"beta_speed[Hamilton, Billy]",-20.395,0.9,-22.083,-18.708,0.01,0.01,8884.0,5951.0,1.0
"beta_speed[Hays, Austin]",-21.01,0.724,-22.39,-19.706,0.011,0.007,4565.0,5407.0,1.0
"beta_speed[DeShields, Delino]",-20.453,0.947,-22.23,-18.676,0.009,0.013,10201.0,5291.0,1.0
"beta_speed[Martini, Nick]",-19.719,0.906,-21.372,-17.96,0.01,0.012,8407.0,4990.0,1.0
"beta_speed[Rojas, Jose]",-19.431,0.885,-21.067,-17.748,0.011,0.01,7049.0,6182.0,1.0
"beta_speed[Pham, Tommy]",-20.093,0.725,-21.49,-18.762,0.01,0.007,5785.0,5626.0,1.0
"beta_speed[McCormick, Chas]",-18.629,0.75,-20.033,-17.25,0.012,0.007,3793.0,5676.0,1.0
"beta_speed[Beaty, Matt]",-19.73,0.893,-21.4,-18.079,0.009,0.011,9049.0,6225.0,1.0
"beta_speed[Wisdom, Patrick]",-19.933,0.884,-21.561,-18.254,0.009,0.01,8783.0,6008.0,1.0
"beta_speed[Dickerson, Alex]",-19.982,0.896,-21.694,-18.319,0.01,0.011,8133.0,5991.0,1.0
"beta_speed[Baddoo, Akil]",-19.43,0.748,-20.845,-18.006,0.012,0.008,4097.0,4700.0,1.0
"beta_speed[Wong, Kean]",-19.72,0.934,-21.493,-17.972,0.01,0.012,9440.0,5914.0,1.0
"beta_speed[Profar, Jurickson]",-20.364,0.73,-21.749,-19.019,0.011,0.007,4725.0,5056.0,1.0
"beta_speed[Kemp, Tony]",-19.75,0.815,-21.288,-18.218,0.01,0.008,6431.0,5833.0,1.0
"beta_speed[Meyers, Jake]",-20.315,0.778,-21.786,-18.869,0.009,0.008,6853.0,6483.0,1.0
"beta_speed[Aquino, Aristides]",-19.993,0.823,-21.559,-18.45,0.009,0.008,7906.0,6453.0,1.0
"beta_speed[Cameron, Daz]",-19.976,0.825,-21.46,-18.425,0.01,0.008,6424.0,5973.0,1.0
"beta_speed[Bolt, Skye]",-20.468,0.912,-22.223,-18.815,0.011,0.009,7022.0,6183.0,1.0
"beta_speed[Arraez, Luis]",-20.237,0.928,-21.962,-18.453,0.01,0.011,9479.0,5244.0,1.0
"beta_speed[Gurriel Jr., Lourdes]",-20.476,0.728,-21.917,-19.188,0.01,0.008,4896.0,5751.0,1.0
"beta_speed[Duvall, Adam]",-20.479,0.745,-21.887,-19.113,0.01,0.007,5906.0,5782.0,1.0
"beta_speed[Engel, Adam]",-20.271,0.847,-21.931,-18.768,0.01,0.009,6921.0,5672.0,1.0
"beta_speed[Bauers, Jake]",-20.0,0.835,-21.523,-18.422,0.01,0.008,7214.0,6710.0,1.0
"beta_speed[Lux, Gavin]",-19.23,0.903,-20.948,-17.548,0.012,0.01,5729.0,5079.0,1.0
"beta_speed[Martinez, J.D.]",-19.868,0.902,-21.527,-18.135,0.01,0.011,8089.0,5452.0,1.0
"beta_speed[Santander, Anthony]",-20.074,0.721,-21.476,-18.763,0.01,0.008,5092.0,5764.0,1.0
"beta_speed[Vilade, Ryan]",-19.718,0.921,-21.41,-17.937,0.01,0.012,8058.0,5407.0,1.0
"beta_speed[Gardner, Brett]",-20.013,0.83,-21.524,-18.419,0.01,0.009,6509.0,5824.0,1.0
"beta_speed[Wade, Tyler]",-19.572,0.91,-21.329,-17.893,0.01,0.01,8459.0,5581.0,1.0
"beta_speed[Zimmer, Bradley]",-20.139,0.858,-21.764,-18.543,0.01,0.01,7806.0,5964.0,1.0
"beta_speed[Winker, Jesse]",-20.57,0.785,-22.052,-19.086,0.011,0.008,5262.0,5935.0,1.0
"beta_speed[Siri, Jose]",-20.496,0.788,-21.942,-18.998,0.009,0.008,7659.0,5884.0,1.0
"beta_speed[Vierling, Matt]",-20.538,0.767,-21.944,-19.047,0.01,0.008,6116.0,5587.0,1.0
"beta_speed[De La Cruz, Bryan]",-20.86,0.738,-22.243,-19.467,0.011,0.007,4933.0,5950.0,1.0
"beta_speed[Refsnyder, Rob]",-19.696,0.799,-21.179,-18.202,0.011,0.008,5471.0,5735.0,1.0
"beta_speed[Rivas III, Alfonso]",-20.163,0.955,-21.961,-18.389,0.01,0.012,9311.0,5450.0,1.0
"beta_speed[Martin, Jason]",-20.046,0.906,-21.784,-18.329,0.011,0.01,6878.0,5718.0,1.0
"beta_speed[Gonzalez, Romy]",-20.405,0.935,-22.175,-18.634,0.009,0.012,10486.0,5702.0,1.0
"beta_speed[Souza Jr., Steven]",-19.659,0.925,-21.364,-17.878,0.009,0.012,10120.0,6085.0,1.0
"beta_speed[Joyce, Matt]",-20.214,0.913,-21.908,-18.482,0.009,0.011,10352.0,5340.0,1.0
"beta_speed[Sheets, Gavin]",-20.471,0.806,-21.977,-18.935,0.01,0.008,6545.0,5687.0,1.0
"beta_speed[Santana, Danny]",-20.334,0.923,-22.007,-18.529,0.009,0.011,9717.0,6063.0,1.0
"beta_speed[Stewart, DJ]",-20.374,0.821,-21.892,-18.817,0.01,0.008,6205.0,5697.0,1.0
"beta_speed[Ruiz, Rio]",-20.127,0.954,-21.84,-18.286,0.009,0.012,10863.0,6035.0,1.0
"beta_speed[Marmolejos, José]",-20.097,0.934,-21.825,-18.308,0.009,0.012,10147.0,5818.0,1.0
"beta_speed[Myers, Wil]",-20.482,0.836,-22.037,-18.886,0.01,0.009,6563.0,5801.0,1.0
"beta_speed[Vaughn, Andrew]",-20.324,0.832,-21.905,-18.81,0.011,0.009,6137.0,5779.0,1.0
"beta_speed[Adell, Jo]",-20.555,0.787,-22.021,-19.064,0.011,0.008,4869.0,5041.0,1.0
"beta_speed[Duggar, Steven]",-19.563,0.878,-21.276,-17.99,0.011,0.01,6710.0,5517.0,1.0
"beta_speed[Lowe, Josh]",-21.244,0.824,-22.799,-19.69,0.013,0.009,4178.0,5538.0,1.0
"beta_speed[Alfaro, Jorge]",-19.972,0.951,-21.73,-18.166,0.01,0.012,9621.0,5876.0,1.0
"beta_speed[Naquin, Tyler]",-19.959,0.794,-21.466,-18.466,0.01,0.008,5764.0,6100.0,1.0
"beta_speed[Fairchild, Stuart]",-20.139,0.82,-21.707,-18.643,0.01,0.009,6700.0,5442.0,1.0
"beta_speed[Joe, Connor]",-20.216,0.801,-21.768,-18.776,0.01,0.009,6204.0,6148.0,1.0
"beta_speed[Luplow, Jordan]",-20.779,0.877,-22.485,-19.19,0.011,0.009,6126.0,5563.0,1.0
"beta_speed[Davis, Khris]",-20.149,0.974,-22.001,-18.329,0.01,0.013,10543.0,5459.0,1.0
"beta_speed[Akiyama, Shogo]",-20.533,0.918,-22.29,-18.826,0.01,0.011,8819.0,5764.0,1.0
"beta_speed[Arcia, Orlando]",-19.457,0.907,-21.171,-17.745,0.01,0.011,8601.0,6201.0,1.0
"beta_speed[Reyes, Pablo]",-20.131,0.955,-21.973,-18.389,0.009,0.013,11007.0,5410.0,1.0
"beta_speed[Upton, Justin]",-20.127,0.862,-21.73,-18.513,0.009,0.01,8742.0,6417.0,1.0
"beta_speed[Johnson, Daniel]",-20.35,0.922,-22.108,-18.624,0.009,0.011,9894.0,5378.0,1.0
"beta_speed[Bonifacio, Jorge]",-20.191,0.969,-22.027,-18.422,0.01,0.012,9348.0,5631.0,1.0
"beta_speed[Rojas, Josh]",-20.111,0.876,-21.683,-18.416,0.01,0.01,7274.0,5470.0,1.0
"beta_speed[Muñoz, Yairo]",-20.025,0.965,-21.913,-18.271,0.009,0.012,10639.0,5986.0,1.0
"beta_speed[Thomas, Lane]",-20.127,0.711,-21.535,-18.855,0.01,0.008,4901.0,5700.0,1.0
"beta_speed[Olivares, Edward]",-19.59,0.794,-21.085,-18.114,0.011,0.008,5521.0,5947.0,1.0
"beta_speed[Harrison, Josh]",-19.62,0.897,-21.324,-18.002,0.01,0.01,8897.0,6375.0,1.0
"beta_speed[Jones, Taylor]",-19.273,0.945,-21.023,-17.509,0.011,0.012,7341.0,5768.0,1.0
"beta_speed[Lamb, Jake]",-20.093,0.909,-21.852,-18.436,0.01,0.011,8231.0,5849.0,1.0
"beta_speed[Smith, Kevin]",-20.049,0.955,-21.808,-18.221,0.01,0.012,9439.0,5991.0,1.0
"beta_speed[Carlson, Dylan]",-20.026,0.714,-21.338,-18.661,0.01,0.007,5212.0,5974.0,1.0
"beta_speed[Drury, Brandon]",-20.276,0.947,-22.134,-18.586,0.01,0.011,8641.0,6117.0,1.0
"beta_speed[Tsutsugo, Yoshi]",-19.777,0.899,-21.366,-17.979,0.01,0.01,7478.0,5688.0,1.0
"beta_speed[Ibáñez, Andy]",-19.709,0.912,-21.365,-17.944,0.01,0.011,8571.0,5792.0,1.0
"beta_speed[Hermosillo, Michael]",-20.216,0.919,-21.927,-18.494,0.01,0.012,8206.0,5383.0,1.0
"beta_speed[Mateo, Jorge]",-20.416,0.918,-22.152,-18.705,0.01,0.011,9296.0,5286.0,1.0
"beta_speed[Culberson, Charlie]",-20.212,0.927,-21.962,-18.487,0.01,0.011,8515.0,6129.0,1.0
"beta_speed[McKinstry, Zach]",-19.566,0.85,-21.089,-17.904,0.01,0.009,6686.0,6003.0,1.0
"beta_speed[Larnach, Trevor]",-21.167,0.836,-22.861,-19.701,0.011,0.008,5728.0,5905.0,1.0
"beta_speed[Park, Hoy]",-19.845,0.915,-21.547,-18.139,0.009,0.011,10858.0,6349.0,1.0
"beta_speed[Robson, Jacob]",-20.15,0.984,-21.873,-18.134,0.01,0.013,9633.0,5519.0,1.0
"beta_speed[Goodrum, Niko]",-19.996,0.92,-21.803,-18.331,0.009,0.011,11532.0,6274.0,1.0
"beta_speed[Almonte, Abraham]",-19.868,0.875,-21.45,-18.185,0.011,0.009,6593.0,5966.0,1.0
"beta_speed[Cordero, Franchy]",-19.703,0.853,-21.301,-18.06,0.01,0.009,6646.0,5812.0,1.0
"beta_speed[García, Leury]",-19.475,0.861,-21.168,-17.978,0.011,0.009,6374.0,5856.0,1.0
"beta_speed[Duran, Jarren]",-20.059,0.739,-21.472,-18.725,0.009,0.007,6126.0,6236.0,1.0
"beta_speed[Williams, Luke]",-19.877,0.909,-21.687,-18.242,0.01,0.011,8493.0,6146.0,1.0
"beta_speed[Evans, Phillip]",-19.645,0.92,-21.43,-17.954,0.01,0.011,8487.0,5872.0,1.0
"beta_speed[Fargas, Johneshwy]",-20.24,0.929,-21.988,-18.474,0.009,0.012,11094.0,6018.0,1.0
"beta_speed[Reddick, Josh]",-19.915,0.889,-21.566,-18.236,0.01,0.011,8275.0,6031.0,1.0
"beta_speed[Dahl, David]",-19.814,0.895,-21.541,-18.139,0.011,0.01,6793.0,5817.0,1.0
"beta_speed[White, Eli]",-20.207,0.852,-21.765,-18.581,0.01,0.009,7906.0,6350.0,1.0
"beta_speed[VanMeter, Josh]",-20.131,0.954,-21.922,-18.356,0.01,0.012,8703.0,5209.0,1.0
"beta_speed[Allen, Greg]",-19.898,0.888,-21.543,-18.223,0.01,0.01,8482.0,6344.0,1.0
"beta_speed[Parra, Gerardo]",-20.164,0.925,-21.937,-18.453,0.01,0.011,8299.0,5735.0,1.0
"beta_speed[Estrada, Thairo]",-19.801,0.92,-21.612,-18.114,0.009,0.011,9746.0,6144.0,1.0
"beta_speed[Oliva, Jared]",-20.139,0.924,-21.929,-18.462,0.009,0.011,10842.0,6332.0,1.0
"beta_speed[Biggio, Cavan]",-19.62,0.883,-21.207,-17.873,0.01,0.01,7586.0,6052.0,1.0
"beta_speed[Long Jr., Shed]",-20.113,0.9,-21.748,-18.445,0.01,0.011,8065.0,5537.0,1.0
"beta_speed[Bradley Jr., Jackie]",-20.244,0.797,-21.768,-18.766,0.01,0.008,6275.0,6214.0,1.0
"beta_speed[Raley, Luke]",-20.741,0.837,-22.288,-19.149,0.011,0.008,5920.0,6618.0,1.0
"beta_speed[LaMarre, Ryan]",-20.197,0.957,-21.988,-18.409,0.01,0.011,9311.0,5802.0,1.0
"beta_speed[Sierra, Magneuris]",-19.845,0.881,-21.502,-18.18,0.01,0.01,8042.0,5842.0,1.0
"beta_speed[Goodwin, Brian]",-20.0,0.852,-21.618,-18.424,0.01,0.01,7222.0,5488.0,1.0
"beta_speed[Thomas, Dillon]",-20.253,0.961,-21.984,-18.359,0.01,0.012,8453.0,5218.0,1.0
"beta_speed[Tauchman, Mike]",-20.737,0.838,-22.253,-19.103,0.01,0.009,6837.0,6248.0,1.0
"beta_speed[Berti, Jon]",-20.395,0.9,-22.067,-18.695,0.009,0.011,8992.0,6327.0,1.0
"beta_speed[Reks, Zach]",-20.21,0.917,-21.942,-18.497,0.01,0.011,9257.0,6094.0,1.0
"beta_speed[Owings, Chris]",-20.239,0.934,-21.963,-18.449,0.009,0.012,9790.0,5922.0,1.0
"beta_speed[Lowe, Brandon]",-19.932,0.929,-21.658,-18.134,0.009,0.011,9560.0,6157.0,1.0
"beta_speed[Locastro, Tim]",-20.378,0.885,-21.999,-18.677,0.01,0.009,7593.0,5854.0,1.0
"beta_speed[Heredia, Guillermo]",-20.289,0.851,-21.861,-18.667,0.01,0.009,8053.0,5787.0,1.0
"beta_speed[Sánchez, Jesús]",-20.17,0.747,-21.55,-18.786,0.01,0.007,5200.0,5869.0,1.0
"beta_speed[Wilson, Jacob]",-20.153,0.954,-21.907,-18.326,0.01,0.012,9410.0,5810.0,1.0
"beta_speed[Pederson, Joc]",-20.016,0.803,-21.512,-18.511,0.011,0.008,5276.0,5396.0,1.0
"beta_speed[Clement, Ernie]",-19.513,0.946,-21.272,-17.726,0.011,0.012,8033.0,5693.0,1.0
"beta_speed[Jankowski, Travis]",-20.638,0.844,-22.216,-19.083,0.011,0.009,5835.0,6198.0,1.0
"beta_speed[Valaika, Pat]",-19.814,0.95,-21.658,-18.117,0.01,0.013,8910.0,5571.0,1.0
"beta_speed[Andujar, Miguel]",-20.993,0.852,-22.574,-19.341,0.012,0.009,5401.0,5576.0,1.0
"beta_speed[Vosler, Jason]",-20.079,0.968,-21.891,-18.276,0.01,0.012,9352.0,5524.0,1.0
"beta_speed[Gonzalez, Marwin]",-20.543,0.929,-22.341,-18.854,0.01,0.011,9204.0,5806.0,1.0
"beta_speed[Pinder, Chad]",-20.327,0.855,-21.933,-18.737,0.01,0.009,6688.0,5994.0,1.0
"beta_speed[McKinney, Billy]",-20.16,0.857,-21.782,-18.538,0.01,0.01,7555.0,5608.0,1.0
"beta_speed[Kirilloff, Alex]",-20.465,0.858,-22.06,-18.861,0.011,0.009,6197.0,6157.0,1.0
"beta_speed[Daza, Yonathan]",-20.097,0.798,-21.632,-18.667,0.01,0.008,6072.0,6412.0,1.0
"beta_speed[Davis, Jaylin]",-20.287,0.953,-22.075,-18.519,0.011,0.011,7957.0,6253.0,1.0
"beta_speed[O'Hearn, Ryan]",-19.999,0.865,-21.616,-18.344,0.01,0.01,8280.0,6231.0,1.0
"beta_speed[Tom, Ka'ai]",-20.013,0.91,-21.716,-18.282,0.01,0.012,8923.0,5893.0,1.0
"beta_speed[Schebler, Scott]",-20.184,0.936,-21.899,-18.369,0.009,0.011,9947.0,5359.0,1.0
"beta_speed[Frazier, Clint]",-20.101,0.855,-21.727,-18.521,0.01,0.009,7395.0,6227.0,1.0
"beta_speed[González, Luis]",-19.638,0.859,-21.246,-18.039,0.011,0.009,5606.0,5626.0,1.0
"beta_speed[Mountcastle, Ryan]",-19.395,0.91,-21.171,-17.75,0.011,0.01,6294.0,5846.0,1.0
"beta_speed[Wilkerson, Stevie]",-20.206,0.973,-22.004,-18.314,0.01,0.013,10176.0,5233.0,1.0
"beta_speed[Williams, Mason]",-20.503,0.937,-22.3,-18.807,0.009,0.012,9728.0,5506.0,1.0
"beta_speed[Stubbs, Garrett]",-20.135,0.984,-22.023,-18.317,0.01,0.012,9378.0,5117.0,1.0
"beta_speed[Merrifield, Whit]",-19.464,0.813,-20.977,-17.898,0.011,0.009,5403.0,5854.0,1.0
"beta_speed[Heineman, Scott]",-20.303,0.959,-22.148,-18.576,0.009,0.012,10630.0,5548.0,1.0
"beta_speed[O'Grady, Brian]",-20.261,0.966,-22.208,-18.506,0.01,0.012,9878.0,5648.0,1.0
"beta_speed[Fuentes, Joshua]",-20.141,0.971,-21.936,-18.269,0.011,0.012,7777.0,4756.0,1.0
"beta_speed[Walton, Donovan]",-20.202,0.978,-22.08,-18.358,0.009,0.012,11460.0,5515.0,1.0
"beta_speed[Trammell, Taylor]",-20.357,0.873,-21.995,-18.672,0.01,0.009,7033.0,5942.0,1.0
"beta_speed[Adrianza, Ehire]",-19.992,0.896,-21.61,-18.26,0.01,0.01,8534.0,5678.0,1.0
"beta_speed[Blankenhorn, Travis]",-20.312,0.916,-22.107,-18.658,0.009,0.011,10998.0,5586.0,1.0
"beta_speed[Marcano, Tucupita]",-19.447,0.918,-21.186,-17.759,0.011,0.01,6821.0,5864.0,1.0
"beta_speed[Hiura, Keston]",-20.094,0.946,-21.922,-18.374,0.009,0.012,10534.0,5213.0,1.0
"beta_speed[Garlick, Kyle]",-20.247,0.858,-21.902,-18.695,0.01,0.009,7094.0,5860.0,1.0
"beta_speed[Kelenic, Jarred]",-20.162,0.739,-21.57,-18.775,0.01,0.008,5754.0,6001.0,1.0
"beta_speed[Quinn, Roman]",-20.689,0.904,-22.305,-18.877,0.01,0.01,7788.0,5778.0,1.0
"beta_speed[Miller, Brad]",-19.817,0.892,-21.583,-18.223,0.01,0.01,8258.0,6275.0,1.0
"beta_speed[Maybin, Cameron]",-20.168,0.949,-21.961,-18.374,0.01,0.011,9255.0,6255.0,1.0
"beta_speed[Haggerty, Sam]",-19.812,0.888,-21.433,-18.068,0.01,0.01,7635.0,6055.0,1.0
"beta_speed[Williams, Justin]",-20.148,0.891,-21.775,-18.462,0.01,0.01,7438.0,5743.0,1.0
"beta_speed[Vargas, Ildemaro]",-20.258,0.932,-22.053,-18.576,0.01,0.011,9071.0,5703.0,1.0
"beta_speed[Ozuna, Marcell]",-19.797,0.852,-21.447,-18.213,0.01,0.008,6908.0,6219.0,1.0
"beta_speed[Eaton, Adam]",-20.166,0.853,-21.736,-18.519,0.01,0.009,6944.0,5907.0,1.0
"beta_speed[Barrera, Luis]",-20.284,0.921,-22.015,-18.569,0.01,0.011,9165.0,5762.0,1.0
"beta_speed[Hager, Jake]",-20.032,0.979,-21.852,-18.171,0.01,0.013,9791.0,5779.0,1.0
"beta_speed[Duffy, Matt]",-19.969,0.953,-21.77,-18.193,0.01,0.011,8901.0,5746.0,1.0
"beta_speed[Neuse, Sheldon]",-20.055,0.952,-21.775,-18.168,0.01,0.012,10043.0,5923.0,1.0
"beta_speed[Jay, Jon]",-20.079,0.955,-21.883,-18.322,0.009,0.012,10188.0,5653.0,1.0
"beta_speed[García, Adolis]",-20.583,0.698,-21.861,-19.242,0.01,0.007,4950.0,5615.0,1.0
"beta_speed[Hoerner, Nico]",-20.014,0.937,-21.707,-18.203,0.01,0.012,9322.0,5367.0,1.0
"beta_speed[Castro, Harold]",-19.263,0.947,-21.066,-17.465,0.011,0.011,7690.0,5654.0,1.0
"beta_speed[Payton, Mark]",-20.051,0.934,-21.76,-18.289,0.01,0.011,9535.0,6007.0,1.0
"beta_speed[Mathisen, Wyatt]",-20.081,0.966,-21.932,-18.287,0.01,0.012,9596.0,5557.0,1.0
"beta_speed[Lin, Tzu-Wei]",-20.131,0.976,-21.963,-18.331,0.009,0.013,12193.0,5791.0,1.0
"beta_speed[Nimmo, Brandon]",-20.993,0.747,-22.406,-19.596,0.01,0.008,5780.0,5785.0,1.0
"beta_speed[Ohtani, Shohei]",-20.151,0.966,-21.917,-18.298,0.01,0.013,9818.0,5857.0,1.0
"beta_speed[Bemboom, Anthony]",-20.146,0.962,-21.873,-18.251,0.009,0.012,10284.0,5853.0,1.0
"beta_speed[Reynolds, Bryan]",-19.947,0.702,-21.327,-18.716,0.01,0.007,4979.0,5978.0,1.0
"beta_speed[Dean, Austin]",-19.8,0.946,-21.588,-18.039,0.01,0.013,9487.0,5632.0,1.0
"beta_speed[Musgrove, Joe]",-20.142,0.95,-22.015,-18.39,0.01,0.011,8509.0,5446.0,1.0
"beta_speed[Jones, JaCoby]",-19.588,0.874,-21.191,-17.896,0.011,0.01,6212.0,5048.0,1.0
"beta_speed[Bishop, Braden]",-20.175,0.941,-21.869,-18.352,0.01,0.012,9233.0,5977.0,1.0
"beta_speed[Palacios, Joshua]",-20.249,0.861,-21.905,-18.659,0.01,0.009,7034.0,5601.0,1.0
"beta_speed[Blandino, Alex]",-20.146,0.956,-21.928,-18.304,0.009,0.012,10380.0,5612.0,1.0
"beta_speed[Young, Andrew]",-19.9,0.953,-21.809,-18.164,0.009,0.011,10518.0,6254.0,1.0
"beta_speed[Williams, Nick]",-20.103,0.937,-21.931,-18.416,0.01,0.011,8806.0,5503.0,1.0
"beta_speed[Pérez, Hernán]",-20.157,0.959,-22.01,-18.367,0.01,0.012,9074.0,5778.0,1.0
"beta_speed[Haseley, Adam]",-20.135,0.93,-21.9,-18.358,0.01,0.011,8227.0,5453.0,1.0
"beta_speed[Brosseau, Mike]",-19.929,0.967,-21.69,-18.024,0.01,0.012,9412.0,5436.0,1.0
"beta_speed[Freeman, Mike]",-20.152,0.95,-21.922,-18.349,0.01,0.013,9477.0,5593.0,1.0
"beta_speed[Inciarte, Ender]",-20.272,0.925,-21.956,-18.464,0.009,0.011,9760.0,6361.0,1.0
"beta_speed[Farmer, Kyle]",-20.12,0.981,-21.985,-18.301,0.01,0.011,9485.0,5521.0,1.0
"beta_speed[Kingery, Scott]",-20.29,0.951,-22.066,-18.467,0.01,0.012,9072.0,5679.0,1.0
"beta_speed[Davis, Jonathan]",-19.365,0.862,-20.978,-17.76,0.011,0.009,6173.0,5559.0,1.0
"beta_speed[Reyes, Victor]",-20.162,0.823,-21.703,-18.643,0.01,0.009,6525.0,6031.0,1.0
"beta_speed[Almora Jr., Albert]",-20.571,0.883,-22.323,-18.961,0.01,0.01,8202.0,5744.0,1.0
"beta_speed[Azócar, José]",-20.122,0.825,-21.641,-18.566,0.01,0.009,6303.0,5765.0,1.0
"beta_speed[Thompson, Trayce]",-20.435,0.836,-22.116,-18.969,0.01,0.009,6457.0,5777.0,1.0
"beta_speed[Kwan, Steven]",-19.081,0.719,-20.476,-17.792,0.011,0.007,4356.0,5611.0,1.0
"beta_speed[Cabrera, Oswaldo]",-20.036,0.845,-21.589,-18.445,0.01,0.009,7421.0,6347.0,1.0
"beta_speed[Hicks, Aaron]",-20.056,0.773,-21.538,-18.606,0.009,0.008,6783.0,6213.0,1.0
"beta_speed[Vavra, Terrin]",-20.08,0.913,-21.76,-18.331,0.009,0.011,10090.0,6177.0,1.0
"beta_speed[Velázquez, Nelson]",-20.556,0.846,-22.125,-18.976,0.011,0.009,6443.0,5957.0,1.0
"beta_speed[Brennan, Will]",-20.025,0.792,-21.55,-18.553,0.01,0.008,5898.0,6255.0,1.0
"beta_speed[Hensley, David]",-19.836,0.95,-21.539,-17.966,0.009,0.011,10882.0,6025.0,1.0
"beta_speed[Vargas, Miguel]",-20.092,0.907,-21.766,-18.323,0.009,0.011,9669.0,6043.0,1.0
"beta_speed[Bouchard, Sean]",-20.19,0.871,-21.832,-18.559,0.01,0.009,8219.0,5687.0,1.0
"beta_speed[Smith, Josh]",-19.787,0.907,-21.501,-18.091,0.009,0.01,9413.0,6375.0,1.0
"beta_speed[Thompson, Bubba]",-19.837,0.854,-21.432,-18.243,0.01,0.009,6724.0,5802.0,1.0
"beta_speed[Waters, Drew]",-19.789,0.815,-21.278,-18.187,0.01,0.009,6069.0,5845.0,1.0
"beta_speed[Mancini, Trey]",-20.002,0.9,-21.709,-18.345,0.01,0.01,8084.0,6322.0,1.0
"beta_speed[Hernández, César]",-20.159,0.928,-21.967,-18.466,0.009,0.011,10326.0,5864.0,1.0
"beta_speed[Bleday, JJ]",-19.907,0.765,-21.377,-18.473,0.011,0.007,5112.0,5812.0,1.0
"beta_speed[Burdick, Peyton]",-19.656,0.895,-21.325,-17.965,0.01,0.01,8433.0,6128.0,1.0
"beta_speed[Carroll, Corbin]",-20.669,0.764,-22.115,-19.244,0.011,0.008,5067.0,5583.0,1.0
"beta_speed[Suwinski, Jack]",-20.272,0.758,-21.699,-18.86,0.01,0.008,5821.0,5842.0,1.0
"beta_speed[Bae, Ji Hwan]",-20.263,0.884,-21.886,-18.577,0.01,0.01,8212.0,6076.0,1.0
"beta_speed[Yepez, Juan]",-20.082,0.871,-21.698,-18.43,0.01,0.01,7242.0,5795.0,1.0
"beta_speed[Melendez, MJ]",-19.728,0.749,-21.051,-18.264,0.01,0.007,5292.0,6035.0,1.0
"beta_speed[Mathias, Mark]",-20.165,0.972,-21.996,-18.34,0.01,0.014,10210.0,5110.0,1.0
"beta_speed[Call, Alex]",-20.084,0.802,-21.612,-18.602,0.011,0.008,5299.0,6078.0,1.0
"beta_speed[Contreras, Mark]",-20.16,0.925,-21.912,-18.4,0.01,0.011,8150.0,5797.0,1.0
"beta_speed[Stowers, Kyle]",-19.671,0.824,-21.302,-18.21,0.009,0.009,7585.0,5989.0,1.0
"beta_speed[Dubón, Mauricio]",-19.793,0.814,-21.392,-18.33,0.01,0.009,6532.0,6206.0,1.0
"beta_speed[Calhoun, Kole]",-20.496,0.828,-22.018,-18.934,0.01,0.008,6227.0,6386.0,1.0
"beta_speed[Moniak, Mickey]",-21.048,0.858,-22.681,-19.437,0.01,0.009,7283.0,5657.0,1.0
"beta_speed[Garrett, Stone]",-20.358,0.876,-21.997,-18.708,0.009,0.011,9013.0,5719.0,1.0
"beta_speed[Lopez, Alejo]",-20.255,0.962,-22.04,-18.456,0.01,0.012,10078.0,5976.0,1.0
"beta_speed[Encarnacion, Jerar]",-20.52,0.935,-22.375,-18.849,0.01,0.012,8324.0,5887.0,1.0
"beta_speed[Donovan, Brendan]",-20.304,0.838,-21.871,-18.756,0.01,0.009,7661.0,5915.0,1.0
"beta_speed[Palacios, Richie]",-20.023,0.827,-21.534,-18.435,0.01,0.009,6908.0,5797.0,1.0
"beta_speed[Garcia, Dérmis]",-19.799,0.975,-21.63,-17.945,0.01,0.013,8802.0,5751.0,1.0
"beta_speed[McCarthy, Jake]",-20.562,0.747,-21.965,-19.171,0.011,0.007,4812.0,5470.0,1.0
"beta_speed[Benson, Will]",-20.108,0.781,-21.589,-18.647,0.01,0.008,6233.0,6110.0,1.0
"beta_speed[Thomas, Cody]",-19.995,0.904,-21.812,-18.389,0.009,0.01,10051.0,6027.0,1.0
"beta_speed[Burleson, Alec]",-20.476,0.836,-22.067,-18.914,0.011,0.009,6388.0,5184.0,1.0
"beta_speed[Carpenter, Kerry]",-20.147,0.845,-21.806,-18.615,0.01,0.009,7062.0,6383.0,1.0
"beta_speed[Solak, Nick]",-20.018,0.91,-21.667,-18.267,0.009,0.011,9735.0,6458.0,1.0
"beta_speed[Eaton, Nate]",-20.528,0.922,-22.327,-18.855,0.01,0.011,8649.0,5791.0,1.0
"beta_speed[Gore, Terrance]",-20.211,0.968,-21.978,-18.351,0.009,0.013,12819.0,5649.0,1.0
"beta_speed[Morel, Christopher]",-20.208,0.863,-21.769,-18.554,0.009,0.009,8316.0,6514.0,1.0
"beta_speed[Florial, Estevan]",-20.228,0.889,-21.834,-18.485,0.009,0.011,8948.0,5507.0,1.0
"beta_speed[Johnson, Bryce]",-20.398,0.908,-22.109,-18.695,0.01,0.011,8194.0,5639.0,1.0
"beta_speed[Anderson, Brian]",-20.787,0.864,-22.471,-19.215,0.01,0.009,7212.0,5580.0,1.0
"beta_speed[Stevenson, Cal]",-20.702,0.922,-22.406,-18.91,0.01,0.011,8202.0,6000.0,1.0
"beta_speed[Ruiz, Esteury]",-20.273,0.833,-21.793,-18.716,0.009,0.009,8283.0,6371.0,1.0
"beta_speed[Aguilar, Ryan]",-20.127,0.957,-21.918,-18.336,0.01,0.011,9555.0,5787.0,1.0
"beta_speed[Maton, Nick]",-20.099,0.928,-21.828,-18.336,0.01,0.012,9125.0,5678.0,1.0
"beta_speed[Sosa, Edmundo]",-20.193,0.967,-22.06,-18.423,0.01,0.012,10052.0,6063.0,1.0
"beta_speed[Bernard, Wynton]",-20.325,0.946,-22.039,-18.484,0.01,0.012,8963.0,5459.0,1.0
"beta_speed[Beckham, Tim]",-19.919,0.943,-21.677,-18.114,0.009,0.012,11754.0,6473.0,1.0
"beta_speed[Celestino, Gilberto]",-20.444,0.845,-22.013,-18.871,0.01,0.009,7069.0,6148.0,1.0
"beta_speed[Pratto, Nick]",-19.985,0.899,-21.663,-18.286,0.009,0.01,9462.0,6369.0,1.0
"beta_speed[Hernandez, Elier]",-20.237,0.969,-22.101,-18.438,0.01,0.012,9769.0,5579.0,1.0
"beta_speed[Piscotty, Stephen]",-20.431,0.861,-22.105,-18.85,0.01,0.01,7721.0,6279.0,1.0
"beta_speed[Lewis, Kyle]",-20.444,0.925,-22.289,-18.782,0.01,0.012,9057.0,5346.0,1.0
"beta_speed[Meneses, Joey]",-20.24,0.887,-21.912,-18.565,0.01,0.01,8189.0,5291.0,1.0
"beta_speed[Outman, James]",-20.357,0.812,-21.834,-18.78,0.009,0.009,7669.0,6087.0,1.0
"beta_speed[Reynolds, Matt]",-20.28,0.953,-22.061,-18.486,0.01,0.012,8774.0,5591.0,1.0
"beta_speed[Madris, Bligh]",-19.733,0.893,-21.44,-18.085,0.009,0.01,9061.0,6696.0,1.0
"beta_speed[Marsh, Brandon]",-21.21,0.769,-22.681,-19.807,0.011,0.008,4724.0,5671.0,1.0
"beta_speed[Mercedes, Yermín]",-20.198,0.944,-21.998,-18.428,0.01,0.012,9349.0,5709.0,1.0
"beta_speed[Carpenter, Matt]",-20.199,0.949,-21.948,-18.429,0.009,0.012,11361.0,5821.0,1.0
"beta_speed[Soler, Jorge]",-19.821,0.805,-21.362,-18.327,0.011,0.009,5539.0,5705.0,1.0
"beta_speed[Clemens, Kody]",-20.341,0.941,-22.19,-18.603,0.009,0.012,10581.0,5682.0,1.0
"beta_speed[Harrison, Monte]",-20.315,0.944,-22.073,-18.529,0.01,0.012,9395.0,5664.0,1.0
"beta_speed[Mazara, Nomar]",-20.478,0.865,-22.13,-18.891,0.01,0.009,7330.0,5986.0,1.0
"beta_speed[Hummel, Cooper]",-19.76,0.905,-21.507,-18.087,0.01,0.01,8468.0,5998.0,1.0
"beta_speed[Batten, Matthew]",-20.159,0.969,-21.992,-18.336,0.009,0.011,10964.0,6249.0,1.0
"beta_speed[Alvarez, Eddy]",-20.012,0.936,-21.704,-18.206,0.009,0.011,10099.0,5462.0,1.0
"beta_speed[Reyes, Franmil]",-20.115,0.908,-21.849,-18.456,0.01,0.011,8136.0,5746.0,1.0
"beta_speed[Smith-Njigba, Canaan]",-19.723,0.926,-21.479,-18.013,0.01,0.011,8501.0,6221.0,1.0
"beta_speed[Ramos, Heliot]",-19.643,0.832,-21.164,-18.038,0.011,0.009,6034.0,6380.0,1.0
"beta_speed[Swaggerty, Travis]",-20.113,0.973,-21.915,-18.227,0.01,0.012,10156.0,5423.0,1.0
"beta_speed[Walker, Steele]",-19.879,0.927,-21.619,-18.157,0.009,0.012,10524.0,6100.0,1.0
"beta_speed[Plummer, Nick]",-19.974,0.958,-21.814,-18.177,0.01,0.012,9902.0,5390.0,1.0
"beta_speed[Strange-Gordon, Dee]",-20.224,0.961,-22.01,-18.406,0.009,0.014,12308.0,4814.0,1.0
"beta_speed[Rosario, Amed]",-20.041,0.906,-21.754,-18.341,0.009,0.01,9563.0,5878.0,1.0
"beta_speed[Contreras, William]",-19.644,0.952,-21.448,-17.892,0.011,0.011,7735.0,6437.0,1.0
"beta_speed[Demeritte, Travis]",-19.728,0.923,-21.422,-17.986,0.011,0.011,7600.0,5547.0,1.0
"beta_speed[Mayfield, Jack]",-20.004,0.972,-21.797,-18.094,0.009,0.011,10692.0,5903.0,1.0
"beta_speed[Walsh, Jared]",-20.363,0.923,-22.102,-18.616,0.01,0.012,8791.0,5440.0,1.0
"beta_speed[Krizan, Jason]",-20.175,0.979,-21.99,-18.325,0.009,0.013,12168.0,5544.0,1.0
"beta_speed[Mendick, Danny]",-19.869,0.939,-21.592,-18.064,0.01,0.012,9744.0,5675.0,1.0
"beta_speed[Castellanos, Nick]",-21.156,0.719,-22.469,-19.801,0.011,0.007,4305.0,5743.0,1.0
"beta_speed[Capel, Conner]",-20.115,0.888,-21.72,-18.428,0.009,0.011,9069.0,6405.0,1.0
"beta_speed[Cruz, Oneil]",-20.187,0.924,-21.929,-18.472,0.01,0.011,8995.0,5889.0,1.0
"beta_speed[Carter, Evan]",-20.239,0.878,-21.866,-18.576,0.01,0.009,7463.0,5981.0,1.0
"beta_speed[Wallner, Matt]",-20.364,0.824,-21.927,-18.813,0.011,0.009,5871.0,5469.0,1.0
"beta_speed[Canzone, Dominic]",-20.517,0.87,-22.116,-18.888,0.01,0.01,7538.0,5782.0,1.0
"beta_speed[Jones, Nolan]",-20.212,0.812,-21.727,-18.681,0.01,0.009,6396.0,5685.0,1.0
"beta_speed[Eden, Cam]",-20.168,0.958,-21.946,-18.306,0.009,0.012,11383.0,5328.0,1.0
"beta_speed[Pache, Cristian]",-19.34,0.797,-20.832,-17.829,0.011,0.009,5734.0,5873.0,1.0
"beta_speed[Abreu, Wilyer]",-20.468,0.848,-22.008,-18.803,0.011,0.008,6411.0,6119.0,1.0
"beta_speed[Kjerstad, Heston]",-20.394,0.938,-22.14,-18.639,0.01,0.012,9393.0,4949.0,1.0
"beta_speed[Grichuk, Randal]",-20.315,0.745,-21.65,-18.853,0.011,0.008,4538.0,5464.0,1.0
"beta_speed[Conforto, Michael]",-20.389,0.754,-21.824,-19.0,0.01,0.008,5406.0,5621.0,1.0
"beta_speed[Alu, Jake]",-20.18,0.929,-21.902,-18.42,0.01,0.012,8676.0,6004.0,1.0
"beta_speed[Pereira, Everson]",-19.907,0.895,-21.524,-18.186,0.01,0.01,8567.0,6548.0,1.0
"beta_speed[Soto, Juan]",-21.127,0.701,-22.45,-19.828,0.011,0.007,4192.0,5547.0,1.0
"beta_speed[Matos, Luis]",-20.572,0.862,-22.245,-19.0,0.011,0.009,6544.0,5916.0,1.0
"beta_speed[Blanco, Dairon]",-19.869,0.865,-21.447,-18.185,0.01,0.009,7567.0,6044.0,1.0
"beta_speed[Senzel, Nick]",-20.133,0.829,-21.715,-18.597,0.01,0.009,7127.0,6145.0,1.0
"beta_speed[Steer, Spencer]",-20.472,0.828,-22.016,-18.897,0.01,0.009,6540.0,5811.0,1.0
"beta_speed[Hernández, Enrique]",-19.508,0.777,-20.964,-18.049,0.011,0.008,5015.0,5553.0,1.0
"beta_speed[Yoshida, Masataka]",-19.779,0.85,-21.341,-18.16,0.01,0.009,6987.0,6145.0,1.0
"beta_speed[Kiner-Falefa, Isiah]",-20.023,0.875,-21.616,-18.339,0.01,0.01,7575.0,6109.0,1.0
"beta_speed[Yastrzemski, Mike]",-19.568,0.729,-20.915,-18.172,0.011,0.008,4597.0,5217.0,1.0
"beta_speed[Wall, Forrest]",-20.279,0.935,-22.084,-18.554,0.01,0.011,8067.0,5860.0,1.0
"beta_speed[Remillard, Zach]",-19.885,0.934,-21.653,-18.132,0.009,0.013,11092.0,5975.0,1.0
"beta_speed[Haniger, Mitch]",-20.119,0.756,-21.464,-18.646,0.01,0.008,5554.0,5917.0,1.0
"beta_speed[Frelick, Sal]",-20.236,0.819,-21.822,-18.732,0.009,0.009,7579.0,6134.0,1.0
"beta_speed[Rutherford, Blake]",-19.872,0.933,-21.68,-18.117,0.009,0.011,10215.0,5570.0,1.0
"beta_speed[Hampson, Garrett]",-20.309,0.829,-21.914,-18.771,0.01,0.009,6599.0,5705.0,1.0
"beta_speed[Duran, Ezequiel]",-20.287,0.895,-21.934,-18.568,0.01,0.01,8387.0,5893.0,1.0
"beta_speed[Adams, Jordyn]",-20.432,0.914,-22.098,-18.657,0.01,0.01,9169.0,6339.0,1.0
"beta_speed[Sabol, Blake]",-20.197,0.927,-21.867,-18.367,0.008,0.012,12276.0,5672.0,1.0
"beta_speed[Marlowe, Cade]",-20.2,0.911,-22.039,-18.594,0.009,0.011,9776.0,5730.0,1.0
"beta_speed[Taylor, Samad]",-20.475,0.936,-22.21,-18.741,0.009,0.011,10443.0,5910.0,1.0
"beta_speed[Greene, Riley]",-19.408,0.765,-20.908,-18.018,0.01,0.008,5425.0,5803.0,1.0
"beta_speed[Meckler, Wade]",-20.301,0.942,-22.128,-18.569,0.01,0.012,9213.0,5476.0,1.0
"beta_speed[Martínez, J.P.]",-20.301,0.946,-22.069,-18.514,0.01,0.012,9250.0,5501.0,1.0
"beta_speed[Gonzalez, Oscar]",-19.564,0.809,-21.154,-18.091,0.01,0.008,6098.0,6144.0,1.0
"beta_speed[Julks, Corey]",-20.129,0.833,-21.7,-18.593,0.01,0.009,7374.0,6253.0,1.0
"beta_speed[Schneider, Davis]",-20.382,0.877,-21.989,-18.7,0.01,0.01,8190.0,5726.0,1.0
"beta_speed[Siani, Michael]",-20.193,0.847,-21.823,-18.636,0.009,0.009,7986.0,5872.0,1.0
"beta_speed[Hopkins, TJ]",-20.483,0.941,-22.289,-18.714,0.01,0.011,8906.0,5864.0,1.0
"beta_speed[García, Avisaíl]",-20.749,0.785,-22.238,-19.27,0.011,0.008,5267.0,5634.0,1.0
"beta_speed[Lukes, Nathan]",-20.023,0.912,-21.759,-18.36,0.01,0.011,8958.0,5232.0,1.0
"beta_speed[Wilson, Weston]",-20.138,0.93,-21.911,-18.424,0.01,0.011,8757.0,5570.0,1.0
"beta_speed[Cowser, Colton]",-20.529,0.856,-22.21,-18.948,0.01,0.009,6747.0,5789.0,1.0
"beta_speed[Perkins, Blake]",-20.804,0.855,-22.416,-19.205,0.011,0.009,6378.0,6041.0,1.0
"beta_speed[Rengifo, Luis]",-20.076,0.89,-21.723,-18.372,0.009,0.01,9250.0,5993.0,1.0
"beta_speed[Chavis, Michael]",-19.998,0.963,-21.781,-18.163,0.009,0.012,10344.0,5153.0,1.0
"beta_speed[Kohlwey, Taylor]",-20.166,0.977,-22.013,-18.4,0.009,0.012,13130.0,6135.0,1.0
"beta_speed[Lopez, Nicky]",-20.218,0.966,-22.019,-18.386,0.011,0.011,8180.0,5701.0,1.0
"beta_speed[DeLuca, Jonny]",-20.413,0.838,-21.968,-18.83,0.01,0.01,7486.0,5798.0,1.0
"beta_speed[Walker, Jordan]",-20.498,0.814,-22.11,-19.04,0.01,0.009,6300.0,4916.0,1.0
"beta_speed[Fry, David]",-20.324,0.927,-22.051,-18.601,0.009,0.011,9652.0,5820.0,1.0
"beta_speed[Fletcher, Dominic]",-20.402,0.858,-22.008,-18.811,0.011,0.009,6350.0,5395.0,1.0
"beta_speed[Freeman, Tyler]",-19.907,0.88,-21.614,-18.315,0.01,0.01,7952.0,5487.0,1.0
"beta_speed[Heyward, Jason]",-20.1,0.775,-21.569,-18.636,0.01,0.008,6047.0,5710.0,1.0
"beta_speed[Noda, Ryan]",-20.133,0.951,-21.9,-18.359,0.009,0.012,11002.0,5574.0,1.0
"beta_speed[Miller, Owen]",-20.199,0.957,-22.021,-18.432,0.01,0.012,10142.0,5779.0,1.0
"beta_speed[Guthrie, Dalton]",-20.222,0.926,-21.927,-18.428,0.01,0.01,8940.0,5811.0,1.0
"beta_speed[Mastrobuoni, Miles]",-20.299,0.94,-22.141,-18.579,0.01,0.011,9574.0,5701.0,1.0
"beta_speed[Wiemer, Joey]",-19.898,0.833,-21.497,-18.379,0.01,0.009,7346.0,6278.0,1.0
"beta_speed[Wisely, Brett]",-20.177,0.913,-21.922,-18.474,0.009,0.01,10245.0,6262.0,1.0
"beta_speed[Toglia, Michael]",-20.141,0.874,-21.833,-18.493,0.009,0.01,8841.0,5777.0,1.0
"beta_speed[Chourio, Jackson]",-20.396,0.835,-21.899,-18.753,0.009,0.009,7841.0,6083.0,1.0
"beta_speed[Laureano, Ramón]",-20.438,0.753,-21.832,-19.06,0.01,0.008,6256.0,6385.0,1.0
"beta_speed[DeLoach, Zach]",-20.126,0.917,-21.895,-18.467,0.009,0.011,9841.0,5828.0,1.0
"beta_speed[Dunn, Blake]",-20.277,0.963,-22.138,-18.514,0.01,0.013,9047.0,5663.0,1.0
"beta_speed[Beck, Jordan]",-19.679,0.869,-21.27,-17.989,0.011,0.009,6754.0,5519.0,1.0
"beta_speed[Langford, Wyatt]",-20.197,0.854,-21.805,-18.567,0.01,0.009,6950.0,6383.0,1.0
"beta_speed[Collins, Isaac]",-19.98,0.946,-21.761,-18.203,0.01,0.011,9273.0,5691.0,1.0
"beta_speed[Martin, Austin]",-20.696,0.881,-22.22,-18.912,0.011,0.01,6717.0,6231.0,1.0
"beta_speed[Domínguez, Jasson]",-20.431,0.918,-22.171,-18.734,0.01,0.011,9073.0,6130.0,1.0
"beta_speed[Schuemann, Max]",-20.116,0.965,-21.818,-18.188,0.01,0.012,9774.0,5359.0,1.0
"beta_speed[Loperfido, Joey]",-19.758,0.841,-21.349,-18.213,0.01,0.009,7219.0,6220.0,1.0
"beta_speed[Conine, Griffin]",-20.47,0.91,-22.102,-18.708,0.01,0.01,8686.0,6363.0,1.0
"beta_speed[Wood, James]",-20.326,0.848,-21.987,-18.807,0.01,0.009,6928.0,5710.0,1.0
"beta_speed[Cook, Billy]",-20.387,0.939,-22.141,-18.609,0.009,0.012,10692.0,5592.0,1.0
"beta_speed[Robles, Victor]",-20.015,0.763,-21.483,-18.598,0.011,0.008,5153.0,5800.0,1.0
"beta_speed[Martínez, Angel]",-20.02,0.895,-21.704,-18.343,0.009,0.01,9545.0,6294.0,1.0
"beta_speed[Pages, Andy]",-20.8,0.852,-22.392,-19.213,0.01,0.009,7519.0,6179.0,1.0
"beta_speed[Myers, Dane]",-20.279,0.896,-22.009,-18.601,0.01,0.011,8258.0,5860.0,1.0
"beta_speed[Fabian, Sandro]",-20.155,0.973,-21.955,-18.319,0.01,0.012,9728.0,6023.0,1.0
"beta_speed[Hill, Derek]",-20.151,0.825,-21.673,-18.576,0.01,0.009,6611.0,5813.0,1.0
"beta_speed[Hinds, Rece]",-19.947,0.911,-21.582,-18.182,0.01,0.01,8882.0,5968.0,1.0
"beta_speed[Taylor, Michael A.]",-19.398,0.693,-20.696,-18.1,0.01,0.007,5313.0,5642.0,1.0
"beta_speed[Yorke, Nick]",-20.208,0.959,-22.0,-18.418,0.01,0.012,10104.0,5732.0,1.0
"beta_speed[Campero, Gustavo]",-20.149,0.935,-21.947,-18.421,0.01,0.011,9319.0,5912.0,1.0
"beta_speed[Lockridge, Brandon]",-20.26,0.948,-22.035,-18.465,0.01,0.013,9319.0,5384.0,1.0
"beta_speed[Sanoja, Javier]",-20.196,0.944,-21.993,-18.427,0.009,0.011,10359.0,5901.0,1.0
"beta_speed[Newman, Kevin]",-20.146,0.967,-21.987,-18.301,0.01,0.013,8647.0,5303.0,1.0
"beta_speed[Schneemann, Daniel]",-20.307,0.914,-22.045,-18.623,0.01,0.011,8591.0,5474.0,1.0
"beta_speed[Barger, Addison]",-20.034,0.902,-21.682,-18.287,0.01,0.011,8648.0,5823.0,1.0
"beta_speed[Pérez, Wenceel]",-20.656,0.888,-22.424,-19.08,0.01,0.009,7954.0,6234.0,1.0
"beta_speed[Alvarez, Armando]",-20.201,0.949,-21.919,-18.3,0.01,0.011,9020.0,5216.0,1.0
"beta_speed[Wagaman, Eric]",-20.151,0.974,-21.985,-18.296,0.009,0.013,13106.0,5214.0,1.0
"beta_speed[Helman, Michael]",-20.192,0.961,-22.009,-18.348,0.009,0.012,10739.0,5355.0,1.0
"beta_speed[Scott II, Victor]",-20.22,0.909,-21.985,-18.497,0.01,0.011,9055.0,5321.0,1.0
"beta_speed[Ellis, Duke]",-20.166,0.954,-21.932,-18.377,0.01,0.012,9108.0,6013.0,1.0
"beta_speed[Barrosa, Jorge]",-20.312,0.944,-22.157,-18.627,0.01,0.011,8793.0,5543.0,1.0
"beta_speed[Malloy, Justyn-Henry]",-19.775,0.941,-21.538,-17.989,0.01,0.012,9371.0,5766.0,1.0
"beta_speed[Misner, Kameron]",-20.261,0.976,-22.069,-18.369,0.011,0.012,8330.0,5803.0,1.0
"beta_speed[Espinal, Santiago]",-19.866,0.946,-21.632,-18.045,0.009,0.012,11187.0,5890.0,1.0
"beta_speed[Cabbage, Trey]",-20.472,0.919,-22.158,-18.699,0.01,0.012,8045.0,5536.0,1.0
"beta_speed[Judge, Aaron]",-20.758,0.73,-22.213,-19.454,0.011,0.008,4635.0,5148.0,1.0
"beta_speed[Berroa, Steward]",-20.331,0.937,-22.059,-18.518,0.009,0.012,10353.0,5602.0,1.0
"beta_speed[Goodman, Hunter]",-20.101,0.877,-21.745,-18.434,0.01,0.01,8080.0,5577.0,1.0
"beta_speed[Lopez, Otto]",-20.129,0.96,-21.867,-18.276,0.01,0.012,9454.0,5641.0,1.0
"beta_speed[Clase, Jonatan]",-20.178,0.93,-22.035,-18.538,0.01,0.011,8946.0,5610.0,1.0
"beta_speed[Loftin, Nick]",-20.128,0.974,-21.885,-18.19,0.009,0.012,11072.0,5723.0,1.0
"beta_speed[Jordan, Levi]",-20.112,0.977,-21.967,-18.301,0.011,0.012,8544.0,6225.0,1.0
"beta_speed[Jones, Jahmai]",-19.982,0.939,-21.728,-18.187,0.009,0.011,9749.0,5781.0,1.0
"beta_speed[Hurtubise, Jacob]",-20.293,0.95,-22.18,-18.59,0.01,0.012,8565.0,5276.0,1.0
"beta_speed[Bruján, Vidal]",-20.412,0.9,-22.108,-18.741,0.01,0.01,8224.0,5707.0,1.0
"beta_speed[Tucker, Cole]",-20.25,0.91,-21.983,-18.554,0.01,0.011,7931.0,5317.0,1.0
"beta_speed[Bellinger, Cody]",-20.251,0.744,-21.656,-18.86,0.01,0.008,5262.0,5862.0,1.0
"beta_speed[Arias, Gabriel]",-20.103,0.909,-21.788,-18.387,0.009,0.01,9641.0,5744.0,1.0
"beta_speed[Toro, Abraham]",-20.106,0.97,-21.933,-18.259,0.01,0.013,9774.0,5425.0,1.0
"beta_speed[Fitzgerald, Tyler]",-20.687,0.929,-22.351,-18.857,0.01,0.011,8593.0,5409.0,1.0
"beta_speed[Monasterio, Andruw]",-20.129,0.974,-21.884,-18.251,0.009,0.013,11480.0,5981.0,1.0
"beta_speed[Canario, Alexander]",-20.217,0.96,-22.003,-18.378,0.009,0.011,10385.0,5345.0,1.0
"beta_speed[Cooper, Garrett]",-19.947,0.887,-21.561,-18.214,0.01,0.01,7516.0,5773.0,1.0
"beta_speed[Kiermaier, Kevin]",-18.647,0.754,-19.965,-17.154,0.011,0.007,4490.0,6012.0,1.0
"beta_speed[Cain, Lorenzo]",-20.173,0.877,-21.858,-18.546,0.009,0.011,8820.0,5600.0,1.0
"beta_speed[Robert Jr., Luis]",-19.576,0.732,-20.992,-18.243,0.01,0.007,5588.0,5385.0,1.0
"beta_speed[Bader, Harrison]",-20.509,0.744,-21.917,-19.149,0.009,0.008,6308.0,5451.0,1.0
"beta_speed[Marte, Starling]",-19.802,0.732,-21.222,-18.444,0.01,0.007,5294.0,5930.0,1.0
"beta_speed[Buxton, Byron]",-20.597,0.817,-22.165,-19.076,0.01,0.009,6966.0,5964.0,1.0
"beta_speed[Grisham, Trent]",-19.167,0.716,-20.547,-17.869,0.01,0.007,4950.0,5969.0,1.0
"beta_speed[Straw, Myles]",-19.46,0.706,-20.79,-18.139,0.009,0.007,6064.0,5963.0,1.0
"beta_speed[Springer, George]",-19.181,0.755,-20.593,-17.773,0.011,0.007,4960.0,6045.0,1.0
"beta_speed[Mullins, Cedric]",-19.364,0.703,-20.758,-18.088,0.01,0.007,4959.0,5699.0,1.0
"beta_speed[Renfroe, Hunter]",-21.618,0.765,-22.997,-20.13,0.013,0.008,3430.0,4832.0,1.0
"beta_speed[Taveras, Leody]",-19.383,0.701,-20.719,-18.075,0.01,0.007,5313.0,5758.0,1.0
"beta_speed[Tatis Jr., Fernando]",-20.788,0.801,-22.311,-19.306,0.012,0.009,4727.0,5329.0,1.0
"beta_speed[Barrero, José]",-19.728,0.911,-21.432,-18.001,0.01,0.01,8135.0,5991.0,1.0
"beta_speed[Betts, Mookie]",-20.22,0.743,-21.62,-18.795,0.01,0.008,5245.0,5780.0,1.0
"beta_speed[Marte, Ketel]",-19.916,0.851,-21.596,-18.355,0.01,0.009,7913.0,6039.0,1.0
"beta_speed[Kepler, Max]",-20.991,0.748,-22.423,-19.589,0.01,0.007,5196.0,6096.0,1.0
"beta_speed[Tucker, Kyle]",-20.843,0.716,-22.185,-19.501,0.011,0.008,4497.0,5643.0,1.0
"beta_speed[Heath, Nick]",-20.361,0.944,-22.142,-18.567,0.01,0.011,9251.0,5811.0,1.0
"beta_speed[Torreyes, Ronald]",-20.148,0.962,-21.986,-18.375,0.01,0.011,8613.0,5521.0,1.0
"beta_speed[Trout, Mike]",-20.158,0.776,-21.708,-18.788,0.009,0.008,6792.0,6489.0,1.0
"beta_speed[Andreoli, John]",-20.19,0.965,-22.067,-18.454,0.01,0.012,10285.0,6272.0,1.0
"beta_speed[Acuña Jr., Ronald]",-20.043,0.745,-21.512,-18.709,0.01,0.008,5376.0,5631.0,1.0
"beta_speed[Difo, Wilmer]",-19.478,0.936,-21.215,-17.704,0.01,0.012,8156.0,5464.0,1.0
"beta_speed[Fowler, Dustin]",-19.619,0.925,-21.358,-17.836,0.01,0.01,8503.0,6171.0,1.0
"beta_speed[Hurst, Scott]",-20.152,0.94,-21.871,-18.31,0.01,0.012,8593.0,5732.0,1.0
"beta_speed[Rodríguez, Julio]",-20.886,0.75,-22.297,-19.487,0.009,0.008,6694.0,6532.0,1.0
"beta_speed[Harris II, Michael]",-19.777,0.766,-21.188,-18.309,0.01,0.008,6440.0,5961.0,1.0
"beta_speed[DeLuzio, Ben]",-20.45,0.964,-22.241,-18.634,0.009,0.013,11487.0,5355.0,1.0
"beta_speed[Mitchell, Garrett]",-20.147,0.863,-21.813,-18.54,0.009,0.01,8680.0,6193.0,1.0
"beta_speed[Kreidler, Ryan]",-20.121,0.956,-21.887,-18.271,0.009,0.011,10524.0,6128.0,1.0
"beta_speed[Thomas, Alek]",-20.955,0.799,-22.455,-19.446,0.011,0.009,5740.0,5862.0,1.0
"beta_speed[Crook, Narciso]",-20.234,0.942,-22.042,-18.502,0.009,0.012,9948.0,5491.0,1.0
"beta_speed[Lee, Khalil]",-20.111,0.963,-21.932,-18.271,0.009,0.013,11056.0,5911.0,1.0
"beta_speed[Lewis, Royce]",-20.197,0.961,-22.042,-18.366,0.01,0.012,8491.0,5662.0,1.0
"beta_speed[Hicklen, Brewer]",-20.25,0.945,-21.932,-18.355,0.01,0.011,8174.0,5700.0,1.0
"beta_speed[Edman, Tommy]",-19.791,0.846,-21.318,-18.144,0.009,0.009,8053.0,6665.0,1.0
"beta_speed[Whitefield, Aaron]",-20.011,0.938,-21.716,-18.204,0.01,0.012,9649.0,5725.0,1.0
"beta_speed[McDonald, Mickey]",-20.168,0.958,-21.894,-18.283,0.009,0.011,11112.0,5728.0,1.0
"beta_speed[Muzziotti, Símon]",-20.125,0.958,-21.906,-18.29,0.01,0.012,9816.0,5752.0,1.0
"beta_speed[Rojas, Johan]",-20.302,0.824,-21.73,-18.671,0.01,0.009,6831.0,5587.0,1.0
"beta_speed[Doyle, Brenton]",-20.682,0.772,-22.168,-19.257,0.01,0.008,5607.0,5885.0,1.0
"beta_speed[Chisholm Jr., Jazz]",-19.557,0.82,-21.075,-17.993,0.011,0.009,5525.0,5703.0,1.0
"beta_speed[Young, Jacob]",-20.349,0.807,-21.858,-18.851,0.009,0.008,7260.0,5998.0,1.0
"beta_speed[Meadows, Parker]",-18.662,0.897,-20.318,-16.943,0.012,0.009,5477.0,5971.0,1.0
"beta_speed[Rafaela, Ceddanne]",-19.921,0.878,-21.56,-18.245,0.01,0.009,7763.0,5797.0,1.0
"beta_speed[Butler, Lawrence]",-20.419,0.834,-21.967,-18.835,0.011,0.009,5928.0,5785.0,1.0
"beta_speed[Crow-Armstrong, Pete]",-20.349,0.849,-21.874,-18.645,0.01,0.01,7205.0,5675.0,1.0
"beta_speed[Paris, Kyren]",-20.159,0.971,-22.064,-18.384,0.01,0.012,9399.0,5610.0,1.0
"beta_speed[Colás, Oscar]",-20.545,0.854,-22.266,-19.038,0.01,0.009,7412.0,5702.0,1.0
"beta_speed[Velazquez, Andrew]",-20.132,0.962,-21.912,-18.28,0.01,0.012,9259.0,5704.0,1.0
"beta_speed[Short, Zack]",-19.926,0.947,-21.69,-18.099,0.009,0.012,10200.0,5542.0,1.0
"beta_speed[Edwards, Xavier]",-20.002,0.961,-21.837,-18.238,0.01,0.012,8917.0,5397.0,1.0
"beta_speed[Merrill, Jackson]",-21.092,0.856,-22.719,-19.499,0.011,0.009,6144.0,5076.0,1.0
"beta_speed[Keirsey Jr., DaShawn]",-20.281,0.945,-22.111,-18.534,0.01,0.012,8782.0,5836.0,1.0
"beta_speed[McCray, Grant]",-20.134,0.919,-21.908,-18.428,0.01,0.01,7675.0,6174.0,1.0
"beta_speed[Crews, Dylan]",-20.009,0.9,-21.716,-18.343,0.009,0.011,9771.0,5631.0,1.0
"beta_speed[Teodosio, Bryce]",-20.093,0.948,-21.832,-18.286,0.01,0.011,9475.0,6193.0,1.0
"beta_speed[Lee, Jung Hoo]",-20.079,0.918,-21.774,-18.334,0.01,0.011,8801.0,6154.0,1.0
"beta_speed[Harper, Bryce]",-20.535,0.837,-22.154,-18.998,0.011,0.009,5420.0,5625.0,1.0
"beta_speed[Blackmon, Charlie]",-20.45,0.792,-21.942,-18.934,0.01,0.008,6077.0,5505.0,1.0
"beta_speed[Motter, Taylor]",-20.186,0.967,-22.054,-18.368,0.011,0.012,8288.0,5831.0,1.0
"beta_speed[Polanco, Gregory]",-20.293,0.841,-21.846,-18.672,0.01,0.01,7423.0,5969.0,1.0
"beta_speed[Amburgey, Trey]",-20.245,0.965,-22.08,-18.496,0.009,0.011,10685.0,6498.0,1.0
"beta_speed[Lorenzen, Michael]",-20.152,0.989,-22.004,-18.261,0.009,0.014,11735.0,5079.0,1.0
"beta_speed[Naylor, Josh]",-19.891,0.872,-21.515,-18.235,0.01,0.009,8302.0,6096.0,1.0
"beta_speed[Fisher, Derek]",-20.191,0.947,-22.018,-18.445,0.009,0.012,11023.0,5878.0,1.0
"beta_speed[Astudillo, Willians]",-20.121,0.957,-21.845,-18.244,0.01,0.011,9695.0,6007.0,1.0
"beta_speed[Stokes Jr., Troy]",-20.282,0.95,-22.055,-18.468,0.009,0.013,10405.0,5223.0,1.0
"beta_speed[Kivlehan, Patrick]",-20.134,0.942,-21.837,-18.292,0.009,0.012,10977.0,5802.0,1.0
"beta_speed[Riley, Austin]",-19.703,0.975,-21.523,-17.842,0.01,0.012,9084.0,5304.0,1.0
"beta_speed[Owen, Hunter]",-20.025,0.96,-21.853,-18.262,0.009,0.012,10405.0,5789.0,1.0
"beta_speed[Ray, Corey]",-20.185,0.957,-21.993,-18.369,0.009,0.013,10925.0,5734.0,1.0
"beta_speed[Fowler, Dexter]",-20.171,0.952,-21.989,-18.4,0.009,0.012,11017.0,5919.0,1.0
"beta_speed[Suzuki, Seiya]",-20.666,0.767,-22.079,-19.217,0.01,0.008,5654.0,5929.0,1.0
"beta_speed[Davis, Brendon]",-20.044,0.973,-21.891,-18.251,0.01,0.012,9198.0,5844.0,1.0
"beta_speed[Dixon, Brandon]",-20.357,0.955,-22.207,-18.648,0.01,0.012,9732.0,5716.0,1.0
"beta_speed[Mitchell, Cal]",-19.937,0.883,-21.625,-18.306,0.01,0.01,7566.0,6115.0,1.0
"beta_speed[Castillo, Diego]",-20.139,0.911,-21.859,-18.456,0.009,0.011,9733.0,6028.0,1.0
"beta_speed[Díaz, Yusniel]",-20.151,0.969,-21.919,-18.267,0.01,0.013,10223.0,5216.0,1.0
"beta_speed[Arroyo, Christian]",-19.628,0.937,-21.445,-17.937,0.01,0.011,8399.0,5867.0,1.0
"beta_speed[Wilson, Marcus]",-20.035,0.958,-21.758,-18.19,0.009,0.012,10362.0,6181.0,1.0
"beta_speed[Alberto, Hanser]",-20.011,0.969,-21.801,-18.203,0.01,0.012,10364.0,5935.0,1.0
"beta_speed[Abrams, CJ]",-20.187,0.969,-21.992,-18.341,0.011,0.012,8298.0,5323.0,1.0
"beta_speed[Lopes, Christian]",-20.153,0.968,-21.991,-18.353,0.01,0.013,10265.0,5262.0,1.0
"beta_speed[Jackson, Drew]",-20.126,0.968,-21.881,-18.261,0.011,0.012,8360.0,5746.0,1.0
"beta_speed[Basabe, Osleivis]",-20.123,0.967,-21.89,-18.226,0.011,0.012,8256.0,6046.0,1.0
"beta_speed[Davis, Henry]",-19.365,0.883,-21.03,-17.715,0.012,0.01,5691.0,4315.0,1.0
"beta_speed[Encarnacion-Strand, Christian]",-20.135,0.952,-21.942,-18.364,0.01,0.012,9317.0,5660.0,1.0
"beta_speed[Odor, Rougned]",-20.275,0.961,-22.065,-18.43,0.01,0.011,8579.0,5136.0,1.0
"beta_speed[Noel, Jhonkensy]",-20.179,0.904,-21.846,-18.45,0.01,0.01,8285.0,6170.0,1.0
"beta_speed[Alcántara, Kevin]",-20.162,0.982,-22.003,-18.323,0.009,0.013,11666.0,5819.0,1.0
"beta_speed[Garcia, Maikel]",-20.144,0.975,-21.996,-18.361,0.01,0.012,10114.0,5865.0,1.0
"beta_speed[Gentry, Tyler]",-20.136,0.937,-21.823,-18.284,0.009,0.012,9872.0,5557.0,1.0
"beta_speed[León, Pedro]",-19.889,0.952,-21.663,-18.08,0.009,0.012,10385.0,5968.0,1.0
"beta_speed[Triolo, Jared]",-20.171,0.956,-21.96,-18.37,0.01,0.012,9604.0,5510.0,1.0
"beta_speed[Rodríguez, Johnathan]",-19.868,0.917,-21.609,-18.176,0.01,0.011,8214.0,5819.0,1.0
"beta_speed[Jones, Greg]",-19.978,0.959,-21.815,-18.19,0.011,0.011,7910.0,5578.0,1.0
"beta_speed[Dalbec, Bobby]",-20.139,0.947,-21.869,-18.314,0.01,0.011,9049.0,5760.0,1.0
"beta_cos[Verdugo, Alex]",-0.117,0.079,-0.263,0.036,0.001,0.001,9173.0,5927.0,1.0
"beta_cos[Meadows, Austin]",-0.183,0.157,-0.48,0.11,0.002,0.002,9200.0,5848.0,1.0
"beta_cos[Pollock, AJ]",-0.221,0.125,-0.449,0.02,0.001,0.001,11051.0,6097.0,1.0
"beta_cos[Wade Jr., LaMonte]",-0.402,0.162,-0.708,-0.098,0.002,0.002,8795.0,5686.0,1.0
"beta_cos[Rosario, Eddie]",-0.246,0.104,-0.443,-0.054,0.001,0.001,8591.0,5654.0,1.0
"beta_cos[Yelich, Christian]",-0.318,0.11,-0.527,-0.12,0.001,0.001,11455.0,6258.0,1.0
"beta_cos[Brantley, Michael]",-0.046,0.147,-0.323,0.224,0.001,0.002,10292.0,5761.0,1.0
"beta_cos[Jiménez, Eloy]",-0.425,0.172,-0.756,-0.121,0.002,0.002,9676.0,5940.0,1.0
"beta_cos[Arozarena, Randy]",-0.21,0.092,-0.375,-0.025,0.001,0.001,11805.0,6302.0,1.0
"beta_cos[Ruf, Darin]",-0.078,0.183,-0.423,0.265,0.002,0.002,10784.0,6071.0,1.0
"beta_cos[Alvarez, Yordan]",-0.165,0.139,-0.434,0.082,0.001,0.002,10750.0,5632.0,1.0
"beta_cos[Bryant, Kris]",-0.306,0.132,-0.542,-0.047,0.001,0.002,10509.0,4834.0,1.0
"beta_cos[Taylor, Chris]",-0.202,0.121,-0.422,0.03,0.001,0.001,12013.0,6260.0,1.0
"beta_cos[O'Neill, Tyler]",-0.543,0.112,-0.755,-0.335,0.001,0.001,10767.0,5569.0,1.0
"beta_cos[Smith, Dominic]",-0.127,0.167,-0.447,0.182,0.002,0.002,9784.0,6056.0,1.0
"beta_cos[Tapia, Raimel]",-0.215,0.116,-0.435,-0.003,0.001,0.001,8407.0,5675.0,1.0
"beta_cos[Ramos, Henry]",-0.432,0.202,-0.8,-0.044,0.002,0.002,9060.0,6403.0,1.0
"beta_cos[Haase, Eric]",-0.029,0.192,-0.394,0.32,0.002,0.002,8660.0,5861.0,1.0
"beta_cos[Miller, Brian]",-0.279,0.22,-0.688,0.132,0.002,0.003,8837.0,5381.0,1.0
"beta_cos[Canha, Mark]",-0.427,0.113,-0.634,-0.209,0.001,0.001,9012.0,5745.0,1.0
"beta_cos[Gordon, Nick]",-0.254,0.132,-0.489,0.006,0.001,0.002,9393.0,5570.0,1.0
"beta_cos[Isbel, Kyle]",-0.368,0.114,-0.588,-0.156,0.001,0.001,8141.0,5884.0,1.0
"beta_cos[Rooker, Brent]",-0.059,0.15,-0.352,0.209,0.001,0.002,10195.0,5886.0,1.0
"beta_cos[Dozier, Hunter]",-0.325,0.152,-0.615,-0.043,0.002,0.002,10156.0,5818.0,1.0
"beta_cos[Taylor, Tyrone]",-0.364,0.105,-0.569,-0.174,0.001,0.001,9870.0,5994.0,1.0
"beta_cos[Marisnick, Jake]",-0.174,0.164,-0.487,0.124,0.002,0.002,8879.0,5910.0,1.0
"beta_cos[Schrock, Max]",-0.246,0.205,-0.623,0.143,0.002,0.002,10663.0,6311.0,1.0
"beta_cos[Alford, Anthony]",-0.246,0.184,-0.576,0.118,0.002,0.002,11449.0,5800.0,1.0
"beta_cos[Gallo, Joey]",-0.175,0.117,-0.393,0.045,0.001,0.001,9960.0,6028.0,1.0
"beta_cos[Deichmann, Greg]",-0.23,0.213,-0.639,0.165,0.002,0.002,9711.0,6254.0,1.0
"beta_cos[Rondon, José]",-0.181,0.215,-0.604,0.206,0.002,0.003,9126.0,5935.0,1.0
"beta_cos[Fraley, Jake]",-0.095,0.114,-0.319,0.11,0.001,0.001,9937.0,6008.0,1.0
"beta_cos[Gosselin, Phil]",-0.23,0.179,-0.581,0.093,0.002,0.002,9488.0,5983.0,1.0
"beta_cos[Moore, Dylan]",-0.176,0.156,-0.475,0.114,0.002,0.002,10620.0,5820.0,1.0
"beta_cos[Mercado, Óscar]",-0.201,0.149,-0.479,0.077,0.001,0.002,10630.0,5906.0,1.0
"beta_cos[Nevin, Tyler]",-0.167,0.19,-0.529,0.18,0.002,0.002,12528.0,5937.0,1.0
"beta_cos[Dickerson, Corey]",-0.335,0.14,-0.598,-0.069,0.001,0.002,10599.0,5980.0,1.0
"beta_cos[Stevenson, Andrew]",-0.436,0.189,-0.796,-0.087,0.002,0.002,10893.0,5527.0,1.0
"beta_cos[Bell, Josh]",-0.242,0.218,-0.644,0.176,0.002,0.003,8532.0,5898.0,1.0
"beta_cos[Peralta, David]",-0.149,0.102,-0.342,0.039,0.001,0.001,10981.0,5760.0,1.0
"beta_cos[Grossman, Robbie]",-0.232,0.103,-0.425,-0.041,0.001,0.001,10807.0,5774.0,1.0
"beta_cos[Cave, Jake]",-0.071,0.117,-0.29,0.156,0.001,0.001,10731.0,6337.0,1.0
"beta_cos[Benintendi, Andrew]",-0.306,0.093,-0.474,-0.126,0.001,0.001,10907.0,5882.0,1.0
"beta_cos[Brinson, Lewis]",-0.368,0.171,-0.691,-0.051,0.002,0.002,9227.0,5427.0,1.0
"beta_cos[McCutchen, Andrew]",-0.146,0.14,-0.412,0.111,0.001,0.002,10122.0,5926.0,1.0
"beta_cos[McNeil, Jeff]",-0.137,0.155,-0.413,0.169,0.002,0.002,10195.0,6216.0,1.0
"beta_cos[Gamel, Ben]",-0.472,0.127,-0.712,-0.238,0.001,0.001,11505.0,6444.0,1.0
"beta_cos[Friedl, TJ]",-0.303,0.121,-0.518,-0.066,0.001,0.001,8531.0,5881.0,1.0
"beta_cos[Ortega, Rafael]",-0.261,0.133,-0.525,-0.026,0.001,0.002,10105.0,6009.0,1.0
"beta_cos[Happ, Ian]",0.023,0.091,-0.145,0.199,0.001,0.001,9771.0,5541.0,1.0
"beta_cos[Slater, Austin]",-0.13,0.128,-0.369,0.104,0.001,0.001,9163.0,6314.0,1.0
"beta_cos[Ramírez, Harold]",-0.227,0.146,-0.492,0.061,0.001,0.002,10434.0,5683.0,1.0
"beta_cos[Calhoun, Willie]",-0.249,0.188,-0.595,0.115,0.002,0.002,12099.0,5712.0,1.0
"beta_cos[Brown, Seth]",-0.25,0.114,-0.464,-0.036,0.001,0.001,10647.0,5811.0,1.0
"beta_cos[Hernández, Teoscar]",-0.22,0.088,-0.39,-0.057,0.001,0.001,10538.0,5350.0,1.0
"beta_cos[McKenna, Ryan]",-0.141,0.127,-0.382,0.093,0.001,0.001,9257.0,6029.0,1.0
"beta_cos[Phillips, Brett]",-0.205,0.144,-0.478,0.06,0.001,0.002,10535.0,6396.0,1.0
"beta_cos[Herrera, Odúbel]",-0.241,0.14,-0.502,0.025,0.001,0.002,9863.0,5823.0,1.0
"beta_cos[Frazier, Adam]",-0.325,0.173,-0.652,0.006,0.002,0.002,10750.0,6127.0,1.0
"beta_cos[Schwarber, Kyle]",-0.027,0.105,-0.218,0.176,0.001,0.001,9258.0,5961.0,1.0
"beta_cos[Stephenson, Tyler]",-0.28,0.224,-0.707,0.13,0.002,0.003,9727.0,4936.0,1.0
"beta_cos[Peters, DJ]",-0.243,0.177,-0.567,0.094,0.002,0.002,10959.0,5647.0,1.0
"beta_cos[Castro, Willi]",-0.12,0.125,-0.351,0.111,0.001,0.001,10111.0,5928.0,1.0
"beta_cos[Peterson, Jace]",-0.243,0.192,-0.597,0.134,0.002,0.003,11062.0,5641.0,1.0
"beta_cos[Stanton, Giancarlo]",-0.15,0.159,-0.451,0.146,0.002,0.002,10485.0,5909.0,1.0
"beta_cos[Varsho, Daulton]",-0.54,0.101,-0.732,-0.352,0.001,0.001,10894.0,5843.0,1.0
"beta_cos[Smith, Pavin]",-0.299,0.129,-0.536,-0.053,0.001,0.001,7617.0,5933.0,1.0
"beta_cos[Lagares, Juan]",-0.1,0.158,-0.396,0.2,0.002,0.002,9052.0,6003.0,1.0
"beta_cos[Hernandez, Yadiel]",-0.369,0.148,-0.647,-0.096,0.002,0.002,8720.0,6142.0,1.0
"beta_cos[Margot, Manuel]",-0.32,0.115,-0.532,-0.102,0.001,0.001,9889.0,6304.0,1.0
"beta_cos[Pillar, Kevin]",-0.325,0.127,-0.568,-0.092,0.001,0.001,9200.0,5930.0,1.0
"beta_cos[Nootbaar, Lars]",-0.546,0.106,-0.748,-0.351,0.001,0.001,10066.0,6282.0,1.0
"beta_cos[Dyson, Jarrod]",-0.462,0.175,-0.782,-0.12,0.002,0.002,10639.0,5956.0,1.0
"beta_cos[Ward, Taylor]",-0.315,0.098,-0.499,-0.135,0.001,0.001,11248.0,6334.0,1.0
"beta_cos[Hilliard, Sam]",-0.463,0.133,-0.716,-0.216,0.001,0.001,8595.0,5939.0,1.0
"beta_cos[Díaz, Aledmys]",-0.068,0.196,-0.451,0.282,0.002,0.002,10203.0,5692.0,1.0
"beta_cos[Hamilton, Billy]",-0.357,0.192,-0.73,-0.013,0.002,0.002,10815.0,5985.0,1.0
"beta_cos[Hays, Austin]",-0.31,0.094,-0.488,-0.133,0.001,0.001,11931.0,6684.0,1.0
"beta_cos[DeShields, Delino]",-0.358,0.207,-0.749,0.018,0.002,0.002,10946.0,6122.0,1.0
"beta_cos[Martini, Nick]",-0.43,0.199,-0.806,-0.064,0.002,0.003,11775.0,5913.0,1.0
"beta_cos[Rojas, Jose]",-0.164,0.195,-0.523,0.213,0.002,0.002,10844.0,6152.0,1.0
"beta_cos[Pham, Tommy]",-0.119,0.1,-0.296,0.076,0.001,0.001,9935.0,5843.0,1.0
"beta_cos[McCormick, Chas]",-0.203,0.104,-0.399,-0.006,0.001,0.001,10532.0,6027.0,1.0
"beta_cos[Beaty, Matt]",-0.252,0.186,-0.594,0.104,0.002,0.002,11265.0,6375.0,1.0
"beta_cos[Wisdom, Patrick]",-0.19,0.187,-0.55,0.142,0.002,0.002,10212.0,5543.0,1.0
"beta_cos[Dickerson, Alex]",-0.452,0.192,-0.815,-0.099,0.002,0.002,8590.0,5688.0,1.0
"beta_cos[Baddoo, Akil]",-0.254,0.112,-0.462,-0.043,0.001,0.001,8200.0,5782.0,1.0
"beta_cos[Wong, Kean]",-0.3,0.218,-0.721,0.094,0.002,0.003,10629.0,5350.0,1.0
"beta_cos[Profar, Jurickson]",-0.364,0.099,-0.541,-0.168,0.001,0.001,10355.0,5652.0,1.0
"beta_cos[Kemp, Tony]",-0.33,0.137,-0.592,-0.077,0.001,0.002,10071.0,5994.0,1.0
"beta_cos[Meyers, Jake]",-0.689,0.131,-0.924,-0.432,0.001,0.002,9657.0,6258.0,1.0
"beta_cos[Aquino, Aristides]",-0.257,0.148,-0.529,0.017,0.001,0.002,10346.0,5862.0,1.0
"beta_cos[Cameron, Daz]",-0.393,0.161,-0.688,-0.088,0.002,0.002,9324.0,6207.0,1.0
"beta_cos[Bolt, Skye]",-0.317,0.175,-0.665,-0.0,0.002,0.002,10238.0,5383.0,1.0
"beta_cos[Arraez, Luis]",-0.149,0.201,-0.528,0.227,0.002,0.002,10273.0,6121.0,1.0
"beta_cos[Gurriel Jr., Lourdes]",-0.11,0.098,-0.292,0.074,0.001,0.001,10375.0,5985.0,1.0
"beta_cos[Duvall, Adam]",-0.2,0.107,-0.402,-0.001,0.001,0.001,10493.0,6172.0,1.0
"beta_cos[Engel, Adam]",-0.374,0.15,-0.662,-0.101,0.001,0.002,12711.0,5713.0,1.0
"beta_cos[Bauers, Jake]",0.07,0.163,-0.25,0.362,0.002,0.002,8336.0,5593.0,1.0
"beta_cos[Lux, Gavin]",-0.151,0.184,-0.515,0.175,0.002,0.002,8985.0,5668.0,1.0
"beta_cos[Martinez, J.D.]",0.03,0.195,-0.337,0.4,0.002,0.002,11282.0,5505.0,1.0
"beta_cos[Santander, Anthony]",-0.27,0.091,-0.45,-0.112,0.001,0.001,10423.0,5835.0,1.0
"beta_cos[Vilade, Ryan]",-0.257,0.207,-0.651,0.118,0.002,0.002,10883.0,5808.0,1.0
"beta_cos[Gardner, Brett]",-0.722,0.149,-0.993,-0.427,0.002,0.002,8239.0,5853.0,1.0
"beta_cos[Wade, Tyler]",-0.232,0.2,-0.597,0.147,0.002,0.002,11085.0,6135.0,1.0
"beta_cos[Zimmer, Bradley]",-0.46,0.168,-0.77,-0.139,0.002,0.002,9467.0,5577.0,1.0
"beta_cos[Winker, Jesse]",-0.264,0.112,-0.47,-0.053,0.001,0.001,11084.0,5996.0,1.0
"beta_cos[Siri, Jose]",-0.524,0.122,-0.757,-0.299,0.001,0.001,9842.0,5909.0,1.0
"beta_cos[Vierling, Matt]",-0.315,0.119,-0.535,-0.086,0.001,0.001,10349.0,5531.0,1.0
"beta_cos[De La Cruz, Bryan]",-0.232,0.1,-0.425,-0.047,0.001,0.001,10071.0,5602.0,1.0
"beta_cos[Refsnyder, Rob]",0.285,0.134,0.032,0.537,0.001,0.002,8339.0,6039.0,1.0
"beta_cos[Rivas III, Alfonso]",-0.229,0.219,-0.643,0.189,0.002,0.003,10924.0,5564.0,1.0
"beta_cos[Martin, Jason]",-0.383,0.19,-0.74,-0.023,0.002,0.002,9119.0,5819.0,1.0
"beta_cos[Gonzalez, Romy]",-0.275,0.218,-0.685,0.143,0.002,0.003,10150.0,5985.0,1.0
"beta_cos[Souza Jr., Steven]",-0.289,0.21,-0.685,0.101,0.002,0.002,10247.0,5993.0,1.0
"beta_cos[Joyce, Matt]",-0.247,0.208,-0.623,0.156,0.002,0.003,9614.0,5724.0,1.0
"beta_cos[Sheets, Gavin]",-0.271,0.14,-0.544,-0.02,0.002,0.002,7917.0,5244.0,1.0
"beta_cos[Santana, Danny]",-0.236,0.202,-0.618,0.149,0.002,0.002,8873.0,5670.0,1.0
"beta_cos[Stewart, DJ]",-0.328,0.14,-0.603,-0.078,0.001,0.002,11098.0,6053.0,1.0
"beta_cos[Ruiz, Rio]",-0.261,0.22,-0.676,0.151,0.002,0.002,10178.0,5965.0,1.0
"beta_cos[Marmolejos, José]",-0.271,0.215,-0.678,0.123,0.002,0.003,10340.0,5798.0,1.0
"beta_cos[Myers, Wil]",-0.248,0.148,-0.513,0.041,0.002,0.002,9166.0,6278.0,1.0
"beta_cos[Vaughn, Andrew]",-0.42,0.144,-0.703,-0.163,0.002,0.002,8491.0,5147.0,1.0
"beta_cos[Adell, Jo]",-0.506,0.125,-0.734,-0.264,0.001,0.001,10183.0,6429.0,1.0
"beta_cos[Duggar, Steven]",-0.016,0.163,-0.31,0.296,0.002,0.002,8651.0,6146.0,1.0
"beta_cos[Lowe, Josh]",-0.393,0.131,-0.633,-0.148,0.001,0.001,10257.0,6120.0,1.0
"beta_cos[Alfaro, Jorge]",-0.318,0.214,-0.699,0.096,0.002,0.003,9645.0,5631.0,1.0
"beta_cos[Naquin, Tyler]",-0.307,0.132,-0.547,-0.052,0.001,0.002,10593.0,5045.0,1.0
"beta_cos[Fairchild, Stuart]",-0.377,0.141,-0.637,-0.115,0.001,0.002,9791.0,6312.0,1.0
"beta_cos[Joe, Connor]",-0.258,0.124,-0.489,-0.022,0.001,0.001,11037.0,5754.0,1.0
"beta_cos[Luplow, Jordan]",-0.185,0.158,-0.486,0.114,0.002,0.002,9466.0,6056.0,1.0
"beta_cos[Davis, Khris]",-0.248,0.216,-0.653,0.161,0.002,0.003,9612.0,5719.0,1.0
"beta_cos[Akiyama, Shogo]",-0.395,0.189,-0.737,-0.029,0.002,0.002,9691.0,5699.0,1.0
"beta_cos[Arcia, Orlando]",-0.342,0.21,-0.743,0.046,0.002,0.002,10098.0,5653.0,1.0
"beta_cos[Reyes, Pablo]",-0.268,0.221,-0.688,0.143,0.002,0.003,10516.0,6027.0,1.0
"beta_cos[Upton, Justin]",-0.397,0.167,-0.711,-0.088,0.002,0.002,11390.0,5660.0,1.0
"beta_cos[Johnson, Daniel]",-0.304,0.201,-0.673,0.072,0.002,0.002,9426.0,6226.0,1.0
"beta_cos[Bonifacio, Jorge]",-0.252,0.217,-0.633,0.185,0.002,0.002,8452.0,5915.0,1.0
"beta_cos[Rojas, Josh]",-0.281,0.188,-0.642,0.068,0.002,0.002,11411.0,5662.0,1.0
"beta_cos[Muñoz, Yairo]",-0.208,0.22,-0.602,0.22,0.002,0.003,9898.0,6052.0,1.0
"beta_cos[Thomas, Lane]",-0.145,0.091,-0.308,0.029,0.001,0.001,10517.0,6028.0,1.0
"beta_cos[Olivares, Edward]",0.001,0.131,-0.247,0.241,0.001,0.001,8798.0,6047.0,1.0
"beta_cos[Harrison, Josh]",-0.162,0.193,-0.555,0.182,0.002,0.002,9212.0,6375.0,1.0
"beta_cos[Jones, Taylor]",-0.009,0.218,-0.427,0.395,0.002,0.002,8212.0,5913.0,1.0
"beta_cos[Lamb, Jake]",-0.258,0.205,-0.642,0.121,0.002,0.003,9423.0,6051.0,1.0
"beta_cos[Smith, Kevin]",-0.282,0.225,-0.7,0.157,0.002,0.003,10298.0,5774.0,1.0
"beta_cos[Carlson, Dylan]",-0.419,0.099,-0.609,-0.24,0.001,0.001,10624.0,6162.0,1.0
"beta_cos[Drury, Brandon]",-0.178,0.215,-0.562,0.245,0.002,0.003,10821.0,5671.0,1.0
"beta_cos[Tsutsugo, Yoshi]",-0.19,0.199,-0.561,0.177,0.002,0.002,9986.0,5658.0,1.0
"beta_cos[Ibáñez, Andy]",-0.143,0.212,-0.522,0.28,0.002,0.002,8620.0,5958.0,1.0
"beta_cos[Hermosillo, Michael]",-0.486,0.196,-0.856,-0.122,0.002,0.002,9176.0,6109.0,1.0
"beta_cos[Mateo, Jorge]",-0.298,0.203,-0.683,0.088,0.002,0.002,9872.0,5747.0,1.0
"beta_cos[Culberson, Charlie]",-0.284,0.209,-0.679,0.101,0.002,0.002,8228.0,5651.0,1.0
"beta_cos[McKinstry, Zach]",-0.357,0.161,-0.673,-0.058,0.002,0.002,11395.0,6052.0,1.0
"beta_cos[Larnach, Trevor]",-0.204,0.131,-0.46,0.034,0.001,0.002,9781.0,5980.0,1.0
"beta_cos[Park, Hoy]",-0.295,0.217,-0.711,0.113,0.002,0.003,12935.0,5674.0,1.0
"beta_cos[Robson, Jacob]",-0.261,0.223,-0.672,0.165,0.002,0.003,8179.0,5458.0,1.0
"beta_cos[Goodrum, Niko]",-0.218,0.207,-0.609,0.165,0.002,0.002,11450.0,6481.0,1.0
"beta_cos[Almonte, Abraham]",-0.162,0.182,-0.512,0.167,0.002,0.002,9028.0,5755.0,1.0
"beta_cos[Cordero, Franchy]",0.187,0.163,-0.121,0.484,0.002,0.002,8907.0,6292.0,1.0
"beta_cos[García, Leury]",0.125,0.166,-0.189,0.434,0.002,0.002,8483.0,5889.0,1.0
"beta_cos[Duran, Jarren]",0.102,0.111,-0.106,0.308,0.001,0.001,9947.0,6250.0,1.0
"beta_cos[Williams, Luke]",-0.093,0.199,-0.476,0.27,0.002,0.002,9444.0,5575.0,1.0
"beta_cos[Evans, Phillip]",-0.273,0.207,-0.686,0.097,0.002,0.002,10876.0,6270.0,1.0
"beta_cos[Fargas, Johneshwy]",-0.256,0.211,-0.671,0.126,0.002,0.002,10325.0,6138.0,1.0
"beta_cos[Reddick, Josh]",-0.491,0.194,-0.865,-0.143,0.002,0.002,8145.0,5683.0,1.0
"beta_cos[Dahl, David]",-0.429,0.171,-0.752,-0.105,0.002,0.002,10507.0,6055.0,1.0
"beta_cos[White, Eli]",-0.346,0.164,-0.651,-0.045,0.002,0.002,9142.0,6208.0,1.0
"beta_cos[VanMeter, Josh]",-0.287,0.221,-0.698,0.128,0.002,0.003,9593.0,6014.0,1.0
"beta_cos[Allen, Greg]",-0.24,0.175,-0.57,0.088,0.002,0.002,12862.0,5973.0,1.0
"beta_cos[Parra, Gerardo]",-0.255,0.207,-0.638,0.135,0.002,0.002,10002.0,6048.0,1.0
"beta_cos[Estrada, Thairo]",-0.302,0.211,-0.668,0.121,0.002,0.002,9708.0,5856.0,1.0
"beta_cos[Oliva, Jared]",-0.17,0.203,-0.547,0.214,0.002,0.002,9687.0,5842.0,1.0
"beta_cos[Biggio, Cavan]",-0.045,0.176,-0.388,0.274,0.002,0.002,10652.0,6254.0,1.0
"beta_cos[Long Jr., Shed]",-0.254,0.2,-0.625,0.127,0.002,0.002,9475.0,5643.0,1.0
"beta_cos[Bradley Jr., Jackie]",-0.406,0.125,-0.629,-0.16,0.001,0.002,9694.0,5428.0,1.0
"beta_cos[Raley, Luke]",-0.186,0.138,-0.435,0.084,0.001,0.002,10517.0,6239.0,1.0
"beta_cos[LaMarre, Ryan]",-0.256,0.217,-0.661,0.151,0.002,0.003,10419.0,5809.0,1.0
"beta_cos[Sierra, Magneuris]",-0.069,0.171,-0.391,0.25,0.002,0.002,9732.0,5962.0,1.0
"beta_cos[Goodwin, Brian]",-0.119,0.178,-0.44,0.219,0.002,0.002,8736.0,6219.0,1.0
"beta_cos[Thomas, Dillon]",-0.233,0.209,-0.614,0.156,0.002,0.002,10822.0,5636.0,1.0
"beta_cos[Tauchman, Mike]",-0.4,0.139,-0.657,-0.136,0.001,0.002,12130.0,5928.0,1.0
"beta_cos[Berti, Jon]",-0.249,0.198,-0.607,0.143,0.002,0.002,10107.0,5857.0,1.0
"beta_cos[Reks, Zach]",-0.281,0.208,-0.656,0.12,0.002,0.002,11938.0,5723.0,1.0
"beta_cos[Owings, Chris]",-0.175,0.209,-0.584,0.208,0.002,0.003,11925.0,5702.0,1.0
"beta_cos[Lowe, Brandon]",-0.201,0.216,-0.614,0.195,0.002,0.002,10129.0,6268.0,1.0
"beta_cos[Locastro, Tim]",-0.431,0.166,-0.733,-0.108,0.002,0.002,9822.0,5872.0,1.0
"beta_cos[Heredia, Guillermo]",-0.28,0.157,-0.562,0.022,0.001,0.002,11325.0,5824.0,1.0
"beta_cos[Sánchez, Jesús]",-0.067,0.11,-0.264,0.149,0.001,0.001,10917.0,6357.0,1.0
"beta_cos[Wilson, Jacob]",-0.267,0.218,-0.696,0.128,0.002,0.002,10328.0,6038.0,1.0
"beta_cos[Pederson, Joc]",-0.306,0.126,-0.536,-0.065,0.001,0.001,9937.0,6272.0,1.0
"beta_cos[Clement, Ernie]",-0.059,0.214,-0.455,0.343,0.002,0.003,9436.0,5491.0,1.0
"beta_cos[Jankowski, Travis]",-0.553,0.149,-0.829,-0.269,0.002,0.002,9220.0,6174.0,1.0
"beta_cos[Valaika, Pat]",-0.188,0.22,-0.597,0.233,0.002,0.003,9176.0,6112.0,1.0
"beta_cos[Andujar, Miguel]",-0.089,0.151,-0.367,0.205,0.002,0.002,9878.0,6061.0,1.0
"beta_cos[Vosler, Jason]",-0.325,0.215,-0.731,0.074,0.002,0.003,8634.0,5576.0,1.0
"beta_cos[Gonzalez, Marwin]",-0.351,0.198,-0.731,0.015,0.002,0.002,9204.0,6282.0,1.0
"beta_cos[Pinder, Chad]",0.085,0.157,-0.21,0.382,0.002,0.002,10295.0,6407.0,1.0
"beta_cos[McKinney, Billy]",-0.394,0.166,-0.695,-0.079,0.002,0.002,8051.0,5471.0,1.0
"beta_cos[Kirilloff, Alex]",-0.426,0.168,-0.741,-0.115,0.002,0.002,9328.0,5605.0,1.0
"beta_cos[Daza, Yonathan]",-0.235,0.126,-0.471,0.008,0.001,0.001,9303.0,6134.0,1.0
"beta_cos[Davis, Jaylin]",-0.319,0.213,-0.722,0.072,0.002,0.003,10853.0,5207.0,1.0
"beta_cos[O'Hearn, Ryan]",-0.337,0.176,-0.686,-0.026,0.002,0.002,8370.0,5695.0,1.0
"beta_cos[Tom, Ka'ai]",-0.289,0.196,-0.654,0.085,0.002,0.002,10837.0,5661.0,1.0
"beta_cos[Schebler, Scott]",-0.365,0.212,-0.769,0.026,0.002,0.003,10749.0,5578.0,1.0
"beta_cos[Frazier, Clint]",-0.271,0.163,-0.584,0.029,0.002,0.002,9151.0,6218.0,1.0
"beta_cos[González, Luis]",-0.231,0.165,-0.546,0.074,0.002,0.002,10553.0,5717.0,1.0
"beta_cos[Mountcastle, Ryan]",-0.348,0.204,-0.716,0.051,0.002,0.002,10138.0,5498.0,1.0
"beta_cos[Wilkerson, Stevie]",-0.252,0.225,-0.673,0.172,0.002,0.003,9499.0,5844.0,1.0
"beta_cos[Williams, Mason]",-0.284,0.213,-0.697,0.093,0.002,0.003,11135.0,5628.0,1.0
"beta_cos[Stubbs, Garrett]",-0.263,0.221,-0.678,0.14,0.002,0.003,10556.0,5777.0,1.0
"beta_cos[Merrifield, Whit]",-0.213,0.133,-0.476,0.029,0.001,0.002,10143.0,5539.0,1.0
"beta_cos[Heineman, Scott]",-0.289,0.217,-0.692,0.126,0.002,0.003,10342.0,5552.0,1.0
"beta_cos[O'Grady, Brian]",-0.331,0.216,-0.723,0.09,0.002,0.003,9137.0,5658.0,1.0
"beta_cos[Fuentes, Joshua]",-0.264,0.215,-0.662,0.142,0.002,0.002,10569.0,6131.0,1.0
"beta_cos[Walton, Donovan]",-0.277,0.216,-0.678,0.135,0.002,0.002,9059.0,5896.0,1.0
"beta_cos[Trammell, Taylor]",-0.246,0.166,-0.568,0.051,0.002,0.002,9763.0,6100.0,1.0
"beta_cos[Adrianza, Ehire]",-0.179,0.208,-0.568,0.211,0.002,0.003,11238.0,5882.0,1.0
"beta_cos[Blankenhorn, Travis]",-0.31,0.206,-0.692,0.081,0.002,0.002,9618.0,6120.0,1.0
"beta_cos[Marcano, Tucupita]",-0.34,0.198,-0.712,0.02,0.002,0.003,9525.0,5952.0,1.0
"beta_cos[Hiura, Keston]",-0.278,0.217,-0.672,0.142,0.002,0.003,9526.0,5855.0,1.0
"beta_cos[Garlick, Kyle]",-0.044,0.165,-0.347,0.273,0.002,0.002,9645.0,5916.0,1.0
"beta_cos[Kelenic, Jarred]",-0.235,0.103,-0.426,-0.041,0.001,0.001,10630.0,6185.0,1.0
"beta_cos[Quinn, Roman]",-0.298,0.191,-0.637,0.073,0.002,0.002,9808.0,6114.0,1.0
"beta_cos[Miller, Brad]",-0.198,0.188,-0.545,0.16,0.002,0.002,8443.0,6050.0,1.0
"beta_cos[Maybin, Cameron]",-0.33,0.218,-0.742,0.085,0.002,0.003,9716.0,5777.0,1.0
"beta_cos[Haggerty, Sam]",-0.034,0.173,-0.351,0.302,0.002,0.002,11458.0,5852.0,1.0
"beta_cos[Williams, Justin]",-0.216,0.193,-0.55,0.172,0.002,0.002,8516.0,5729.0,1.0
"beta_cos[Vargas, Ildemaro]",-0.286,0.209,-0.667,0.113,0.002,0.002,10395.0,5555.0,1.0
"beta_cos[Ozuna, Marcell]",-0.514,0.161,-0.818,-0.211,0.002,0.002,9468.0,6130.0,1.0
"beta_cos[Eaton, Adam]",-0.341,0.176,-0.677,-0.018,0.002,0.002,9540.0,5461.0,1.0
"beta_cos[Barrera, Luis]",-0.349,0.204,-0.72,0.045,0.002,0.002,9067.0,6245.0,1.0
"beta_cos[Hager, Jake]",-0.276,0.217,-0.695,0.127,0.002,0.003,9934.0,5393.0,1.0
"beta_cos[Duffy, Matt]",-0.224,0.22,-0.619,0.212,0.002,0.003,11020.0,5474.0,1.0
"beta_cos[Neuse, Sheldon]",-0.196,0.22,-0.623,0.208,0.002,0.003,10047.0,6146.0,1.0
"beta_cos[Jay, Jon]",-0.343,0.22,-0.748,0.082,0.002,0.003,9621.0,5650.0,1.0
"beta_cos[García, Adolis]",-0.363,0.088,-0.534,-0.201,0.001,0.001,8294.0,5912.0,1.0
"beta_cos[Hoerner, Nico]",-0.247,0.215,-0.659,0.152,0.002,0.003,8686.0,5251.0,1.0
"beta_cos[Castro, Harold]",-0.408,0.209,-0.808,-0.024,0.002,0.003,11300.0,6122.0,1.0
"beta_cos[Payton, Mark]",-0.284,0.212,-0.683,0.119,0.002,0.003,9948.0,5732.0,1.0
"beta_cos[Mathisen, Wyatt]",-0.198,0.218,-0.609,0.214,0.002,0.003,9905.0,5800.0,1.0
"beta_cos[Lin, Tzu-Wei]",-0.263,0.221,-0.675,0.157,0.002,0.003,11102.0,5804.0,1.0
"beta_cos[Nimmo, Brandon]",-0.309,0.099,-0.489,-0.12,0.001,0.001,10321.0,6405.0,1.0
"beta_cos[Ohtani, Shohei]",-0.263,0.224,-0.713,0.141,0.002,0.003,8925.0,6071.0,1.0
"beta_cos[Bemboom, Anthony]",-0.263,0.226,-0.67,0.181,0.002,0.003,11765.0,5850.0,1.0
"beta_cos[Reynolds, Bryan]",-0.128,0.089,-0.294,0.041,0.001,0.001,10347.0,5815.0,1.0
"beta_cos[Dean, Austin]",-0.239,0.209,-0.639,0.154,0.002,0.002,9370.0,5886.0,1.0
"beta_cos[Musgrove, Joe]",-0.267,0.224,-0.687,0.16,0.002,0.003,9088.0,5770.0,1.0
"beta_cos[Jones, JaCoby]",-0.433,0.186,-0.771,-0.07,0.002,0.002,9079.0,5863.0,1.0
"beta_cos[Bishop, Braden]",-0.272,0.229,-0.729,0.129,0.002,0.003,11355.0,5936.0,1.0
"beta_cos[Palacios, Joshua]",-0.196,0.157,-0.48,0.097,0.002,0.002,9909.0,6470.0,1.0
"beta_cos[Blandino, Alex]",-0.268,0.225,-0.681,0.158,0.002,0.003,9712.0,6180.0,1.0
"beta_cos[Young, Andrew]",-0.303,0.221,-0.695,0.133,0.002,0.003,11141.0,5658.0,1.0
"beta_cos[Williams, Nick]",-0.297,0.222,-0.723,0.111,0.002,0.003,10494.0,5421.0,1.0
"beta_cos[Pérez, Hernán]",-0.272,0.221,-0.691,0.128,0.002,0.003,10913.0,6238.0,1.0
"beta_cos[Haseley, Adam]",-0.197,0.199,-0.552,0.189,0.002,0.002,10025.0,5747.0,1.0
"beta_cos[Brosseau, Mike]",-0.24,0.222,-0.672,0.156,0.003,0.003,7832.0,5876.0,1.0
"beta_cos[Freeman, Mike]",-0.266,0.227,-0.687,0.158,0.002,0.003,8380.0,5781.0,1.0
"beta_cos[Inciarte, Ender]",-0.371,0.196,-0.743,-0.011,0.002,0.002,9663.0,6143.0,1.0
"beta_cos[Farmer, Kyle]",-0.265,0.224,-0.688,0.152,0.002,0.003,8096.0,5611.0,1.0
"beta_cos[Kingery, Scott]",-0.321,0.211,-0.702,0.081,0.002,0.003,12018.0,5684.0,1.0
"beta_cos[Davis, Jonathan]",-0.241,0.17,-0.56,0.07,0.002,0.002,9788.0,5943.0,1.0
"beta_cos[Reyes, Victor]",-0.265,0.15,-0.554,0.009,0.002,0.002,9874.0,5974.0,1.0
"beta_cos[Almora Jr., Albert]",0.053,0.172,-0.258,0.381,0.002,0.002,8360.0,5141.0,1.0
"beta_cos[Azócar, José]",-0.309,0.159,-0.616,-0.022,0.002,0.002,8930.0,6025.0,1.0
"beta_cos[Thompson, Trayce]",-0.408,0.156,-0.721,-0.128,0.001,0.002,11530.0,5875.0,1.0
"beta_cos[Kwan, Steven]",0.009,0.095,-0.182,0.176,0.001,0.001,12768.0,6670.0,1.0
"beta_cos[Cabrera, Oswaldo]",-0.433,0.17,-0.756,-0.118,0.002,0.002,10846.0,5880.0,1.0
"beta_cos[Hicks, Aaron]",-0.374,0.124,-0.604,-0.146,0.001,0.001,9133.0,6018.0,1.0
"beta_cos[Vavra, Terrin]",-0.12,0.196,-0.507,0.235,0.002,0.002,10883.0,6169.0,1.0
"beta_cos[Velázquez, Nelson]",-0.191,0.152,-0.483,0.091,0.002,0.002,7947.0,5652.0,1.0
"beta_cos[Brennan, Will]",-0.155,0.127,-0.406,0.072,0.001,0.002,9565.0,5906.0,1.0
"beta_cos[Hensley, David]",-0.094,0.213,-0.491,0.312,0.002,0.002,8555.0,5856.0,1.0
"beta_cos[Vargas, Miguel]",-0.194,0.201,-0.551,0.213,0.002,0.002,7718.0,5585.0,1.0
"beta_cos[Bouchard, Sean]",-0.425,0.163,-0.723,-0.111,0.001,0.002,11826.0,5910.0,1.0
"beta_cos[Smith, Josh]",-0.164,0.187,-0.525,0.18,0.002,0.002,9192.0,5906.0,1.0
"beta_cos[Thompson, Bubba]",-0.251,0.171,-0.562,0.076,0.002,0.002,10112.0,5562.0,1.0
"beta_cos[Waters, Drew]",-0.281,0.143,-0.547,-0.019,0.002,0.002,9012.0,5984.0,1.0
"beta_cos[Mancini, Trey]",-0.288,0.199,-0.67,0.074,0.002,0.002,11041.0,6081.0,1.0
"beta_cos[Hernández, César]",-0.27,0.218,-0.696,0.128,0.002,0.003,11223.0,4870.0,1.0
"beta_cos[Bleday, JJ]",-0.183,0.11,-0.395,0.021,0.001,0.001,9384.0,5968.0,1.0
"beta_cos[Burdick, Peyton]",-0.404,0.187,-0.754,-0.048,0.002,0.002,12040.0,5883.0,1.0
"beta_cos[Carroll, Corbin]",-0.264,0.106,-0.475,-0.076,0.001,0.001,9477.0,6529.0,1.0
"beta_cos[Suwinski, Jack]",-0.241,0.104,-0.429,-0.041,0.001,0.001,11525.0,6111.0,1.0
"beta_cos[Bae, Ji Hwan]",-0.18,0.174,-0.51,0.149,0.002,0.002,10256.0,5684.0,1.0
"beta_cos[Yepez, Juan]",-0.361,0.188,-0.718,-0.023,0.002,0.002,9095.0,6242.0,1.0
"beta_cos[Melendez, MJ]",-0.153,0.109,-0.349,0.058,0.001,0.001,9966.0,6214.0,1.0
"beta_cos[Mathias, Mark]",-0.24,0.22,-0.651,0.167,0.002,0.003,11127.0,6383.0,1.0
"beta_cos[Call, Alex]",-0.302,0.141,-0.563,-0.034,0.001,0.002,12982.0,5713.0,1.0
"beta_cos[Contreras, Mark]",-0.249,0.201,-0.638,0.114,0.002,0.002,8869.0,5781.0,1.0
"beta_cos[Stowers, Kyle]",-0.301,0.16,-0.598,-0.001,0.002,0.002,9631.0,6099.0,1.0
"beta_cos[Dubón, Mauricio]",-0.569,0.146,-0.861,-0.317,0.001,0.002,9574.0,6252.0,1.0
"beta_cos[Calhoun, Kole]",-0.224,0.15,-0.519,0.053,0.001,0.002,11672.0,5392.0,1.0
"beta_cos[Moniak, Mickey]",-0.341,0.138,-0.596,-0.08,0.001,0.002,9662.0,5715.0,1.0
"beta_cos[Garrett, Stone]",-0.428,0.19,-0.78,-0.068,0.002,0.002,10482.0,6272.0,1.0
"beta_cos[Lopez, Alejo]",-0.262,0.221,-0.675,0.158,0.002,0.003,12349.0,5687.0,1.0
"beta_cos[Encarnacion, Jerar]",-0.146,0.208,-0.523,0.252,0.002,0.003,10008.0,5861.0,1.0
"beta_cos[Donovan, Brendan]",-0.238,0.139,-0.489,0.032,0.001,0.002,11142.0,6006.0,1.0
"beta_cos[Palacios, Richie]",-0.203,0.155,-0.493,0.086,0.002,0.002,10322.0,5838.0,1.0
"beta_cos[Garcia, Dérmis]",-0.215,0.221,-0.63,0.201,0.002,0.003,10887.0,5970.0,1.0
"beta_cos[McCarthy, Jake]",-0.302,0.108,-0.502,-0.095,0.001,0.001,8892.0,6035.0,1.0
"beta_cos[Benson, Will]",-0.118,0.117,-0.338,0.103,0.001,0.001,8229.0,5623.0,1.0
"beta_cos[Thomas, Cody]",-0.038,0.203,-0.407,0.358,0.002,0.002,8805.0,5446.0,1.0
"beta_cos[Burleson, Alec]",-0.541,0.148,-0.807,-0.255,0.001,0.002,10338.0,5916.0,1.0
"beta_cos[Carpenter, Kerry]",-0.248,0.144,-0.514,0.026,0.001,0.002,11803.0,5995.0,1.0
"beta_cos[Solak, Nick]",-0.3,0.202,-0.673,0.083,0.002,0.002,10147.0,5837.0,1.0
"beta_cos[Eaton, Nate]",-0.403,0.189,-0.766,-0.057,0.002,0.002,10591.0,5816.0,1.0
"beta_cos[Gore, Terrance]",-0.239,0.217,-0.642,0.167,0.002,0.003,9064.0,6184.0,1.0
"beta_cos[Morel, Christopher]",0.014,0.158,-0.291,0.306,0.002,0.002,8696.0,5648.0,1.0
"beta_cos[Florial, Estevan]",-0.261,0.179,-0.604,0.068,0.002,0.002,9393.0,5516.0,1.0
"beta_cos[Johnson, Bryce]",-0.301,0.189,-0.658,0.052,0.002,0.002,10480.0,5703.0,1.0
"beta_cos[Anderson, Brian]",-0.186,0.176,-0.518,0.144,0.002,0.002,10520.0,5822.0,1.0
"beta_cos[Stevenson, Cal]",-0.375,0.202,-0.755,0.008,0.002,0.002,10487.0,5814.0,1.0
"beta_cos[Ruiz, Esteury]",-0.282,0.144,-0.562,-0.016,0.001,0.002,10509.0,5976.0,1.0
"beta_cos[Aguilar, Ryan]",-0.318,0.221,-0.756,0.079,0.002,0.003,10535.0,5871.0,1.0
"beta_cos[Maton, Nick]",-0.236,0.209,-0.631,0.143,0.002,0.003,11907.0,6185.0,1.0
"beta_cos[Sosa, Edmundo]",-0.28,0.22,-0.698,0.124,0.002,0.003,10854.0,6234.0,1.0
"beta_cos[Bernard, Wynton]",-0.179,0.209,-0.557,0.23,0.002,0.003,9756.0,5460.0,1.0
"beta_cos[Beckham, Tim]",-0.295,0.219,-0.706,0.13,0.002,0.003,10872.0,6339.0,1.0
"beta_cos[Celestino, Gilberto]",-0.41,0.156,-0.702,-0.115,0.002,0.002,10273.0,5799.0,1.0
"beta_cos[Pratto, Nick]",-0.161,0.191,-0.528,0.189,0.002,0.002,9936.0,6179.0,1.0
"beta_cos[Hernandez, Elier]",-0.3,0.219,-0.69,0.133,0.002,0.003,9932.0,5609.0,1.0
"beta_cos[Piscotty, Stephen]",-0.161,0.173,-0.493,0.162,0.002,0.002,9489.0,5812.0,1.0
"beta_cos[Lewis, Kyle]",-0.157,0.188,-0.486,0.226,0.002,0.002,9847.0,5811.0,1.0
"beta_cos[Meneses, Joey]",-0.181,0.19,-0.536,0.178,0.002,0.002,10486.0,6137.0,1.0
"beta_cos[Outman, James]",-0.451,0.138,-0.705,-0.182,0.001,0.002,10544.0,6210.0,1.0
"beta_cos[Reynolds, Matt]",-0.281,0.213,-0.687,0.105,0.002,0.002,11099.0,5437.0,1.0
"beta_cos[Madris, Bligh]",-0.345,0.195,-0.709,0.023,0.002,0.002,9991.0,6147.0,1.0
"beta_cos[Marsh, Brandon]",-0.459,0.101,-0.652,-0.274,0.001,0.001,10730.0,5892.0,1.0
"beta_cos[Mercedes, Yermín]",-0.28,0.213,-0.689,0.104,0.002,0.003,10812.0,5516.0,1.0
"beta_cos[Carpenter, Matt]",-0.273,0.215,-0.671,0.137,0.002,0.003,10427.0,5911.0,1.0
"beta_cos[Soler, Jorge]",-0.139,0.121,-0.369,0.081,0.001,0.001,10944.0,6141.0,1.0
"beta_cos[Clemens, Kody]",-0.299,0.207,-0.682,0.087,0.002,0.002,9396.0,5933.0,1.0
"beta_cos[Harrison, Monte]",-0.259,0.22,-0.664,0.158,0.002,0.003,9830.0,6033.0,1.0
"beta_cos[Mazara, Nomar]",-0.321,0.168,-0.642,-0.015,0.002,0.002,10346.0,5865.0,1.0
"beta_cos[Hummel, Cooper]",-0.116,0.2,-0.486,0.262,0.002,0.003,10748.0,5235.0,1.0
"beta_cos[Batten, Matthew]",-0.283,0.223,-0.713,0.114,0.002,0.003,8509.0,5530.0,1.0
"beta_cos[Alvarez, Eddy]",-0.331,0.22,-0.747,0.075,0.002,0.003,8842.0,5566.0,1.0
"beta_cos[Reyes, Franmil]",-0.234,0.203,-0.621,0.139,0.002,0.003,9802.0,4937.0,1.0
"beta_cos[Smith-Njigba, Canaan]",-0.202,0.217,-0.592,0.222,0.002,0.002,8464.0,6039.0,1.0
"beta_cos[Ramos, Heliot]",-0.139,0.146,-0.406,0.134,0.002,0.002,9113.0,6568.0,1.0
"beta_cos[Swaggerty, Travis]",-0.238,0.215,-0.644,0.175,0.002,0.003,11416.0,5389.0,1.0
"beta_cos[Walker, Steele]",-0.341,0.21,-0.729,0.056,0.002,0.002,10872.0,5778.0,1.0
"beta_cos[Plummer, Nick]",-0.273,0.219,-0.696,0.122,0.002,0.003,11569.0,5942.0,1.0
"beta_cos[Strange-Gordon, Dee]",-0.272,0.219,-0.702,0.121,0.002,0.003,9053.0,5631.0,1.0
"beta_cos[Rosario, Amed]",-0.302,0.199,-0.663,0.079,0.002,0.003,11280.0,5721.0,1.0
"beta_cos[Contreras, William]",-0.299,0.22,-0.716,0.107,0.002,0.003,10011.0,5404.0,1.0
"beta_cos[Demeritte, Travis]",-0.253,0.198,-0.618,0.121,0.002,0.002,10834.0,5531.0,1.0
"beta_cos[Mayfield, Jack]",-0.187,0.22,-0.602,0.229,0.002,0.002,8862.0,5916.0,1.0
"beta_cos[Walsh, Jared]",-0.212,0.205,-0.617,0.152,0.002,0.002,8621.0,5844.0,1.0
"beta_cos[Krizan, Jason]",-0.258,0.22,-0.688,0.135,0.002,0.002,10602.0,5865.0,1.0
"beta_cos[Mendick, Danny]",-0.413,0.217,-0.823,-0.01,0.002,0.003,10888.0,6081.0,1.0
"beta_cos[Castellanos, Nick]",-0.119,0.086,-0.279,0.044,0.001,0.001,10344.0,5883.0,1.0
"beta_cos[Capel, Conner]",-0.348,0.185,-0.694,0.001,0.002,0.002,10574.0,5823.0,1.0
"beta_cos[Cruz, Oneil]",-0.331,0.209,-0.72,0.067,0.002,0.003,12272.0,5957.0,1.0
"beta_cos[Carter, Evan]",-0.089,0.17,-0.393,0.242,0.002,0.002,9014.0,5833.0,1.0
"beta_cos[Wallner, Matt]",-0.316,0.137,-0.57,-0.055,0.001,0.002,11982.0,6096.0,1.0
"beta_cos[Canzone, Dominic]",-0.209,0.171,-0.531,0.109,0.002,0.002,9232.0,5735.0,1.0
"beta_cos[Jones, Nolan]",-0.267,0.128,-0.509,-0.03,0.001,0.002,12023.0,5914.0,1.0
"beta_cos[Eden, Cam]",-0.271,0.222,-0.7,0.125,0.002,0.003,9940.0,5291.0,1.0
"beta_cos[Pache, Cristian]",-0.028,0.13,-0.272,0.215,0.001,0.001,10492.0,6579.0,1.0
"beta_cos[Abreu, Wilyer]",-0.255,0.152,-0.533,0.03,0.001,0.002,11215.0,5977.0,1.0
"beta_cos[Kjerstad, Heston]",-0.326,0.203,-0.697,0.065,0.002,0.002,8308.0,6203.0,1.0
"beta_cos[Grichuk, Randal]",-0.44,0.093,-0.63,-0.272,0.001,0.001,8337.0,6051.0,1.0
"beta_cos[Conforto, Michael]",-0.192,0.109,-0.397,0.011,0.001,0.001,7527.0,5908.0,1.0
"beta_cos[Alu, Jake]",-0.21,0.201,-0.592,0.159,0.002,0.002,11067.0,5967.0,1.0
"beta_cos[Pereira, Everson]",-0.198,0.195,-0.557,0.176,0.002,0.002,8473.0,6095.0,1.0
"beta_cos[Soto, Juan]",-0.071,0.085,-0.229,0.089,0.001,0.001,9907.0,5685.0,1.0
"beta_cos[Matos, Luis]",-0.393,0.151,-0.668,-0.098,0.002,0.002,9943.0,5853.0,1.0
"beta_cos[Blanco, Dairon]",-0.298,0.16,-0.585,0.008,0.002,0.002,9236.0,5741.0,1.0
"beta_cos[Senzel, Nick]",-0.139,0.142,-0.408,0.123,0.001,0.002,9068.0,5595.0,1.0
"beta_cos[Steer, Spencer]",-0.03,0.143,-0.309,0.221,0.001,0.002,10849.0,6160.0,1.0
"beta_cos[Hernández, Enrique]",0.12,0.126,-0.123,0.354,0.001,0.001,8060.0,5478.0,1.0
"beta_cos[Yoshida, Masataka]",0.143,0.172,-0.178,0.468,0.002,0.002,10451.0,6103.0,1.0
"beta_cos[Kiner-Falefa, Isiah]",-0.325,0.172,-0.659,-0.002,0.002,0.002,9579.0,6132.0,1.0
"beta_cos[Yastrzemski, Mike]",-0.249,0.099,-0.433,-0.058,0.001,0.001,10087.0,6021.0,1.0
"beta_cos[Wall, Forrest]",-0.356,0.213,-0.753,0.057,0.002,0.003,10629.0,5584.0,1.0
"beta_cos[Remillard, Zach]",-0.225,0.211,-0.621,0.162,0.002,0.003,10017.0,5559.0,1.0
"beta_cos[Haniger, Mitch]",-0.301,0.109,-0.509,-0.097,0.001,0.001,10569.0,6072.0,1.0
"beta_cos[Frelick, Sal]",-0.309,0.139,-0.586,-0.06,0.001,0.002,10224.0,5699.0,1.0
"beta_cos[Rutherford, Blake]",-0.194,0.216,-0.608,0.197,0.002,0.003,10122.0,5635.0,1.0
"beta_cos[Hampson, Garrett]",-0.385,0.141,-0.644,-0.12,0.002,0.002,8018.0,5125.0,1.0
"beta_cos[Duran, Ezequiel]",-0.079,0.19,-0.442,0.271,0.002,0.002,8884.0,5799.0,1.0
"beta_cos[Adams, Jordyn]",-0.231,0.198,-0.604,0.14,0.002,0.002,10436.0,5697.0,1.0
"beta_cos[Sabol, Blake]",-0.206,0.202,-0.586,0.173,0.002,0.002,10546.0,5613.0,1.0
"beta_cos[Marlowe, Cade]",-0.351,0.2,-0.729,0.016,0.002,0.002,11246.0,6169.0,1.0
"beta_cos[Taylor, Samad]",-0.182,0.206,-0.589,0.184,0.002,0.002,9272.0,5938.0,1.0
"beta_cos[Greene, Riley]",-0.312,0.12,-0.541,-0.084,0.001,0.001,10037.0,5560.0,1.0
"beta_cos[Meckler, Wade]",-0.207,0.21,-0.601,0.184,0.002,0.002,11605.0,5679.0,1.0
"beta_cos[Martínez, J.P.]",-0.277,0.215,-0.68,0.13,0.002,0.003,10821.0,5031.0,1.0
"beta_cos[Gonzalez, Oscar]",-0.045,0.152,-0.324,0.241,0.002,0.002,9846.0,5167.0,1.0
"beta_cos[Julks, Corey]",-0.201,0.147,-0.466,0.078,0.001,0.002,11965.0,5558.0,1.0
"beta_cos[Schneider, Davis]",-0.328,0.166,-0.624,-0.006,0.002,0.002,11333.0,5935.0,1.0
"beta_cos[Siani, Michael]",-0.402,0.158,-0.684,-0.083,0.002,0.002,9568.0,5547.0,1.0
"beta_cos[Hopkins, TJ]",-0.182,0.214,-0.593,0.21,0.002,0.003,8387.0,5480.0,1.0
"beta_cos[García, Avisaíl]",-0.049,0.119,-0.279,0.166,0.001,0.001,9240.0,5981.0,1.0
"beta_cos[Lukes, Nathan]",-0.166,0.196,-0.535,0.203,0.002,0.002,8625.0,6004.0,1.0
"beta_cos[Wilson, Weston]",-0.317,0.214,-0.726,0.084,0.002,0.003,11989.0,6137.0,1.0
"beta_cos[Cowser, Colton]",-0.486,0.154,-0.785,-0.21,0.002,0.002,8244.0,6188.0,1.0
"beta_cos[Perkins, Blake]",-0.448,0.155,-0.742,-0.168,0.002,0.002,9308.0,5960.0,1.0
"beta_cos[Rengifo, Luis]",-0.131,0.2,-0.499,0.253,0.002,0.002,11310.0,5850.0,1.0
"beta_cos[Chavis, Michael]",-0.199,0.225,-0.622,0.224,0.002,0.003,9695.0,6064.0,1.0
"beta_cos[Kohlwey, Taylor]",-0.268,0.219,-0.684,0.138,0.002,0.003,8930.0,5719.0,1.0
"beta_cos[Lopez, Nicky]",-0.262,0.22,-0.662,0.165,0.002,0.003,9544.0,6173.0,1.0
"beta_cos[DeLuca, Jonny]",-0.342,0.164,-0.638,-0.029,0.002,0.002,9148.0,5981.0,1.0
"beta_cos[Walker, Jordan]",-0.364,0.136,-0.624,-0.117,0.001,0.002,11906.0,6082.0,1.0
"beta_cos[Fry, David]",-0.232,0.207,-0.613,0.168,0.002,0.003,9401.0,5780.0,1.0
"beta_cos[Fletcher, Dominic]",-0.354,0.149,-0.63,-0.074,0.001,0.002,9928.0,5859.0,1.0
"beta_cos[Freeman, Tyler]",-0.275,0.17,-0.601,0.041,0.002,0.002,10590.0,6169.0,1.0
"beta_cos[Heyward, Jason]",-0.287,0.12,-0.515,-0.067,0.001,0.001,11169.0,5738.0,1.0
"beta_cos[Noda, Ryan]",-0.268,0.22,-0.692,0.14,0.002,0.003,9752.0,5636.0,1.0
"beta_cos[Miller, Owen]",-0.268,0.223,-0.693,0.147,0.002,0.003,10775.0,4891.0,1.0
"beta_cos[Guthrie, Dalton]",-0.224,0.203,-0.608,0.154,0.002,0.002,11317.0,5753.0,1.0
"beta_cos[Mastrobuoni, Miles]",-0.298,0.217,-0.696,0.112,0.002,0.002,10436.0,6267.0,1.0
"beta_cos[Wiemer, Joey]",-0.411,0.156,-0.707,-0.121,0.002,0.002,9256.0,5268.0,1.0
"beta_cos[Wisely, Brett]",-0.212,0.207,-0.59,0.202,0.002,0.003,9972.0,5561.0,1.0
"beta_cos[Toglia, Michael]",-0.101,0.17,-0.413,0.219,0.002,0.002,9947.0,5873.0,1.0
"beta_cos[Chourio, Jackson]",-0.278,0.167,-0.595,0.025,0.002,0.002,8837.0,6048.0,1.0
"beta_cos[Laureano, Ramón]",-0.093,0.106,-0.294,0.103,0.001,0.001,9714.0,6205.0,1.0
"beta_cos[DeLoach, Zach]",-0.378,0.208,-0.779,0.009,0.002,0.003,11509.0,5602.0,1.0
"beta_cos[Dunn, Blake]",-0.198,0.212,-0.598,0.202,0.002,0.003,10563.0,6098.0,1.0
"beta_cos[Beck, Jordan]",-0.448,0.18,-0.783,-0.106,0.002,0.002,10975.0,6031.0,1.0
"beta_cos[Langford, Wyatt]",-0.553,0.152,-0.849,-0.272,0.001,0.002,11413.0,5819.0,1.0
"beta_cos[Collins, Isaac]",-0.322,0.222,-0.739,0.09,0.002,0.003,9727.0,6137.0,1.0
"beta_cos[Martin, Austin]",-0.308,0.167,-0.622,0.002,0.002,0.002,7495.0,6377.0,1.0
"beta_cos[Domínguez, Jasson]",-0.295,0.208,-0.69,0.085,0.002,0.002,9149.0,6064.0,1.0
"beta_cos[Schuemann, Max]",-0.189,0.219,-0.593,0.214,0.002,0.003,9349.0,5736.0,1.0
"beta_cos[Loperfido, Joey]",-0.117,0.171,-0.421,0.219,0.002,0.002,10128.0,6121.0,1.0
"beta_cos[Conine, Griffin]",-0.23,0.208,-0.634,0.145,0.002,0.002,11178.0,6057.0,1.0
"beta_cos[Wood, James]",-0.478,0.169,-0.807,-0.174,0.002,0.002,9917.0,5405.0,1.0
"beta_cos[Cook, Billy]",-0.224,0.216,-0.642,0.183,0.002,0.003,8506.0,5460.0,1.0
"beta_cos[Robles, Victor]",0.01,0.111,-0.203,0.212,0.001,0.001,8719.0,5922.0,1.0
"beta_cos[Martínez, Angel]",-0.24,0.192,-0.584,0.13,0.002,0.002,9337.0,6079.0,1.0
"beta_cos[Pages, Andy]",-0.24,0.158,-0.539,0.05,0.001,0.002,11084.0,6316.0,1.0
"beta_cos[Myers, Dane]",-0.114,0.178,-0.453,0.217,0.002,0.002,10350.0,5634.0,1.0
"beta_cos[Fabian, Sandro]",-0.267,0.218,-0.68,0.134,0.002,0.002,9559.0,5963.0,1.0
"beta_cos[Hill, Derek]",-0.579,0.145,-0.862,-0.317,0.002,0.002,8579.0,6103.0,1.0
"beta_cos[Hinds, Rece]",-0.31,0.208,-0.705,0.075,0.002,0.003,11878.0,6058.0,1.0
"beta_cos[Taylor, Michael A.]",-0.486,0.095,-0.664,-0.311,0.001,0.001,10264.0,6298.0,1.0
"beta_cos[Yorke, Nick]",-0.253,0.218,-0.661,0.165,0.002,0.003,9667.0,5780.0,1.0
"beta_cos[Campero, Gustavo]",-0.307,0.212,-0.707,0.077,0.002,0.002,11448.0,6039.0,1.0
"beta_cos[Lockridge, Brandon]",-0.33,0.212,-0.738,0.061,0.002,0.002,10775.0,6108.0,1.0
"beta_cos[Sanoja, Javier]",-0.298,0.215,-0.716,0.087,0.002,0.002,8473.0,6097.0,1.0
"beta_cos[Newman, Kevin]",-0.265,0.223,-0.675,0.16,0.002,0.003,8196.0,5133.0,1.0
"beta_cos[Schneemann, Daniel]",-0.116,0.208,-0.497,0.269,0.002,0.002,10701.0,5905.0,1.0
"beta_cos[Barger, Addison]",0.016,0.195,-0.346,0.384,0.002,0.002,8128.0,5380.0,1.0
"beta_cos[Pérez, Wenceel]",-0.313,0.175,-0.65,0.005,0.002,0.002,9274.0,5669.0,1.0
"beta_cos[Alvarez, Armando]",-0.276,0.217,-0.702,0.119,0.002,0.003,10986.0,5373.0,1.0
"beta_cos[Wagaman, Eric]",-0.263,0.221,-0.665,0.162,0.002,0.003,10937.0,5791.0,1.0
"beta_cos[Helman, Michael]",-0.258,0.221,-0.686,0.148,0.002,0.003,9915.0,5671.0,1.0
"beta_cos[Scott II, Victor]",-0.406,0.186,-0.753,-0.054,0.002,0.002,9189.0,5799.0,1.0
"beta_cos[Ellis, Duke]",-0.279,0.217,-0.68,0.132,0.002,0.003,10819.0,5951.0,1.0
"beta_cos[Barrosa, Jorge]",-0.253,0.216,-0.654,0.158,0.002,0.002,10634.0,6093.0,1.0
"beta_cos[Malloy, Justyn-Henry]",-0.27,0.213,-0.663,0.131,0.002,0.003,10626.0,6008.0,1.0
"beta_cos[Misner, Kameron]",-0.315,0.218,-0.716,0.098,0.002,0.003,12211.0,5949.0,1.0
"beta_cos[Espinal, Santiago]",-0.317,0.217,-0.75,0.069,0.002,0.002,9053.0,5790.0,1.0
"beta_cos[Cabbage, Trey]",-0.384,0.205,-0.766,-0.001,0.002,0.002,10930.0,6051.0,1.0
"beta_cos[Judge, Aaron]",-0.236,0.099,-0.421,-0.052,0.001,0.001,10219.0,5772.0,1.0
"beta_cos[Berroa, Steward]",-0.298,0.21,-0.686,0.092,0.002,0.002,9368.0,6304.0,1.0
"beta_cos[Goodman, Hunter]",-0.297,0.186,-0.641,0.058,0.002,0.002,9839.0,5686.0,1.0
"beta_cos[Lopez, Otto]",-0.264,0.217,-0.685,0.132,0.002,0.002,9364.0,6309.0,1.0
"beta_cos[Clase, Jonatan]",-0.226,0.205,-0.619,0.149,0.002,0.002,9577.0,5678.0,1.0
"beta_cos[Loftin, Nick]",-0.266,0.224,-0.692,0.155,0.002,0.003,11868.0,5909.0,1.0
"beta_cos[Jordan, Levi]",-0.28,0.217,-0.67,0.136,0.002,0.003,11562.0,5359.0,1.0
"beta_cos[Jones, Jahmai]",-0.177,0.213,-0.565,0.229,0.002,0.002,8325.0,6078.0,1.0
"beta_cos[Hurtubise, Jacob]",-0.21,0.218,-0.607,0.207,0.002,0.003,10804.0,6005.0,1.0
"beta_cos[Bruján, Vidal]",-0.41,0.197,-0.775,-0.04,0.002,0.002,10396.0,5959.0,1.0
"beta_cos[Tucker, Cole]",-0.396,0.204,-0.772,-0.017,0.002,0.002,10815.0,6408.0,1.0
"beta_cos[Bellinger, Cody]",-0.314,0.104,-0.51,-0.122,0.001,0.001,8073.0,5719.0,1.0
"beta_cos[Arias, Gabriel]",-0.238,0.2,-0.613,0.137,0.002,0.003,10546.0,5920.0,1.0
"beta_cos[Toro, Abraham]",-0.233,0.221,-0.646,0.173,0.002,0.003,10113.0,5829.0,1.0
"beta_cos[Fitzgerald, Tyler]",-0.243,0.206,-0.637,0.134,0.002,0.002,10233.0,6241.0,1.0
"beta_cos[Monasterio, Andruw]",-0.26,0.225,-0.662,0.178,0.002,0.003,9954.0,6231.0,1.0
"beta_cos[Canario, Alexander]",-0.365,0.217,-0.767,0.039,0.002,0.003,10143.0,5691.0,1.0
"beta_cos[Cooper, Garrett]",-0.134,0.188,-0.497,0.205,0.002,0.002,8811.0,6081.0,1.0
"beta_cos[Kiermaier, Kevin]",-0.259,0.112,-0.462,-0.042,0.001,0.001,10620.0,5750.0,1.0
"beta_cos[Cain, Lorenzo]",-0.447,0.171,-0.763,-0.127,0.002,0.002,11592.0,5988.0,1.0
"beta_cos[Robert Jr., Luis]",-0.352,0.103,-0.552,-0.168,0.001,0.001,8722.0,6077.0,1.0
"beta_cos[Bader, Harrison]",-0.395,0.116,-0.607,-0.175,0.001,0.001,10042.0,5926.0,1.0
"beta_cos[Marte, Starling]",-0.368,0.1,-0.549,-0.177,0.001,0.001,7821.0,5574.0,1.0
"beta_cos[Buxton, Byron]",-0.429,0.137,-0.681,-0.166,0.001,0.001,9188.0,6494.0,1.0
"beta_cos[Grisham, Trent]",-0.053,0.104,-0.251,0.14,0.001,0.001,8753.0,6106.0,1.0
"beta_cos[Straw, Myles]",-0.259,0.097,-0.431,-0.072,0.001,0.001,8617.0,6168.0,1.0
"beta_cos[Springer, George]",-0.242,0.105,-0.444,-0.049,0.001,0.001,10500.0,6064.0,1.0
"beta_cos[Mullins, Cedric]",-0.516,0.095,-0.698,-0.34,0.001,0.001,9071.0,5849.0,1.0
"beta_cos[Renfroe, Hunter]",-0.241,0.094,-0.418,-0.059,0.001,0.001,9667.0,5182.0,1.0
"beta_cos[Taveras, Leody]",-0.441,0.096,-0.614,-0.258,0.001,0.001,8807.0,5968.0,1.0
"beta_cos[Tatis Jr., Fernando]",-0.568,0.128,-0.805,-0.331,0.001,0.002,10104.0,5689.0,1.0
"beta_cos[Barrero, José]",-0.165,0.2,-0.528,0.222,0.002,0.002,10396.0,6084.0,1.0
"beta_cos[Betts, Mookie]",-0.497,0.106,-0.705,-0.306,0.001,0.001,10115.0,6334.0,1.0
"beta_cos[Marte, Ketel]",-0.315,0.166,-0.624,-0.003,0.002,0.002,8086.0,5499.0,1.0
"beta_cos[Kepler, Max]",-0.036,0.097,-0.226,0.139,0.001,0.001,8697.0,6017.0,1.0
"beta_cos[Tucker, Kyle]",-0.37,0.099,-0.555,-0.18,0.001,0.001,10199.0,6365.0,1.0
"beta_cos[Heath, Nick]",-0.352,0.211,-0.739,0.062,0.002,0.003,9489.0,5309.0,1.0
"beta_cos[Torreyes, Ronald]",-0.275,0.224,-0.696,0.134,0.002,0.003,9272.0,5250.0,1.0
"beta_cos[Trout, Mike]",-0.483,0.126,-0.727,-0.256,0.001,0.001,9848.0,6196.0,1.0
"beta_cos[Andreoli, John]",-0.256,0.226,-0.665,0.182,0.002,0.003,11833.0,6144.0,1.0
"beta_cos[Acuña Jr., Ronald]",-0.207,0.104,-0.405,-0.016,0.001,0.001,9426.0,5701.0,1.0
"beta_cos[Difo, Wilmer]",-0.07,0.207,-0.465,0.314,0.002,0.003,12834.0,5716.0,1.0
"beta_cos[Fowler, Dustin]",-0.33,0.212,-0.725,0.068,0.002,0.002,8405.0,6031.0,1.0
"beta_cos[Hurst, Scott]",-0.271,0.226,-0.701,0.155,0.002,0.003,8851.0,5239.0,1.0
"beta_cos[Rodríguez, Julio]",-0.542,0.114,-0.753,-0.327,0.001,0.001,9945.0,5835.0,1.0
"beta_cos[Harris II, Michael]",-0.564,0.118,-0.794,-0.347,0.001,0.001,10676.0,5841.0,1.0
"beta_cos[DeLuzio, Ben]",-0.341,0.212,-0.769,0.035,0.002,0.003,13155.0,6037.0,1.0
"beta_cos[Mitchell, Garrett]",-0.522,0.18,-0.853,-0.183,0.002,0.002,9463.0,5860.0,1.0
"beta_cos[Kreidler, Ryan]",-0.264,0.224,-0.681,0.156,0.002,0.003,9854.0,5665.0,1.0
"beta_cos[Thomas, Alek]",-0.512,0.117,-0.729,-0.291,0.001,0.001,8158.0,5893.0,1.0
"beta_cos[Crook, Narciso]",-0.264,0.217,-0.679,0.147,0.002,0.003,8675.0,5675.0,1.0
"beta_cos[Lee, Khalil]",-0.338,0.216,-0.749,0.064,0.002,0.003,8064.0,5337.0,1.0
"beta_cos[Lewis, Royce]",-0.277,0.221,-0.7,0.127,0.002,0.003,8982.0,5380.0,1.0
"beta_cos[Hicklen, Brewer]",-0.254,0.225,-0.675,0.18,0.002,0.003,12270.0,5844.0,1.0
"beta_cos[Edman, Tommy]",-0.091,0.15,-0.367,0.196,0.002,0.002,9383.0,5910.0,1.0
"beta_cos[Whitefield, Aaron]",-0.211,0.215,-0.625,0.183,0.002,0.003,10862.0,6004.0,1.0
"beta_cos[McDonald, Mickey]",-0.268,0.222,-0.698,0.137,0.002,0.003,10497.0,5528.0,1.0
"beta_cos[Muzziotti, Símon]",-0.24,0.211,-0.621,0.168,0.002,0.003,9557.0,5675.0,1.0
"beta_cos[Rojas, Johan]",-0.277,0.148,-0.563,-0.007,0.002,0.002,8631.0,6022.0,1.0
"beta_cos[Doyle, Brenton]",-0.783,0.128,-1.013,-0.535,0.001,0.001,9458.0,5799.0,1.0
"beta_cos[Chisholm Jr., Jazz]",-0.228,0.135,-0.47,0.039,0.001,0.002,9009.0,5962.0,1.0
"beta_cos[Young, Jacob]",-0.145,0.141,-0.411,0.115,0.002,0.002,7562.0,5806.0,1.0
"beta_cos[Meadows, Parker]",-0.562,0.173,-0.905,-0.254,0.002,0.002,8732.0,5357.0,1.0
"beta_cos[Rafaela, Ceddanne]",0.065,0.16,-0.251,0.354,0.002,0.002,9480.0,5517.0,1.0
"beta_cos[Butler, Lawrence]",-0.388,0.145,-0.659,-0.117,0.002,0.002,8713.0,6246.0,1.0
"beta_cos[Crow-Armstrong, Pete]",-0.337,0.159,-0.64,-0.041,0.002,0.002,8288.0,5385.0,1.0
"beta_cos[Paris, Kyren]",-0.265,0.222,-0.689,0.146,0.002,0.003,9060.0,5694.0,1.0
"beta_cos[Colás, Oscar]",-0.309,0.171,-0.626,0.016,0.002,0.002,8363.0,6089.0,1.0
"beta_cos[Velazquez, Andrew]",-0.269,0.225,-0.713,0.131,0.002,0.003,10333.0,6023.0,1.0
"beta_cos[Short, Zack]",-0.289,0.225,-0.693,0.158,0.002,0.003,9574.0,5789.0,1.0
"beta_cos[Edwards, Xavier]",-0.32,0.218,-0.716,0.102,0.002,0.003,9414.0,5838.0,1.0
"beta_cos[Merrill, Jackson]",-0.424,0.15,-0.697,-0.137,0.002,0.002,9268.0,5891.0,1.0
"beta_cos[Keirsey Jr., DaShawn]",-0.223,0.216,-0.627,0.187,0.002,0.003,9160.0,5524.0,1.0
"beta_cos[McCray, Grant]",-0.345,0.192,-0.695,0.024,0.002,0.002,10326.0,6125.0,1.0
"beta_cos[Crews, Dylan]",-0.159,0.194,-0.54,0.19,0.002,0.002,9821.0,5964.0,1.0
"beta_cos[Teodosio, Bryce]",-0.207,0.219,-0.633,0.197,0.002,0.002,8208.0,6127.0,1.0
"beta_cos[Lee, Jung Hoo]",-0.498,0.194,-0.872,-0.15,0.002,0.002,8880.0,6322.0,1.0
"beta_cos[Harper, Bryce]",-0.335,0.14,-0.608,-0.081,0.001,0.002,9524.0,5676.0,1.0
"beta_cos[Blackmon, Charlie]",-0.338,0.119,-0.562,-0.119,0.001,0.001,9627.0,6028.0,1.0
"beta_cos[Motter, Taylor]",-0.285,0.22,-0.704,0.122,0.002,0.003,9871.0,5619.0,1.0
"beta_cos[Polanco, Gregory]",-0.129,0.153,-0.404,0.172,0.002,0.002,8941.0,5429.0,1.0
"beta_cos[Amburgey, Trey]",-0.295,0.218,-0.723,0.11,0.002,0.003,8566.0,5896.0,1.0
"beta_cos[Lorenzen, Michael]",-0.263,0.223,-0.68,0.154,0.002,0.002,8971.0,6023.0,1.0
"beta_cos[Naylor, Josh]",0.028,0.179,-0.29,0.375,0.002,0.002,9811.0,6118.0,1.0
"beta_cos[Fisher, Derek]",-0.253,0.217,-0.641,0.177,0.002,0.003,10561.0,6015.0,1.0
"beta_cos[Astudillo, Willians]",-0.269,0.223,-0.689,0.151,0.002,0.003,9642.0,5678.0,1.0
"beta_cos[Stokes Jr., Troy]",-0.273,0.218,-0.67,0.149,0.002,0.003,11666.0,5786.0,1.0
"beta_cos[Kivlehan, Patrick]",-0.264,0.223,-0.705,0.128,0.002,0.003,10926.0,5877.0,1.0
"beta_cos[Riley, Austin]",-0.239,0.219,-0.657,0.162,0.002,0.003,13108.0,6359.0,1.0
"beta_cos[Owen, Hunter]",-0.288,0.222,-0.7,0.131,0.002,0.003,8998.0,5518.0,1.0
"beta_cos[Ray, Corey]",-0.276,0.218,-0.697,0.122,0.002,0.003,10947.0,5682.0,1.0
"beta_cos[Fowler, Dexter]",-0.268,0.224,-0.675,0.174,0.002,0.003,10238.0,5688.0,1.0
"beta_cos[Suzuki, Seiya]",-0.344,0.112,-0.549,-0.121,0.001,0.001,10942.0,5558.0,1.0
"beta_cos[Davis, Brendon]",-0.296,0.221,-0.703,0.116,0.002,0.003,12157.0,6141.0,1.0
"beta_cos[Dixon, Brandon]",-0.286,0.217,-0.68,0.138,0.002,0.003,12524.0,5639.0,1.0
"beta_cos[Mitchell, Cal]",-0.38,0.18,-0.709,-0.038,0.002,0.002,8887.0,5934.0,1.0
"beta_cos[Castillo, Diego]",-0.017,0.206,-0.387,0.385,0.002,0.002,9402.0,6021.0,1.0
"beta_cos[Díaz, Yusniel]",-0.261,0.219,-0.674,0.15,0.002,0.003,9924.0,6056.0,1.0
"beta_cos[Arroyo, Christian]",-0.354,0.2,-0.728,0.027,0.002,0.002,10398.0,5676.0,1.0
"beta_cos[Wilson, Marcus]",-0.263,0.221,-0.668,0.162,0.002,0.003,8593.0,5467.0,1.0
"beta_cos[Alberto, Hanser]",-0.199,0.22,-0.631,0.193,0.002,0.003,8916.0,5674.0,1.0
"beta_cos[Abrams, CJ]",-0.271,0.223,-0.668,0.17,0.002,0.003,9620.0,5575.0,1.0
"beta_cos[Lopes, Christian]",-0.269,0.221,-0.684,0.145,0.002,0.003,9445.0,5717.0,1.0
"beta_cos[Jackson, Drew]",-0.256,0.223,-0.663,0.183,0.002,0.003,11506.0,5873.0,1.0
"beta_cos[Basabe, Osleivis]",-0.227,0.216,-0.641,0.159,0.002,0.003,11298.0,5937.0,1.0
"beta_cos[Davis, Henry]",-0.023,0.173,-0.346,0.29,0.002,0.002,10282.0,6149.0,1.0
"beta_cos[Encarnacion-Strand, Christian]",-0.267,0.22,-0.673,0.151,0.002,0.003,9519.0,5815.0,1.0
"beta_cos[Odor, Rougned]",-0.27,0.215,-0.67,0.142,0.002,0.003,10220.0,5874.0,1.0
"beta_cos[Noel, Jhonkensy]",-0.095,0.19,-0.451,0.258,0.002,0.002,9221.0,5708.0,1.0
"beta_cos[Alcántara, Kevin]",-0.262,0.221,-0.665,0.166,0.002,0.003,10227.0,5125.0,1.0
"beta_cos[Garcia, Maikel]",-0.265,0.22,-0.664,0.159,0.002,0.003,10222.0,5832.0,1.0
"beta_cos[Gentry, Tyler]",-0.265,0.226,-0.692,0.15,0.002,0.003,12035.0,6229.0,1.0
"beta_cos[León, Pedro]",-0.331,0.214,-0.755,0.052,0.002,0.002,9794.0,5483.0,1.0
"beta_cos[Triolo, Jared]",-0.259,0.225,-0.691,0.153,0.002,0.003,10168.0,5160.0,1.0
"beta_cos[Rodríguez, Johnathan]",-0.27,0.206,-0.635,0.137,0.002,0.002,9063.0,6102.0,1.0
"beta_cos[Jones, Greg]",-0.223,0.219,-0.64,0.178,0.002,0.003,11040.0,6158.0,1.0
"beta_cos[Dalbec, Bobby]",-0.262,0.218,-0.656,0.163,0.002,0.003,10817.0,5632.0,1.0
"beta_sin[Verdugo, Alex]",-0.249,0.065,-0.373,-0.129,0.001,0.001,9707.0,5894.0,1.0
"beta_sin[Meadows, Austin]",-0.145,0.088,-0.309,0.02,0.001,0.001,11341.0,5956.0,1.0
"beta_sin[Pollock, AJ]",0.011,0.081,-0.141,0.16,0.001,0.001,8734.0,5617.0,1.0
"beta_sin[Wade Jr., LaMonte]",-0.141,0.091,-0.313,0.027,0.001,0.001,8433.0,5913.0,1.0
"beta_sin[Rosario, Eddie]",-0.103,0.071,-0.239,0.025,0.001,0.001,11506.0,6278.0,1.0
"beta_sin[Yelich, Christian]",0.003,0.076,-0.145,0.141,0.001,0.001,7871.0,5900.0,1.0
"beta_sin[Brantley, Michael]",-0.112,0.089,-0.281,0.055,0.001,0.001,9357.0,5719.0,1.0
"beta_sin[Jiménez, Eloy]",-0.075,0.094,-0.247,0.103,0.001,0.001,9733.0,6278.0,1.0
"beta_sin[Arozarena, Randy]",-0.043,0.067,-0.172,0.078,0.001,0.001,8536.0,5527.0,1.0
"beta_sin[Ruf, Darin]",-0.147,0.097,-0.33,0.036,0.001,0.001,9582.0,6073.0,1.0
"beta_sin[Alvarez, Yordan]",-0.084,0.084,-0.244,0.076,0.001,0.001,9410.0,5900.0,1.0
"beta_sin[Bryant, Kris]",-0.138,0.081,-0.297,0.012,0.001,0.001,11598.0,5671.0,1.0
"beta_sin[Taylor, Chris]",-0.06,0.081,-0.208,0.093,0.001,0.001,10126.0,6108.0,1.0
"beta_sin[O'Neill, Tyler]",-0.063,0.074,-0.202,0.076,0.001,0.001,11581.0,5957.0,1.0
"beta_sin[Smith, Dominic]",-0.039,0.096,-0.227,0.134,0.001,0.001,9921.0,5762.0,1.0
"beta_sin[Tapia, Raimel]",-0.164,0.077,-0.309,-0.017,0.001,0.001,8692.0,5560.0,1.0
"beta_sin[Ramos, Henry]",-0.127,0.1,-0.316,0.061,0.001,0.001,11884.0,5920.0,1.0
"beta_sin[Haase, Eric]",-0.1,0.098,-0.283,0.083,0.001,0.001,9661.0,6109.0,1.0
"beta_sin[Miller, Brian]",-0.113,0.102,-0.307,0.081,0.001,0.001,11773.0,5192.0,1.0
"beta_sin[Canha, Mark]",-0.006,0.076,-0.147,0.137,0.001,0.001,9669.0,6299.0,1.0
"beta_sin[Gordon, Nick]",-0.099,0.08,-0.255,0.048,0.001,0.001,10430.0,6298.0,1.0
"beta_sin[Isbel, Kyle]",-0.147,0.071,-0.278,-0.013,0.001,0.001,11067.0,5177.0,1.0
"beta_sin[Rooker, Brent]",-0.172,0.089,-0.333,0.001,0.001,0.001,9955.0,6051.0,1.0
"beta_sin[Dozier, Hunter]",-0.128,0.089,-0.297,0.039,0.001,0.001,8812.0,5855.0,1.0
"beta_sin[Taylor, Tyrone]",-0.058,0.075,-0.197,0.079,0.001,0.001,9947.0,6303.0,1.0
"beta_sin[Marisnick, Jake]",-0.121,0.092,-0.286,0.056,0.001,0.001,11240.0,5662.0,1.0
"beta_sin[Schrock, Max]",-0.091,0.099,-0.268,0.101,0.001,0.001,10299.0,6047.0,1.0
"beta_sin[Alford, Anthony]",-0.076,0.097,-0.255,0.107,0.001,0.001,8586.0,6091.0,1.0
"beta_sin[Gallo, Joey]",-0.12,0.078,-0.271,0.022,0.001,0.001,10518.0,5274.0,1.0
"beta_sin[Deichmann, Greg]",-0.109,0.103,-0.3,0.088,0.001,0.001,9813.0,5388.0,1.0
"beta_sin[Rondon, José]",-0.113,0.102,-0.304,0.085,0.001,0.001,10529.0,5939.0,1.0
"beta_sin[Fraley, Jake]",-0.092,0.077,-0.239,0.05,0.001,0.001,10866.0,5905.0,1.0
"beta_sin[Gosselin, Phil]",-0.162,0.097,-0.345,0.014,0.001,0.001,9992.0,5616.0,1.0
"beta_sin[Moore, Dylan]",-0.057,0.085,-0.217,0.103,0.001,0.001,11274.0,5454.0,1.0
"beta_sin[Mercado, Óscar]",-0.2,0.09,-0.372,-0.035,0.001,0.001,10897.0,6420.0,1.0
"beta_sin[Nevin, Tyler]",-0.055,0.099,-0.244,0.13,0.001,0.001,10184.0,5937.0,1.0
"beta_sin[Dickerson, Corey]",-0.06,0.086,-0.214,0.103,0.001,0.001,9656.0,6304.0,1.0
"beta_sin[Stevenson, Andrew]",-0.124,0.097,-0.313,0.056,0.001,0.001,10984.0,5804.0,1.0
"beta_sin[Bell, Josh]",-0.119,0.101,-0.304,0.078,0.001,0.001,9648.0,6021.0,1.0
"beta_sin[Peralta, David]",0.0,0.073,-0.131,0.141,0.001,0.001,9499.0,5808.0,1.0
"beta_sin[Grossman, Robbie]",-0.11,0.073,-0.251,0.028,0.001,0.001,11143.0,6381.0,1.0
"beta_sin[Cave, Jake]",-0.165,0.081,-0.315,-0.009,0.001,0.001,12281.0,5823.0,1.0
"beta_sin[Benintendi, Andrew]",-0.091,0.07,-0.23,0.035,0.001,0.001,9335.0,6142.0,1.0
"beta_sin[Brinson, Lewis]",-0.051,0.094,-0.226,0.125,0.001,0.001,9611.0,6130.0,1.0
"beta_sin[McCutchen, Andrew]",-0.131,0.084,-0.289,0.026,0.001,0.001,9776.0,6025.0,1.0
"beta_sin[McNeil, Jeff]",-0.185,0.09,-0.365,-0.023,0.001,0.001,8537.0,5534.0,1.0
"beta_sin[Gamel, Ben]",0.014,0.084,-0.143,0.168,0.001,0.001,8675.0,5953.0,1.0
"beta_sin[Friedl, TJ]",-0.136,0.078,-0.285,0.007,0.001,0.001,12313.0,5629.0,1.0
"beta_sin[Ortega, Rafael]",-0.087,0.083,-0.242,0.07,0.001,0.001,8790.0,6030.0,1.0
"beta_sin[Happ, Ian]",-0.011,0.064,-0.132,0.11,0.001,0.001,10202.0,5765.0,1.0
"beta_sin[Slater, Austin]",-0.094,0.077,-0.235,0.052,0.001,0.001,10419.0,6351.0,1.0
"beta_sin[Ramírez, Harold]",-0.127,0.086,-0.298,0.025,0.001,0.001,9885.0,6169.0,1.0
"beta_sin[Calhoun, Willie]",-0.124,0.096,-0.3,0.064,0.001,0.001,9437.0,6003.0,1.0
"beta_sin[Brown, Seth]",-0.12,0.078,-0.267,0.026,0.001,0.001,8907.0,5531.0,1.0
"beta_sin[Hernández, Teoscar]",-0.189,0.068,-0.318,-0.06,0.001,0.001,8783.0,6292.0,1.0
"beta_sin[McKenna, Ryan]",-0.139,0.082,-0.29,0.015,0.001,0.001,10162.0,5276.0,1.0
"beta_sin[Phillips, Brett]",-0.102,0.082,-0.252,0.057,0.001,0.001,10093.0,5928.0,1.0
"beta_sin[Herrera, Odúbel]",-0.103,0.084,-0.259,0.058,0.001,0.001,9996.0,5092.0,1.0
"beta_sin[Frazier, Adam]",-0.127,0.096,-0.302,0.054,0.001,0.001,11417.0,6160.0,1.0
"beta_sin[Schwarber, Kyle]",-0.036,0.074,-0.176,0.106,0.001,0.001,9523.0,6749.0,1.0
"beta_sin[Stephenson, Tyler]",-0.103,0.103,-0.299,0.092,0.001,0.001,12046.0,6048.0,1.0
"beta_sin[Peters, DJ]",-0.072,0.095,-0.251,0.105,0.001,0.001,9856.0,6105.0,1.0
"beta_sin[Castro, Willi]",-0.096,0.081,-0.25,0.049,0.001,0.001,9484.0,6036.0,1.0
"beta_sin[Peterson, Jace]",-0.147,0.099,-0.331,0.038,0.001,0.001,10076.0,5909.0,1.0
"beta_sin[Stanton, Giancarlo]",-0.047,0.093,-0.217,0.13,0.001,0.001,10294.0,5742.0,1.0
"beta_sin[Varsho, Daulton]",-0.113,0.066,-0.24,0.009,0.001,0.001,11779.0,5215.0,1.0
"beta_sin[Smith, Pavin]",-0.186,0.083,-0.348,-0.036,0.001,0.001,9824.0,5785.0,1.0
"beta_sin[Lagares, Juan]",-0.121,0.09,-0.289,0.047,0.001,0.001,9580.0,5679.0,1.0
"beta_sin[Hernandez, Yadiel]",-0.003,0.091,-0.169,0.168,0.001,0.001,9110.0,5519.0,1.0
"beta_sin[Margot, Manuel]",-0.169,0.079,-0.322,-0.027,0.001,0.001,10331.0,5808.0,1.0
"beta_sin[Pillar, Kevin]",-0.099,0.081,-0.252,0.051,0.001,0.001,8971.0,5962.0,1.0
"beta_sin[Nootbaar, Lars]",-0.208,0.075,-0.351,-0.069,0.001,0.001,8864.0,5510.0,1.0
"beta_sin[Dyson, Jarrod]",-0.205,0.098,-0.386,-0.017,0.001,0.001,9108.0,5933.0,1.0
"beta_sin[Ward, Taylor]",-0.039,0.068,-0.169,0.089,0.001,0.001,10325.0,5732.0,1.0
"beta_sin[Hilliard, Sam]",-0.136,0.083,-0.301,0.01,0.001,0.001,10624.0,6034.0,1.0
"beta_sin[Díaz, Aledmys]",-0.105,0.096,-0.283,0.085,0.001,0.001,9220.0,6385.0,1.0
"beta_sin[Hamilton, Billy]",-0.068,0.097,-0.243,0.123,0.001,0.001,9965.0,5629.0,1.0
"beta_sin[Hays, Austin]",-0.037,0.07,-0.162,0.103,0.001,0.001,9309.0,5884.0,1.0
"beta_sin[DeShields, Delino]",-0.125,0.1,-0.309,0.068,0.001,0.001,9852.0,5852.0,1.0
"beta_sin[Martini, Nick]",-0.15,0.098,-0.328,0.043,0.001,0.001,10498.0,6189.0,1.0
"beta_sin[Rojas, Jose]",-0.131,0.099,-0.334,0.044,0.001,0.001,9389.0,5849.0,1.0
"beta_sin[Pham, Tommy]",-0.099,0.069,-0.231,0.029,0.001,0.001,10626.0,5932.0,1.0
"beta_sin[McCormick, Chas]",-0.2,0.07,-0.336,-0.075,0.001,0.001,10663.0,5628.0,1.0
"beta_sin[Beaty, Matt]",-0.063,0.097,-0.241,0.127,0.001,0.001,8663.0,5479.0,1.0
"beta_sin[Wisdom, Patrick]",-0.176,0.095,-0.355,0.004,0.001,0.001,8206.0,6438.0,1.0
"beta_sin[Dickerson, Alex]",-0.097,0.097,-0.275,0.088,0.001,0.001,11807.0,6382.0,1.0
"beta_sin[Baddoo, Akil]",-0.116,0.074,-0.251,0.027,0.001,0.001,9683.0,6391.0,1.0
"beta_sin[Wong, Kean]",-0.123,0.101,-0.31,0.07,0.001,0.001,10847.0,5415.0,1.0
"beta_sin[Profar, Jurickson]",-0.021,0.073,-0.163,0.112,0.001,0.001,8860.0,5826.0,1.0
"beta_sin[Kemp, Tony]",-0.105,0.087,-0.264,0.06,0.001,0.001,10546.0,5353.0,1.0
"beta_sin[Meyers, Jake]",-0.111,0.075,-0.252,0.029,0.001,0.001,11769.0,6008.0,1.0
"beta_sin[Aquino, Aristides]",-0.113,0.09,-0.281,0.055,0.001,0.001,10854.0,5997.0,1.0
"beta_sin[Cameron, Daz]",-0.103,0.088,-0.269,0.062,0.001,0.001,11196.0,6026.0,1.0
"beta_sin[Bolt, Skye]",-0.158,0.098,-0.344,0.02,0.001,0.001,10733.0,5596.0,1.0
"beta_sin[Arraez, Luis]",-0.09,0.099,-0.269,0.1,0.001,0.001,9570.0,5011.0,1.0
"beta_sin[Gurriel Jr., Lourdes]",-0.015,0.072,-0.156,0.114,0.001,0.001,10341.0,5951.0,1.0
"beta_sin[Duvall, Adam]",-0.107,0.072,-0.241,0.03,0.001,0.001,10001.0,5996.0,1.0
"beta_sin[Engel, Adam]",-0.187,0.09,-0.364,-0.025,0.001,0.001,8325.0,6046.0,1.0
"beta_sin[Bauers, Jake]",-0.088,0.092,-0.262,0.086,0.001,0.001,10215.0,6117.0,1.0
"beta_sin[Lux, Gavin]",-0.174,0.098,-0.366,-0.001,0.001,0.001,9780.0,5590.0,1.0
"beta_sin[Martinez, J.D.]",-0.126,0.097,-0.307,0.061,0.001,0.001,8970.0,5960.0,1.0
"beta_sin[Santander, Anthony]",-0.185,0.068,-0.315,-0.058,0.001,0.001,11416.0,5875.0,1.0
"beta_sin[Vilade, Ryan]",-0.17,0.099,-0.363,0.009,0.001,0.001,8430.0,5584.0,1.0
"beta_sin[Gardner, Brett]",-0.143,0.089,-0.308,0.023,0.001,0.001,10222.0,5712.0,1.0
"beta_sin[Wade, Tyler]",-0.118,0.096,-0.297,0.062,0.001,0.001,9633.0,5933.0,1.0
"beta_sin[Zimmer, Bradley]",-0.112,0.088,-0.272,0.057,0.001,0.001,11404.0,6115.0,1.0
"beta_sin[Winker, Jesse]",-0.033,0.079,-0.178,0.116,0.001,0.001,8528.0,5421.0,1.0
"beta_sin[Siri, Jose]",-0.266,0.076,-0.408,-0.125,0.001,0.001,7776.0,6372.0,1.0
"beta_sin[Vierling, Matt]",-0.163,0.076,-0.3,-0.01,0.001,0.001,11233.0,5723.0,1.0
"beta_sin[De La Cruz, Bryan]",-0.091,0.072,-0.224,0.05,0.001,0.001,11624.0,5876.0,1.0
"beta_sin[Refsnyder, Rob]",-0.108,0.078,-0.252,0.041,0.001,0.001,12199.0,5504.0,1.0
"beta_sin[Rivas III, Alfonso]",-0.099,0.101,-0.294,0.087,0.001,0.001,10726.0,6154.0,1.0
"beta_sin[Martin, Jason]",-0.109,0.098,-0.291,0.076,0.001,0.001,10641.0,6074.0,1.0
"beta_sin[Gonzalez, Romy]",-0.103,0.1,-0.289,0.088,0.001,0.001,10744.0,5536.0,1.0
"beta_sin[Souza Jr., Steven]",-0.113,0.101,-0.306,0.071,0.001,0.001,11495.0,5819.0,1.0
"beta_sin[Joyce, Matt]",-0.114,0.101,-0.305,0.077,0.001,0.001,10310.0,5411.0,1.0
"beta_sin[Sheets, Gavin]",-0.235,0.084,-0.39,-0.076,0.001,0.001,8995.0,6144.0,1.0
"beta_sin[Santana, Danny]",-0.092,0.099,-0.289,0.089,0.001,0.001,10715.0,5963.0,1.0
"beta_sin[Stewart, DJ]",-0.109,0.088,-0.268,0.06,0.001,0.001,10230.0,5509.0,1.0
"beta_sin[Ruiz, Rio]",-0.115,0.103,-0.307,0.073,0.001,0.001,11063.0,6382.0,1.0
"beta_sin[Marmolejos, José]",-0.082,0.099,-0.274,0.098,0.001,0.001,9227.0,6058.0,1.0
"beta_sin[Myers, Wil]",-0.106,0.085,-0.267,0.056,0.001,0.001,10531.0,6102.0,1.0
"beta_sin[Vaughn, Andrew]",-0.107,0.086,-0.27,0.048,0.001,0.001,10550.0,5594.0,1.0
"beta_sin[Adell, Jo]",-0.156,0.078,-0.301,-0.008,0.001,0.001,11515.0,6075.0,1.0
"beta_sin[Duggar, Steven]",-0.164,0.094,-0.344,0.008,0.001,0.001,12122.0,5904.0,1.0
"beta_sin[Lowe, Josh]",-0.169,0.083,-0.324,-0.011,0.001,0.001,8865.0,6041.0,1.0
"beta_sin[Alfaro, Jorge]",-0.084,0.104,-0.289,0.106,0.001,0.001,10334.0,5923.0,1.0
"beta_sin[Naquin, Tyler]",-0.175,0.083,-0.327,-0.017,0.001,0.001,10130.0,6051.0,1.0
"beta_sin[Fairchild, Stuart]",-0.194,0.085,-0.358,-0.037,0.001,0.001,8657.0,5940.0,1.0
"beta_sin[Joe, Connor]",-0.135,0.081,-0.281,0.024,0.001,0.001,10394.0,6049.0,1.0
"beta_sin[Luplow, Jordan]",-0.094,0.09,-0.26,0.075,0.001,0.001,12206.0,6069.0,1.0
"beta_sin[Davis, Khris]",-0.102,0.101,-0.286,0.092,0.001,0.001,10056.0,5605.0,1.0
"beta_sin[Akiyama, Shogo]",-0.135,0.096,-0.315,0.041,0.001,0.001,7891.0,5897.0,1.0
"beta_sin[Arcia, Orlando]",-0.155,0.101,-0.345,0.038,0.001,0.001,10414.0,5956.0,1.0
"beta_sin[Reyes, Pablo]",-0.115,0.104,-0.307,0.08,0.001,0.001,9056.0,6270.0,1.0
"beta_sin[Upton, Justin]",-0.072,0.095,-0.256,0.101,0.001,0.001,10474.0,5850.0,1.0
"beta_sin[Johnson, Daniel]",-0.116,0.098,-0.304,0.06,0.001,0.001,10210.0,5726.0,1.0
"beta_sin[Bonifacio, Jorge]",-0.122,0.103,-0.33,0.063,0.001,0.001,8344.0,5566.0,1.0
"beta_sin[Rojas, Josh]",-0.118,0.099,-0.303,0.064,0.001,0.001,9460.0,6260.0,1.0
"beta_sin[Muñoz, Yairo]",-0.11,0.1,-0.299,0.079,0.001,0.001,10301.0,5819.0,1.0
"beta_sin[Thomas, Lane]",-0.153,0.066,-0.275,-0.025,0.001,0.001,10285.0,5464.0,1.0
"beta_sin[Olivares, Edward]",-0.12,0.084,-0.272,0.044,0.001,0.001,8833.0,5918.0,1.0
"beta_sin[Harrison, Josh]",-0.091,0.1,-0.274,0.103,0.001,0.001,9402.0,6275.0,1.0
"beta_sin[Jones, Taylor]",-0.136,0.1,-0.327,0.051,0.001,0.001,10541.0,5784.0,1.0
"beta_sin[Lamb, Jake]",-0.095,0.1,-0.288,0.088,0.001,0.001,10819.0,5243.0,1.0
"beta_sin[Smith, Kevin]",-0.117,0.102,-0.308,0.076,0.001,0.001,9693.0,6123.0,1.0
"beta_sin[Carlson, Dylan]",-0.181,0.068,-0.309,-0.05,0.001,0.001,11290.0,6358.0,1.0
"beta_sin[Drury, Brandon]",-0.122,0.102,-0.317,0.067,0.001,0.001,9537.0,5778.0,1.0
"beta_sin[Tsutsugo, Yoshi]",-0.063,0.099,-0.245,0.124,0.001,0.001,10717.0,6376.0,1.0
"beta_sin[Ibáñez, Andy]",-0.122,0.099,-0.302,0.07,0.001,0.001,9678.0,5675.0,1.0
"beta_sin[Hermosillo, Michael]",-0.097,0.096,-0.278,0.086,0.001,0.001,10755.0,5503.0,1.0
"beta_sin[Mateo, Jorge]",-0.111,0.1,-0.293,0.086,0.001,0.001,9769.0,5885.0,1.0
"beta_sin[Culberson, Charlie]",-0.089,0.101,-0.275,0.104,0.001,0.001,9652.0,5939.0,1.0
"beta_sin[McKinstry, Zach]",-0.185,0.096,-0.363,-0.001,0.001,0.001,9156.0,5548.0,1.0
"beta_sin[Larnach, Trevor]",-0.132,0.083,-0.303,0.015,0.001,0.001,8926.0,5871.0,1.0
"beta_sin[Park, Hoy]",-0.136,0.102,-0.324,0.054,0.001,0.001,10314.0,5578.0,1.0
"beta_sin[Robson, Jacob]",-0.115,0.103,-0.308,0.08,0.001,0.001,10275.0,5868.0,1.0
"beta_sin[Goodrum, Niko]",-0.132,0.103,-0.334,0.057,0.001,0.001,11225.0,5845.0,1.0
"beta_sin[Almonte, Abraham]",-0.092,0.095,-0.274,0.083,0.001,0.001,9684.0,6309.0,1.0
"beta_sin[Cordero, Franchy]",-0.128,0.093,-0.298,0.05,0.001,0.001,9538.0,6685.0,1.0
"beta_sin[García, Leury]",-0.156,0.091,-0.323,0.017,0.001,0.001,9781.0,5985.0,1.0
"beta_sin[Duran, Jarren]",-0.255,0.074,-0.403,-0.124,0.001,0.001,9226.0,5561.0,1.0
"beta_sin[Williams, Luke]",-0.117,0.1,-0.304,0.069,0.001,0.001,11124.0,5883.0,1.0
"beta_sin[Evans, Phillip]",-0.106,0.098,-0.285,0.086,0.001,0.001,9931.0,5621.0,1.0
"beta_sin[Fargas, Johneshwy]",-0.099,0.102,-0.288,0.096,0.001,0.001,7887.0,5489.0,1.0
"beta_sin[Reddick, Josh]",-0.104,0.096,-0.287,0.073,0.001,0.001,10240.0,5584.0,1.0
"beta_sin[Dahl, David]",-0.067,0.096,-0.239,0.123,0.001,0.001,9343.0,5693.0,1.0
"beta_sin[White, Eli]",-0.131,0.089,-0.292,0.039,0.001,0.001,10023.0,6693.0,1.0
"beta_sin[VanMeter, Josh]",-0.113,0.102,-0.311,0.075,0.001,0.001,10339.0,5836.0,1.0
"beta_sin[Allen, Greg]",-0.034,0.097,-0.21,0.157,0.001,0.001,10392.0,6101.0,1.0
"beta_sin[Parra, Gerardo]",-0.096,0.099,-0.279,0.096,0.001,0.001,10149.0,6180.0,1.0
"beta_sin[Estrada, Thairo]",-0.11,0.099,-0.292,0.079,0.001,0.001,11395.0,6292.0,1.0
"beta_sin[Oliva, Jared]",-0.116,0.1,-0.302,0.074,0.001,0.001,9948.0,5509.0,1.0
"beta_sin[Biggio, Cavan]",-0.127,0.099,-0.318,0.055,0.001,0.001,9279.0,5630.0,1.0
"beta_sin[Long Jr., Shed]",-0.096,0.1,-0.286,0.085,0.001,0.001,9514.0,5498.0,1.0
"beta_sin[Bradley Jr., Jackie]",-0.306,0.083,-0.458,-0.149,0.001,0.001,8618.0,5575.0,1.0
"beta_sin[Raley, Luke]",-0.116,0.086,-0.287,0.038,0.001,0.001,11248.0,6000.0,1.0
"beta_sin[LaMarre, Ryan]",-0.131,0.102,-0.323,0.057,0.001,0.001,10408.0,6218.0,1.0
"beta_sin[Sierra, Magneuris]",-0.112,0.093,-0.296,0.056,0.001,0.001,10988.0,5478.0,1.0
"beta_sin[Goodwin, Brian]",-0.153,0.093,-0.328,0.025,0.001,0.001,10007.0,5588.0,1.0
"beta_sin[Thomas, Dillon]",-0.13,0.103,-0.327,0.061,0.001,0.001,10557.0,5744.0,1.0
"beta_sin[Tauchman, Mike]",-0.079,0.083,-0.234,0.076,0.001,0.001,11775.0,5456.0,1.0
"beta_sin[Berti, Jon]",-0.099,0.097,-0.29,0.081,0.001,0.001,10274.0,5601.0,1.0
"beta_sin[Reks, Zach]",-0.138,0.101,-0.321,0.061,0.001,0.001,10728.0,6149.0,1.0
"beta_sin[Owings, Chris]",-0.111,0.102,-0.294,0.091,0.001,0.001,10136.0,5421.0,1.0
"beta_sin[Lowe, Brandon]",-0.157,0.099,-0.337,0.036,0.001,0.001,10300.0,5710.0,1.0
"beta_sin[Locastro, Tim]",-0.02,0.098,-0.212,0.159,0.001,0.001,7995.0,5667.0,1.0
"beta_sin[Heredia, Guillermo]",-0.127,0.092,-0.303,0.042,0.001,0.001,9606.0,5882.0,1.0
"beta_sin[Sánchez, Jesús]",-0.037,0.076,-0.183,0.101,0.001,0.001,8890.0,5971.0,1.0
"beta_sin[Wilson, Jacob]",-0.116,0.102,-0.305,0.077,0.001,0.001,10164.0,5554.0,1.0
"beta_sin[Pederson, Joc]",-0.049,0.082,-0.196,0.111,0.001,0.001,11304.0,5762.0,1.0
"beta_sin[Clement, Ernie]",-0.094,0.103,-0.281,0.102,0.001,0.001,8661.0,5226.0,1.0
"beta_sin[Jankowski, Travis]",-0.206,0.089,-0.365,-0.029,0.001,0.001,10570.0,5754.0,1.0
"beta_sin[Valaika, Pat]",-0.12,0.104,-0.311,0.082,0.001,0.001,8955.0,5823.0,1.0
"beta_sin[Andujar, Miguel]",-0.116,0.086,-0.286,0.037,0.001,0.001,10846.0,5755.0,1.0
"beta_sin[Vosler, Jason]",-0.129,0.101,-0.323,0.057,0.001,0.001,8796.0,5885.0,1.0
"beta_sin[Gonzalez, Marwin]",-0.098,0.1,-0.284,0.093,0.001,0.001,9780.0,5644.0,1.0
"beta_sin[Pinder, Chad]",-0.226,0.092,-0.394,-0.049,0.001,0.001,8779.0,5977.0,1.0
"beta_sin[McKinney, Billy]",-0.097,0.09,-0.267,0.069,0.001,0.001,9693.0,5530.0,1.0
"beta_sin[Kirilloff, Alex]",-0.104,0.093,-0.275,0.074,0.001,0.001,11615.0,5700.0,1.0
"beta_sin[Daza, Yonathan]",-0.115,0.08,-0.264,0.037,0.001,0.001,11794.0,6063.0,1.0
"beta_sin[Davis, Jaylin]",-0.094,0.102,-0.286,0.099,0.001,0.001,8750.0,6254.0,1.0
"beta_sin[O'Hearn, Ryan]",-0.06,0.094,-0.238,0.114,0.001,0.001,10814.0,5798.0,1.0
"beta_sin[Tom, Ka'ai]",-0.132,0.101,-0.318,0.058,0.001,0.001,10799.0,5699.0,1.0
"beta_sin[Schebler, Scott]",-0.148,0.101,-0.344,0.037,0.001,0.001,8701.0,6155.0,1.0
"beta_sin[Frazier, Clint]",-0.126,0.095,-0.303,0.052,0.001,0.001,11133.0,6371.0,1.0
"beta_sin[González, Luis]",-0.17,0.093,-0.352,-0.001,0.001,0.001,11143.0,6048.0,1.0
"beta_sin[Mountcastle, Ryan]",-0.101,0.098,-0.288,0.079,0.001,0.001,10644.0,5964.0,1.0
"beta_sin[Wilkerson, Stevie]",-0.12,0.102,-0.31,0.071,0.001,0.001,10048.0,6198.0,1.0
"beta_sin[Williams, Mason]",-0.113,0.1,-0.299,0.076,0.001,0.001,10843.0,5950.0,1.0
"beta_sin[Stubbs, Garrett]",-0.117,0.104,-0.304,0.089,0.001,0.001,11449.0,6058.0,1.0
"beta_sin[Merrifield, Whit]",-0.164,0.083,-0.315,-0.007,0.001,0.001,9410.0,5898.0,1.0
"beta_sin[Heineman, Scott]",-0.109,0.103,-0.3,0.088,0.001,0.001,10419.0,5840.0,1.0
"beta_sin[O'Grady, Brian]",-0.111,0.103,-0.307,0.078,0.001,0.001,8858.0,5683.0,1.0
"beta_sin[Fuentes, Joshua]",-0.115,0.104,-0.314,0.078,0.001,0.001,10612.0,5925.0,1.0
"beta_sin[Walton, Donovan]",-0.114,0.101,-0.308,0.074,0.001,0.001,10406.0,6111.0,1.0
"beta_sin[Trammell, Taylor]",-0.061,0.094,-0.228,0.125,0.001,0.001,7341.0,5671.0,1.0
"beta_sin[Adrianza, Ehire]",-0.045,0.101,-0.226,0.154,0.001,0.001,8390.0,5715.0,1.0
"beta_sin[Blankenhorn, Travis]",-0.103,0.101,-0.294,0.092,0.001,0.001,10151.0,6381.0,1.0
"beta_sin[Marcano, Tucupita]",-0.107,0.098,-0.286,0.083,0.001,0.001,8088.0,5597.0,1.0
"beta_sin[Hiura, Keston]",-0.103,0.103,-0.293,0.094,0.001,0.001,9558.0,5621.0,1.0
"beta_sin[Garlick, Kyle]",-0.071,0.096,-0.25,0.108,0.001,0.001,10562.0,5877.0,1.0
"beta_sin[Kelenic, Jarred]",-0.008,0.071,-0.149,0.119,0.001,0.001,9091.0,6084.0,1.0
"beta_sin[Quinn, Roman]",-0.084,0.097,-0.262,0.104,0.001,0.001,7973.0,5776.0,1.0
"beta_sin[Miller, Brad]",-0.137,0.098,-0.322,0.045,0.001,0.001,11245.0,5963.0,1.0
"beta_sin[Maybin, Cameron]",-0.124,0.102,-0.316,0.071,0.001,0.001,11466.0,5786.0,1.0
"beta_sin[Haggerty, Sam]",-0.094,0.089,-0.266,0.071,0.001,0.001,8713.0,6566.0,1.0
"beta_sin[Williams, Justin]",-0.093,0.102,-0.282,0.104,0.001,0.001,8797.0,5702.0,1.0
"beta_sin[Vargas, Ildemaro]",-0.101,0.103,-0.301,0.09,0.001,0.001,9234.0,6425.0,1.0
"beta_sin[Ozuna, Marcell]",-0.062,0.095,-0.243,0.12,0.001,0.001,10866.0,5437.0,1.0
"beta_sin[Eaton, Adam]",-0.124,0.095,-0.301,0.061,0.001,0.001,9148.0,5947.0,1.0
"beta_sin[Barrera, Luis]",-0.098,0.1,-0.283,0.091,0.001,0.001,11014.0,6144.0,1.0
"beta_sin[Hager, Jake]",-0.121,0.103,-0.309,0.077,0.001,0.001,9551.0,6080.0,1.0
"beta_sin[Duffy, Matt]",-0.112,0.101,-0.311,0.071,0.001,0.001,10578.0,5768.0,1.0
"beta_sin[Neuse, Sheldon]",-0.117,0.102,-0.304,0.08,0.001,0.001,8787.0,5868.0,1.0
"beta_sin[Jay, Jon]",-0.133,0.102,-0.336,0.05,0.001,0.001,10186.0,6049.0,1.0
"beta_sin[García, Adolis]",-0.17,0.065,-0.296,-0.05,0.001,0.001,10814.0,6016.0,1.0
"beta_sin[Hoerner, Nico]",-0.127,0.101,-0.326,0.051,0.001,0.001,11776.0,6040.0,1.0
"beta_sin[Castro, Harold]",-0.162,0.102,-0.357,0.025,0.001,0.001,11844.0,6156.0,1.0
"beta_sin[Payton, Mark]",-0.121,0.102,-0.317,0.066,0.001,0.001,11119.0,6066.0,1.0
"beta_sin[Mathisen, Wyatt]",-0.11,0.102,-0.3,0.084,0.001,0.001,8352.0,5574.0,1.0
"beta_sin[Lin, Tzu-Wei]",-0.116,0.102,-0.309,0.079,0.001,0.001,10188.0,6200.0,1.0
"beta_sin[Nimmo, Brandon]",-0.127,0.066,-0.248,-0.001,0.001,0.001,12580.0,6080.0,1.0
"beta_sin[Ohtani, Shohei]",-0.116,0.102,-0.313,0.069,0.001,0.001,9112.0,5816.0,1.0
"beta_sin[Bemboom, Anthony]",-0.116,0.103,-0.307,0.079,0.001,0.001,11175.0,5506.0,1.0
"beta_sin[Reynolds, Bryan]",-0.014,0.065,-0.136,0.108,0.001,0.001,9868.0,5915.0,1.0
"beta_sin[Dean, Austin]",-0.101,0.102,-0.295,0.086,0.001,0.001,11693.0,5829.0,1.0
"beta_sin[Musgrove, Joe]",-0.117,0.101,-0.308,0.073,0.001,0.001,13750.0,6119.0,1.0
"beta_sin[Jones, JaCoby]",-0.096,0.096,-0.275,0.085,0.001,0.001,9601.0,6034.0,1.0
"beta_sin[Bishop, Braden]",-0.111,0.101,-0.292,0.088,0.001,0.001,8473.0,5805.0,1.0
"beta_sin[Palacios, Joshua]",-0.145,0.093,-0.309,0.035,0.001,0.001,10526.0,5874.0,1.0
"beta_sin[Blandino, Alex]",-0.116,0.104,-0.313,0.077,0.001,0.001,9255.0,5987.0,1.0
"beta_sin[Young, Andrew]",-0.112,0.102,-0.31,0.076,0.001,0.001,7908.0,5713.0,1.0
"beta_sin[Williams, Nick]",-0.112,0.104,-0.312,0.078,0.001,0.001,9788.0,5424.0,1.0
"beta_sin[Pérez, Hernán]",-0.122,0.101,-0.312,0.068,0.001,0.001,9585.0,6189.0,1.0
"beta_sin[Haseley, Adam]",-0.078,0.098,-0.266,0.103,0.001,0.001,9929.0,5441.0,1.0
"beta_sin[Brosseau, Mike]",-0.128,0.103,-0.314,0.077,0.001,0.001,10852.0,5870.0,1.0
"beta_sin[Freeman, Mike]",-0.114,0.102,-0.303,0.082,0.001,0.001,8671.0,5797.0,1.0
"beta_sin[Inciarte, Ender]",-0.128,0.098,-0.306,0.058,0.001,0.001,11270.0,5552.0,1.0
"beta_sin[Farmer, Kyle]",-0.117,0.102,-0.311,0.07,0.001,0.001,11115.0,5900.0,1.0
"beta_sin[Kingery, Scott]",-0.126,0.102,-0.316,0.064,0.001,0.001,11790.0,5358.0,1.0
"beta_sin[Davis, Jonathan]",-0.104,0.091,-0.281,0.059,0.001,0.001,9498.0,6026.0,1.0
"beta_sin[Reyes, Victor]",-0.154,0.086,-0.308,0.013,0.001,0.001,10285.0,6071.0,1.0
"beta_sin[Almora Jr., Albert]",-0.111,0.091,-0.284,0.061,0.001,0.001,14175.0,5675.0,1.0
"beta_sin[Azócar, José]",-0.161,0.089,-0.326,0.009,0.001,0.001,9244.0,5926.0,1.0
"beta_sin[Thompson, Trayce]",-0.104,0.088,-0.272,0.056,0.001,0.001,10351.0,5569.0,1.0
"beta_sin[Kwan, Steven]",-0.158,0.068,-0.29,-0.037,0.001,0.001,10168.0,6401.0,1.0
"beta_sin[Cabrera, Oswaldo]",-0.155,0.091,-0.33,0.01,0.001,0.001,10227.0,5667.0,1.0
"beta_sin[Hicks, Aaron]",-0.128,0.078,-0.273,0.024,0.001,0.001,10241.0,5411.0,1.0
"beta_sin[Vavra, Terrin]",-0.094,0.1,-0.276,0.1,0.001,0.001,10542.0,5345.0,1.0
"beta_sin[Velázquez, Nelson]",-0.148,0.09,-0.321,0.018,0.001,0.001,11879.0,5655.0,1.0
"beta_sin[Brennan, Will]",-0.07,0.082,-0.225,0.081,0.001,0.001,9027.0,6164.0,1.0
"beta_sin[Hensley, David]",-0.069,0.102,-0.249,0.13,0.001,0.001,10546.0,6131.0,1.0
"beta_sin[Vargas, Miguel]",-0.069,0.1,-0.263,0.116,0.001,0.001,8594.0,6049.0,1.0
"beta_sin[Bouchard, Sean]",-0.082,0.091,-0.255,0.087,0.001,0.001,11510.0,5879.0,1.0
"beta_sin[Smith, Josh]",-0.145,0.098,-0.326,0.041,0.001,0.001,10512.0,5756.0,1.0
"beta_sin[Thompson, Bubba]",-0.128,0.091,-0.297,0.042,0.001,0.001,11107.0,5909.0,1.0
"beta_sin[Waters, Drew]",-0.038,0.088,-0.202,0.126,0.001,0.001,10689.0,5744.0,1.0
"beta_sin[Mancini, Trey]",-0.106,0.099,-0.292,0.079,0.001,0.001,9665.0,5753.0,1.0
"beta_sin[Hernández, César]",-0.12,0.101,-0.308,0.077,0.001,0.001,10647.0,5959.0,1.0
"beta_sin[Bleday, JJ]",-0.123,0.073,-0.255,0.019,0.001,0.001,11958.0,5803.0,1.0
"beta_sin[Burdick, Peyton]",-0.129,0.098,-0.311,0.062,0.001,0.001,8110.0,5934.0,1.0
"beta_sin[Carroll, Corbin]",0.002,0.074,-0.132,0.147,0.001,0.001,9753.0,5814.0,1.0
"beta_sin[Suwinski, Jack]",-0.118,0.074,-0.262,0.019,0.001,0.001,10552.0,5755.0,1.0
"beta_sin[Bae, Ji Hwan]",-0.116,0.094,-0.3,0.054,0.001,0.001,10007.0,5752.0,1.0
"beta_sin[Yepez, Juan]",-0.072,0.098,-0.255,0.116,0.001,0.001,9645.0,4983.0,1.0
"beta_sin[Melendez, MJ]",-0.09,0.074,-0.228,0.053,0.001,0.001,9630.0,5518.0,1.0
"beta_sin[Mathias, Mark]",-0.113,0.103,-0.304,0.083,0.001,0.001,10315.0,5535.0,1.0
"beta_sin[Call, Alex]",-0.037,0.082,-0.188,0.116,0.001,0.001,10974.0,5895.0,1.0
"beta_sin[Contreras, Mark]",-0.185,0.102,-0.376,0.01,0.001,0.001,8961.0,5373.0,1.0
"beta_sin[Stowers, Kyle]",-0.139,0.093,-0.305,0.044,0.001,0.001,10552.0,5683.0,1.0
"beta_sin[Dubón, Mauricio]",-0.144,0.086,-0.308,0.012,0.001,0.001,9961.0,5229.0,1.0
"beta_sin[Calhoun, Kole]",-0.074,0.088,-0.237,0.095,0.001,0.001,9119.0,6073.0,1.0
"beta_sin[Moniak, Mickey]",-0.102,0.078,-0.258,0.035,0.001,0.001,8335.0,6205.0,1.0
"beta_sin[Garrett, Stone]",-0.111,0.096,-0.299,0.065,0.001,0.001,9714.0,6128.0,1.0
"beta_sin[Lopez, Alejo]",-0.118,0.104,-0.319,0.08,0.001,0.001,10530.0,5924.0,1.0
"beta_sin[Encarnacion, Jerar]",-0.118,0.1,-0.313,0.062,0.001,0.001,9626.0,6434.0,1.0
"beta_sin[Donovan, Brendan]",-0.109,0.088,-0.282,0.045,0.001,0.001,7754.0,6032.0,1.0
"beta_sin[Palacios, Richie]",-0.137,0.093,-0.306,0.043,0.001,0.001,10897.0,5407.0,1.0
"beta_sin[Garcia, Dérmis]",-0.13,0.104,-0.31,0.083,0.001,0.001,9011.0,5863.0,1.0
"beta_sin[McCarthy, Jake]",0.032,0.076,-0.104,0.178,0.001,0.001,9846.0,6194.0,1.0
"beta_sin[Benson, Will]",-0.195,0.079,-0.347,-0.05,0.001,0.001,9910.0,5900.0,1.0
"beta_sin[Thomas, Cody]",-0.114,0.1,-0.291,0.088,0.001,0.001,10283.0,5621.0,1.0
"beta_sin[Burleson, Alec]",-0.112,0.088,-0.286,0.046,0.001,0.001,11185.0,6320.0,1.0
"beta_sin[Carpenter, Kerry]",-0.106,0.089,-0.275,0.061,0.001,0.001,10537.0,6162.0,1.0
"beta_sin[Solak, Nick]",-0.121,0.101,-0.308,0.072,0.001,0.001,12571.0,5370.0,1.0
"beta_sin[Eaton, Nate]",-0.123,0.097,-0.305,0.056,0.001,0.001,10725.0,5539.0,1.0
"beta_sin[Gore, Terrance]",-0.11,0.104,-0.292,0.099,0.001,0.001,10933.0,5996.0,1.0
"beta_sin[Morel, Christopher]",-0.126,0.091,-0.303,0.039,0.001,0.001,10226.0,6138.0,1.0
"beta_sin[Florial, Estevan]",-0.111,0.095,-0.295,0.061,0.001,0.001,10481.0,5657.0,1.0
"beta_sin[Johnson, Bryce]",-0.116,0.098,-0.295,0.072,0.001,0.001,10748.0,4941.0,1.0
"beta_sin[Anderson, Brian]",-0.169,0.094,-0.351,0.001,0.001,0.001,9280.0,6191.0,1.0
"beta_sin[Stevenson, Cal]",-0.095,0.096,-0.266,0.093,0.001,0.001,10649.0,6129.0,1.0
"beta_sin[Ruiz, Esteury]",-0.114,0.086,-0.278,0.045,0.001,0.001,11413.0,6013.0,1.0
"beta_sin[Aguilar, Ryan]",-0.131,0.1,-0.323,0.056,0.001,0.001,10235.0,6074.0,1.0
"beta_sin[Maton, Nick]",-0.123,0.102,-0.309,0.075,0.001,0.001,12163.0,6302.0,1.0
"beta_sin[Sosa, Edmundo]",-0.113,0.106,-0.311,0.083,0.001,0.001,11458.0,6143.0,1.0
"beta_sin[Bernard, Wynton]",-0.097,0.099,-0.289,0.082,0.001,0.001,9821.0,6296.0,1.0
"beta_sin[Beckham, Tim]",-0.107,0.104,-0.301,0.096,0.001,0.001,10704.0,5645.0,1.0
"beta_sin[Celestino, Gilberto]",-0.036,0.088,-0.202,0.125,0.001,0.001,10129.0,6031.0,1.0
"beta_sin[Pratto, Nick]",-0.114,0.099,-0.301,0.069,0.001,0.001,12356.0,5234.0,1.0
"beta_sin[Hernandez, Elier]",-0.12,0.101,-0.296,0.087,0.001,0.001,10502.0,5562.0,1.0
"beta_sin[Piscotty, Stephen]",-0.109,0.094,-0.28,0.07,0.001,0.001,10311.0,6155.0,1.0
"beta_sin[Lewis, Kyle]",-0.114,0.097,-0.299,0.068,0.001,0.001,10184.0,6433.0,1.0
"beta_sin[Meneses, Joey]",-0.123,0.1,-0.311,0.064,0.001,0.001,9198.0,5464.0,1.0
"beta_sin[Outman, James]",-0.16,0.086,-0.319,0.007,0.001,0.001,9772.0,5725.0,1.0
"beta_sin[Reynolds, Matt]",-0.12,0.101,-0.311,0.075,0.001,0.001,9147.0,5502.0,1.0
"beta_sin[Madris, Bligh]",-0.118,0.101,-0.3,0.077,0.001,0.001,12531.0,6076.0,1.0
"beta_sin[Marsh, Brandon]",-0.23,0.069,-0.36,-0.101,0.001,0.001,9455.0,6332.0,1.0
"beta_sin[Mercedes, Yermín]",-0.114,0.104,-0.31,0.087,0.001,0.001,10778.0,5645.0,1.0
"beta_sin[Carpenter, Matt]",-0.169,0.101,-0.36,0.02,0.001,0.001,10748.0,5689.0,1.0
"beta_sin[Soler, Jorge]",-0.152,0.083,-0.308,0.004,0.001,0.001,9977.0,5926.0,1.0
"beta_sin[Clemens, Kody]",-0.093,0.101,-0.274,0.108,0.001,0.001,8013.0,5173.0,1.0
"beta_sin[Harrison, Monte]",-0.099,0.1,-0.292,0.083,0.001,0.001,9628.0,6196.0,1.0
"beta_sin[Mazara, Nomar]",-0.197,0.094,-0.375,-0.018,0.001,0.001,9247.0,5429.0,1.0
"beta_sin[Hummel, Cooper]",-0.127,0.099,-0.314,0.059,0.001,0.001,10661.0,5668.0,1.0
"beta_sin[Batten, Matthew]",-0.12,0.104,-0.332,0.064,0.001,0.001,10990.0,5803.0,1.0
"beta_sin[Alvarez, Eddy]",-0.102,0.103,-0.294,0.092,0.001,0.001,9460.0,5950.0,1.0
"beta_sin[Reyes, Franmil]",-0.116,0.099,-0.299,0.069,0.001,0.001,9319.0,6033.0,1.0
"beta_sin[Smith-Njigba, Canaan]",-0.119,0.103,-0.31,0.076,0.001,0.001,11108.0,5897.0,1.0
"beta_sin[Ramos, Heliot]",-0.046,0.085,-0.205,0.114,0.001,0.001,10824.0,6242.0,1.0
"beta_sin[Swaggerty, Travis]",-0.113,0.102,-0.305,0.076,0.001,0.001,10731.0,6391.0,1.0
"beta_sin[Walker, Steele]",-0.118,0.102,-0.308,0.076,0.001,0.001,10753.0,5199.0,1.0
"beta_sin[Plummer, Nick]",-0.1,0.102,-0.292,0.093,0.001,0.001,8198.0,5879.0,1.0
"beta_sin[Strange-Gordon, Dee]",-0.111,0.102,-0.292,0.09,0.001,0.001,9137.0,5981.0,1.0
"beta_sin[Rosario, Amed]",-0.099,0.098,-0.293,0.075,0.001,0.001,7988.0,5317.0,1.0
"beta_sin[Contreras, William]",-0.136,0.101,-0.324,0.055,0.001,0.001,8032.0,5998.0,1.0
"beta_sin[Demeritte, Travis]",-0.133,0.099,-0.313,0.057,0.001,0.001,9980.0,5866.0,1.0
"beta_sin[Mayfield, Jack]",-0.115,0.104,-0.302,0.087,0.001,0.001,12035.0,6049.0,1.0
"beta_sin[Walsh, Jared]",-0.137,0.101,-0.329,0.047,0.001,0.001,13049.0,5821.0,1.0
"beta_sin[Krizan, Jason]",-0.121,0.104,-0.314,0.073,0.001,0.001,9249.0,5584.0,1.0
"beta_sin[Mendick, Danny]",-0.125,0.102,-0.308,0.077,0.001,0.001,10465.0,6080.0,1.0
"beta_sin[Castellanos, Nick]",-0.139,0.067,-0.264,-0.011,0.001,0.001,12111.0,5533.0,1.0
"beta_sin[Capel, Conner]",-0.164,0.1,-0.351,0.022,0.001,0.001,9994.0,5784.0,1.0
"beta_sin[Cruz, Oneil]",-0.134,0.098,-0.312,0.053,0.001,0.001,8050.0,6177.0,1.0
"beta_sin[Carter, Evan]",-0.135,0.093,-0.314,0.033,0.001,0.001,10907.0,6268.0,1.0
"beta_sin[Wallner, Matt]",-0.088,0.09,-0.252,0.088,0.001,0.001,8892.0,6468.0,1.0
"beta_sin[Canzone, Dominic]",-0.121,0.094,-0.304,0.048,0.001,0.001,8972.0,5704.0,1.0
"beta_sin[Jones, Nolan]",-0.054,0.086,-0.212,0.111,0.001,0.001,10287.0,6385.0,1.0
"beta_sin[Eden, Cam]",-0.118,0.104,-0.315,0.073,0.001,0.001,10466.0,5938.0,1.0
"beta_sin[Pache, Cristian]",-0.082,0.082,-0.237,0.072,0.001,0.001,10177.0,6147.0,1.0
"beta_sin[Abreu, Wilyer]",-0.142,0.088,-0.307,0.026,0.001,0.001,12192.0,5603.0,1.0
"beta_sin[Kjerstad, Heston]",-0.13,0.101,-0.322,0.059,0.001,0.001,9206.0,5826.0,1.0
"beta_sin[Grichuk, Randal]",-0.209,0.069,-0.339,-0.082,0.001,0.001,9250.0,6261.0,1.0
"beta_sin[Conforto, Michael]",-0.05,0.075,-0.185,0.098,0.001,0.001,11053.0,5610.0,1.0
"beta_sin[Alu, Jake]",-0.126,0.098,-0.318,0.055,0.001,0.001,9365.0,5719.0,1.0
"beta_sin[Pereira, Everson]",-0.128,0.098,-0.308,0.059,0.001,0.001,9091.0,5979.0,1.0
"beta_sin[Soto, Juan]",-0.1,0.062,-0.216,0.017,0.001,0.001,10129.0,5873.0,1.0
"beta_sin[Matos, Luis]",-0.11,0.09,-0.289,0.052,0.001,0.001,10366.0,6121.0,1.0
"beta_sin[Blanco, Dairon]",-0.185,0.094,-0.364,-0.012,0.001,0.001,9543.0,6185.0,1.0
"beta_sin[Senzel, Nick]",-0.217,0.086,-0.385,-0.061,0.001,0.001,9119.0,6092.0,1.0
"beta_sin[Steer, Spencer]",-0.109,0.088,-0.276,0.054,0.001,0.001,10071.0,6393.0,1.0
"beta_sin[Hernández, Enrique]",-0.091,0.078,-0.237,0.058,0.001,0.001,9769.0,5890.0,1.0
"beta_sin[Yoshida, Masataka]",-0.122,0.093,-0.296,0.053,0.001,0.001,11228.0,6228.0,1.0
"beta_sin[Kiner-Falefa, Isiah]",-0.139,0.094,-0.313,0.039,0.001,0.001,10991.0,6513.0,1.0
"beta_sin[Yastrzemski, Mike]",-0.145,0.069,-0.28,-0.024,0.001,0.001,8872.0,5837.0,1.0
"beta_sin[Wall, Forrest]",-0.11,0.1,-0.306,0.073,0.001,0.001,9323.0,5910.0,1.0
"beta_sin[Remillard, Zach]",-0.137,0.101,-0.326,0.056,0.001,0.001,11108.0,5881.0,1.0
"beta_sin[Haniger, Mitch]",-0.117,0.074,-0.256,0.025,0.001,0.001,11585.0,5850.0,1.0
"beta_sin[Frelick, Sal]",-0.088,0.086,-0.254,0.07,0.001,0.001,9474.0,5863.0,1.0
"beta_sin[Rutherford, Blake]",-0.122,0.102,-0.317,0.067,0.001,0.001,8167.0,6141.0,1.0
"beta_sin[Hampson, Garrett]",-0.187,0.084,-0.346,-0.033,0.001,0.001,10954.0,5585.0,1.0
"beta_sin[Duran, Ezequiel]",-0.14,0.097,-0.321,0.047,0.001,0.001,11143.0,5509.0,1.0
"beta_sin[Adams, Jordyn]",-0.106,0.099,-0.289,0.081,0.001,0.001,9991.0,5701.0,1.0
"beta_sin[Sabol, Blake]",-0.073,0.097,-0.247,0.119,0.001,0.001,8604.0,5671.0,1.0
"beta_sin[Marlowe, Cade]",-0.119,0.099,-0.306,0.066,0.001,0.001,8859.0,5715.0,1.0
"beta_sin[Taylor, Samad]",-0.1,0.1,-0.28,0.094,0.001,0.001,10522.0,5669.0,1.0
"beta_sin[Greene, Riley]",-0.094,0.076,-0.238,0.047,0.001,0.001,10761.0,6328.0,1.0
"beta_sin[Meckler, Wade]",-0.121,0.1,-0.31,0.065,0.001,0.001,10745.0,6079.0,1.0
"beta_sin[Martínez, J.P.]",-0.093,0.103,-0.29,0.1,0.001,0.001,10847.0,4892.0,1.0
"beta_sin[Gonzalez, Oscar]",-0.064,0.087,-0.238,0.092,0.001,0.001,10142.0,5806.0,1.0
"beta_sin[Julks, Corey]",-0.15,0.091,-0.332,0.012,0.001,0.001,10166.0,5916.0,1.0
"beta_sin[Schneider, Davis]",-0.098,0.091,-0.271,0.073,0.001,0.001,10646.0,6003.0,1.0
"beta_sin[Siani, Michael]",-0.15,0.088,-0.314,0.018,0.001,0.001,9532.0,5857.0,1.0
"beta_sin[Hopkins, TJ]",-0.118,0.101,-0.315,0.063,0.001,0.001,12841.0,4801.0,1.0
"beta_sin[García, Avisaíl]",-0.226,0.082,-0.386,-0.077,0.001,0.001,10081.0,6214.0,1.0
"beta_sin[Lukes, Nathan]",-0.132,0.1,-0.322,0.047,0.001,0.001,11803.0,5885.0,1.0
"beta_sin[Wilson, Weston]",-0.084,0.103,-0.28,0.11,0.001,0.001,10809.0,5424.0,1.0
"beta_sin[Cowser, Colton]",-0.109,0.086,-0.274,0.049,0.001,0.001,10720.0,6047.0,1.0
"beta_sin[Perkins, Blake]",-0.13,0.087,-0.289,0.038,0.001,0.001,11989.0,5874.0,1.0
"beta_sin[Rengifo, Luis]",-0.153,0.1,-0.34,0.037,0.001,0.001,10922.0,6031.0,1.0
"beta_sin[Chavis, Michael]",-0.123,0.103,-0.317,0.071,0.001,0.001,11680.0,5302.0,1.0
"beta_sin[Kohlwey, Taylor]",-0.116,0.104,-0.321,0.067,0.001,0.001,11714.0,5819.0,1.0
"beta_sin[Lopez, Nicky]",-0.112,0.103,-0.302,0.087,0.001,0.001,9737.0,5758.0,1.0
"beta_sin[DeLuca, Jonny]",-0.139,0.09,-0.306,0.029,0.001,0.001,10120.0,6307.0,1.0
"beta_sin[Walker, Jordan]",-0.116,0.084,-0.271,0.04,0.001,0.001,9948.0,6028.0,1.0
"beta_sin[Fry, David]",-0.102,0.099,-0.29,0.083,0.001,0.001,12198.0,5953.0,1.0
"beta_sin[Fletcher, Dominic]",-0.164,0.089,-0.338,-0.004,0.001,0.001,11006.0,5826.0,1.0
"beta_sin[Freeman, Tyler]",0.016,0.095,-0.162,0.192,0.001,0.001,8437.0,5603.0,1.0
"beta_sin[Heyward, Jason]",-0.147,0.078,-0.288,0.006,0.001,0.001,9357.0,5806.0,1.0
"beta_sin[Noda, Ryan]",-0.116,0.103,-0.317,0.07,0.001,0.001,10743.0,5710.0,1.0
"beta_sin[Miller, Owen]",-0.113,0.103,-0.306,0.08,0.001,0.001,11029.0,5925.0,1.0
"beta_sin[Guthrie, Dalton]",-0.126,0.101,-0.312,0.062,0.001,0.001,10686.0,5773.0,1.0
"beta_sin[Mastrobuoni, Miles]",-0.115,0.102,-0.306,0.079,0.001,0.001,12314.0,6046.0,1.0
"beta_sin[Wiemer, Joey]",-0.195,0.09,-0.364,-0.024,0.001,0.001,8824.0,6053.0,1.0
"beta_sin[Wisely, Brett]",-0.115,0.1,-0.308,0.066,0.001,0.001,10158.0,5729.0,1.0
"beta_sin[Toglia, Michael]",-0.137,0.094,-0.31,0.046,0.001,0.001,9431.0,6246.0,1.0
"beta_sin[Chourio, Jackson]",-0.03,0.093,-0.201,0.147,0.001,0.001,9916.0,5822.0,1.0
"beta_sin[Laureano, Ramón]",-0.094,0.072,-0.225,0.051,0.001,0.001,11276.0,5835.0,1.0
"beta_sin[DeLoach, Zach]",-0.13,0.101,-0.311,0.068,0.001,0.001,9790.0,6147.0,1.0
"beta_sin[Dunn, Blake]",-0.117,0.103,-0.314,0.073,0.001,0.001,13103.0,6183.0,1.0
"beta_sin[Beck, Jordan]",-0.059,0.098,-0.244,0.124,0.001,0.001,9508.0,5511.0,1.0
"beta_sin[Langford, Wyatt]",-0.07,0.09,-0.248,0.09,0.001,0.001,11064.0,5513.0,1.0
"beta_sin[Collins, Isaac]",-0.125,0.104,-0.321,0.07,0.001,0.001,10067.0,5776.0,1.0
"beta_sin[Martin, Austin]",-0.088,0.095,-0.262,0.101,0.001,0.001,9790.0,6146.0,1.0
"beta_sin[Domínguez, Jasson]",-0.145,0.1,-0.337,0.037,0.001,0.001,10265.0,6051.0,1.0
"beta_sin[Schuemann, Max]",-0.108,0.103,-0.308,0.081,0.001,0.001,11190.0,5547.0,1.0
"beta_sin[Loperfido, Joey]",-0.145,0.092,-0.32,0.026,0.001,0.001,8868.0,5917.0,1.0
"beta_sin[Conine, Griffin]",-0.149,0.103,-0.348,0.036,0.001,0.001,10412.0,5946.0,1.0
"beta_sin[Wood, James]",-0.13,0.091,-0.301,0.045,0.001,0.001,8523.0,5794.0,1.0
"beta_sin[Cook, Billy]",-0.094,0.102,-0.287,0.094,0.001,0.001,10500.0,6014.0,1.0
"beta_sin[Robles, Victor]",-0.004,0.076,-0.145,0.136,0.001,0.001,8238.0,5937.0,1.0
"beta_sin[Martínez, Angel]",-0.15,0.1,-0.335,0.041,0.001,0.001,8807.0,5826.0,1.0
"beta_sin[Pages, Andy]",-0.078,0.091,-0.248,0.09,0.001,0.001,9475.0,5978.0,1.0
"beta_sin[Myers, Dane]",-0.117,0.097,-0.296,0.068,0.001,0.001,11294.0,5974.0,1.0
"beta_sin[Fabian, Sandro]",-0.117,0.102,-0.308,0.077,0.001,0.001,11339.0,6342.0,1.0
"beta_sin[Hill, Derek]",-0.1,0.084,-0.257,0.054,0.001,0.001,8202.0,6043.0,1.0
"beta_sin[Hinds, Rece]",-0.115,0.1,-0.307,0.065,0.001,0.001,10626.0,5441.0,1.0
"beta_sin[Taylor, Michael A.]",-0.09,0.065,-0.206,0.039,0.001,0.001,10684.0,5852.0,1.0
"beta_sin[Yorke, Nick]",-0.125,0.101,-0.325,0.057,0.001,0.001,10294.0,5757.0,1.0
"beta_sin[Campero, Gustavo]",-0.142,0.102,-0.331,0.055,0.001,0.001,10732.0,5330.0,1.0
"beta_sin[Lockridge, Brandon]",-0.115,0.102,-0.313,0.077,0.001,0.001,9945.0,5513.0,1.0
"beta_sin[Sanoja, Javier]",-0.124,0.103,-0.312,0.076,0.001,0.001,8982.0,5824.0,1.0
"beta_sin[Newman, Kevin]",-0.117,0.105,-0.314,0.084,0.001,0.001,9386.0,5768.0,1.0
"beta_sin[Schneemann, Daniel]",-0.106,0.099,-0.286,0.087,0.001,0.001,10304.0,5893.0,1.0
"beta_sin[Barger, Addison]",-0.145,0.1,-0.34,0.034,0.001,0.001,10900.0,6231.0,1.0
"beta_sin[Pérez, Wenceel]",-0.125,0.094,-0.3,0.048,0.001,0.001,10241.0,6360.0,1.0
"beta_sin[Alvarez, Armando]",-0.117,0.102,-0.306,0.076,0.001,0.001,9039.0,5956.0,1.0
"beta_sin[Wagaman, Eric]",-0.116,0.102,-0.305,0.075,0.001,0.001,10336.0,5714.0,1.0
"beta_sin[Helman, Michael]",-0.114,0.101,-0.304,0.074,0.001,0.001,11400.0,6217.0,1.0
"beta_sin[Scott II, Victor]",-0.132,0.096,-0.318,0.049,0.001,0.001,10712.0,6020.0,1.0
"beta_sin[Ellis, Duke]",-0.127,0.102,-0.314,0.074,0.001,0.001,8870.0,5505.0,1.0
"beta_sin[Barrosa, Jorge]",-0.117,0.103,-0.317,0.07,0.001,0.001,12428.0,5904.0,1.0
"beta_sin[Malloy, Justyn-Henry]",-0.079,0.101,-0.27,0.107,0.001,0.001,8616.0,6048.0,1.0
"beta_sin[Misner, Kameron]",-0.118,0.102,-0.305,0.082,0.001,0.001,8407.0,6252.0,1.0
"beta_sin[Espinal, Santiago]",-0.129,0.102,-0.324,0.057,0.001,0.001,9808.0,5918.0,1.0
"beta_sin[Cabbage, Trey]",-0.14,0.102,-0.332,0.052,0.001,0.001,11387.0,6104.0,1.0
"beta_sin[Judge, Aaron]",-0.118,0.069,-0.245,0.009,0.001,0.001,10562.0,6055.0,1.0
"beta_sin[Berroa, Steward]",-0.12,0.102,-0.305,0.075,0.001,0.001,10606.0,6134.0,1.0
"beta_sin[Goodman, Hunter]",-0.124,0.098,-0.314,0.052,0.001,0.001,11028.0,6038.0,1.0
"beta_sin[Lopez, Otto]",-0.116,0.104,-0.307,0.08,0.001,0.001,9660.0,5913.0,1.0
"beta_sin[Clase, Jonatan]",-0.12,0.102,-0.308,0.081,0.001,0.001,8097.0,5530.0,1.0
"beta_sin[Loftin, Nick]",-0.117,0.101,-0.311,0.068,0.001,0.001,8787.0,6023.0,1.0
"beta_sin[Jordan, Levi]",-0.124,0.102,-0.308,0.076,0.001,0.001,8911.0,6105.0,1.0
"beta_sin[Jones, Jahmai]",-0.119,0.1,-0.308,0.071,0.001,0.001,9106.0,5836.0,1.0
"beta_sin[Hurtubise, Jacob]",-0.13,0.098,-0.308,0.061,0.001,0.001,9073.0,6024.0,1.0
"beta_sin[Bruján, Vidal]",-0.121,0.098,-0.299,0.068,0.001,0.001,9604.0,6190.0,1.0
"beta_sin[Tucker, Cole]",-0.093,0.098,-0.271,0.098,0.001,0.001,9185.0,6331.0,1.0
"beta_sin[Bellinger, Cody]",-0.037,0.071,-0.168,0.099,0.001,0.001,10871.0,6085.0,1.0
"beta_sin[Arias, Gabriel]",-0.123,0.098,-0.312,0.054,0.001,0.001,10712.0,6081.0,1.0
"beta_sin[Toro, Abraham]",-0.115,0.102,-0.311,0.07,0.001,0.001,9645.0,5768.0,1.0
"beta_sin[Fitzgerald, Tyler]",-0.129,0.098,-0.314,0.057,0.001,0.001,11938.0,6175.0,1.0
"beta_sin[Monasterio, Andruw]",-0.116,0.102,-0.311,0.073,0.001,0.001,10022.0,6109.0,1.0
"beta_sin[Canario, Alexander]",-0.13,0.101,-0.318,0.063,0.001,0.001,11118.0,6016.0,1.0
"beta_sin[Cooper, Garrett]",-0.086,0.1,-0.281,0.095,0.001,0.001,12726.0,5959.0,1.0
"beta_sin[Kiermaier, Kevin]",-0.103,0.07,-0.23,0.033,0.001,0.001,11291.0,5987.0,1.0
"beta_sin[Cain, Lorenzo]",-0.1,0.091,-0.274,0.07,0.001,0.001,9053.0,5382.0,1.0
"beta_sin[Robert Jr., Luis]",-0.195,0.068,-0.325,-0.069,0.001,0.001,8910.0,5974.0,1.0
"beta_sin[Bader, Harrison]",-0.081,0.07,-0.216,0.046,0.001,0.001,10089.0,5962.0,1.0
"beta_sin[Marte, Starling]",-0.054,0.069,-0.185,0.074,0.001,0.001,10787.0,5567.0,1.0
"beta_sin[Buxton, Byron]",-0.16,0.081,-0.307,-0.007,0.001,0.001,9227.0,6455.0,1.0
"beta_sin[Grisham, Trent]",-0.158,0.068,-0.282,-0.029,0.001,0.001,8660.0,5422.0,1.0
"beta_sin[Straw, Myles]",-0.222,0.069,-0.354,-0.096,0.001,0.001,9861.0,5165.0,1.0
"beta_sin[Springer, George]",0.017,0.075,-0.122,0.158,0.001,0.001,8813.0,5725.0,1.0
"beta_sin[Mullins, Cedric]",-0.162,0.063,-0.274,-0.037,0.001,0.001,10209.0,6194.0,1.0
"beta_sin[Renfroe, Hunter]",-0.193,0.069,-0.323,-0.064,0.001,0.001,8933.0,6470.0,1.0
"beta_sin[Taveras, Leody]",-0.004,0.066,-0.132,0.116,0.001,0.001,10841.0,5678.0,1.0
"beta_sin[Tatis Jr., Fernando]",-0.075,0.081,-0.241,0.068,0.001,0.001,9097.0,5638.0,1.0
"beta_sin[Barrero, José]",-0.091,0.097,-0.281,0.089,0.001,0.001,10724.0,6017.0,1.0
"beta_sin[Betts, Mookie]",-0.178,0.077,-0.326,-0.037,0.001,0.001,11072.0,5849.0,1.0
"beta_sin[Marte, Ketel]",-0.177,0.089,-0.347,-0.015,0.001,0.001,8200.0,5953.0,1.0
"beta_sin[Kepler, Max]",-0.159,0.07,-0.289,-0.029,0.001,0.001,11215.0,5856.0,1.0
"beta_sin[Tucker, Kyle]",-0.304,0.072,-0.443,-0.169,0.001,0.001,8374.0,5845.0,1.0
"beta_sin[Heath, Nick]",-0.081,0.103,-0.277,0.109,0.001,0.001,8934.0,5827.0,1.0
"beta_sin[Torreyes, Ronald]",-0.124,0.103,-0.312,0.078,0.001,0.001,10401.0,6049.0,1.0
"beta_sin[Trout, Mike]",-0.203,0.081,-0.35,-0.043,0.001,0.001,10061.0,5983.0,1.0
"beta_sin[Andreoli, John]",-0.103,0.103,-0.296,0.096,0.001,0.001,10758.0,5982.0,1.0
"beta_sin[Acuña Jr., Ronald]",-0.096,0.074,-0.24,0.037,0.001,0.001,9738.0,6029.0,1.0
"beta_sin[Difo, Wilmer]",-0.118,0.101,-0.305,0.072,0.001,0.001,10153.0,5885.0,1.0
"beta_sin[Fowler, Dustin]",-0.096,0.1,-0.289,0.087,0.001,0.001,11233.0,5917.0,1.0
"beta_sin[Hurst, Scott]",-0.116,0.104,-0.304,0.093,0.001,0.001,10201.0,5009.0,1.0
"beta_sin[Rodríguez, Julio]",-0.089,0.07,-0.228,0.036,0.001,0.001,9436.0,5476.0,1.0
"beta_sin[Harris II, Michael]",-0.104,0.073,-0.243,0.03,0.001,0.001,12327.0,6146.0,1.0
"beta_sin[DeLuzio, Ben]",-0.122,0.101,-0.308,0.073,0.001,0.001,8841.0,5551.0,1.0
"beta_sin[Mitchell, Garrett]",-0.136,0.094,-0.316,0.034,0.001,0.001,10949.0,5934.0,1.0
"beta_sin[Kreidler, Ryan]",-0.111,0.104,-0.306,0.084,0.001,0.001,7893.0,4808.0,1.0
"beta_sin[Thomas, Alek]",-0.002,0.076,-0.143,0.141,0.001,0.001,10726.0,6372.0,1.0
"beta_sin[Crook, Narciso]",-0.118,0.101,-0.319,0.064,0.001,0.001,8342.0,6318.0,1.0
"beta_sin[Lee, Khalil]",-0.123,0.102,-0.322,0.067,0.001,0.001,10354.0,5409.0,1.0
"beta_sin[Lewis, Royce]",-0.12,0.102,-0.315,0.071,0.001,0.001,8860.0,5701.0,1.0
"beta_sin[Hicklen, Brewer]",-0.124,0.102,-0.315,0.072,0.001,0.001,10067.0,6048.0,1.0
"beta_sin[Edman, Tommy]",-0.14,0.088,-0.306,0.025,0.001,0.001,12850.0,5547.0,1.0
"beta_sin[Whitefield, Aaron]",-0.15,0.101,-0.35,0.032,0.001,0.001,9259.0,6127.0,1.0
"beta_sin[McDonald, Mickey]",-0.12,0.102,-0.304,0.079,0.001,0.001,10911.0,5290.0,1.0
"beta_sin[Muzziotti, Símon]",-0.142,0.103,-0.338,0.049,0.001,0.001,8574.0,5601.0,1.0
"beta_sin[Rojas, Johan]",-0.205,0.086,-0.363,-0.039,0.001,0.001,10209.0,5970.0,1.0
"beta_sin[Doyle, Brenton]",-0.052,0.075,-0.187,0.092,0.001,0.001,10118.0,5744.0,1.0
"beta_sin[Chisholm Jr., Jazz]",-0.152,0.081,-0.303,0.001,0.001,0.001,10474.0,5828.0,1.0
"beta_sin[Young, Jacob]",-0.102,0.084,-0.262,0.054,0.001,0.001,13427.0,6082.0,1.0
"beta_sin[Meadows, Parker]",-0.1,0.09,-0.266,0.074,0.001,0.001,10128.0,5629.0,1.0
"beta_sin[Rafaela, Ceddanne]",-0.2,0.092,-0.374,-0.025,0.001,0.001,8404.0,5987.0,1.0
"beta_sin[Butler, Lawrence]",-0.143,0.088,-0.309,0.023,0.001,0.001,10052.0,5755.0,1.0
"beta_sin[Crow-Armstrong, Pete]",-0.111,0.087,-0.273,0.054,0.001,0.001,8010.0,5558.0,1.0
"beta_sin[Paris, Kyren]",-0.115,0.102,-0.304,0.079,0.001,0.001,9463.0,5719.0,1.0
"beta_sin[Colás, Oscar]",-0.112,0.093,-0.298,0.055,0.001,0.001,8922.0,5543.0,1.0
"beta_sin[Velazquez, Andrew]",-0.116,0.104,-0.309,0.079,0.001,0.001,9631.0,5559.0,1.0
"beta_sin[Short, Zack]",-0.124,0.102,-0.319,0.067,0.001,0.001,9360.0,5325.0,1.0
"beta_sin[Edwards, Xavier]",-0.119,0.103,-0.316,0.065,0.001,0.001,9810.0,5860.0,1.0
"beta_sin[Merrill, Jackson]",-0.162,0.086,-0.323,0.0,0.001,0.001,8473.0,5838.0,1.0
"beta_sin[Keirsey Jr., DaShawn]",-0.114,0.101,-0.313,0.073,0.001,0.001,10134.0,5817.0,1.0
"beta_sin[McCray, Grant]",-0.101,0.098,-0.291,0.078,0.001,0.001,10327.0,5506.0,1.0
"beta_sin[Crews, Dylan]",-0.131,0.098,-0.329,0.045,0.001,0.001,9413.0,6080.0,1.0
"beta_sin[Teodosio, Bryce]",-0.108,0.102,-0.299,0.081,0.001,0.001,8696.0,6084.0,1.0
"beta_sin[Lee, Jung Hoo]",-0.082,0.097,-0.273,0.094,0.001,0.001,9101.0,5460.0,1.0
"beta_sin[Harper, Bryce]",-0.131,0.088,-0.301,0.035,0.001,0.001,8365.0,6351.0,1.0
"beta_sin[Blackmon, Charlie]",-0.195,0.081,-0.346,-0.045,0.001,0.001,8903.0,6251.0,1.0
"beta_sin[Motter, Taylor]",-0.109,0.104,-0.292,0.098,0.001,0.001,9357.0,5643.0,1.0
"beta_sin[Polanco, Gregory]",-0.06,0.089,-0.226,0.107,0.001,0.001,10093.0,6047.0,1.0
"beta_sin[Amburgey, Trey]",-0.118,0.102,-0.303,0.084,0.001,0.001,9625.0,5340.0,1.0
"beta_sin[Lorenzen, Michael]",-0.115,0.102,-0.312,0.07,0.001,0.001,8983.0,5831.0,1.0
"beta_sin[Naylor, Josh]",-0.082,0.094,-0.251,0.1,0.001,0.001,9647.0,6306.0,1.0
"beta_sin[Fisher, Derek]",-0.112,0.102,-0.3,0.084,0.001,0.001,10344.0,5754.0,1.0
"beta_sin[Astudillo, Willians]",-0.117,0.102,-0.306,0.079,0.001,0.001,9019.0,5914.0,1.0
"beta_sin[Stokes Jr., Troy]",-0.111,0.105,-0.309,0.083,0.001,0.001,9931.0,5104.0,1.0
"beta_sin[Kivlehan, Patrick]",-0.115,0.103,-0.313,0.074,0.001,0.001,10270.0,6046.0,1.0
"beta_sin[Riley, Austin]",-0.119,0.102,-0.306,0.079,0.001,0.001,9279.0,6158.0,1.0
"beta_sin[Owen, Hunter]",-0.12,0.101,-0.304,0.072,0.001,0.001,10298.0,6047.0,1.0
"beta_sin[Ray, Corey]",-0.11,0.102,-0.303,0.085,0.001,0.001,8910.0,5811.0,1.0
"beta_sin[Fowler, Dexter]",-0.117,0.103,-0.31,0.074,0.001,0.001,10276.0,5959.0,1.0
"beta_sin[Suzuki, Seiya]",-0.121,0.077,-0.257,0.029,0.001,0.001,9737.0,5108.0,1.0
"beta_sin[Davis, Brendon]",-0.12,0.102,-0.303,0.08,0.001,0.001,10023.0,6067.0,1.0
"beta_sin[Dixon, Brandon]",-0.124,0.103,-0.319,0.072,0.001,0.001,11039.0,6093.0,1.0
"beta_sin[Mitchell, Cal]",-0.124,0.097,-0.305,0.061,0.001,0.001,10203.0,5263.0,1.0
"beta_sin[Castillo, Diego]",-0.089,0.1,-0.276,0.096,0.001,0.001,10756.0,6039.0,1.0
"beta_sin[Díaz, Yusniel]",-0.117,0.103,-0.318,0.071,0.001,0.001,10223.0,5862.0,1.0
"beta_sin[Arroyo, Christian]",-0.092,0.101,-0.288,0.098,0.001,0.001,8770.0,6258.0,1.0
"beta_sin[Wilson, Marcus]",-0.104,0.104,-0.303,0.086,0.001,0.001,9456.0,5619.0,1.0
"beta_sin[Alberto, Hanser]",-0.118,0.104,-0.307,0.086,0.001,0.001,10508.0,5659.0,1.0
"beta_sin[Abrams, CJ]",-0.112,0.102,-0.312,0.071,0.001,0.001,8221.0,5536.0,1.0
"beta_sin[Lopes, Christian]",-0.118,0.104,-0.31,0.079,0.001,0.001,10706.0,5799.0,1.0
"beta_sin[Jackson, Drew]",-0.111,0.103,-0.309,0.081,0.001,0.001,10969.0,5963.0,1.0
"beta_sin[Basabe, Osleivis]",-0.114,0.101,-0.297,0.082,0.001,0.001,13002.0,5400.0,1.0
"beta_sin[Davis, Henry]",-0.074,0.097,-0.263,0.102,0.001,0.001,9514.0,5760.0,1.0
"beta_sin[Encarnacion-Strand, Christian]",-0.117,0.103,-0.306,0.082,0.001,0.001,10981.0,5543.0,1.0
"beta_sin[Odor, Rougned]",-0.111,0.101,-0.292,0.087,0.001,0.001,9866.0,5713.0,1.0
"beta_sin[Noel, Jhonkensy]",-0.126,0.097,-0.313,0.051,0.001,0.001,11359.0,5684.0,1.0
"beta_sin[Alcántara, Kevin]",-0.116,0.101,-0.303,0.075,0.001,0.001,9896.0,6177.0,1.0
"beta_sin[Garcia, Maikel]",-0.117,0.1,-0.309,0.068,0.001,0.001,7770.0,6386.0,1.0
"beta_sin[Gentry, Tyler]",-0.115,0.101,-0.314,0.07,0.001,0.001,12008.0,6007.0,1.0
"beta_sin[León, Pedro]",-0.112,0.1,-0.306,0.07,0.001,0.001,9553.0,6311.0,1.0
"beta_sin[Triolo, Jared]",-0.113,0.102,-0.309,0.076,0.001,0.001,10572.0,5969.0,1.0
"beta_sin[Rodríguez, Johnathan]",-0.139,0.102,-0.324,0.057,0.001,0.001,12059.0,5897.0,1.0
"beta_sin[Jones, Greg]",-0.129,0.102,-0.317,0.064,0.001,0.001,11571.0,6136.0,1.0
"beta_sin[Dalbec, Bobby]",-0.114,0.103,-0.305,0.09,0.001,0.001,9291.0,5912.0,1.0
"beta_dist[Verdugo, Alex]",1.715,0.142,1.441,1.969,0.002,0.001,7234.0,6129.0,1.0
"beta_dist[Meadows, Austin]",1.825,0.219,1.418,2.235,0.002,0.002,9166.0,6034.0,1.0
"beta_dist[Pollock, AJ]",2.013,0.174,1.688,2.333,0.002,0.002,7785.0,5694.0,1.0
"beta_dist[Wade Jr., LaMonte]",2.141,0.219,1.725,2.54,0.002,0.003,8882.0,6001.0,1.0
"beta_dist[Rosario, Eddie]",2.384,0.165,2.077,2.687,0.002,0.002,6450.0,6138.0,1.0
"beta_dist[Yelich, Christian]",1.562,0.177,1.216,1.877,0.002,0.002,7707.0,6426.0,1.0
"beta_dist[Brantley, Michael]",1.753,0.211,1.378,2.173,0.002,0.002,9336.0,5887.0,1.0
"beta_dist[Jiménez, Eloy]",2.081,0.232,1.633,2.489,0.002,0.003,9107.0,6138.0,1.0
"beta_dist[Arozarena, Randy]",2.013,0.144,1.744,2.284,0.002,0.002,7464.0,5846.0,1.0
"beta_dist[Ruf, Darin]",1.81,0.244,1.355,2.265,0.002,0.003,10053.0,5893.0,1.0
"beta_dist[Alvarez, Yordan]",1.972,0.189,1.625,2.332,0.002,0.002,8406.0,6215.0,1.0
"beta_dist[Bryant, Kris]",1.607,0.204,1.231,1.995,0.002,0.002,8676.0,6422.0,1.0
"beta_dist[Taylor, Chris]",2.069,0.193,1.706,2.433,0.002,0.002,9188.0,6204.0,1.0
"beta_dist[O'Neill, Tyler]",1.927,0.183,1.59,2.28,0.002,0.002,7327.0,5682.0,1.0
"beta_dist[Smith, Dominic]",1.889,0.235,1.475,2.356,0.002,0.003,9046.0,6011.0,1.0
"beta_dist[Tapia, Raimel]",2.127,0.161,1.819,2.415,0.002,0.002,6159.0,6060.0,1.0
"beta_dist[Ramos, Henry]",1.79,0.267,1.283,2.284,0.002,0.003,11923.0,5889.0,1.0
"beta_dist[Haase, Eric]",2.076,0.258,1.593,2.555,0.003,0.003,8015.0,5872.0,1.0
"beta_dist[Miller, Brian]",1.915,0.292,1.372,2.466,0.003,0.004,11645.0,5323.0,1.0
"beta_dist[Canha, Mark]",1.889,0.168,1.558,2.188,0.002,0.002,7855.0,5817.0,1.0
"beta_dist[Gordon, Nick]",1.952,0.189,1.599,2.304,0.002,0.002,9068.0,6372.0,1.0
"beta_dist[Isbel, Kyle]",1.98,0.168,1.666,2.297,0.002,0.002,7066.0,6060.0,1.0
"beta_dist[Rooker, Brent]",1.746,0.216,1.331,2.151,0.002,0.003,10898.0,5731.0,1.0
"beta_dist[Dozier, Hunter]",1.901,0.213,1.499,2.302,0.002,0.002,9296.0,6175.0,1.0
"beta_dist[Taylor, Tyrone]",2.336,0.168,2.02,2.644,0.002,0.002,7001.0,6514.0,1.0
"beta_dist[Marisnick, Jake]",1.738,0.225,1.316,2.163,0.002,0.003,8275.0,5224.0,1.0
"beta_dist[Schrock, Max]",1.867,0.271,1.377,2.391,0.003,0.003,8963.0,5136.0,1.0
"beta_dist[Alford, Anthony]",1.935,0.253,1.462,2.409,0.002,0.003,12597.0,6545.0,1.0
"beta_dist[Gallo, Joey]",2.036,0.175,1.7,2.359,0.002,0.002,7837.0,5973.0,1.0
"beta_dist[Deichmann, Greg]",1.855,0.289,1.329,2.403,0.003,0.003,10498.0,5768.0,1.0
"beta_dist[Rondon, José]",1.906,0.279,1.363,2.423,0.003,0.004,12158.0,5880.0,1.0
"beta_dist[Fraley, Jake]",2.19,0.18,1.856,2.531,0.002,0.002,9096.0,6309.0,1.0
"beta_dist[Gosselin, Phil]",2.071,0.255,1.569,2.524,0.003,0.003,9072.0,6288.0,1.0
"beta_dist[Moore, Dylan]",2.04,0.209,1.634,2.415,0.002,0.002,9417.0,6190.0,1.0
"beta_dist[Mercado, Óscar]",2.013,0.192,1.661,2.379,0.002,0.002,9716.0,5891.0,1.0
"beta_dist[Nevin, Tyler]",1.961,0.256,1.467,2.427,0.003,0.003,9355.0,6251.0,1.0
"beta_dist[Dickerson, Corey]",2.289,0.197,1.896,2.637,0.002,0.002,6577.0,6273.0,1.0
"beta_dist[Stevenson, Andrew]",1.955,0.245,1.516,2.441,0.003,0.003,9074.0,6067.0,1.0
"beta_dist[Bell, Josh]",1.885,0.288,1.349,2.422,0.003,0.003,9624.0,6017.0,1.0
"beta_dist[Peralta, David]",1.919,0.161,1.629,2.24,0.002,0.002,8382.0,6171.0,1.0
"beta_dist[Grossman, Robbie]",2.018,0.164,1.72,2.336,0.002,0.002,8658.0,6020.0,1.0
"beta_dist[Cave, Jake]",1.68,0.182,1.352,2.035,0.002,0.002,9131.0,6653.0,1.0
"beta_dist[Benintendi, Andrew]",1.763,0.154,1.468,2.046,0.002,0.002,8095.0,6066.0,1.0
"beta_dist[Brinson, Lewis]",2.073,0.225,1.654,2.495,0.003,0.003,8009.0,5739.0,1.0
"beta_dist[McCutchen, Andrew]",1.763,0.197,1.383,2.128,0.002,0.002,9202.0,6218.0,1.0
"beta_dist[McNeil, Jeff]",2.022,0.226,1.592,2.441,0.002,0.003,9489.0,6170.0,1.0
"beta_dist[Gamel, Ben]",1.812,0.182,1.467,2.149,0.002,0.002,9756.0,5927.0,1.0
"beta_dist[Friedl, TJ]",1.67,0.185,1.331,2.024,0.002,0.002,7413.0,5878.0,1.0
"beta_dist[Ortega, Rafael]",1.89,0.2,1.507,2.255,0.002,0.002,10503.0,5767.0,1.0
"beta_dist[Happ, Ian]",2.015,0.152,1.739,2.309,0.002,0.002,5972.0,5779.0,1.0
"beta_dist[Slater, Austin]",1.816,0.185,1.473,2.163,0.002,0.002,7762.0,6302.0,1.0
"beta_dist[Ramírez, Harold]",1.748,0.208,1.364,2.147,0.002,0.002,8789.0,6269.0,1.0
"beta_dist[Calhoun, Willie]",2.155,0.256,1.676,2.643,0.003,0.003,8670.0,6064.0,1.0
"beta_dist[Brown, Seth]",2.013,0.169,1.683,2.316,0.002,0.002,8466.0,6356.0,1.0
"beta_dist[Hernández, Teoscar]",2.074,0.149,1.804,2.364,0.002,0.002,6323.0,5843.0,1.0
"beta_dist[McKenna, Ryan]",2.51,0.19,2.161,2.883,0.002,0.002,5860.0,5701.0,1.0
"beta_dist[Phillips, Brett]",1.702,0.215,1.302,2.112,0.002,0.002,8926.0,6029.0,1.0
"beta_dist[Herrera, Odúbel]",1.766,0.196,1.409,2.155,0.002,0.002,9134.0,6072.0,1.0
"beta_dist[Frazier, Adam]",1.788,0.246,1.33,2.244,0.003,0.003,9436.0,6394.0,1.0
"beta_dist[Schwarber, Kyle]",2.281,0.162,1.973,2.583,0.002,0.002,5243.0,5685.0,1.0
"beta_dist[Stephenson, Tyler]",2.012,0.291,1.464,2.554,0.003,0.004,9931.0,5535.0,1.0
"beta_dist[Peters, DJ]",1.974,0.236,1.546,2.43,0.002,0.003,11065.0,5857.0,1.0
"beta_dist[Castro, Willi]",1.84,0.175,1.513,2.161,0.002,0.002,8386.0,5781.0,1.0
"beta_dist[Peterson, Jace]",1.57,0.244,1.104,2.017,0.003,0.003,9555.0,6130.0,1.0
"beta_dist[Stanton, Giancarlo]",2.251,0.154,1.977,2.554,0.002,0.002,5650.0,6194.0,1.0
"beta_dist[Varsho, Daulton]",2.058,0.151,1.77,2.338,0.002,0.002,7123.0,5986.0,1.0
"beta_dist[Smith, Pavin]",1.866,0.189,1.515,2.231,0.002,0.002,7897.0,5857.0,1.0
"beta_dist[Lagares, Juan]",1.65,0.215,1.244,2.062,0.002,0.002,8951.0,6016.0,1.0
"beta_dist[Hernandez, Yadiel]",2.182,0.198,1.824,2.571,0.002,0.002,7625.0,5454.0,1.0
"beta_dist[Margot, Manuel]",2.036,0.169,1.731,2.367,0.002,0.002,7892.0,6368.0,1.0
"beta_dist[Pillar, Kevin]",1.939,0.197,1.573,2.315,0.002,0.002,8058.0,6055.0,1.0
"beta_dist[Nootbaar, Lars]",2.008,0.167,1.71,2.329,0.002,0.002,6764.0,5688.0,1.0
"beta_dist[Dyson, Jarrod]",2.1,0.239,1.655,2.545,0.002,0.003,9730.0,6686.0,1.0
"beta_dist[Ward, Taylor]",2.202,0.159,1.9,2.491,0.002,0.002,7738.0,5859.0,1.0
"beta_dist[Hilliard, Sam]",1.89,0.185,1.544,2.235,0.002,0.002,8890.0,5802.0,1.0
"beta_dist[Díaz, Aledmys]",1.898,0.259,1.378,2.355,0.003,0.003,9213.0,5670.0,1.0
"beta_dist[Hamilton, Billy]",1.965,0.262,1.469,2.458,0.003,0.003,10769.0,5966.0,1.0
"beta_dist[Hays, Austin]",2.008,0.151,1.719,2.282,0.002,0.002,6706.0,5867.0,1.0
"beta_dist[DeShields, Delino]",1.784,0.279,1.252,2.293,0.003,0.003,9099.0,6115.0,1.0
"beta_dist[Martini, Nick]",1.869,0.253,1.4,2.343,0.002,0.003,10546.0,6089.0,1.0
"beta_dist[Rojas, Jose]",2.232,0.253,1.749,2.692,0.003,0.003,8241.0,5945.0,1.0
"beta_dist[Pham, Tommy]",1.769,0.148,1.483,2.04,0.002,0.002,8302.0,6019.0,1.0
"beta_dist[McCormick, Chas]",2.234,0.163,1.926,2.536,0.002,0.002,5775.0,6324.0,1.0
"beta_dist[Beaty, Matt]",2.14,0.253,1.671,2.625,0.003,0.003,9748.0,6200.0,1.0
"beta_dist[Wisdom, Patrick]",1.852,0.259,1.386,2.366,0.003,0.003,9513.0,5558.0,1.0
"beta_dist[Dickerson, Alex]",1.948,0.243,1.454,2.381,0.002,0.003,10064.0,6108.0,1.0
"beta_dist[Baddoo, Akil]",2.174,0.166,1.869,2.492,0.002,0.002,6130.0,5945.0,1.0
"beta_dist[Wong, Kean]",2.185,0.244,1.713,2.63,0.003,0.003,9514.0,5934.0,1.0
"beta_dist[Profar, Jurickson]",2.064,0.155,1.779,2.363,0.002,0.002,6207.0,5400.0,1.0
"beta_dist[Kemp, Tony]",1.939,0.193,1.557,2.282,0.002,0.002,8627.0,6075.0,1.0
"beta_dist[Meyers, Jake]",2.002,0.176,1.68,2.334,0.002,0.002,7719.0,6433.0,1.0
"beta_dist[Aquino, Aristides]",1.893,0.22,1.479,2.311,0.002,0.002,9966.0,5996.0,1.0
"beta_dist[Cameron, Daz]",2.267,0.161,1.975,2.59,0.002,0.002,7788.0,5169.0,1.0
"beta_dist[Bolt, Skye]",1.955,0.251,1.488,2.439,0.003,0.003,8448.0,5788.0,1.0
"beta_dist[Arraez, Luis]",1.7,0.269,1.172,2.188,0.003,0.003,9658.0,5844.0,1.0
"beta_dist[Gurriel Jr., Lourdes]",2.139,0.156,1.847,2.432,0.002,0.002,7533.0,6065.0,1.0
"beta_dist[Duvall, Adam]",1.784,0.166,1.479,2.104,0.002,0.002,8386.0,6192.0,1.0
"beta_dist[Engel, Adam]",1.867,0.205,1.483,2.247,0.002,0.002,8135.0,5776.0,1.0
"beta_dist[Bauers, Jake]",2.004,0.215,1.593,2.404,0.002,0.002,10902.0,6245.0,1.0
"beta_dist[Lux, Gavin]",2.216,0.255,1.744,2.71,0.003,0.003,9256.0,5892.0,1.0
"beta_dist[Martinez, J.D.]",1.868,0.263,1.365,2.353,0.003,0.003,9540.0,5749.0,1.0
"beta_dist[Santander, Anthony]",2.02,0.149,1.727,2.285,0.002,0.002,6788.0,5883.0,1.0
"beta_dist[Vilade, Ryan]",2.1,0.273,1.572,2.595,0.003,0.003,8652.0,6079.0,1.0
"beta_dist[Gardner, Brett]",1.861,0.195,1.5,2.229,0.002,0.002,7837.0,6087.0,1.0
"beta_dist[Wade, Tyler]",2.196,0.254,1.723,2.675,0.003,0.003,9361.0,5546.0,1.0
"beta_dist[Zimmer, Bradley]",1.925,0.223,1.496,2.334,0.002,0.003,8918.0,5673.0,1.0
"beta_dist[Winker, Jesse]",1.961,0.173,1.631,2.274,0.002,0.002,8783.0,6035.0,1.0
"beta_dist[Siri, Jose]",1.581,0.18,1.239,1.913,0.002,0.002,6874.0,5958.0,1.0
"beta_dist[Vierling, Matt]",1.993,0.166,1.688,2.306,0.002,0.002,7610.0,6817.0,1.0
"beta_dist[De La Cruz, Bryan]",1.901,0.154,1.615,2.197,0.002,0.002,7588.0,6132.0,1.0
"beta_dist[Refsnyder, Rob]",1.948,0.198,1.589,2.337,0.002,0.002,8040.0,6249.0,1.0
"beta_dist[Rivas III, Alfonso]",1.923,0.28,1.416,2.467,0.003,0.003,9458.0,5655.0,1.0
"beta_dist[Martin, Jason]",2.106,0.248,1.643,2.57,0.003,0.003,8281.0,5916.0,1.0
"beta_dist[Gonzalez, Romy]",1.849,0.282,1.334,2.392,0.003,0.003,9325.0,5733.0,1.0
"beta_dist[Souza Jr., Steven]",2.138,0.278,1.605,2.66,0.003,0.004,11405.0,5519.0,1.0
"beta_dist[Joyce, Matt]",1.979,0.27,1.491,2.501,0.003,0.003,10123.0,5918.0,1.0
"beta_dist[Sheets, Gavin]",2.073,0.197,1.699,2.434,0.002,0.002,8073.0,6097.0,1.0
"beta_dist[Santana, Danny]",1.946,0.271,1.434,2.465,0.003,0.003,10890.0,5777.0,1.0
"beta_dist[Stewart, DJ]",1.784,0.202,1.411,2.171,0.002,0.002,8349.0,6052.0,1.0
"beta_dist[Ruiz, Rio]",1.919,0.288,1.364,2.444,0.003,0.003,10675.0,6225.0,1.0
"beta_dist[Marmolejos, José]",1.976,0.278,1.441,2.489,0.003,0.003,8490.0,5513.0,1.0
"beta_dist[Myers, Wil]",1.83,0.194,1.471,2.189,0.002,0.002,10564.0,6010.0,1.0
"beta_dist[Vaughn, Andrew]",1.503,0.21,1.109,1.895,0.002,0.002,9102.0,6492.0,1.0
"beta_dist[Adell, Jo]",2.024,0.183,1.686,2.369,0.002,0.002,7893.0,5733.0,1.0
"beta_dist[Duggar, Steven]",1.836,0.225,1.427,2.265,0.002,0.003,9289.0,6083.0,1.0
"beta_dist[Lowe, Josh]",1.875,0.183,1.535,2.221,0.002,0.002,7605.0,5704.0,1.0
"beta_dist[Alfaro, Jorge]",2.036,0.273,1.535,2.56,0.003,0.003,10138.0,5552.0,1.0
"beta_dist[Naquin, Tyler]",1.927,0.194,1.56,2.29,0.002,0.002,8773.0,6394.0,1.0
"beta_dist[Fairchild, Stuart]",1.85,0.2,1.476,2.226,0.002,0.002,9511.0,6016.0,1.0
"beta_dist[Joe, Connor]",1.933,0.199,1.555,2.295,0.002,0.002,8809.0,5841.0,1.0
"beta_dist[Luplow, Jordan]",1.677,0.218,1.262,2.089,0.002,0.003,8394.0,5618.0,1.0
"beta_dist[Davis, Khris]",1.913,0.285,1.387,2.458,0.003,0.003,10843.0,6300.0,1.0
"beta_dist[Akiyama, Shogo]",1.729,0.259,1.235,2.212,0.003,0.003,9419.0,5096.0,1.0
"beta_dist[Arcia, Orlando]",2.284,0.209,1.9,2.681,0.002,0.002,9241.0,6104.0,1.0
"beta_dist[Reyes, Pablo]",1.918,0.291,1.37,2.461,0.003,0.004,9518.0,5832.0,1.0
"beta_dist[Upton, Justin]",2.123,0.238,1.651,2.553,0.002,0.003,9980.0,6317.0,1.0
"beta_dist[Johnson, Daniel]",1.893,0.262,1.409,2.386,0.003,0.003,9328.0,5973.0,1.0
"beta_dist[Bonifacio, Jorge]",1.866,0.285,1.32,2.39,0.003,0.003,9217.0,5661.0,1.0
"beta_dist[Rojas, Josh]",1.879,0.25,1.395,2.34,0.003,0.003,9488.0,5584.0,1.0
"beta_dist[Muñoz, Yairo]",1.906,0.291,1.336,2.418,0.003,0.004,9668.0,5330.0,1.0
"beta_dist[Thomas, Lane]",1.947,0.158,1.657,2.247,0.002,0.002,7237.0,6017.0,1.0
"beta_dist[Olivares, Edward]",2.001,0.189,1.625,2.344,0.002,0.002,7638.0,5703.0,1.0
"beta_dist[Harrison, Josh]",1.893,0.261,1.377,2.371,0.002,0.003,12406.0,6104.0,1.0
"beta_dist[Jones, Taylor]",2.053,0.281,1.524,2.581,0.003,0.003,9640.0,5992.0,1.0
"beta_dist[Lamb, Jake]",1.772,0.265,1.281,2.262,0.003,0.003,10884.0,5857.0,1.0
"beta_dist[Smith, Kevin]",1.945,0.285,1.434,2.501,0.003,0.003,10429.0,5708.0,1.0
"beta_dist[Carlson, Dylan]",2.13,0.133,1.887,2.379,0.002,0.001,7141.0,6076.0,1.0
"beta_dist[Drury, Brandon]",1.856,0.291,1.331,2.421,0.003,0.003,9824.0,6233.0,1.0
"beta_dist[Tsutsugo, Yoshi]",1.946,0.258,1.438,2.406,0.003,0.003,9272.0,5715.0,1.0
"beta_dist[Ibáñez, Andy]",2.125,0.27,1.644,2.652,0.003,0.003,10076.0,5948.0,1.0
"beta_dist[Hermosillo, Michael]",1.931,0.271,1.425,2.444,0.003,0.004,10323.0,5252.0,1.0
"beta_dist[Mateo, Jorge]",1.88,0.27,1.379,2.394,0.003,0.003,11029.0,6281.0,1.0
"beta_dist[Culberson, Charlie]",1.922,0.269,1.408,2.409,0.003,0.003,9777.0,5739.0,1.0
"beta_dist[McKinstry, Zach]",2.35,0.178,2.023,2.684,0.002,0.002,7148.0,5287.0,1.0
"beta_dist[Larnach, Trevor]",1.804,0.195,1.433,2.167,0.002,0.002,10194.0,6002.0,1.0
"beta_dist[Park, Hoy]",1.861,0.278,1.343,2.392,0.003,0.003,9812.0,5191.0,1.0
"beta_dist[Robson, Jacob]",1.911,0.28,1.362,2.412,0.003,0.003,9594.0,6080.0,1.0
"beta_dist[Goodrum, Niko]",2.003,0.274,1.498,2.528,0.003,0.003,9500.0,6027.0,1.0
"beta_dist[Almonte, Abraham]",2.059,0.233,1.639,2.502,0.002,0.003,9232.0,6578.0,1.0
"beta_dist[Cordero, Franchy]",2.034,0.2,1.668,2.422,0.002,0.002,6763.0,6038.0,1.0
"beta_dist[García, Leury]",2.143,0.227,1.749,2.605,0.003,0.002,8177.0,5621.0,1.0
"beta_dist[Duran, Jarren]",1.583,0.168,1.28,1.906,0.002,0.002,7305.0,5837.0,1.0
"beta_dist[Williams, Luke]",1.915,0.267,1.434,2.431,0.003,0.003,10393.0,5609.0,1.0
"beta_dist[Evans, Phillip]",1.975,0.254,1.528,2.474,0.003,0.003,8432.0,5539.0,1.0
"beta_dist[Fargas, Johneshwy]",1.923,0.282,1.37,2.433,0.003,0.003,10238.0,5825.0,1.0
"beta_dist[Reddick, Josh]",1.788,0.253,1.308,2.254,0.003,0.003,9828.0,5686.0,1.0
"beta_dist[Dahl, David]",1.842,0.245,1.376,2.283,0.003,0.003,8709.0,5799.0,1.0
"beta_dist[White, Eli]",1.972,0.236,1.526,2.416,0.002,0.003,9180.0,5718.0,1.0
"beta_dist[VanMeter, Josh]",1.929,0.277,1.435,2.464,0.003,0.003,11205.0,5501.0,1.0
"beta_dist[Allen, Greg]",1.745,0.25,1.257,2.201,0.003,0.003,9556.0,6386.0,1.0
"beta_dist[Parra, Gerardo]",1.929,0.269,1.44,2.443,0.003,0.003,9793.0,5917.0,1.0
"beta_dist[Estrada, Thairo]",2.02,0.277,1.514,2.547,0.003,0.003,10274.0,6347.0,1.0
"beta_dist[Oliva, Jared]",1.883,0.271,1.355,2.385,0.003,0.003,10083.0,5867.0,1.0
"beta_dist[Biggio, Cavan]",1.801,0.252,1.313,2.26,0.003,0.003,9687.0,5931.0,1.0
"beta_dist[Long Jr., Shed]",1.979,0.267,1.461,2.459,0.003,0.003,9022.0,5908.0,1.0
"beta_dist[Bradley Jr., Jackie]",1.97,0.19,1.609,2.319,0.002,0.002,8977.0,6042.0,1.0
"beta_dist[Raley, Luke]",2.053,0.201,1.692,2.449,0.002,0.002,10164.0,6379.0,1.0
"beta_dist[LaMarre, Ryan]",1.948,0.291,1.414,2.503,0.003,0.004,9995.0,5589.0,1.0
"beta_dist[Sierra, Magneuris]",2.074,0.23,1.641,2.502,0.002,0.003,10167.0,6047.0,1.0
"beta_dist[Goodwin, Brian]",1.967,0.189,1.637,2.354,0.002,0.002,8343.0,5905.0,1.0
"beta_dist[Thomas, Dillon]",1.808,0.283,1.279,2.35,0.003,0.003,9534.0,5881.0,1.0
"beta_dist[Tauchman, Mike]",1.955,0.206,1.585,2.359,0.002,0.002,8674.0,6170.0,1.0
"beta_dist[Berti, Jon]",1.916,0.249,1.45,2.388,0.003,0.003,9127.0,6000.0,1.0
"beta_dist[Reks, Zach]",1.892,0.274,1.362,2.386,0.002,0.003,13791.0,5715.0,1.0
"beta_dist[Owings, Chris]",1.814,0.273,1.301,2.333,0.003,0.003,11165.0,5785.0,1.0
"beta_dist[Lowe, Brandon]",2.015,0.287,1.48,2.557,0.003,0.004,8852.0,5414.0,1.0
"beta_dist[Locastro, Tim]",2.042,0.242,1.561,2.472,0.003,0.003,9147.0,5676.0,1.0
"beta_dist[Heredia, Guillermo]",1.87,0.223,1.444,2.279,0.002,0.003,8261.0,5655.0,1.0
"beta_dist[Sánchez, Jesús]",1.903,0.165,1.599,2.22,0.002,0.002,7433.0,6335.0,1.0
"beta_dist[Wilson, Jacob]",1.913,0.287,1.37,2.444,0.003,0.003,9176.0,6109.0,1.0
"beta_dist[Pederson, Joc]",2.156,0.182,1.836,2.518,0.002,0.002,7976.0,5630.0,1.0
"beta_dist[Clement, Ernie]",2.044,0.283,1.527,2.591,0.003,0.003,9890.0,5997.0,1.0
"beta_dist[Jankowski, Travis]",1.753,0.207,1.36,2.13,0.002,0.003,10205.0,5941.0,1.0
"beta_dist[Valaika, Pat]",1.988,0.284,1.457,2.523,0.003,0.003,8882.0,5470.0,1.0
"beta_dist[Andujar, Miguel]",1.54,0.204,1.145,1.909,0.002,0.002,8856.0,5365.0,1.0
"beta_dist[Vosler, Jason]",1.86,0.286,1.314,2.374,0.003,0.004,10687.0,5241.0,1.0
"beta_dist[Gonzalez, Marwin]",1.812,0.271,1.299,2.327,0.003,0.003,8215.0,5911.0,1.0
"beta_dist[Pinder, Chad]",1.82,0.211,1.42,2.21,0.002,0.002,10683.0,6135.0,1.0
"beta_dist[McKinney, Billy]",1.82,0.22,1.402,2.219,0.002,0.002,8466.0,5772.0,1.0
"beta_dist[Kirilloff, Alex]",1.515,0.226,1.1,1.949,0.002,0.003,8498.0,5905.0,1.0
"beta_dist[Daza, Yonathan]",1.954,0.183,1.626,2.315,0.002,0.002,6576.0,5819.0,1.0
"beta_dist[Davis, Jaylin]",1.951,0.284,1.382,2.459,0.002,0.004,13141.0,5831.0,1.0
"beta_dist[O'Hearn, Ryan]",2.086,0.239,1.641,2.532,0.002,0.003,9342.0,5937.0,1.0
"beta_dist[Tom, Ka'ai]",1.853,0.268,1.335,2.334,0.003,0.003,8856.0,5537.0,1.0
"beta_dist[Schebler, Scott]",1.886,0.275,1.382,2.415,0.003,0.003,10329.0,6344.0,1.0
"beta_dist[Frazier, Clint]",1.904,0.224,1.481,2.318,0.002,0.003,9752.0,6200.0,1.0
"beta_dist[González, Luis]",1.849,0.225,1.4,2.251,0.002,0.003,9944.0,5921.0,1.0
"beta_dist[Mountcastle, Ryan]",2.028,0.261,1.547,2.529,0.002,0.003,11797.0,6078.0,1.0
"beta_dist[Wilkerson, Stevie]",1.904,0.289,1.351,2.446,0.003,0.004,10536.0,5651.0,1.0
"beta_dist[Williams, Mason]",1.791,0.278,1.242,2.283,0.003,0.003,11022.0,5983.0,1.0
"beta_dist[Stubbs, Garrett]",1.915,0.287,1.365,2.435,0.003,0.003,9177.0,5703.0,1.0
"beta_dist[Merrifield, Whit]",1.891,0.192,1.529,2.248,0.002,0.002,7653.0,5904.0,1.0
"beta_dist[Heineman, Scott]",1.899,0.285,1.364,2.429,0.003,0.003,10170.0,5719.0,1.0
"beta_dist[O'Grady, Brian]",1.795,0.273,1.284,2.308,0.002,0.003,12716.0,5951.0,1.0
"beta_dist[Fuentes, Joshua]",1.923,0.286,1.397,2.464,0.003,0.003,8479.0,6051.0,1.0
"beta_dist[Walton, Donovan]",1.946,0.288,1.42,2.501,0.003,0.004,11433.0,6073.0,1.0
"beta_dist[Trammell, Taylor]",1.722,0.228,1.306,2.155,0.002,0.003,8443.0,6284.0,1.0
"beta_dist[Adrianza, Ehire]",2.01,0.238,1.564,2.465,0.002,0.003,9206.0,6069.0,1.0
"beta_dist[Blankenhorn, Travis]",1.823,0.275,1.315,2.338,0.003,0.003,9132.0,5556.0,1.0
"beta_dist[Marcano, Tucupita]",2.092,0.263,1.603,2.6,0.003,0.003,9356.0,5394.0,1.0
"beta_dist[Hiura, Keston]",1.945,0.284,1.388,2.449,0.003,0.003,10961.0,5641.0,1.0
"beta_dist[Garlick, Kyle]",1.905,0.239,1.453,2.356,0.002,0.003,10980.0,5830.0,1.0
"beta_dist[Kelenic, Jarred]",2.043,0.16,1.742,2.339,0.002,0.002,7696.0,6188.0,1.0
"beta_dist[Quinn, Roman]",1.77,0.257,1.27,2.245,0.003,0.003,9892.0,6182.0,1.0
"beta_dist[Miller, Brad]",2.077,0.257,1.621,2.582,0.003,0.003,8678.0,5845.0,1.0
"beta_dist[Maybin, Cameron]",1.851,0.284,1.305,2.384,0.003,0.004,9951.0,5509.0,1.0
"beta_dist[Haggerty, Sam]",1.907,0.237,1.45,2.336,0.002,0.003,10475.0,5581.0,1.0
"beta_dist[Williams, Justin]",1.959,0.254,1.505,2.458,0.003,0.003,8476.0,5614.0,1.0
"beta_dist[Vargas, Ildemaro]",1.787,0.277,1.272,2.303,0.003,0.003,10586.0,5902.0,1.0
"beta_dist[Ozuna, Marcell]",2.12,0.224,1.7,2.539,0.002,0.002,8990.0,6549.0,1.0
"beta_dist[Eaton, Adam]",2.405,0.166,2.083,2.71,0.002,0.002,7076.0,5682.0,1.0
"beta_dist[Barrera, Luis]",1.908,0.269,1.405,2.408,0.003,0.003,10656.0,5763.0,1.0
"beta_dist[Hager, Jake]",1.955,0.283,1.439,2.512,0.003,0.003,9449.0,6311.0,1.0
"beta_dist[Duffy, Matt]",1.933,0.279,1.38,2.433,0.003,0.003,9700.0,6385.0,1.0
"beta_dist[Neuse, Sheldon]",1.925,0.284,1.39,2.446,0.003,0.003,9676.0,5646.0,1.0
"beta_dist[Jay, Jon]",1.89,0.282,1.362,2.412,0.003,0.003,9520.0,5821.0,1.0
"beta_dist[García, Adolis]",1.989,0.15,1.707,2.265,0.002,0.002,6907.0,5935.0,1.0
"beta_dist[Hoerner, Nico]",1.971,0.283,1.432,2.49,0.003,0.003,11563.0,6085.0,1.0
"beta_dist[Castro, Harold]",2.141,0.273,1.605,2.623,0.003,0.003,9879.0,5924.0,1.0
"beta_dist[Payton, Mark]",1.942,0.283,1.418,2.491,0.003,0.003,8811.0,5890.0,1.0
"beta_dist[Mathisen, Wyatt]",1.95,0.291,1.391,2.487,0.003,0.004,10797.0,5529.0,1.0
"beta_dist[Lin, Tzu-Wei]",1.916,0.285,1.384,2.455,0.003,0.003,9120.0,5936.0,1.0
"beta_dist[Nimmo, Brandon]",1.725,0.161,1.409,2.023,0.002,0.002,7866.0,6141.0,1.0
"beta_dist[Ohtani, Shohei]",1.916,0.287,1.375,2.445,0.003,0.003,10531.0,6046.0,1.0
"beta_dist[Bemboom, Anthony]",1.915,0.295,1.348,2.464,0.003,0.004,9676.0,5936.0,1.0
"beta_dist[Reynolds, Bryan]",1.755,0.147,1.493,2.044,0.002,0.002,5963.0,5914.0,1.0
"beta_dist[Dean, Austin]",1.902,0.279,1.384,2.44,0.003,0.003,10873.0,5893.0,1.0
"beta_dist[Musgrove, Joe]",1.916,0.288,1.376,2.459,0.003,0.003,10780.0,6049.0,1.0
"beta_dist[Jones, JaCoby]",2.455,0.166,2.145,2.773,0.002,0.002,5990.0,5671.0,1.0
"beta_dist[Bishop, Braden]",1.924,0.283,1.394,2.448,0.003,0.004,11629.0,6172.0,1.0
"beta_dist[Palacios, Joshua]",1.772,0.22,1.374,2.201,0.002,0.003,9357.0,6234.0,1.0
"beta_dist[Blandino, Alex]",1.921,0.287,1.375,2.457,0.003,0.003,9339.0,5783.0,1.0
"beta_dist[Young, Andrew]",2.0,0.288,1.465,2.54,0.003,0.003,9110.0,5764.0,1.0
"beta_dist[Williams, Nick]",1.96,0.281,1.393,2.448,0.003,0.003,12256.0,6065.0,1.0
"beta_dist[Pérez, Hernán]",1.922,0.282,1.415,2.472,0.003,0.003,9628.0,5637.0,1.0
"beta_dist[Haseley, Adam]",1.898,0.252,1.43,2.378,0.002,0.003,10686.0,6086.0,1.0
"beta_dist[Brosseau, Mike]",1.987,0.282,1.436,2.492,0.003,0.003,8930.0,6360.0,1.0
"beta_dist[Freeman, Mike]",1.925,0.285,1.387,2.458,0.003,0.003,9405.0,5815.0,1.0
"beta_dist[Inciarte, Ender]",2.013,0.257,1.549,2.509,0.003,0.003,8962.0,5374.0,1.0
"beta_dist[Farmer, Kyle]",1.918,0.29,1.363,2.462,0.003,0.004,8895.0,5995.0,1.0
"beta_dist[Kingery, Scott]",1.825,0.279,1.29,2.328,0.003,0.003,10148.0,6508.0,1.0
"beta_dist[Davis, Jonathan]",2.209,0.222,1.79,2.62,0.002,0.002,7955.0,5733.0,1.0
"beta_dist[Reyes, Victor]",1.829,0.193,1.452,2.178,0.002,0.002,8697.0,5750.0,1.0
"beta_dist[Almora Jr., Albert]",1.913,0.232,1.476,2.34,0.002,0.003,10573.0,5638.0,1.0
"beta_dist[Azócar, José]",2.161,0.22,1.739,2.568,0.002,0.003,8239.0,5531.0,1.0
"beta_dist[Thompson, Trayce]",2.167,0.204,1.793,2.56,0.002,0.002,9084.0,5954.0,1.0
"beta_dist[Kwan, Steven]",1.724,0.147,1.443,1.986,0.002,0.002,7211.0,5711.0,1.0
"beta_dist[Cabrera, Oswaldo]",1.951,0.227,1.516,2.365,0.002,0.003,10553.0,5649.0,1.0
"beta_dist[Hicks, Aaron]",1.974,0.183,1.616,2.302,0.002,0.002,10259.0,5821.0,1.0
"beta_dist[Vavra, Terrin]",1.916,0.269,1.406,2.409,0.003,0.003,11159.0,5923.0,1.0
"beta_dist[Velázquez, Nelson]",1.918,0.224,1.512,2.36,0.002,0.002,8564.0,6037.0,1.0
"beta_dist[Brennan, Will]",2.171,0.194,1.817,2.544,0.002,0.002,8003.0,5341.0,1.0
"beta_dist[Hensley, David]",1.973,0.277,1.462,2.498,0.003,0.003,8884.0,5523.0,1.0
"beta_dist[Vargas, Miguel]",1.775,0.268,1.269,2.278,0.003,0.003,10266.0,5501.0,1.0
"beta_dist[Bouchard, Sean]",1.624,0.223,1.216,2.057,0.002,0.002,9107.0,6251.0,1.0
"beta_dist[Smith, Josh]",1.935,0.246,1.463,2.385,0.002,0.003,10087.0,6609.0,1.0
"beta_dist[Thompson, Bubba]",2.398,0.233,1.962,2.837,0.003,0.003,8172.0,5645.0,1.0
"beta_dist[Waters, Drew]",1.769,0.201,1.372,2.125,0.002,0.002,8432.0,6143.0,1.0
"beta_dist[Mancini, Trey]",1.939,0.269,1.418,2.442,0.003,0.003,8580.0,5938.0,1.0
"beta_dist[Hernández, César]",1.969,0.275,1.43,2.467,0.003,0.003,9215.0,6024.0,1.0
"beta_dist[Bleday, JJ]",1.741,0.177,1.431,2.086,0.002,0.002,7444.0,5905.0,1.0
"beta_dist[Burdick, Peyton]",2.101,0.25,1.637,2.588,0.002,0.003,10072.0,5567.0,1.0
"beta_dist[Carroll, Corbin]",1.85,0.168,1.546,2.171,0.002,0.002,7451.0,5519.0,1.0
"beta_dist[Suwinski, Jack]",1.813,0.164,1.492,2.112,0.002,0.002,8417.0,5974.0,1.0
"beta_dist[Bae, Ji Hwan]",2.058,0.24,1.624,2.518,0.002,0.003,9835.0,6222.0,1.0
"beta_dist[Yepez, Juan]",1.765,0.253,1.295,2.242,0.003,0.003,9041.0,6198.0,1.0
"beta_dist[Melendez, MJ]",2.384,0.16,2.065,2.665,0.002,0.002,6669.0,5854.0,1.0
"beta_dist[Mathias, Mark]",1.956,0.286,1.424,2.487,0.003,0.004,10045.0,5717.0,1.0
"beta_dist[Call, Alex]",2.268,0.151,1.991,2.555,0.002,0.002,6150.0,6049.0,1.0
"beta_dist[Contreras, Mark]",1.877,0.263,1.373,2.364,0.003,0.003,10180.0,6252.0,1.0
"beta_dist[Stowers, Kyle]",2.017,0.226,1.56,2.421,0.002,0.003,9506.0,5959.0,1.0
"beta_dist[Dubón, Mauricio]",2.033,0.21,1.643,2.424,0.002,0.002,8107.0,6002.0,1.0
"beta_dist[Calhoun, Kole]",2.033,0.195,1.653,2.39,0.002,0.002,9157.0,6004.0,1.0
"beta_dist[Moniak, Mickey]",1.796,0.203,1.411,2.167,0.002,0.002,7656.0,5760.0,1.0
"beta_dist[Garrett, Stone]",1.81,0.256,1.343,2.307,0.002,0.003,12214.0,5588.0,1.0
"beta_dist[Lopez, Alejo]",1.898,0.286,1.344,2.409,0.003,0.004,11696.0,5622.0,1.0
"beta_dist[Encarnacion, Jerar]",1.741,0.276,1.233,2.278,0.003,0.003,8988.0,5488.0,1.0
"beta_dist[Donovan, Brendan]",1.705,0.216,1.31,2.121,0.002,0.003,8849.0,5389.0,1.0
"beta_dist[Palacios, Richie]",2.232,0.21,1.821,2.61,0.002,0.002,8275.0,5695.0,1.0
"beta_dist[Garcia, Dérmis]",2.013,0.287,1.5,2.583,0.003,0.003,11419.0,6184.0,1.0
"beta_dist[McCarthy, Jake]",2.142,0.16,1.853,2.45,0.002,0.002,6199.0,6042.0,1.0
"beta_dist[Benson, Will]",2.032,0.178,1.704,2.365,0.002,0.002,8538.0,6413.0,1.0
"beta_dist[Thomas, Cody]",1.838,0.265,1.37,2.373,0.002,0.003,12251.0,6020.0,1.0
"beta_dist[Burleson, Alec]",1.934,0.199,1.555,2.303,0.002,0.002,8453.0,5520.0,1.0
"beta_dist[Carpenter, Kerry]",1.942,0.207,1.546,2.333,0.002,0.002,11049.0,5666.0,1.0
"beta_dist[Solak, Nick]",1.829,0.272,1.328,2.339,0.003,0.003,9382.0,5841.0,1.0
"beta_dist[Eaton, Nate]",1.623,0.255,1.14,2.103,0.003,0.003,9969.0,6225.0,1.0
"beta_dist[Gore, Terrance]",1.952,0.285,1.417,2.486,0.003,0.003,9356.0,5876.0,1.0
"beta_dist[Morel, Christopher]",1.689,0.219,1.276,2.096,0.002,0.002,9900.0,6055.0,1.0
"beta_dist[Florial, Estevan]",1.9,0.235,1.474,2.349,0.003,0.003,8480.0,5890.0,1.0
"beta_dist[Johnson, Bryce]",1.736,0.258,1.248,2.21,0.003,0.004,9816.0,5216.0,1.0
"beta_dist[Anderson, Brian]",1.478,0.243,1.004,1.91,0.002,0.003,9542.0,5789.0,1.0
"beta_dist[Stevenson, Cal]",1.549,0.242,1.072,1.98,0.003,0.003,7970.0,5720.0,1.0
"beta_dist[Ruiz, Esteury]",1.853,0.205,1.472,2.24,0.002,0.002,10240.0,6321.0,1.0
"beta_dist[Aguilar, Ryan]",1.913,0.283,1.38,2.45,0.003,0.004,9392.0,5589.0,1.0
"beta_dist[Maton, Nick]",1.908,0.267,1.416,2.426,0.003,0.003,8337.0,5589.0,1.0
"beta_dist[Sosa, Edmundo]",1.95,0.293,1.411,2.502,0.003,0.004,10355.0,5619.0,1.0
"beta_dist[Bernard, Wynton]",1.764,0.27,1.246,2.263,0.003,0.003,9916.0,6012.0,1.0
"beta_dist[Beckham, Tim]",1.969,0.286,1.451,2.514,0.003,0.004,9284.0,6040.0,1.0
"beta_dist[Celestino, Gilberto]",1.643,0.215,1.243,2.05,0.003,0.002,7393.0,5895.0,1.0
"beta_dist[Pratto, Nick]",1.961,0.257,1.483,2.457,0.003,0.003,9619.0,5746.0,1.0
"beta_dist[Hernandez, Elier]",1.955,0.29,1.418,2.498,0.003,0.004,10001.0,5543.0,1.0
"beta_dist[Piscotty, Stephen]",1.739,0.233,1.312,2.193,0.002,0.002,8908.0,6485.0,1.0
"beta_dist[Lewis, Kyle]",1.733,0.254,1.278,2.226,0.003,0.003,8573.0,5339.0,1.0
"beta_dist[Meneses, Joey]",1.79,0.254,1.313,2.272,0.003,0.003,10008.0,6215.0,1.0
"beta_dist[Outman, James]",1.827,0.199,1.448,2.191,0.002,0.002,9729.0,5845.0,1.0
"beta_dist[Reynolds, Matt]",1.871,0.283,1.336,2.395,0.003,0.003,7715.0,5478.0,1.0
"beta_dist[Madris, Bligh]",2.009,0.249,1.552,2.491,0.002,0.003,10258.0,5865.0,1.0
"beta_dist[Marsh, Brandon]",1.589,0.157,1.287,1.882,0.002,0.002,6728.0,5663.0,1.0
"beta_dist[Mercedes, Yermín]",1.914,0.29,1.38,2.468,0.003,0.003,9614.0,5882.0,1.0
"beta_dist[Carpenter, Matt]",1.972,0.275,1.478,2.508,0.003,0.003,10047.0,5602.0,1.0
"beta_dist[Soler, Jorge]",1.971,0.189,1.626,2.332,0.002,0.002,7399.0,6095.0,1.0
"beta_dist[Clemens, Kody]",1.782,0.285,1.258,2.323,0.003,0.003,8390.0,5986.0,1.0
"beta_dist[Harrison, Monte]",1.899,0.276,1.38,2.425,0.003,0.003,8457.0,5583.0,1.0
"beta_dist[Mazara, Nomar]",1.855,0.23,1.417,2.288,0.002,0.003,12661.0,6089.0,1.0
"beta_dist[Hummel, Cooper]",2.047,0.263,1.542,2.526,0.003,0.003,8482.0,5858.0,1.0
"beta_dist[Batten, Matthew]",1.922,0.292,1.369,2.466,0.003,0.004,11152.0,5867.0,1.0
"beta_dist[Alvarez, Eddy]",1.879,0.281,1.37,2.427,0.003,0.004,10860.0,5904.0,1.0
"beta_dist[Reyes, Franmil]",1.786,0.266,1.295,2.299,0.002,0.003,11363.0,5799.0,1.0
"beta_dist[Smith-Njigba, Canaan]",1.977,0.263,1.491,2.496,0.003,0.003,9440.0,6374.0,1.0
"beta_dist[Ramos, Heliot]",1.942,0.196,1.567,2.301,0.002,0.002,8676.0,6305.0,1.0
"beta_dist[Swaggerty, Travis]",1.915,0.291,1.38,2.461,0.003,0.003,11318.0,5876.0,1.0
"beta_dist[Walker, Steele]",2.061,0.281,1.558,2.605,0.003,0.003,9370.0,5693.0,1.0
"beta_dist[Plummer, Nick]",2.024,0.276,1.523,2.546,0.003,0.003,9283.0,5631.0,1.0
"beta_dist[Strange-Gordon, Dee]",1.914,0.283,1.41,2.457,0.002,0.003,13212.0,5975.0,1.0
"beta_dist[Rosario, Amed]",1.794,0.264,1.29,2.28,0.003,0.003,10429.0,6087.0,1.0
"beta_dist[Contreras, William]",1.911,0.292,1.364,2.478,0.003,0.004,10278.0,6094.0,1.0
"beta_dist[Demeritte, Travis]",2.124,0.256,1.632,2.59,0.003,0.003,10046.0,5683.0,1.0
"beta_dist[Mayfield, Jack]",1.889,0.285,1.353,2.426,0.003,0.003,8303.0,5874.0,1.0
"beta_dist[Walsh, Jared]",1.932,0.267,1.433,2.441,0.003,0.003,10414.0,6172.0,1.0
"beta_dist[Krizan, Jason]",1.906,0.283,1.376,2.442,0.003,0.003,10334.0,6001.0,1.0
"beta_dist[Mendick, Danny]",1.957,0.283,1.443,2.493,0.003,0.003,10928.0,6048.0,1.0
"beta_dist[Castellanos, Nick]",2.099,0.141,1.844,2.373,0.002,0.001,6976.0,6074.0,1.0
"beta_dist[Capel, Conner]",1.772,0.241,1.329,2.228,0.002,0.003,10672.0,6043.0,1.0
"beta_dist[Cruz, Oneil]",1.931,0.265,1.431,2.428,0.002,0.003,12328.0,5953.0,1.0
"beta_dist[Carter, Evan]",1.662,0.232,1.232,2.105,0.002,0.003,9784.0,5905.0,1.0
"beta_dist[Wallner, Matt]",1.787,0.206,1.419,2.2,0.002,0.003,12204.0,6343.0,1.0
"beta_dist[Canzone, Dominic]",1.806,0.235,1.369,2.258,0.002,0.003,8987.0,5773.0,1.0
"beta_dist[Jones, Nolan]",1.996,0.196,1.653,2.389,0.002,0.002,10313.0,6325.0,1.0
"beta_dist[Eden, Cam]",1.91,0.284,1.371,2.428,0.003,0.004,8782.0,5521.0,1.0
"beta_dist[Pache, Cristian]",1.892,0.184,1.529,2.219,0.002,0.002,6791.0,6118.0,1.0
"beta_dist[Abreu, Wilyer]",1.967,0.216,1.547,2.35,0.002,0.003,8913.0,5521.0,1.0
"beta_dist[Kjerstad, Heston]",1.799,0.275,1.27,2.298,0.003,0.003,10191.0,5293.0,1.0
"beta_dist[Grichuk, Randal]",1.785,0.153,1.484,2.063,0.002,0.002,6076.0,6052.0,1.0
"beta_dist[Conforto, Michael]",2.04,0.172,1.707,2.351,0.002,0.002,7909.0,5781.0,1.0
"beta_dist[Alu, Jake]",1.928,0.26,1.447,2.412,0.003,0.003,9568.0,5618.0,1.0
"beta_dist[Pereira, Everson]",1.974,0.262,1.495,2.474,0.003,0.003,10373.0,5857.0,1.0
"beta_dist[Soto, Juan]",2.042,0.143,1.786,2.318,0.002,0.001,6033.0,5997.0,1.0
"beta_dist[Matos, Luis]",1.877,0.215,1.482,2.283,0.002,0.002,10400.0,6259.0,1.0
"beta_dist[Blanco, Dairon]",1.983,0.219,1.562,2.387,0.002,0.003,8992.0,5954.0,1.0
"beta_dist[Senzel, Nick]",1.489,0.203,1.103,1.87,0.002,0.002,8327.0,5954.0,1.0
"beta_dist[Steer, Spencer]",2.05,0.212,1.666,2.454,0.002,0.002,8075.0,5813.0,1.0
"beta_dist[Hernández, Enrique]",2.154,0.183,1.799,2.487,0.002,0.002,6475.0,6222.0,1.0
"beta_dist[Yoshida, Masataka]",1.776,0.229,1.329,2.198,0.002,0.003,9608.0,5312.0,1.0
"beta_dist[Kiner-Falefa, Isiah]",1.919,0.232,1.496,2.363,0.003,0.003,7750.0,5615.0,1.0
"beta_dist[Yastrzemski, Mike]",1.512,0.151,1.231,1.799,0.002,0.002,6758.0,5955.0,1.0
"beta_dist[Wall, Forrest]",1.927,0.279,1.387,2.443,0.003,0.004,10138.0,5486.0,1.0
"beta_dist[Remillard, Zach]",1.935,0.276,1.391,2.422,0.003,0.003,9848.0,5278.0,1.0
"beta_dist[Haniger, Mitch]",1.902,0.163,1.612,2.224,0.002,0.002,7790.0,6135.0,1.0
"beta_dist[Frelick, Sal]",2.011,0.202,1.635,2.394,0.002,0.002,8522.0,5688.0,1.0
"beta_dist[Rutherford, Blake]",2.038,0.288,1.491,2.573,0.003,0.003,9646.0,5841.0,1.0
"beta_dist[Hampson, Garrett]",1.627,0.197,1.252,1.992,0.002,0.002,7219.0,6237.0,1.0
"beta_dist[Duran, Ezequiel]",1.923,0.244,1.474,2.381,0.003,0.003,9345.0,6750.0,1.0
"beta_dist[Adams, Jordyn]",1.851,0.259,1.368,2.334,0.003,0.003,9765.0,6362.0,1.0
"beta_dist[Sabol, Blake]",1.891,0.269,1.4,2.42,0.003,0.003,9752.0,6568.0,1.0
"beta_dist[Marlowe, Cade]",1.979,0.269,1.478,2.497,0.003,0.003,8750.0,5753.0,1.0
"beta_dist[Taylor, Samad]",1.807,0.267,1.316,2.314,0.003,0.003,10554.0,5774.0,1.0
"beta_dist[Greene, Riley]",2.013,0.18,1.699,2.374,0.002,0.002,7109.0,6231.0,1.0
"beta_dist[Meckler, Wade]",1.95,0.273,1.43,2.452,0.003,0.003,10859.0,5816.0,1.0
"beta_dist[Martínez, J.P.]",1.856,0.279,1.343,2.397,0.003,0.003,10150.0,5435.0,1.0
"beta_dist[Gonzalez, Oscar]",2.251,0.198,1.89,2.628,0.002,0.002,8488.0,6071.0,1.0
"beta_dist[Julks, Corey]",2.054,0.223,1.625,2.464,0.002,0.003,10319.0,6099.0,1.0
"beta_dist[Schneider, Davis]",1.895,0.24,1.445,2.342,0.002,0.003,9932.0,6046.0,1.0
"beta_dist[Siani, Michael]",2.064,0.21,1.672,2.457,0.002,0.002,8547.0,6604.0,1.0
"beta_dist[Hopkins, TJ]",1.736,0.276,1.217,2.243,0.003,0.003,7695.0,5519.0,1.0
"beta_dist[García, Avisaíl]",2.078,0.161,1.78,2.38,0.002,0.002,7670.0,5749.0,1.0
"beta_dist[Lukes, Nathan]",1.972,0.26,1.5,2.465,0.003,0.003,7818.0,6017.0,1.0
"beta_dist[Wilson, Weston]",1.999,0.276,1.484,2.517,0.003,0.003,8758.0,5814.0,1.0
"beta_dist[Cowser, Colton]",1.816,0.215,1.423,2.224,0.002,0.002,8691.0,5980.0,1.0
"beta_dist[Perkins, Blake]",1.683,0.216,1.267,2.069,0.002,0.002,8875.0,6297.0,1.0
"beta_dist[Rengifo, Luis]",1.944,0.259,1.47,2.433,0.003,0.003,10539.0,6457.0,1.0
"beta_dist[Chavis, Michael]",1.952,0.289,1.407,2.497,0.003,0.003,8660.0,5952.0,1.0
"beta_dist[Kohlwey, Taylor]",1.922,0.293,1.399,2.494,0.003,0.003,9363.0,5647.0,1.0
"beta_dist[Lopez, Nicky]",1.895,0.284,1.342,2.416,0.003,0.003,11253.0,6079.0,1.0
"beta_dist[DeLuca, Jonny]",2.254,0.194,1.885,2.613,0.002,0.002,7201.0,5461.0,1.0
"beta_dist[Walker, Jordan]",2.033,0.209,1.639,2.423,0.002,0.002,9280.0,6199.0,1.0
"beta_dist[Fry, David]",1.872,0.26,1.407,2.383,0.003,0.003,10350.0,5265.0,1.0
"beta_dist[Fletcher, Dominic]",1.855,0.212,1.451,2.238,0.002,0.002,8796.0,6371.0,1.0
"beta_dist[Freeman, Tyler]",2.0,0.236,1.56,2.446,0.002,0.003,9047.0,6133.0,1.0
"beta_dist[Heyward, Jason]",1.818,0.176,1.47,2.127,0.002,0.002,7970.0,6080.0,1.0
"beta_dist[Noda, Ryan]",1.936,0.288,1.385,2.465,0.003,0.004,9803.0,5436.0,1.0
"beta_dist[Miller, Owen]",1.923,0.287,1.403,2.482,0.003,0.003,9544.0,5866.0,1.0
"beta_dist[Guthrie, Dalton]",1.849,0.268,1.356,2.361,0.003,0.003,9951.0,6049.0,1.0
"beta_dist[Mastrobuoni, Miles]",1.853,0.283,1.333,2.384,0.003,0.004,11471.0,5927.0,1.0
"beta_dist[Wiemer, Joey]",1.966,0.212,1.578,2.374,0.002,0.002,8583.0,5359.0,1.0
"beta_dist[Wisely, Brett]",1.844,0.272,1.323,2.344,0.002,0.004,12816.0,5749.0,1.0
"beta_dist[Toglia, Michael]",1.798,0.24,1.35,2.241,0.002,0.003,10146.0,5930.0,1.0
"beta_dist[Chourio, Jackson]",2.034,0.225,1.602,2.448,0.002,0.003,9057.0,5949.0,1.0
"beta_dist[Laureano, Ramón]",1.869,0.165,1.57,2.186,0.002,0.002,10074.0,6106.0,1.0
"beta_dist[DeLoach, Zach]",1.777,0.271,1.267,2.276,0.003,0.003,9268.0,5938.0,1.0
"beta_dist[Dunn, Blake]",1.896,0.282,1.352,2.4,0.003,0.003,10094.0,5836.0,1.0
"beta_dist[Beck, Jordan]",2.211,0.246,1.76,2.684,0.003,0.003,8491.0,6052.0,1.0
"beta_dist[Langford, Wyatt]",2.023,0.215,1.593,2.407,0.002,0.002,10159.0,5935.0,1.0
"beta_dist[Collins, Isaac]",1.801,0.282,1.285,2.333,0.003,0.003,9961.0,5900.0,1.0
"beta_dist[Martin, Austin]",1.555,0.24,1.117,2.028,0.003,0.003,7930.0,5958.0,1.0
"beta_dist[Domínguez, Jasson]",1.788,0.275,1.227,2.259,0.003,0.003,10808.0,5727.0,1.0
"beta_dist[Schuemann, Max]",1.892,0.291,1.346,2.426,0.003,0.003,11379.0,6269.0,1.0
"beta_dist[Loperfido, Joey]",2.265,0.218,1.86,2.675,0.002,0.002,8342.0,6602.0,1.0
"beta_dist[Conine, Griffin]",1.722,0.269,1.22,2.228,0.003,0.003,10318.0,5997.0,1.0
"beta_dist[Wood, James]",1.859,0.237,1.425,2.308,0.002,0.003,9216.0,6141.0,1.0
"beta_dist[Cook, Billy]",1.858,0.272,1.332,2.339,0.003,0.003,10161.0,6127.0,1.0
"beta_dist[Robles, Victor]",1.448,0.18,1.119,1.792,0.002,0.002,6916.0,6009.0,1.0
"beta_dist[Martínez, Angel]",1.733,0.253,1.259,2.21,0.003,0.003,9901.0,6126.0,1.0
"beta_dist[Pages, Andy]",1.824,0.233,1.385,2.251,0.002,0.003,9780.0,5842.0,1.0
"beta_dist[Myers, Dane]",2.032,0.244,1.597,2.51,0.003,0.003,9095.0,5332.0,1.0
"beta_dist[Fabian, Sandro]",1.919,0.284,1.38,2.453,0.003,0.003,11042.0,5629.0,1.0
"beta_dist[Hill, Derek]",1.895,0.197,1.535,2.272,0.002,0.002,9101.0,6193.0,1.0
"beta_dist[Hinds, Rece]",2.059,0.274,1.555,2.587,0.003,0.003,10547.0,5770.0,1.0
"beta_dist[Taylor, Michael A.]",2.123,0.143,1.864,2.399,0.002,0.001,6500.0,5883.0,1.0
"beta_dist[Yorke, Nick]",1.897,0.29,1.341,2.429,0.003,0.003,8995.0,5906.0,1.0
"beta_dist[Campero, Gustavo]",1.939,0.282,1.412,2.473,0.003,0.004,11478.0,5896.0,1.0
"beta_dist[Lockridge, Brandon]",1.908,0.284,1.382,2.443,0.003,0.004,10638.0,5540.0,1.0
"beta_dist[Sanoja, Javier]",1.922,0.284,1.406,2.473,0.003,0.003,9508.0,6156.0,1.0
"beta_dist[Newman, Kevin]",1.918,0.292,1.363,2.461,0.003,0.004,11838.0,6067.0,1.0
"beta_dist[Schneemann, Daniel]",1.753,0.265,1.267,2.266,0.003,0.003,11062.0,5277.0,1.0
"beta_dist[Barger, Addison]",1.929,0.256,1.422,2.393,0.003,0.003,10370.0,5674.0,1.0
"beta_dist[Pérez, Wenceel]",1.785,0.243,1.339,2.263,0.002,0.003,10468.0,5620.0,1.0
"beta_dist[Alvarez, Armando]",1.91,0.286,1.396,2.474,0.003,0.004,12926.0,5559.0,1.0
"beta_dist[Wagaman, Eric]",1.921,0.292,1.359,2.452,0.003,0.004,8848.0,5937.0,1.0
"beta_dist[Helman, Michael]",1.912,0.287,1.379,2.438,0.003,0.003,10327.0,6386.0,1.0
"beta_dist[Scott II, Victor]",1.994,0.248,1.534,2.462,0.003,0.003,8573.0,5695.0,1.0
"beta_dist[Ellis, Duke]",1.939,0.287,1.404,2.484,0.003,0.003,11368.0,5924.0,1.0
"beta_dist[Barrosa, Jorge]",1.879,0.286,1.346,2.412,0.003,0.003,10005.0,5106.0,1.0
"beta_dist[Malloy, Justyn-Henry]",2.03,0.27,1.515,2.531,0.003,0.003,9406.0,5665.0,1.0
"beta_dist[Misner, Kameron]",1.944,0.287,1.401,2.473,0.003,0.003,9744.0,5775.0,1.0
"beta_dist[Espinal, Santiago]",1.933,0.284,1.397,2.464,0.003,0.003,9475.0,6075.0,1.0
"beta_dist[Cabbage, Trey]",1.822,0.273,1.306,2.325,0.003,0.003,9225.0,5661.0,1.0
"beta_dist[Judge, Aaron]",2.026,0.133,1.777,2.272,0.002,0.001,6317.0,5374.0,1.0
"beta_dist[Berroa, Steward]",1.863,0.273,1.369,2.396,0.003,0.003,10199.0,5724.0,1.0
"beta_dist[Goodman, Hunter]",2.038,0.249,1.546,2.49,0.003,0.003,8516.0,5558.0,1.0
"beta_dist[Lopez, Otto]",1.92,0.289,1.382,2.477,0.003,0.004,8823.0,5755.0,1.0
"beta_dist[Clase, Jonatan]",1.963,0.263,1.449,2.441,0.003,0.003,10974.0,5850.0,1.0
"beta_dist[Loftin, Nick]",1.921,0.291,1.355,2.455,0.003,0.003,8214.0,5978.0,1.0
"beta_dist[Jordan, Levi]",1.872,0.281,1.33,2.395,0.003,0.003,9067.0,5871.0,1.0
"beta_dist[Jones, Jahmai]",1.969,0.279,1.445,2.488,0.003,0.003,10089.0,5840.0,1.0
"beta_dist[Hurtubise, Jacob]",1.827,0.271,1.334,2.353,0.003,0.003,9197.0,6495.0,1.0
"beta_dist[Bruján, Vidal]",1.975,0.258,1.505,2.481,0.002,0.003,10767.0,5588.0,1.0
"beta_dist[Tucker, Cole]",1.733,0.276,1.199,2.241,0.003,0.003,11115.0,5280.0,1.0
"beta_dist[Bellinger, Cody]",1.986,0.162,1.689,2.293,0.002,0.002,7159.0,5579.0,1.0
"beta_dist[Arias, Gabriel]",1.839,0.26,1.341,2.315,0.003,0.003,9281.0,5992.0,1.0
"beta_dist[Toro, Abraham]",1.916,0.284,1.368,2.44,0.003,0.003,10971.0,6153.0,1.0
"beta_dist[Fitzgerald, Tyler]",1.757,0.261,1.281,2.258,0.003,0.003,10860.0,5181.0,1.0
"beta_dist[Monasterio, Andruw]",1.92,0.288,1.39,2.454,0.003,0.003,10756.0,5544.0,1.0
"beta_dist[Canario, Alexander]",1.896,0.277,1.388,2.426,0.003,0.003,9384.0,5021.0,1.0
"beta_dist[Cooper, Garrett]",1.901,0.268,1.408,2.398,0.003,0.003,9602.0,5633.0,1.0
"beta_dist[Kiermaier, Kevin]",1.993,0.161,1.699,2.299,0.002,0.002,5940.0,6103.0,1.0
"beta_dist[Cain, Lorenzo]",1.801,0.241,1.352,2.253,0.002,0.003,9336.0,6041.0,1.0
"beta_dist[Robert Jr., Luis]",1.926,0.163,1.62,2.231,0.002,0.002,6867.0,6372.0,1.0
"beta_dist[Bader, Harrison]",1.79,0.161,1.485,2.088,0.002,0.002,7539.0,5793.0,1.0
"beta_dist[Marte, Starling]",2.032,0.166,1.73,2.358,0.002,0.002,7484.0,5251.0,1.0
"beta_dist[Buxton, Byron]",1.354,0.191,0.995,1.71,0.002,0.002,6730.0,6106.0,1.0
"beta_dist[Grisham, Trent]",1.953,0.163,1.654,2.26,0.002,0.002,6280.0,5833.0,1.0
"beta_dist[Straw, Myles]",1.331,0.154,1.042,1.623,0.002,0.002,6983.0,5834.0,1.0
"beta_dist[Springer, George]",2.153,0.171,1.832,2.476,0.002,0.002,7067.0,5829.0,1.0
"beta_dist[Mullins, Cedric]",1.658,0.148,1.363,1.916,0.002,0.001,6548.0,6125.0,1.0
"beta_dist[Renfroe, Hunter]",1.855,0.154,1.568,2.147,0.002,0.002,5645.0,6111.0,1.0
"beta_dist[Taveras, Leody]",2.095,0.157,1.806,2.391,0.002,0.002,6372.0,5763.0,1.0
"beta_dist[Tatis Jr., Fernando]",1.789,0.178,1.452,2.114,0.002,0.002,8414.0,5894.0,1.0
"beta_dist[Barrero, José]",1.781,0.263,1.285,2.279,0.003,0.003,10050.0,5881.0,1.0
"beta_dist[Betts, Mookie]",1.984,0.17,1.653,2.294,0.002,0.002,7288.0,5414.0,1.0
"beta_dist[Marte, Ketel]",2.139,0.22,1.716,2.547,0.002,0.002,10022.0,6188.0,1.0
"beta_dist[Kepler, Max]",1.626,0.163,1.329,1.931,0.002,0.002,8918.0,5986.0,1.0
"beta_dist[Tucker, Kyle]",1.878,0.153,1.589,2.167,0.002,0.002,7058.0,5955.0,1.0
"beta_dist[Heath, Nick]",1.928,0.273,1.416,2.439,0.003,0.003,9213.0,5664.0,1.0
"beta_dist[Torreyes, Ronald]",1.938,0.284,1.401,2.479,0.003,0.003,8204.0,5360.0,1.0
"beta_dist[Trout, Mike]",1.989,0.192,1.623,2.336,0.002,0.002,8028.0,5776.0,1.0
"beta_dist[Andreoli, John]",1.861,0.284,1.326,2.381,0.003,0.003,10372.0,6405.0,1.0
"beta_dist[Acuña Jr., Ronald]",1.954,0.174,1.649,2.301,0.002,0.002,8805.0,6196.0,1.0
"beta_dist[Difo, Wilmer]",2.057,0.284,1.535,2.616,0.003,0.003,10094.0,5995.0,1.0
"beta_dist[Fowler, Dustin]",2.244,0.272,1.752,2.772,0.003,0.003,9268.0,5873.0,1.0
"beta_dist[Hurst, Scott]",1.92,0.291,1.393,2.494,0.003,0.004,11239.0,5656.0,1.0
"beta_dist[Rodríguez, Julio]",1.772,0.171,1.468,2.112,0.002,0.002,8183.0,6381.0,1.0
"beta_dist[Harris II, Michael]",1.56,0.176,1.241,1.897,0.002,0.002,8096.0,5933.0,1.0
"beta_dist[DeLuzio, Ben]",1.875,0.281,1.362,2.431,0.003,0.003,9626.0,6004.0,1.0
"beta_dist[Mitchell, Garrett]",2.012,0.228,1.57,2.427,0.003,0.002,7508.0,5928.0,1.0
"beta_dist[Kreidler, Ryan]",1.919,0.284,1.383,2.453,0.003,0.004,11046.0,5051.0,1.0
"beta_dist[Thomas, Alek]",1.742,0.172,1.422,2.071,0.002,0.002,6364.0,4983.0,1.0
"beta_dist[Crook, Narciso]",1.875,0.29,1.335,2.417,0.003,0.004,9966.0,5372.0,1.0
"beta_dist[Lee, Khalil]",1.899,0.285,1.358,2.431,0.003,0.003,10066.0,5423.0,1.0
"beta_dist[Lewis, Royce]",1.914,0.282,1.366,2.423,0.003,0.003,9676.0,6173.0,1.0
"beta_dist[Hicklen, Brewer]",1.886,0.283,1.337,2.42,0.003,0.003,9360.0,5667.0,1.0
"beta_dist[Edman, Tommy]",2.065,0.222,1.643,2.468,0.002,0.002,8540.0,6590.0,1.0
"beta_dist[Whitefield, Aaron]",1.966,0.284,1.414,2.478,0.003,0.003,9363.0,5654.0,1.0
"beta_dist[McDonald, Mickey]",1.913,0.289,1.366,2.454,0.003,0.003,10101.0,6146.0,1.0
"beta_dist[Muzziotti, Símon]",1.956,0.284,1.436,2.506,0.003,0.003,10474.0,5968.0,1.0
"beta_dist[Rojas, Johan]",1.842,0.204,1.455,2.218,0.002,0.002,8123.0,6212.0,1.0
"beta_dist[Doyle, Brenton]",1.673,0.168,1.363,1.995,0.002,0.002,7259.0,6247.0,1.0
"beta_dist[Chisholm Jr., Jazz]",2.126,0.198,1.762,2.507,0.002,0.002,7774.0,6313.0,1.0
"beta_dist[Young, Jacob]",1.781,0.202,1.416,2.168,0.002,0.002,8592.0,5957.0,1.0
"beta_dist[Meadows, Parker]",2.082,0.222,1.681,2.515,0.002,0.003,8124.0,6073.0,1.0
"beta_dist[Rafaela, Ceddanne]",1.322,0.226,0.888,1.741,0.002,0.003,8319.0,6012.0,1.0
"beta_dist[Butler, Lawrence]",1.723,0.22,1.301,2.127,0.002,0.003,8536.0,5655.0,1.0
"beta_dist[Crow-Armstrong, Pete]",1.86,0.197,1.496,2.236,0.002,0.002,9475.0,6077.0,1.0
"beta_dist[Paris, Kyren]",1.91,0.282,1.384,2.43,0.003,0.003,9268.0,5781.0,1.0
"beta_dist[Colás, Oscar]",1.982,0.226,1.563,2.413,0.002,0.003,10282.0,5906.0,1.0
"beta_dist[Velazquez, Andrew]",1.922,0.29,1.395,2.48,0.003,0.003,11678.0,5677.0,1.0
"beta_dist[Short, Zack]",1.977,0.286,1.481,2.545,0.003,0.003,8677.0,6333.0,1.0
"beta_dist[Edwards, Xavier]",1.898,0.293,1.345,2.439,0.003,0.004,10698.0,5558.0,1.0
"beta_dist[Merrill, Jackson]",1.566,0.228,1.141,1.99,0.003,0.003,7411.0,5905.0,1.0
"beta_dist[Keirsey Jr., DaShawn]",1.834,0.285,1.312,2.379,0.003,0.004,11855.0,5052.0,1.0
"beta_dist[McCray, Grant]",2.001,0.263,1.496,2.488,0.003,0.003,8712.0,5890.0,1.0
"beta_dist[Crews, Dylan]",2.003,0.256,1.512,2.473,0.002,0.003,10536.0,5920.0,1.0
"beta_dist[Teodosio, Bryce]",1.841,0.284,1.327,2.398,0.003,0.003,10123.0,6198.0,1.0
"beta_dist[Lee, Jung Hoo]",1.919,0.266,1.407,2.4,0.003,0.003,10720.0,5992.0,1.0
"beta_dist[Harper, Bryce]",1.678,0.188,1.321,2.031,0.002,0.002,7856.0,5508.0,1.0
"beta_dist[Blackmon, Charlie]",1.532,0.179,1.186,1.855,0.002,0.002,10187.0,6286.0,1.0
"beta_dist[Motter, Taylor]",1.908,0.296,1.37,2.472,0.003,0.004,10780.0,5900.0,1.0
"beta_dist[Polanco, Gregory]",1.914,0.219,1.504,2.319,0.002,0.002,9714.0,6197.0,1.0
"beta_dist[Amburgey, Trey]",1.896,0.286,1.358,2.443,0.003,0.003,9865.0,5879.0,1.0
"beta_dist[Lorenzen, Michael]",1.917,0.293,1.385,2.481,0.003,0.003,10444.0,6139.0,1.0
"beta_dist[Naylor, Josh]",1.856,0.239,1.401,2.302,0.002,0.003,9626.0,6193.0,1.0
"beta_dist[Fisher, Derek]",1.898,0.287,1.334,2.424,0.003,0.003,9574.0,5889.0,1.0
"beta_dist[Astudillo, Willians]",1.932,0.283,1.389,2.471,0.003,0.003,10196.0,5987.0,1.0
"beta_dist[Stokes Jr., Troy]",1.903,0.278,1.403,2.445,0.003,0.003,9087.0,5583.0,1.0
"beta_dist[Kivlehan, Patrick]",1.92,0.292,1.383,2.47,0.003,0.004,10618.0,5601.0,1.0
"beta_dist[Riley, Austin]",1.945,0.287,1.424,2.499,0.003,0.003,9837.0,5819.0,1.0
"beta_dist[Owen, Hunter]",1.961,0.286,1.413,2.501,0.003,0.004,10761.0,5756.0,1.0
"beta_dist[Ray, Corey]",1.907,0.286,1.345,2.424,0.003,0.004,9922.0,5892.0,1.0
"beta_dist[Fowler, Dexter]",1.908,0.286,1.365,2.439,0.003,0.003,7148.0,5419.0,1.0
"beta_dist[Suzuki, Seiya]",1.891,0.179,1.569,2.241,0.002,0.002,8246.0,6090.0,1.0
"beta_dist[Davis, Brendon]",1.948,0.294,1.39,2.484,0.003,0.003,10355.0,5657.0,1.0
"beta_dist[Dixon, Brandon]",1.924,0.281,1.381,2.434,0.003,0.003,9954.0,6084.0,1.0
"beta_dist[Mitchell, Cal]",1.761,0.247,1.31,2.239,0.002,0.003,9784.0,5906.0,1.0
"beta_dist[Castillo, Diego]",1.762,0.264,1.261,2.249,0.003,0.003,8057.0,6002.0,1.0
"beta_dist[Díaz, Yusniel]",1.924,0.288,1.384,2.461,0.003,0.003,10138.0,5885.0,1.0
"beta_dist[Arroyo, Christian]",1.768,0.267,1.257,2.265,0.003,0.003,9412.0,5824.0,1.0
"beta_dist[Wilson, Marcus]",1.947,0.288,1.39,2.478,0.003,0.003,10905.0,5805.0,1.0
"beta_dist[Alberto, Hanser]",1.922,0.289,1.386,2.464,0.003,0.003,10889.0,5735.0,1.0
"beta_dist[Abrams, CJ]",1.917,0.288,1.366,2.438,0.003,0.003,10787.0,6284.0,1.0
"beta_dist[Lopes, Christian]",1.912,0.287,1.368,2.445,0.003,0.003,9104.0,5746.0,1.0
"beta_dist[Jackson, Drew]",1.899,0.282,1.36,2.427,0.003,0.003,8744.0,6154.0,1.0
"beta_dist[Basabe, Osleivis]",1.888,0.288,1.326,2.418,0.003,0.003,8875.0,6235.0,1.0
"beta_dist[Davis, Henry]",1.956,0.247,1.502,2.438,0.003,0.003,8794.0,5387.0,1.0
"beta_dist[Encarnacion-Strand, Christian]",1.918,0.293,1.373,2.457,0.003,0.004,11729.0,6057.0,1.0
"beta_dist[Odor, Rougned]",1.872,0.283,1.343,2.403,0.003,0.003,9479.0,5842.0,1.0
"beta_dist[Noel, Jhonkensy]",1.963,0.264,1.453,2.44,0.003,0.003,9941.0,6033.0,1.0
"beta_dist[Alcántara, Kevin]",1.91,0.277,1.378,2.42,0.003,0.003,10333.0,6251.0,1.0
"beta_dist[Garcia, Maikel]",1.914,0.282,1.413,2.467,0.003,0.003,9872.0,6051.0,1.0
"beta_dist[Gentry, Tyler]",1.919,0.29,1.365,2.452,0.003,0.003,11190.0,5843.0,1.0
"beta_dist[León, Pedro]",1.893,0.283,1.367,2.426,0.003,0.003,9026.0,6186.0,1.0
"beta_dist[Triolo, Jared]",1.913,0.29,1.346,2.437,0.003,0.003,10377.0,5828.0,1.0
"beta_dist[Rodríguez, Johnathan]",1.91,0.271,1.382,2.391,0.003,0.003,9322.0,6057.0,1.0
"beta_dist[Jones, Greg]",1.881,0.287,1.342,2.422,0.003,0.004,12594.0,5999.0,1.0
"beta_dist[Dalbec, Bobby]",1.919,0.292,1.363,2.461,0.003,0.004,11730.0,5940.0,1.0
