,mean,sd,hdi_3%,hdi_97%,mcse_mean,mcse_sd,ess_bulk,ess_tail,r_hat
"alpha[Gonzalez, Marwin]",-2.021,0.245,-2.47,-1.557,0.002,0.003,12175.0,6359.0,1.0
"alpha[Gardner, Brett]",-1.992,0.168,-2.307,-1.669,0.001,0.002,12965.0,6645.0,1.0
"alpha[Hernández, Enrique]",-1.813,0.264,-2.322,-1.333,0.002,0.003,12807.0,5969.0,1.0
"alpha[Schwarber, Kyle]",-2.826,0.215,-3.227,-2.417,0.002,0.002,12882.0,6319.0,1.0
"alpha[Jay, Jon]",-2.319,0.234,-2.768,-1.88,0.002,0.003,14567.0,6891.0,1.0
"alpha[Ethier, Andre]",-2.604,0.498,-3.54,-1.675,0.004,0.006,12831.0,6182.0,1.0
"alpha[Maybin, Cameron]",-1.698,0.195,-2.056,-1.322,0.002,0.002,11427.0,6253.0,1.0
"alpha[Werth, Jayson]",-2.658,0.348,-3.293,-1.998,0.003,0.004,15378.0,6890.0,1.0
"alpha[Zobrist, Ben]",-2.36,0.287,-2.906,-1.829,0.003,0.003,12855.0,6509.0,1.0
"alpha[Kendrick, Howie]",-2.148,0.362,-2.812,-1.47,0.003,0.004,13802.0,6515.0,1.0
"alpha[Jackson, Austin]",-2.179,0.249,-2.65,-1.715,0.002,0.003,13455.0,6382.0,1.0
"alpha[Peralta, David]",-2.786,0.22,-3.182,-2.363,0.002,0.002,12371.0,6087.0,1.0
"alpha[Benintendi, Andrew]",-2.536,0.195,-2.895,-2.169,0.002,0.002,12670.0,6051.0,1.0
"alpha[Chisenhall, Lonnie]",-2.669,0.329,-3.277,-2.047,0.003,0.004,14844.0,6299.0,1.0
"alpha[Duvall, Adam]",-2.829,0.234,-3.268,-2.396,0.002,0.002,13397.0,6713.0,1.0
"alpha[Liriano, Rymer]",-1.952,0.533,-2.988,-0.992,0.005,0.007,13308.0,5555.0,1.0
"alpha[Dickerson, Corey]",-2.007,0.214,-2.416,-1.621,0.002,0.002,12827.0,6771.0,1.0
"alpha[Mancini, Trey]",-2.833,0.239,-3.287,-2.385,0.002,0.002,13527.0,7137.0,1.0
"alpha[Peterson, Jace]",-2.662,0.332,-3.297,-2.053,0.003,0.004,14430.0,6601.0,1.0
"alpha[Suzuki, Ichiro]",-2.595,0.371,-3.32,-1.936,0.003,0.004,13487.0,6056.0,1.0
"alpha[Dietrich, Derek]",-2.963,0.346,-3.579,-2.28,0.003,0.004,13588.0,6383.0,1.0
"alpha[Gordon, Alex]",-2.703,0.194,-3.055,-2.337,0.002,0.002,12995.0,6542.0,1.0
"alpha[Happ, Ian]",-2.033,0.239,-2.47,-1.574,0.002,0.003,12352.0,6576.0,1.0
"alpha[Granderson, Curtis]",-2.196,0.213,-2.582,-1.778,0.002,0.002,13394.0,6686.0,1.0
"alpha[Parra, Gerardo]",-2.744,0.245,-3.204,-2.292,0.002,0.003,12462.0,6292.0,1.0
"alpha[Rosario, Eddie]",-2.746,0.198,-3.11,-2.362,0.002,0.002,13148.0,6683.0,1.0
"alpha[Frazier, Clint]",-2.952,0.308,-3.538,-2.399,0.003,0.003,12832.0,6453.0,1.0
"alpha[Carrera, Ezequiel]",-2.538,0.317,-3.151,-1.955,0.003,0.003,11882.0,6272.0,1.0
"alpha[Gamel, Ben]",-2.342,0.208,-2.731,-1.949,0.002,0.002,13011.0,6504.0,1.0
"alpha[Upton, Justin]",-2.83,0.221,-3.265,-2.43,0.002,0.003,13236.0,5835.0,1.0
"alpha[Blash, Jabari]",-2.579,0.349,-3.23,-1.925,0.003,0.004,13966.0,6842.0,1.0
"alpha[Parker, Jarrett]",-2.611,0.373,-3.325,-1.949,0.003,0.004,13274.0,6326.0,1.0
"alpha[Marte, Starling]",-1.635,0.165,-1.94,-1.32,0.001,0.002,12382.0,6203.0,1.0
"alpha[Davis, Khris]",-2.334,0.284,-2.854,-1.793,0.003,0.003,12671.0,6451.0,1.0
"alpha[Calhoun, Willie]",-2.876,0.323,-3.458,-2.249,0.003,0.003,12851.0,6709.0,1.0
"alpha[Hicks, Aaron]",-1.443,0.18,-1.783,-1.113,0.002,0.002,10846.0,6620.0,1.0
"alpha[Pederson, Joc]",-2.616,0.231,-3.068,-2.199,0.002,0.003,12772.0,6126.0,1.0
"alpha[Reddick, Josh]",-2.588,0.225,-2.991,-2.143,0.002,0.003,12320.0,5814.0,1.0
"alpha[Locastro, Tim]",-2.011,0.301,-2.562,-1.423,0.003,0.004,14128.0,5397.0,1.0
"alpha[Verdugo, Alex]",-1.973,0.245,-2.428,-1.517,0.002,0.003,13339.0,7128.0,1.0
"alpha[Davis, Rajai]",-1.961,0.257,-2.439,-1.472,0.002,0.003,14522.0,6497.0,1.0
"alpha[White, Tyler]",-2.644,0.553,-3.685,-1.612,0.004,0.007,18603.0,5596.0,1.0
"alpha[Adrianza, Ehire]",-2.411,0.445,-3.257,-1.598,0.004,0.005,15007.0,6253.0,1.0
"alpha[Presley, Alex]",-2.347,0.34,-2.957,-1.686,0.003,0.004,14620.0,6383.0,1.0
"alpha[Luplow, Jordan]",-2.687,0.286,-3.225,-2.14,0.002,0.004,15118.0,6331.0,1.0
"alpha[Herrmann, Chris]",-2.586,0.443,-3.445,-1.801,0.004,0.005,13502.0,6537.0,1.0
"alpha[Spangenberg, Cory]",-2.513,0.447,-3.339,-1.654,0.004,0.005,15938.0,5887.0,1.0
"alpha[Jankowski, Travis]",-1.923,0.308,-2.486,-1.325,0.003,0.004,12756.0,6375.0,1.0
"alpha[Rua, Ryan]",-2.253,0.327,-2.832,-1.613,0.003,0.003,14325.0,6847.0,1.0
"alpha[Nimmo, Brandon]",-2.292,0.22,-2.721,-1.892,0.002,0.002,11194.0,6322.0,1.0
"alpha[Altherr, Aaron]",-2.517,0.255,-3.018,-2.063,0.002,0.003,12738.0,6646.0,1.0
"alpha[Braun, Ryan]",-2.956,0.259,-3.442,-2.474,0.002,0.003,12999.0,6266.0,1.0
"alpha[Grichuk, Randal]",-2.359,0.191,-2.721,-2.002,0.002,0.002,13048.0,6352.0,1.0
"alpha[Romine, Andrew]",-2.619,0.319,-3.223,-2.02,0.003,0.003,14970.0,6508.0,1.0
"alpha[Delmonico, Nicky]",-2.342,0.3,-2.916,-1.796,0.003,0.003,14017.0,6644.0,1.0
"alpha[Puello, César]",-1.821,0.345,-2.451,-1.142,0.003,0.004,14251.0,6804.0,1.0
"alpha[Moore, Tyler]",-2.434,0.527,-3.401,-1.409,0.005,0.006,13599.0,6209.0,1.0
"alpha[Johnson, Micah]",-2.388,0.57,-3.464,-1.332,0.004,0.008,17290.0,5486.0,1.0
"alpha[Canha, Mark]",-2.324,0.222,-2.742,-1.919,0.002,0.003,13996.0,6436.0,1.0
"alpha[Pham, Tommy]",-2.431,0.207,-2.813,-2.037,0.002,0.002,12449.0,6286.0,1.0
"alpha[Tauchman, Mike]",-2.327,0.298,-2.885,-1.772,0.003,0.003,12900.0,6652.0,1.0
"alpha[Fisher, Derek]",-1.956,0.299,-2.489,-1.371,0.003,0.003,14389.0,6862.0,1.0
"alpha[Desmond, Ian]",-2.567,0.271,-3.06,-2.05,0.003,0.003,11740.0,6505.0,1.0
"alpha[Aoki, Norichika]",-2.534,0.324,-3.176,-1.965,0.003,0.004,14367.0,6383.0,1.0
"alpha[Sierra, Magneuris]",-2.255,0.305,-2.804,-1.656,0.003,0.003,13665.0,6463.0,1.0
"alpha[Thames, Eric]",-2.685,0.378,-3.392,-1.986,0.003,0.004,16051.0,6342.0,1.0
"alpha[De Aza, Alejandro]",-2.205,0.464,-3.076,-1.344,0.004,0.005,15082.0,6492.0,1.0
"alpha[Almonte, Abraham]",-2.373,0.294,-2.919,-1.825,0.002,0.003,14544.0,6872.0,1.0
"alpha[Gimenez, Chris]",-2.427,0.547,-3.47,-1.441,0.004,0.007,14924.0,5360.0,1.0
"alpha[Garver, Mitch]",-2.297,0.567,-3.285,-1.157,0.004,0.008,17025.0,5599.0,1.0
"alpha[Revere, Ben]",-2.124,0.336,-2.747,-1.479,0.003,0.004,14755.0,6651.0,1.0
"alpha[Adams, Lane]",-2.279,0.378,-2.983,-1.557,0.003,0.004,14287.0,6775.0,1.0
"alpha[Ozuna, Marcell]",-2.857,0.215,-3.283,-2.473,0.002,0.002,12576.0,6606.0,1.0
"alpha[Hernández, Teoscar]",-2.159,0.213,-2.537,-1.748,0.002,0.002,12136.0,6756.0,1.0
"alpha[Rickard, Joey]",-1.543,0.233,-1.98,-1.099,0.002,0.002,13885.0,6793.0,1.0
"alpha[Lind, Adam]",-2.48,0.435,-3.303,-1.671,0.004,0.005,13224.0,5629.0,1.0
"alpha[Young, Chris]",-2.718,0.344,-3.348,-2.063,0.003,0.004,15469.0,6315.0,1.0
"alpha[Bellinger, Cody]",-1.78,0.207,-2.189,-1.414,0.002,0.002,12834.0,5826.0,1.0
"alpha[Mazara, Nomar]",-2.908,0.217,-3.313,-2.501,0.002,0.003,13474.0,6210.0,1.0
"alpha[Hoskins, Rhys]",-2.815,0.293,-3.378,-2.282,0.003,0.003,12542.0,6484.0,1.0
"alpha[Bourjos, Peter]",-1.323,0.326,-1.933,-0.722,0.003,0.004,13698.0,6638.0,1.0
"alpha[Negrón, Kristopher]",-2.322,0.425,-3.118,-1.515,0.004,0.005,14220.0,6024.0,1.0
"alpha[Williamson, Mac]",-2.576,0.318,-3.15,-1.968,0.003,0.004,13836.0,6264.0,1.0
"alpha[DeShields, Delino]",-1.627,0.169,-1.962,-1.323,0.002,0.002,12133.0,6024.0,1.0
"alpha[Granite, Zack]",-1.463,0.369,-2.17,-0.782,0.003,0.004,13715.0,6427.0,1.0
"alpha[Kemp, Tony]",-2.391,0.293,-2.943,-1.84,0.002,0.003,14186.0,6182.0,1.0
"alpha[Ervin, Phillip]",-2.372,0.256,-2.856,-1.902,0.002,0.003,12603.0,6728.0,1.0
"alpha[Cabrera, Melky]",-3.494,0.27,-3.98,-2.97,0.002,0.003,12354.0,6998.0,1.0
"alpha[Smolinski, Jake]",-1.735,0.387,-2.449,-1.002,0.003,0.004,14070.0,6569.0,1.0
"alpha[García, Willy]",-2.162,0.397,-2.933,-1.444,0.003,0.005,14518.0,5718.0,1.0
"alpha[Haniger, Mitch]",-1.925,0.194,-2.319,-1.59,0.002,0.002,12057.0,6513.0,1.0
"alpha[Joyce, Matt]",-2.827,0.266,-3.322,-2.329,0.002,0.003,13889.0,6587.0,1.0
"alpha[Collins, Tyler]",-1.925,0.354,-2.593,-1.258,0.003,0.004,13756.0,6415.0,1.0
"alpha[Mahtook, Mikie]",-2.16,0.252,-2.633,-1.682,0.002,0.003,13269.0,5776.0,1.0
"alpha[Gore, Terrance]",-1.872,0.395,-2.603,-1.105,0.003,0.004,13861.0,6562.0,1.0
"alpha[Bader, Harrison]",-1.537,0.177,-1.872,-1.214,0.002,0.002,11595.0,6657.0,1.0
"alpha[Hernández, Gorkys]",-2.313,0.234,-2.756,-1.873,0.002,0.003,12922.0,5902.0,1.0
"alpha[Winker, Jesse]",-3.098,0.28,-3.618,-2.572,0.003,0.003,12167.0,6282.0,1.0
"alpha[Smith, Mallex]",-1.228,0.165,-1.533,-0.915,0.002,0.002,11991.0,6901.0,1.0
"alpha[Szczur, Matt]",-2.218,0.351,-2.871,-1.56,0.003,0.004,15244.0,6699.0,1.0
"alpha[Allen, Greg]",-2.168,0.239,-2.619,-1.717,0.002,0.003,12755.0,6542.0,1.0
"alpha[Robinson, Drew]",-2.536,0.351,-3.208,-1.887,0.003,0.004,15205.0,6641.0,1.0
"alpha[Kivlehan, Patrick]",-2.32,0.395,-3.018,-1.55,0.003,0.004,14605.0,6495.0,1.0
"alpha[Kemp, Matt]",-3.206,0.28,-3.731,-2.685,0.002,0.003,12910.0,6777.0,1.0
"alpha[Slater, Austin]",-2.556,0.288,-3.092,-2.018,0.002,0.004,14842.0,6048.0,1.0
"alpha[Motter, Taylor]",-2.272,0.456,-3.094,-1.393,0.004,0.006,13518.0,5563.0,1.0
"alpha[Martin, Leonys]",-1.708,0.228,-2.149,-1.294,0.002,0.002,13233.0,6062.0,1.0
"alpha[Saunders, Michael]",-2.695,0.369,-3.405,-2.017,0.003,0.004,15282.0,6887.0,1.0
"alpha[Blanco, Grégor]",-2.233,0.3,-2.807,-1.678,0.003,0.003,13666.0,6411.0,1.0
"alpha[Núñez, Renato]",-2.6,0.529,-3.531,-1.55,0.004,0.007,15479.0,6170.0,1.0
"alpha[Guyer, Brandon]",-2.258,0.305,-2.809,-1.662,0.003,0.004,13997.0,6213.0,1.0
"alpha[Pirela, José]",-2.175,0.312,-2.752,-1.59,0.003,0.004,13230.0,6436.0,1.0
"alpha[Kim, Hyun Soo]",-2.475,0.346,-3.148,-1.848,0.003,0.004,14885.0,6497.0,1.0
"alpha[Berry, Quintin]",-2.152,0.56,-3.167,-1.077,0.004,0.007,16327.0,5766.0,1.0
"alpha[Phillips, Brett]",-1.631,0.245,-2.098,-1.182,0.002,0.003,14226.0,6709.0,1.0
"alpha[Hanson, Alen]",-2.776,0.381,-3.479,-2.07,0.003,0.004,14273.0,6409.0,1.0
"alpha[Bryant, Kris]",-2.481,0.35,-3.154,-1.842,0.003,0.004,14269.0,6355.0,1.0
"alpha[Adams, Matt]",-2.81,0.45,-3.662,-1.962,0.004,0.005,15406.0,5713.0,1.0
"alpha[Tapia, Raimel]",-2.772,0.292,-3.312,-2.214,0.003,0.003,13605.0,6577.0,1.0
"alpha[Bostick, Christopher]",-2.368,0.544,-3.379,-1.365,0.004,0.007,19696.0,6214.0,1.0
"alpha[Wade, Tyler]",-2.829,0.433,-3.62,-2.011,0.004,0.005,15004.0,6604.0,1.0
"alpha[Fuentes, Rey]",-1.864,0.393,-2.572,-1.101,0.003,0.004,14183.0,6479.0,1.0
"alpha[Pearce, Steve]",-2.51,0.305,-3.061,-1.921,0.003,0.003,13815.0,6156.0,1.0
"alpha[Dickson, O'Koyea]",-2.306,0.541,-3.301,-1.243,0.004,0.007,16484.0,5128.0,1.0
"alpha[Pérez, Hernán]",-2.65,0.315,-3.241,-2.053,0.003,0.003,12302.0,6180.0,1.0
"alpha[Reynolds, Matt]",-2.503,0.504,-3.438,-1.546,0.004,0.006,14513.0,5997.0,1.0
"alpha[Forsythe, Logan]",-2.332,0.547,-3.355,-1.296,0.004,0.007,18375.0,5920.0,1.0
"alpha[Heredia, Guillermo]",-2.062,0.196,-2.432,-1.696,0.002,0.002,12740.0,6711.0,1.0
"alpha[Holt, Brock]",-2.525,0.405,-3.306,-1.81,0.003,0.005,14982.0,6454.0,1.0
"alpha[Reyes, José]",-2.416,0.563,-3.492,-1.402,0.005,0.008,15129.0,5499.0,1.0
"alpha[Nava, Daniel]",-2.665,0.383,-3.351,-1.928,0.003,0.005,15567.0,5884.0,1.0
"alpha[García, Leury]",-2.057,0.223,-2.476,-1.654,0.002,0.002,12674.0,6662.0,1.0
"alpha[Gallo, Joey]",-2.276,0.222,-2.7,-1.872,0.002,0.002,11951.0,6766.0,1.0
"alpha[Moss, Brandon]",-2.373,0.545,-3.327,-1.292,0.004,0.007,16228.0,5637.0,1.0
"alpha[Martínez, José A.]",-3.246,0.298,-3.781,-2.669,0.003,0.003,13123.0,6526.0,1.0
"alpha[Valaika, Pat]",-2.182,0.536,-3.251,-1.222,0.004,0.007,15930.0,5413.0,1.0
"alpha[Frazier, Adam]",-2.538,0.305,-3.115,-1.979,0.002,0.004,15375.0,7031.0,1.0
"alpha[Cespedes, Yoenis]",-3.128,0.318,-3.733,-2.541,0.003,0.004,13482.0,5946.0,1.0
"alpha[Rodríguez, Sean]",-2.413,0.359,-3.082,-1.739,0.003,0.004,13151.0,6309.0,1.0
"alpha[Florimón, Pedro]",-2.15,0.501,-3.103,-1.239,0.004,0.006,14705.0,6014.0,1.0
"alpha[Gentry, Craig]",-2.415,0.327,-3.048,-1.832,0.003,0.003,13055.0,6936.0,1.0
"alpha[Smith, Seth]",-2.646,0.335,-3.272,-2.011,0.003,0.004,14275.0,5871.0,1.0
"alpha[Santana, Danny]",-2.578,0.322,-3.177,-1.978,0.003,0.004,13723.0,6551.0,1.0
"alpha[Conforto, Michael]",-2.227,0.175,-2.557,-1.896,0.002,0.002,12552.0,6194.0,1.0
"alpha[Amarista, Alexi]",-2.602,0.506,-3.521,-1.653,0.004,0.006,14896.0,6317.0,1.0
"alpha[Tomlinson, Kelby]",-2.397,0.541,-3.45,-1.38,0.004,0.007,15374.0,6363.0,1.0
"alpha[Taylor, Chris]",-1.983,0.228,-2.408,-1.564,0.002,0.003,13524.0,6320.0,1.0
"alpha[Descalso, Daniel]",-2.659,0.413,-3.42,-1.862,0.004,0.005,13833.0,6373.0,1.0
"alpha[Gennett, Scooter]",-2.22,0.448,-3.055,-1.4,0.004,0.005,16304.0,5955.0,1.0
"alpha[Stevenson, Andrew]",-2.063,0.348,-2.685,-1.383,0.003,0.004,13643.0,6284.0,1.0
"alpha[Brantley, Michael]",-2.784,0.214,-3.179,-2.381,0.002,0.002,14280.0,6835.0,1.0
"alpha[Perkins, Cameron]",-2.43,0.406,-3.172,-1.658,0.003,0.005,15766.0,6364.0,1.0
"alpha[Robinson, Shane]",-1.563,0.369,-2.256,-0.867,0.003,0.004,12357.0,6589.0,1.0
"alpha[Contreras, Willson]",-2.094,0.514,-3.025,-1.077,0.004,0.007,15803.0,5462.0,1.0
"alpha[Williams, Nick]",-2.827,0.276,-3.337,-2.3,0.002,0.003,12653.0,6241.0,1.0
"alpha[Pinder, Chad]",-2.477,0.274,-2.998,-1.975,0.002,0.003,13247.0,6147.0,1.0
"alpha[Beltrán, Carlos]",-2.27,0.55,-3.271,-1.229,0.004,0.007,20386.0,5959.0,1.0
"alpha[Goodwin, Brian]",-2.404,0.222,-2.81,-1.99,0.002,0.003,12583.0,6176.0,1.0
"alpha[Difo, Wilmer]",-2.277,0.532,-3.297,-1.298,0.004,0.007,14611.0,5414.0,1.0
"alpha[Alcántara, Arismendy]",-2.189,0.46,-3.097,-1.355,0.004,0.005,13516.0,6132.0,1.0
"alpha[Heisey, Chris]",-2.344,0.461,-3.209,-1.484,0.004,0.005,15051.0,6627.0,1.0
"alpha[Cordero, Franchy]",-2.156,0.311,-2.742,-1.571,0.003,0.003,13371.0,6612.0,1.0
"alpha[Thompson, Trayce]",-1.855,0.311,-2.437,-1.281,0.003,0.003,13665.0,6560.0,1.0
"alpha[Raburn, Ryan]",-2.485,0.484,-3.359,-1.558,0.004,0.006,14067.0,5930.0,1.0
"alpha[Peterson, Shane]",-2.072,0.452,-2.904,-1.21,0.004,0.005,14372.0,6487.0,1.0
"alpha[Grossman, Robbie]",-2.955,0.243,-3.388,-2.488,0.002,0.003,12376.0,6473.0,1.0
"alpha[Jaso, John]",-2.888,0.369,-3.566,-2.183,0.003,0.004,13523.0,5724.0,1.0
"alpha[Córdoba, Allen]",-2.304,0.429,-3.103,-1.497,0.004,0.005,14456.0,5502.0,1.0
"alpha[Merrifield, Whit]",-2.404,0.261,-2.884,-1.911,0.002,0.003,12567.0,5727.0,1.0
"alpha[Soler, Jorge]",-2.501,0.279,-3.022,-1.983,0.002,0.003,13159.0,6762.0,1.0
"alpha[Harrison, Josh]",-2.469,0.464,-3.332,-1.607,0.003,0.006,17188.0,6134.0,1.0
"alpha[Young Jr., Eric]",-1.888,0.295,-2.465,-1.367,0.002,0.003,14046.0,6790.0,1.0
"alpha[Rivera, T.J.]",-2.195,0.569,-3.265,-1.137,0.004,0.008,17517.0,5174.0,1.0
"alpha[Osuna, José]",-2.984,0.349,-3.614,-2.295,0.003,0.004,14553.0,6732.0,1.0
"alpha[den Dekker, Matthew]",-2.179,0.467,-3.057,-1.331,0.004,0.006,13225.0,5650.0,1.0
"alpha[Jones, Ryder]",-2.36,0.572,-3.44,-1.308,0.004,0.007,17414.0,5811.0,1.0
"alpha[Refsnyder, Rob]",-2.07,0.407,-2.796,-1.267,0.003,0.005,16197.0,6177.0,1.0
"alpha[Smith Jr., Dwight]",-2.876,0.295,-3.421,-2.315,0.002,0.003,14520.0,6657.0,1.0
"alpha[Robertson, Daniel]",-2.396,0.405,-3.146,-1.63,0.003,0.005,17020.0,5471.0,1.0
"alpha[Franklin, Nick]",-2.871,0.461,-3.759,-2.004,0.004,0.006,15155.0,6048.0,1.0
"alpha[Gutierrez, Franklin]",-2.558,0.49,-3.49,-1.662,0.004,0.006,15008.0,6344.0,1.0
"alpha[Brinson, Lewis]",-1.735,0.226,-2.144,-1.299,0.002,0.003,10864.0,5988.0,1.0
"alpha[Vogt, Stephen]",-2.105,0.495,-3.028,-1.167,0.004,0.006,14279.0,5761.0,1.0
"alpha[Belt, Brandon]",-2.947,0.417,-3.721,-2.159,0.003,0.005,14494.0,6366.0,1.0
"alpha[González, Erik]",-2.451,0.529,-3.459,-1.483,0.004,0.007,15984.0,5588.0,1.0
"alpha[Brugman, Jaycob]",-2.201,0.32,-2.801,-1.608,0.003,0.004,14592.0,5787.0,1.0
"alpha[Kelly, Ty]",-2.576,0.494,-3.483,-1.621,0.004,0.006,13279.0,5882.0,1.0
"alpha[Gyorko, Jedd]",-2.3,0.585,-3.388,-1.19,0.005,0.008,15563.0,5738.0,1.0
"alpha[Hazelbaker, Jeremy]",-2.042,0.487,-2.991,-1.15,0.004,0.006,14325.0,6293.0,1.0
"alpha[Rasmus, Colby]",-2.076,0.374,-2.789,-1.382,0.003,0.004,16107.0,6501.0,1.0
"alpha[Camargo, Johan]",-2.465,0.49,-3.352,-1.536,0.004,0.006,14266.0,5897.0,1.0
"alpha[Calixte, Orlando]",-2.342,0.478,-3.224,-1.414,0.004,0.006,15382.0,6202.0,1.0
"alpha[Barney, Darwin]",-2.26,0.568,-3.315,-1.162,0.004,0.007,16085.0,5502.0,1.0
"alpha[Coghlan, Chris]",-2.658,0.526,-3.624,-1.648,0.004,0.007,15529.0,6350.0,1.0
"alpha[Powell, Boog]",-2.175,0.369,-2.878,-1.497,0.003,0.004,14517.0,6329.0,1.0
"alpha[Martinez, Michael]",-2.312,0.558,-3.386,-1.26,0.004,0.007,17489.0,6022.0,1.0
"alpha[Eibner, Brett]",-2.32,0.508,-3.295,-1.385,0.004,0.006,16562.0,6252.0,1.0
"alpha[Tomás, Yasmany]",-2.494,0.434,-3.307,-1.691,0.004,0.005,14206.0,5998.0,1.0
"alpha[Núñez, Eduardo]",-2.906,0.416,-3.668,-2.118,0.003,0.005,14294.0,6293.0,1.0
"alpha[Owings, Chris]",-2.303,0.31,-2.891,-1.724,0.003,0.003,13423.0,6343.0,1.0
"alpha[Marte, Jefry]",-2.506,0.528,-3.501,-1.52,0.004,0.007,16426.0,5990.0,1.0
"alpha[Ortiz, Danny]",-2.5,0.556,-3.53,-1.422,0.004,0.007,16898.0,6167.0,1.0
"alpha[Bonifacio, Jorge]",-2.621,0.256,-3.116,-2.153,0.002,0.003,13289.0,6736.0,1.0
"alpha[Escobar, Eduardo]",-2.535,0.548,-3.507,-1.46,0.004,0.007,15741.0,6037.0,1.0
"alpha[Ceciliani, Darrell]",-2.288,0.578,-3.319,-1.16,0.004,0.007,19404.0,5957.0,1.0
"alpha[Morse, Michael]",-2.561,0.56,-3.572,-1.519,0.004,0.007,18029.0,5681.0,1.0
"alpha[Ruggiano, Justin]",-2.762,0.421,-3.605,-2.028,0.004,0.005,14058.0,6537.0,1.0
"alpha[Alford, Anthony]",-2.253,0.438,-3.032,-1.381,0.004,0.005,15040.0,6816.0,1.0
"alpha[Sogard, Eric]",-2.1,0.541,-3.141,-1.117,0.005,0.007,14089.0,5738.0,1.0
"alpha[Marisnick, Jake]",-1.664,0.225,-2.085,-1.243,0.002,0.002,12832.0,6565.0,1.0
"alpha[Van Slyke, Scott]",-2.477,0.531,-3.474,-1.49,0.004,0.007,15658.0,5505.0,1.0
"alpha[Díaz, Yandy]",-2.138,0.558,-3.147,-1.05,0.004,0.008,15612.0,5678.0,1.0
"alpha[Toles, Andrew]",-1.973,0.412,-2.752,-1.205,0.003,0.005,15056.0,6491.0,1.0
"alpha[Polanco, Gregory]",-2.578,0.221,-3.001,-2.172,0.002,0.002,11901.0,6695.0,1.0
"alpha[Stassi, Brock]",-2.331,0.583,-3.41,-1.217,0.005,0.008,16694.0,5551.0,1.0
"alpha[Díaz, Aledmys]",-2.314,0.535,-3.3,-1.267,0.004,0.007,16294.0,5717.0,1.0
"alpha[Decker, Jaff]",-1.88,0.445,-2.695,-1.032,0.003,0.006,17356.0,6119.0,1.0
"alpha[Flaherty, Ryan]",-2.248,0.507,-3.195,-1.293,0.004,0.007,17589.0,5879.0,1.0
"alpha[Profar, Jurickson]",-1.959,0.347,-2.575,-1.275,0.003,0.004,14748.0,6643.0,1.0
"alpha[Eaton, Adam]",-2.543,0.212,-2.946,-2.147,0.002,0.002,12554.0,6043.0,1.0
"alpha[Marrero, Chris]",-1.947,0.522,-2.919,-0.949,0.004,0.007,15578.0,5688.0,1.0
"alpha[May, Jacob]",-2.449,0.466,-3.282,-1.562,0.004,0.006,15503.0,6298.0,1.0
"alpha[Dyson, Jarrod]",-2.027,0.207,-2.398,-1.631,0.002,0.002,12950.0,6494.0,1.0
"alpha[Bonifácio, Emilio]",-2.398,0.507,-3.377,-1.475,0.004,0.006,14647.0,5813.0,1.0
"alpha[Hill, Aaron]",-2.342,0.561,-3.402,-1.315,0.004,0.007,18027.0,5796.0,1.0
"alpha[Cardullo, Stephen]",-1.949,0.512,-2.889,-0.979,0.004,0.007,18168.0,6321.0,1.0
"alpha[d'Arnaud, Chase]",-2.317,0.573,-3.396,-1.249,0.004,0.008,16988.0,5804.0,1.0
"alpha[Nieuwenhuis, Kirk]",-2.336,0.505,-3.289,-1.356,0.004,0.007,16631.0,5616.0,1.0
"alpha[Rosales, Adam]",-2.515,0.554,-3.546,-1.466,0.004,0.007,19053.0,5866.0,1.0
"alpha[Soto, Juan]",-2.051,0.2,-2.422,-1.678,0.002,0.002,14071.0,6577.0,1.0
"alpha[Dahl, David]",-2.378,0.25,-2.835,-1.898,0.002,0.003,11647.0,6453.0,1.0
"alpha[McKinney, Billy]",-2.421,0.326,-3.022,-1.803,0.003,0.004,14828.0,6833.0,1.0
"alpha[O'Neill, Tyler]",-2.411,0.302,-2.987,-1.864,0.003,0.003,12427.0,6831.0,1.0
"alpha[Reyes, Pablo]",-2.217,0.356,-2.87,-1.533,0.003,0.004,14286.0,7049.0,1.0
"alpha[Schebler, Scott]",-2.613,0.24,-3.065,-2.172,0.002,0.003,13535.0,6115.0,1.0
"alpha[Martini, Nick]",-2.554,0.341,-3.188,-1.909,0.003,0.004,14363.0,6680.0,1.0
"alpha[Galloway, Isaac]",-1.834,0.391,-2.55,-1.104,0.003,0.004,14145.0,6243.0,1.0
"alpha[Martinez, J.D.]",-2.807,0.271,-3.324,-2.304,0.002,0.003,13084.0,6449.0,1.0
"alpha[Stewart, DJ]",-3.057,0.347,-3.694,-2.418,0.003,0.004,14934.0,6476.0,1.0
"alpha[Tucker, Kyle]",-2.587,0.334,-3.202,-1.952,0.003,0.004,13197.0,6460.0,1.0
"alpha[Cozens, Dylan]",-2.868,0.48,-3.754,-1.956,0.004,0.006,15269.0,6434.0,1.0
"alpha[Acuña Jr., Ronald]",-2.022,0.207,-2.404,-1.632,0.002,0.002,13532.0,6906.0,1.0
"alpha[Herrera, Odúbel]",-1.264,0.179,-1.616,-0.946,0.002,0.002,12688.0,6900.0,1.0
"alpha[Renfroe, Hunter]",-2.694,0.222,-3.128,-2.295,0.002,0.003,13337.0,5747.0,1.0
"alpha[McCutchen, Andrew]",-2.454,0.194,-2.808,-2.079,0.002,0.002,12891.0,6733.0,1.0
"alpha[Yelich, Christian]",-2.461,0.184,-2.816,-2.127,0.002,0.002,11957.0,6629.0,1.0
"alpha[Holliday, Matt]",-2.815,0.487,-3.712,-1.876,0.004,0.006,15706.0,6256.0,1.0
"alpha[Smith, Dominic]",-3.204,0.391,-3.937,-2.472,0.003,0.004,14630.0,6496.0,1.0
"alpha[Dean, Austin]",-2.921,0.345,-3.585,-2.307,0.003,0.004,14936.0,6724.0,1.0
"alpha[Tocci, Carlos]",-2.089,0.351,-2.77,-1.458,0.003,0.004,12754.0,6172.0,1.0
"alpha[Fowler, Dustin]",-2.001,0.324,-2.598,-1.374,0.003,0.003,15568.0,6623.0,1.0
"alpha[Shaw, Chris]",-2.251,0.49,-3.153,-1.326,0.004,0.006,14918.0,6002.0,1.0
"alpha[Span, Denard]",-2.337,0.224,-2.755,-1.92,0.002,0.002,12688.0,6575.0,1.0
"alpha[Swihart, Blake]",-3.151,0.463,-4.0,-2.277,0.004,0.005,14238.0,6022.0,1.0
"alpha[Field, Johnny]",-2.246,0.336,-2.864,-1.603,0.003,0.004,13761.0,5936.0,1.0
"alpha[Palka, Daniel]",-0.273,0.15,-0.553,0.003,0.001,0.002,12487.0,6460.0,1.0
"alpha[Davis, Jonathan]",-1.965,0.354,-2.617,-1.283,0.003,0.004,12630.0,5876.0,1.0
"alpha[Choo, Shin-Soo]",-3.01,0.248,-3.469,-2.55,0.002,0.003,12832.0,6456.0,1.0
"alpha[Herrera, Dilson]",-2.426,0.518,-3.366,-1.428,0.004,0.006,14377.0,6015.0,1.0
"alpha[Reyes, Victor]",-2.165,0.252,-2.62,-1.68,0.002,0.003,11787.0,6264.0,1.0
"alpha[Stanton, Giancarlo]",-2.74,0.256,-3.232,-2.28,0.002,0.003,13328.0,6450.0,1.0
"alpha[Stewart, Christin]",-2.806,0.301,-3.373,-2.246,0.002,0.003,15794.0,6202.0,1.0
"alpha[Travis, Sam]",-2.551,0.398,-3.292,-1.789,0.003,0.004,14064.0,6287.0,1.0
"alpha[Jones, Adam]",-2.837,0.207,-3.226,-2.454,0.002,0.002,11456.0,6885.0,1.0
"alpha[Meadows, Austin]",-2.339,0.279,-2.856,-1.805,0.002,0.003,12868.0,6619.0,1.0
"alpha[Hermosillo, Michael]",-1.872,0.36,-2.548,-1.183,0.003,0.004,13515.0,6626.0,1.0
"alpha[Brito, Sócrates]",-2.574,0.388,-3.31,-1.848,0.003,0.004,14186.0,6427.0,1.0
"alpha[García, Adolis]",-1.946,0.556,-2.973,-0.908,0.005,0.008,13680.0,5384.0,1.0
"alpha[Robles, Victor]",-1.501,0.188,-1.858,-1.157,0.002,0.002,13851.0,6165.0,1.0
"alpha[LaMarre, Ryan]",-2.266,0.328,-2.872,-1.641,0.003,0.004,12354.0,6213.0,1.0
"alpha[Williams, Mason]",-2.428,0.36,-3.1,-1.755,0.003,0.004,14179.0,6498.0,1.0
"alpha[Andreoli, John]",-2.095,0.418,-2.877,-1.318,0.003,0.005,17672.0,6156.0,1.0
"alpha[Bauers, Jake]",-2.61,0.349,-3.251,-1.947,0.003,0.004,13142.0,6546.0,1.0
"alpha[Bote, David]",-2.271,0.571,-3.344,-1.221,0.004,0.008,17037.0,5642.0,1.0
"alpha[Davis, J.D.]",-3.059,0.352,-3.732,-2.415,0.003,0.004,14780.0,6546.0,1.0
"alpha[Pence, Hunter]",-2.005,0.21,-2.387,-1.604,0.002,0.002,14122.0,7053.0,1.0
"alpha[Reinheimer, Jack]",-2.677,0.541,-3.666,-1.645,0.004,0.007,17742.0,5957.0,1.0
"alpha[Ortega, Rafael]",-2.245,0.352,-2.893,-1.574,0.003,0.004,15062.0,6261.0,1.0
"alpha[Lowe, Brandon]",-2.687,0.405,-3.457,-1.953,0.003,0.005,13540.0,6705.0,1.0
"alpha[Cowart, Kaleb]",-2.368,0.552,-3.411,-1.352,0.004,0.007,15967.0,5737.0,1.0
"alpha[O'Hearn, Ryan]",-2.412,0.545,-3.412,-1.354,0.004,0.007,15693.0,5504.0,1.0
"alpha[Bautista, José]",-2.518,0.256,-2.981,-2.026,0.002,0.003,12387.0,6402.0,1.0
"alpha[Quinn, Roman]",-1.83,0.278,-2.333,-1.298,0.002,0.003,14270.0,6766.0,1.0
"alpha[Muñoz, Yairo]",-2.904,0.385,-3.627,-2.198,0.003,0.004,13291.0,6210.0,1.0
"alpha[Goodrum, Niko]",-2.22,0.346,-2.861,-1.573,0.003,0.004,14206.0,6687.0,1.0
"alpha[Myers, Wil]",-2.406,0.246,-2.863,-1.938,0.002,0.003,11983.0,6298.0,1.0
"alpha[Tucker, Preston]",-2.7,0.425,-3.502,-1.919,0.004,0.005,14667.0,5542.0,1.0
"alpha[Gerber, Mike]",-2.43,0.444,-3.243,-1.56,0.004,0.005,15309.0,6497.0,1.0
"alpha[Cave, Jake]",-2.105,0.247,-2.57,-1.648,0.002,0.003,14137.0,6440.0,1.0
"alpha[Dixon, Brandon]",-2.398,0.41,-3.145,-1.611,0.003,0.005,16022.0,6433.0,1.0
"alpha[Culberson, Charlie]",-2.4,0.394,-3.14,-1.655,0.003,0.005,15648.0,5842.0,1.0
"alpha[Sweeney, Darnell]",-2.291,0.581,-3.339,-1.156,0.004,0.008,19932.0,5685.0,1.0
"alpha[Wendle, Joey]",-2.599,0.456,-3.446,-1.744,0.003,0.006,17068.0,6322.0,1.0
"alpha[Rivera, Yadiel]",-2.529,0.472,-3.457,-1.685,0.004,0.006,13282.0,5638.0,1.0
"alpha[Cuevas, Noel]",-2.425,0.389,-3.114,-1.667,0.003,0.004,13907.0,6209.0,1.0
"alpha[Jones, JaCoby]",-1.875,0.202,-2.236,-1.482,0.002,0.002,11895.0,6754.0,1.0
"alpha[Cooper, Garrett]",-2.447,0.414,-3.235,-1.693,0.004,0.005,12331.0,6352.0,1.0
"alpha[Shuck, JB]",-2.177,0.37,-2.901,-1.507,0.003,0.004,13136.0,6469.0,1.0
"alpha[Walker, Christian]",-2.278,0.567,-3.378,-1.252,0.005,0.007,14612.0,5678.0,1.0
"alpha[Tilson, Charlie]",-1.929,0.288,-2.486,-1.397,0.003,0.003,12613.0,6179.0,1.0
"alpha[Astudillo, Willians]",-2.461,0.504,-3.414,-1.528,0.004,0.006,14102.0,6000.0,1.0
"alpha[Valentín, Jesmuel]",-2.425,0.547,-3.471,-1.415,0.004,0.007,16819.0,5644.0,1.0
"alpha[Martin, Russell]",-2.562,0.553,-3.576,-1.494,0.004,0.008,15369.0,4830.0,1.0
"alpha[Markakis, Nick]",-3.164,0.216,-3.576,-2.766,0.002,0.002,13306.0,6370.0,1.0
"alpha[Evans, Phillip]",-2.335,0.561,-3.408,-1.306,0.005,0.008,14421.0,5094.0,1.0
"alpha[Muncy, Max]",-2.318,0.6,-3.416,-1.186,0.005,0.008,14539.0,5114.0,1.0
"alpha[Pompey, Dalton]",-2.198,0.55,-3.196,-1.158,0.004,0.008,18198.0,5470.0,1.0
"alpha[Herrera, Rosell]",-2.661,0.335,-3.294,-2.038,0.003,0.004,13759.0,6169.0,1.0
"alpha[Bautista, Rafael]",-2.059,0.5,-3.015,-1.133,0.004,0.007,12491.0,5585.0,1.0
"alpha[Sierra, Moisés]",-2.043,0.501,-3.02,-1.142,0.004,0.006,15156.0,6214.0,1.0
"alpha[Gosselin, Phil]",-2.41,0.458,-3.24,-1.54,0.004,0.006,16194.0,5970.0,1.0
"alpha[Orlando, Paulo]",-2.124,0.345,-2.782,-1.478,0.003,0.004,15280.0,6478.0,1.0
"alpha[Kingery, Scott]",-2.558,0.329,-3.167,-1.929,0.003,0.004,14032.0,6379.0,1.0
"alpha[Naquin, Tyler]",-2.689,0.262,-3.188,-2.213,0.002,0.003,12963.0,6458.0,1.0
"alpha[Almora Jr., Albert]",-1.543,0.188,-1.9,-1.195,0.002,0.002,12699.0,6161.0,1.0
"alpha[Lee, Braxton]",-2.149,0.53,-3.11,-1.125,0.004,0.007,17059.0,6020.0,1.0
"alpha[Alvarez, Yordan]",-2.541,0.503,-3.441,-1.544,0.004,0.006,16274.0,6244.0,1.0
"alpha[Wade Jr., LaMonte]",-2.579,0.423,-3.38,-1.795,0.004,0.004,14541.0,6829.0,1.0
"alpha[McBroom, Ryan]",-2.799,0.446,-3.668,-1.996,0.004,0.005,14584.0,6046.0,1.0
"alpha[Rojas, Josh]",-2.493,0.376,-3.204,-1.802,0.003,0.004,13897.0,6270.0,1.0
"alpha[Ward, Taylor]",-2.447,0.375,-3.143,-1.74,0.003,0.004,13545.0,6522.0,1.0
"alpha[Jiménez, Eloy]",-2.416,0.288,-2.958,-1.874,0.002,0.003,14642.0,6689.0,1.0
"alpha[Rodríguez, Ronny]",-2.329,0.562,-3.394,-1.299,0.004,0.008,15893.0,5590.0,1.0
"alpha[Lopes, Tim]",-2.727,0.38,-3.439,-2.018,0.003,0.004,14085.0,6363.0,1.0
"alpha[Beaty, Matt]",-2.326,0.455,-3.185,-1.485,0.004,0.006,14671.0,5960.0,1.0
"alpha[Elmore, Jake]",-2.427,0.504,-3.403,-1.508,0.004,0.006,15254.0,6164.0,1.0
"alpha[Pollock, AJ]",-1.793,0.189,-2.143,-1.444,0.002,0.002,12882.0,6326.0,1.0
"alpha[Miller, Brad]",-2.359,0.47,-3.263,-1.498,0.004,0.006,15818.0,6262.0,1.0
"alpha[García, Robel]",-2.569,0.562,-3.615,-1.5,0.004,0.007,19050.0,5656.0,1.0
"alpha[Dickerson, Alex]",-2.933,0.345,-3.588,-2.288,0.003,0.004,15471.0,6663.0,1.0
"alpha[Long Jr., Shed]",-2.678,0.446,-3.506,-1.85,0.004,0.005,15921.0,6675.0,1.0
"alpha[VanMeter, Josh]",-2.333,0.41,-3.089,-1.57,0.003,0.005,14006.0,5707.0,1.0
"alpha[Kramer, Kevin]",-2.448,0.496,-3.41,-1.542,0.004,0.007,15030.0,6177.0,1.0
"alpha[McNeil, Jeff]",-2.483,0.311,-3.045,-1.88,0.003,0.003,15461.0,6901.0,1.0
"alpha[Arraez, Luis]",-2.596,0.447,-3.471,-1.79,0.003,0.005,16639.0,6396.0,1.0
"alpha[Brown, Seth]",-2.272,0.455,-3.148,-1.445,0.004,0.006,16236.0,5527.0,1.0
"alpha[Straw, Myles]",-2.069,0.365,-2.761,-1.395,0.003,0.004,13275.0,6516.0,1.0
"alpha[Ramírez, Harold]",-2.67,0.314,-3.263,-2.087,0.003,0.004,13098.0,6295.0,1.0
"alpha[Hilliard, Sam]",-2.432,0.345,-3.077,-1.795,0.003,0.004,14638.0,6666.0,1.0
"alpha[Cordell, Ryan]",-2.037,0.302,-2.629,-1.503,0.003,0.003,13919.0,6480.0,1.0
"alpha[Yastrzemski, Mike]",-2.823,0.28,-3.34,-2.288,0.002,0.003,12567.0,6681.0,1.0
"alpha[Moore, Dylan]",-2.412,0.363,-3.069,-1.708,0.003,0.004,14678.0,6420.0,1.0
"alpha[Naylor, Josh]",-2.585,0.347,-3.209,-1.888,0.003,0.004,14487.0,6099.0,1.0
"alpha[Miller, Ian]",-2.339,0.477,-3.251,-1.448,0.004,0.006,16129.0,6402.0,1.0
"alpha[Fletcher, David]",-2.167,0.404,-2.924,-1.416,0.003,0.004,13382.0,6590.0,1.0
"alpha[Heineman, Scott]",-2.463,0.36,-3.169,-1.815,0.003,0.004,13654.0,5971.0,1.0
"alpha[Haseley, Adam]",-2.293,0.295,-2.848,-1.741,0.002,0.003,14521.0,6436.0,1.0
"alpha[Wilkerson, Stevie]",-1.967,0.298,-2.556,-1.437,0.003,0.003,13146.0,6207.0,1.0
"alpha[Peraza, José]",-2.312,0.446,-3.135,-1.474,0.003,0.005,16774.0,6889.0,1.0
"alpha[Bishop, Braden]",-1.865,0.391,-2.608,-1.137,0.003,0.004,14228.0,6507.0,1.0
"alpha[Rios, Edwin]",-2.326,0.608,-3.444,-1.158,0.005,0.008,16098.0,5339.0,1.0
"alpha[Castellanos, Nick]",-2.559,0.214,-2.952,-2.151,0.002,0.002,11741.0,6149.0,1.0
"alpha[Gurriel Jr., Lourdes]",-2.293,0.298,-2.84,-1.717,0.003,0.003,12815.0,6504.0,1.0
"alpha[Santander, Anthony]",-2.507,0.277,-3.009,-1.981,0.003,0.003,11832.0,6166.0,1.0
"alpha[Berti, Jon]",-1.786,0.344,-2.472,-1.178,0.003,0.004,14665.0,6820.0,1.0
"alpha[Stubbs, Garrett]",-2.203,0.536,-3.223,-1.201,0.004,0.007,14660.0,5668.0,1.0
"alpha[Grisham, Trent]",-1.574,0.304,-2.135,-1.0,0.003,0.003,12430.0,6560.0,1.0
"alpha[Davis, Johnny]",-2.362,0.547,-3.41,-1.383,0.005,0.007,14358.0,5690.0,1.0
"alpha[Reynolds, Bryan]",-2.596,0.253,-3.062,-2.121,0.002,0.003,12390.0,6592.0,1.0
"alpha[O'Grady, Brian]",-1.653,0.45,-2.521,-0.825,0.004,0.005,16391.0,6780.0,1.0
"alpha[Starling, Bubba]",-2.093,0.307,-2.667,-1.525,0.003,0.003,13938.0,6611.0,1.0
"alpha[Broxton, Keon]",-1.661,0.212,-2.035,-1.249,0.002,0.002,14004.0,6702.0,1.0
"alpha[Riley, Austin]",-2.462,0.341,-3.093,-1.83,0.003,0.004,15032.0,6049.0,1.0
"alpha[Court, Ryan]",-2.58,0.501,-3.527,-1.644,0.004,0.006,17453.0,6204.0,1.0
"alpha[Drury, Brandon]",-2.327,0.445,-3.149,-1.46,0.004,0.005,14064.0,6163.0,1.0
"alpha[Mercado, Óscar]",-1.593,0.249,-2.074,-1.139,0.002,0.003,12609.0,5847.0,1.0
"alpha[Lorenzen, Michael]",-1.947,0.413,-2.737,-1.189,0.003,0.005,14278.0,6507.0,1.0
"alpha[Avelino, Abiatal]",-2.308,0.571,-3.483,-1.306,0.004,0.008,17166.0,5233.0,1.0
"alpha[Brosseau, Mike]",-2.472,0.53,-3.472,-1.491,0.004,0.006,14274.0,6815.0,1.0
"alpha[Daza, Yonathan]",-1.849,0.415,-2.605,-1.075,0.003,0.005,15134.0,6788.0,1.0
"alpha[Garlick, Kyle]",-2.496,0.474,-3.383,-1.598,0.004,0.006,14781.0,6480.0,1.0
"alpha[Rosario, Amed]",-2.308,0.572,-3.441,-1.277,0.004,0.007,16985.0,5768.0,1.0
"alpha[Mejía, Francisco]",-2.282,0.571,-3.377,-1.225,0.005,0.007,15698.0,5518.0,1.0
"alpha[Castro, Harold]",-2.201,0.339,-2.864,-1.586,0.003,0.004,13886.0,6954.0,1.0
"alpha[Alberto, Hanser]",-2.434,0.552,-3.521,-1.448,0.004,0.007,15773.0,6255.0,1.0
"alpha[Beckham, Tim]",-2.886,0.488,-3.805,-1.955,0.004,0.006,14671.0,6328.0,1.0
"alpha[Bruce, Jay]",0.332,0.09,0.161,0.499,0.001,0.001,9059.0,6400.0,1.0
"alpha[Velasquez, Vince]",-2.257,0.564,-3.285,-1.2,0.004,0.007,18039.0,6051.0,1.0
"alpha[Garcia, Greg]",-2.318,0.591,-3.4,-1.201,0.005,0.009,16436.0,5433.0,1.0
"alpha[Freeman, Mike]",-2.292,0.503,-3.209,-1.329,0.004,0.006,15234.0,6222.0,1.0
"alpha[Urshela, Gio]",-2.282,0.572,-3.379,-1.266,0.004,0.008,18197.0,5942.0,1.0
"alpha[Hampson, Garrett]",-2.159,0.351,-2.816,-1.507,0.003,0.004,14512.0,6880.0,1.0
"alpha[Saladino, Tyler]",-2.173,0.562,-3.21,-1.119,0.004,0.007,18682.0,5681.0,1.0
"alpha[Vargas, Ildemaro]",-2.22,0.543,-3.198,-1.197,0.005,0.007,14337.0,5828.0,1.0
"alpha[Austin, Tyler]",-2.429,0.432,-3.219,-1.615,0.003,0.005,15729.0,6561.0,1.0
"alpha[Gómez, Carlos]",-2.049,0.225,-2.472,-1.631,0.002,0.002,12453.0,6679.0,1.0
"alpha[Biggio, Cavan]",-2.568,0.435,-3.339,-1.701,0.004,0.005,13868.0,6153.0,1.0
"alpha[González, Carlos]",-2.353,0.229,-2.803,-1.945,0.002,0.003,13307.0,6460.0,1.0
"alpha[Santana, Domingo]",-2.799,0.231,-3.237,-2.378,0.002,0.002,12811.0,6489.0,1.0
"alpha[Newman, Kevin]",-2.272,0.578,-3.407,-1.209,0.004,0.008,17189.0,5636.0,1.0
"alpha[Urena, Richard]",-2.248,0.572,-3.283,-1.148,0.004,0.007,16973.0,5912.0,1.0
"alpha[Murphy, Tom]",-2.47,0.551,-3.503,-1.441,0.005,0.007,13775.0,5716.0,1.0
"alpha[O'Brien, Peter]",-2.305,0.525,-3.282,-1.301,0.004,0.007,16224.0,5901.0,1.0
"alpha[Solarte, Yangervis]",-2.241,0.514,-3.185,-1.263,0.004,0.006,16409.0,6290.0,1.0
"alpha[Rondon, José]",-2.323,0.579,-3.421,-1.244,0.005,0.008,16156.0,5574.0,1.0
"alpha[Estrada, Thairo]",-2.576,0.542,-3.623,-1.586,0.005,0.007,14494.0,5456.0,1.0
"alpha[Peterson, Dustin]",-2.539,0.474,-3.45,-1.674,0.004,0.006,13860.0,5502.0,1.0
"alpha[Moran, Colin]",-2.409,0.571,-3.443,-1.283,0.004,0.008,18787.0,5412.0,1.0
"alpha[Martin, Jason]",-2.249,0.419,-3.017,-1.435,0.003,0.005,14815.0,6300.0,1.0
"alpha[Joe, Connor]",-2.359,0.546,-3.351,-1.294,0.004,0.007,16088.0,6026.0,1.0
"alpha[Zagunis, Mark]",-2.539,0.486,-3.469,-1.653,0.004,0.006,15893.0,5735.0,1.0
"alpha[Jackson, Drew]",-2.232,0.553,-3.233,-1.16,0.004,0.007,18199.0,5534.0,1.0
"alpha[Arozarena, Randy]",-2.567,0.414,-3.375,-1.834,0.004,0.005,12610.0,6736.0,1.0
"alpha[Margot, Manuel]",-1.172,0.157,-1.449,-0.859,0.001,0.002,11745.0,7038.0,1.0
"alpha[Aquino, Aristides]",-2.239,0.341,-2.881,-1.589,0.003,0.004,14932.0,6480.0,1.0
"alpha[Carlson, Dylan]",-1.989,0.398,-2.708,-1.2,0.003,0.005,13301.0,5713.0,1.0
"alpha[Engel, Adam]",-1.426,0.181,-1.767,-1.096,0.002,0.002,13259.0,6663.0,1.0
"alpha[Akiyama, Shogo]",-2.076,0.362,-2.796,-1.431,0.003,0.004,14600.0,6205.0,1.0
"alpha[Edman, Tommy]",-2.295,0.427,-3.1,-1.498,0.003,0.005,15300.0,6510.0,1.0
"alpha[Duggar, Steven]",-1.892,0.263,-2.394,-1.395,0.003,0.003,10954.0,6246.0,1.0
"alpha[White, Eli]",-2.534,0.469,-3.481,-1.708,0.004,0.005,14962.0,6399.0,1.0
"alpha[Riddle, JT]",-2.41,0.37,-3.144,-1.734,0.003,0.004,13798.0,5569.0,1.0
"alpha[Solak, Nick]",-2.686,0.375,-3.392,-1.986,0.003,0.005,14834.0,6206.0,1.0
"alpha[Hays, Austin]",-1.844,0.299,-2.405,-1.288,0.002,0.003,14634.0,6016.0,1.0
"alpha[Chavis, Michael]",-2.477,0.494,-3.408,-1.557,0.004,0.006,15886.0,5715.0,1.0
"alpha[Marmolejos, José]",-2.745,0.458,-3.605,-1.882,0.004,0.005,12787.0,6291.0,1.0
"alpha[Fraley, Jake]",-2.223,0.434,-3.026,-1.415,0.004,0.005,14625.0,6927.0,1.0
"alpha[Ruf, Darin]",-2.301,0.451,-3.129,-1.459,0.004,0.006,14764.0,6570.0,1.0
"alpha[Moniak, Mickey]",-2.288,0.51,-3.228,-1.328,0.004,0.006,17156.0,6007.0,1.0
"alpha[Heath, Nick]",-1.724,0.497,-2.637,-0.753,0.004,0.007,18162.0,5195.0,1.0
"alpha[Olivares, Edward]",-2.708,0.402,-3.46,-1.967,0.003,0.004,15880.0,7288.0,1.0
"alpha[Lin, Tzu-Wei]",-2.637,0.461,-3.457,-1.738,0.004,0.005,14665.0,6868.0,1.0
"alpha[Smith, Pavin]",-2.447,0.555,-3.539,-1.455,0.004,0.007,16597.0,6511.0,1.0
"alpha[Mountcastle, Ryan]",-2.46,0.449,-3.293,-1.612,0.004,0.005,13531.0,7028.0,1.0
"alpha[Oliva, Jared]",-2.214,0.562,-3.274,-1.154,0.005,0.007,12935.0,4905.0,1.0
"alpha[Taylor, Michael A.]",-1.805,0.205,-2.198,-1.428,0.002,0.002,13733.0,6799.0,1.0
"alpha[Fuentes, Joshua]",-2.317,0.562,-3.419,-1.29,0.004,0.007,17779.0,5988.0,1.0
"alpha[Tsutsugo, Yoshi]",-2.328,0.512,-3.257,-1.326,0.004,0.006,17206.0,6485.0,1.0
"alpha[Demeritte, Travis]",-2.582,0.345,-3.214,-1.929,0.003,0.004,12981.0,6845.0,1.0
"alpha[Ravelo, Rangel]",-2.77,0.519,-3.745,-1.807,0.004,0.007,13857.0,6687.0,1.0
"alpha[Taylor, Tyrone]",-2.115,0.451,-2.954,-1.26,0.003,0.005,16628.0,6275.0,1.0
"alpha[Andujar, Miguel]",-2.301,0.558,-3.366,-1.286,0.004,0.007,15886.0,5684.0,1.0
"alpha[Basabe, Luis Alexander]",-2.301,0.504,-3.217,-1.327,0.004,0.007,17443.0,6004.0,1.0
"alpha[Thaiss, Matt]",-2.432,0.559,-3.485,-1.4,0.004,0.007,15696.0,5897.0,1.0
"alpha[Varsho, Daulton]",-1.814,0.412,-2.606,-1.048,0.003,0.005,14086.0,6625.0,1.0
"alpha[Souza Jr., Steven]",-2.115,0.252,-2.569,-1.629,0.002,0.003,11974.0,6256.0,1.0
"alpha[Walker, Neil]",-2.888,0.457,-3.734,-2.022,0.004,0.005,14609.0,6284.0,1.0
"alpha[Strange-Gordon, Dee]",-1.392,0.308,-1.962,-0.815,0.003,0.003,13943.0,6789.0,1.0
"alpha[Barreto, Franklin]",-2.32,0.551,-3.334,-1.284,0.004,0.007,15753.0,5556.0,1.0
"alpha[Rooker, Brent]",-2.77,0.516,-3.781,-1.825,0.004,0.006,15096.0,6443.0,1.0
"alpha[Haggerty, Sam]",-2.569,0.473,-3.443,-1.668,0.004,0.006,14334.0,5982.0,1.0
"alpha[Dozier, Hunter]",-3.072,0.4,-3.821,-2.331,0.004,0.004,12668.0,6242.0,1.0
"alpha[Payton, Mark]",-2.25,0.562,-3.285,-1.175,0.005,0.007,15253.0,5667.0,1.0
"alpha[Mathias, Mark]",-2.232,0.498,-3.182,-1.295,0.004,0.006,17089.0,5715.0,1.0
"alpha[Pillar, Kevin]",-1.496,0.141,-1.764,-1.236,0.001,0.002,13593.0,6165.0,1.0
"alpha[Pache, Cristian]",-2.551,0.546,-3.548,-1.512,0.004,0.008,16644.0,5035.0,1.0
"alpha[González, Luis]",-2.391,0.559,-3.404,-1.312,0.004,0.007,17027.0,5566.0,1.0
"alpha[Zimmer, Bradley]",-2.314,0.264,-2.801,-1.817,0.002,0.003,13612.0,5484.0,1.0
"alpha[Mateo, Jorge]",-2.435,0.548,-3.478,-1.402,0.004,0.007,18351.0,5840.0,1.0
"alpha[Velazquez, Andrew]",-2.297,0.523,-3.29,-1.307,0.004,0.006,16331.0,6072.0,1.0
"alpha[Mullins, Cedric]",-1.663,0.261,-2.122,-1.148,0.002,0.003,13946.0,6196.0,1.0
"alpha[Mejia, Erick]",-2.183,0.467,-3.069,-1.315,0.004,0.006,13172.0,6171.0,1.0
"alpha[Johnson, Daniel]",-2.372,0.547,-3.433,-1.397,0.005,0.007,14523.0,5801.0,1.0
"alpha[Reyes, Franmil]",-3.022,0.316,-3.597,-2.42,0.003,0.003,12153.0,6596.0,1.0
"alpha[McCarthy, Joe]",-2.688,0.532,-3.753,-1.744,0.004,0.007,15021.0,5684.0,1.0
"alpha[Hoerner, Nico]",-2.256,0.558,-3.277,-1.189,0.004,0.007,20326.0,6389.0,1.0
"alpha[Bradley Jr., Jackie]",-1.833,0.156,-2.114,-1.529,0.001,0.002,11913.0,6471.0,1.0
"alpha[Kipnis, Jason]",-2.672,0.407,-3.45,-1.94,0.003,0.004,14146.0,6840.0,1.0
"alpha[Heyward, Jason]",-1.905,0.178,-2.241,-1.575,0.002,0.002,10414.0,6449.0,1.0
"alpha[Springer, George]",-1.856,0.183,-2.199,-1.509,0.002,0.002,13188.0,7004.0,1.0
"alpha[Buxton, Byron]",-0.886,0.167,-1.204,-0.584,0.001,0.002,13320.0,6807.0,1.0
"alpha[Blackmon, Charlie]",-2.142,0.161,-2.449,-1.851,0.001,0.002,13895.0,6882.0,1.0
"alpha[Hamilton, Billy]",-1.647,0.172,-1.958,-1.323,0.002,0.002,13059.0,6971.0,1.0
"alpha[Kiermaier, Kevin]",-1.3,0.171,-1.614,-0.966,0.002,0.002,12323.0,5909.0,1.0
"alpha[Cain, Lorenzo]",-1.252,0.156,-1.532,-0.948,0.001,0.002,13101.0,6922.0,1.0
"alpha[Ellsbury, Jacoby]",-1.639,0.282,-2.142,-1.073,0.002,0.003,13645.0,6834.0,1.0
"alpha[Trout, Mike]",-1.404,0.158,-1.705,-1.119,0.001,0.002,12048.0,6434.0,1.0
"alpha[Hannemann, Jacob]",-2.017,0.507,-2.97,-1.068,0.004,0.007,14627.0,4941.0,1.0
"alpha[Lagares, Juan]",-1.316,0.231,-1.732,-0.866,0.002,0.003,12287.0,6250.0,1.0
"alpha[Inciarte, Ender]",-1.432,0.144,-1.696,-1.163,0.001,0.001,11540.0,6994.0,1.0
"alpha[Fowler, Dexter]",-2.756,0.214,-3.143,-2.348,0.002,0.002,12666.0,6708.0,1.0
"alpha[Villar, Jonathan]",-2.527,0.507,-3.501,-1.609,0.004,0.006,17425.0,5733.0,1.0
"alpha[Galvis, Freddy]",-2.298,0.553,-3.275,-1.188,0.004,0.007,17007.0,5560.0,1.0
"alpha[Burns, Billy]",-2.178,0.566,-3.184,-1.066,0.005,0.007,15699.0,5556.0,1.0
"alpha[Kepler, Max]",-2.042,0.171,-2.362,-1.716,0.002,0.002,12745.0,6462.0,1.0
"alpha[Hoying, Jared]",-2.081,0.385,-2.838,-1.383,0.003,0.005,14221.0,6194.0,1.0
"alpha[Stubbs, Drew]",-2.028,0.48,-2.929,-1.128,0.004,0.006,16028.0,5975.0,1.0
"alpha[Selsky, Steve]",-2.273,0.56,-3.293,-1.205,0.004,0.007,16186.0,5810.0,1.0
"alpha[Betts, Mookie]",-2.444,0.192,-2.806,-2.086,0.002,0.002,12628.0,6008.0,1.0
"alpha[Laureano, Ramón]",-1.793,0.209,-2.183,-1.401,0.002,0.002,12255.0,6449.0,1.0
"alpha[Guerrero, Gabriel]",-2.094,0.505,-2.998,-1.104,0.004,0.007,16669.0,5142.0,1.0
"alpha[Harper, Bryce]",-2.482,0.194,-2.841,-2.117,0.002,0.002,12369.0,6141.0,1.0
"alpha[Barnes, Brandon]",-2.033,0.49,-2.943,-1.09,0.004,0.006,15619.0,5837.0,1.0
"alpha[Calhoun, Kole]",-2.788,0.194,-3.15,-2.432,0.002,0.002,12012.0,5861.0,1.0
"alpha[Escobar, Alcides]",-2.453,0.476,-3.355,-1.569,0.004,0.006,14600.0,6114.0,1.0
"alpha[Judge, Aaron]",0.563,0.084,0.406,0.72,0.001,0.001,8343.0,7157.0,1.0
"alpha[Bolt, Skye]",-2.247,0.516,-3.257,-1.313,0.004,0.007,16184.0,5899.0,1.0
"alpha[Lewis, Kyle]",-2.126,0.305,-2.682,-1.539,0.003,0.003,12370.0,6395.0,1.0
"alpha[García, Avisaíl]",-2.29,0.217,-2.693,-1.882,0.002,0.002,13095.0,6700.0,1.0
"alpha[Marte, Ketel]",-1.904,0.287,-2.429,-1.346,0.003,0.003,12633.0,6147.0,1.0
"alpha[Senzel, Nick]",-1.864,0.268,-2.364,-1.346,0.002,0.003,11893.0,6306.0,1.0
"alpha[Thomas, Lane]",-1.944,0.408,-2.679,-1.153,0.004,0.005,13509.0,6179.0,1.0
"alpha[Harrison, Monte]",-2.032,0.443,-2.879,-1.214,0.004,0.006,15054.0,5931.0,1.0
"alpha[Robert Jr., Luis]",-1.527,0.333,-2.146,-0.903,0.003,0.004,12953.0,6716.0,1.0
"alpha[Dubón, Mauricio]",-1.771,0.334,-2.383,-1.136,0.003,0.004,13903.0,6628.0,1.0
"alpha[Taveras, Leody]",-1.755,0.343,-2.378,-1.093,0.003,0.004,14373.0,6785.0,1.0
"alpha[Adell, Jo]",-2.735,0.394,-3.481,-2.0,0.003,0.004,15873.0,6334.0,1.0
"alpha[Hill, Derek]",-2.113,0.511,-3.109,-1.215,0.004,0.006,16277.0,6189.0,1.0
"alpha[Tucker, Cole]",-3.018,0.41,-3.797,-2.266,0.004,0.005,13570.0,6579.0,1.0
"alpha[Torreyes, Ronald]",-2.279,0.569,-3.356,-1.22,0.004,0.008,16242.0,5072.0,1.0
"alpha[Florial, Estevan]",-2.287,0.577,-3.423,-1.254,0.004,0.008,17484.0,5615.0,1.0
"alpha[Whitefield, Aaron]",-2.242,0.575,-3.317,-1.159,0.005,0.008,15859.0,5138.0,1.0
"alpha[Puig, Yasiel]",-2.879,0.214,-3.281,-2.478,0.002,0.003,11188.0,5629.0,1.0
"alpha[Taijeron, Travis]",-2.273,0.483,-3.185,-1.379,0.004,0.006,17134.0,6092.0,1.0
"alpha[Piscotty, Stephen]",-2.722,0.217,-3.128,-2.31,0.002,0.002,12610.0,6438.0,1.0
"alpha[Valencia, Danny]",-2.758,0.423,-3.503,-1.91,0.003,0.005,15835.0,6217.0,1.0
"alpha[Trumbo, Mark]",-2.955,0.394,-3.682,-2.207,0.003,0.005,14839.0,6119.0,1.0
"alpha[Moncrief, Carlos]",-2.618,0.501,-3.544,-1.673,0.004,0.006,16371.0,5920.0,1.0
"alpha[Santana, Carlos]",-2.168,0.518,-3.101,-1.18,0.004,0.006,15375.0,6226.0,1.0
"alpha[Cruz, Nelson]",-2.366,0.513,-3.324,-1.381,0.004,0.006,17110.0,6575.0,1.0
"alpha[Olson, Matt]",-2.596,0.464,-3.525,-1.772,0.004,0.005,13000.0,5742.0,1.0
"alpha[Adduci, James]",-2.709,0.394,-3.45,-1.98,0.003,0.005,14633.0,5983.0,1.0
"alpha[Flores, Ramón]",-2.471,0.507,-3.405,-1.536,0.004,0.006,15706.0,5994.0,1.0
"alpha[Parmley, Ian]",-2.409,0.555,-3.465,-1.397,0.004,0.007,16262.0,5505.0,1.0
"alpha[Huffman, Chad]",-2.343,0.555,-3.336,-1.273,0.004,0.007,16516.0,5620.0,1.0
"alpha[Sánchez, Yolmer]",-2.315,0.587,-3.398,-1.211,0.004,0.008,17795.0,4646.0,1.0
"alpha[Báez, Javier]",-2.353,0.575,-3.419,-1.237,0.004,0.008,16701.0,5663.0,1.0
"alpha[Anderson, Brian]",-2.49,0.271,-3.004,-1.981,0.002,0.003,13443.0,6373.0,1.0
"alpha[Williams, Justin]",-2.295,0.576,-3.368,-1.203,0.005,0.007,16010.0,5440.0,1.0
"alpha[Plouffe, Trevor]",-2.315,0.576,-3.427,-1.264,0.005,0.008,15762.0,5212.0,1.0
"alpha[Kaczmarski, Kevin]",-2.26,0.574,-3.347,-1.211,0.004,0.008,17379.0,4851.0,1.0
"alpha[Valera, Breyvic]",-2.304,0.575,-3.379,-1.196,0.005,0.008,15293.0,5424.0,1.0
"alpha[Davis, Jaylin]",-2.507,0.412,-3.261,-1.726,0.003,0.004,13962.0,6740.0,1.0
"alpha[Joseph, Corban]",-2.272,0.571,-3.299,-1.178,0.004,0.007,18186.0,6050.0,1.0
"alpha[Goins, Ryan]",-2.844,0.518,-3.79,-1.846,0.004,0.006,13632.0,6368.0,1.0
"alpha[Wong, Kean]",-2.407,0.55,-3.476,-1.409,0.004,0.008,16463.0,5393.0,1.0
"alpha[Nola, Austin]",-2.496,0.565,-3.603,-1.458,0.004,0.008,17479.0,4988.0,1.0
"alpha[Davis, Chris]",-2.274,0.565,-3.341,-1.229,0.005,0.007,13604.0,5661.0,1.0
"alpha[Reed, Michael]",-2.534,0.527,-3.506,-1.526,0.004,0.007,17337.0,6241.0,1.0
"alpha[Cameron, Daz]",-2.352,0.453,-3.202,-1.508,0.004,0.005,15917.0,6382.0,1.0
"alpha[Walsh, Jared]",-2.28,0.561,-3.362,-1.226,0.005,0.007,14659.0,5195.0,1.0
"alpha[McKinstry, Zach]",-2.21,0.569,-3.261,-1.113,0.004,0.008,16574.0,5130.0,1.0
"alpha[Hernandez, Yadiel]",-2.488,0.57,-3.588,-1.437,0.004,0.007,17460.0,5832.0,1.0
"alpha[Alfaro, Jorge]",-2.617,0.575,-3.719,-1.566,0.004,0.008,17606.0,5434.0,1.0
"alpha[Sánchez, Jesús]",-2.44,0.484,-3.328,-1.507,0.004,0.005,12241.0,6404.0,1.0
"beta_speed[Gonzalez, Marwin]",-16.876,1.302,-19.328,-14.47,0.012,0.015,11714.0,5630.0,1.0
"beta_speed[Gardner, Brett]",-19.067,1.048,-21.131,-17.128,0.009,0.012,13214.0,6094.0,1.0
"beta_speed[Hernández, Enrique]",-20.42,1.573,-23.374,-17.455,0.015,0.018,11030.0,5608.0,1.0
"beta_speed[Schwarber, Kyle]",-19.672,1.147,-21.924,-17.623,0.01,0.014,12132.0,5455.0,1.0
"beta_speed[Jay, Jon]",-18.832,1.243,-21.194,-16.55,0.011,0.015,13946.0,6358.0,1.0
"beta_speed[Ethier, Andre]",-18.959,2.153,-22.851,-14.752,0.018,0.025,14179.0,6470.0,1.0
"beta_speed[Maybin, Cameron]",-16.974,1.087,-19.013,-14.973,0.01,0.012,11052.0,5992.0,1.0
"beta_speed[Werth, Jayson]",-20.367,1.745,-23.791,-17.162,0.015,0.022,13840.0,5799.0,1.0
"beta_speed[Zobrist, Ben]",-19.029,1.506,-21.845,-16.196,0.014,0.018,12531.0,5881.0,1.0
"beta_speed[Kendrick, Howie]",-19.534,1.795,-22.905,-16.204,0.015,0.021,14226.0,5692.0,1.0
"beta_speed[Jackson, Austin]",-19.406,1.469,-22.135,-16.649,0.013,0.017,12007.0,6114.0,1.0
"beta_speed[Peralta, David]",-21.663,1.215,-24.001,-19.468,0.011,0.014,13202.0,6016.0,1.0
"beta_speed[Benintendi, Andrew]",-17.787,1.004,-19.694,-15.936,0.009,0.012,12911.0,6370.0,1.0
"beta_speed[Chisenhall, Lonnie]",-21.12,1.733,-24.431,-17.9,0.016,0.021,12165.0,5971.0,1.0
"beta_speed[Duvall, Adam]",-21.856,1.313,-24.435,-19.519,0.011,0.016,13908.0,5729.0,1.0
"beta_speed[Liriano, Rymer]",-20.139,2.355,-24.904,-16.006,0.018,0.032,17362.0,5398.0,1.0
"beta_speed[Dickerson, Corey]",-17.117,1.112,-19.196,-15.035,0.01,0.013,13027.0,5926.0,1.0
"beta_speed[Mancini, Trey]",-19.817,1.217,-22.086,-17.588,0.011,0.014,12396.0,6481.0,1.0
"beta_speed[Peterson, Jace]",-19.968,1.676,-22.983,-16.707,0.014,0.019,14757.0,6756.0,1.0
"beta_speed[Suzuki, Ichiro]",-19.862,1.802,-23.325,-16.612,0.017,0.021,11866.0,6343.0,1.0
"beta_speed[Dietrich, Derek]",-20.029,1.59,-22.865,-16.913,0.014,0.02,12335.0,5244.0,1.0
"beta_speed[Gordon, Alex]",-20.3,1.089,-22.334,-18.288,0.01,0.012,13078.0,6614.0,1.0
"beta_speed[Happ, Ian]",-18.97,1.385,-21.534,-16.357,0.012,0.016,12800.0,6246.0,1.0
"beta_speed[Granderson, Curtis]",-18.328,1.183,-20.545,-16.109,0.01,0.015,14662.0,6104.0,1.0
"beta_speed[Parra, Gerardo]",-20.048,1.305,-22.431,-17.568,0.012,0.015,11950.0,6236.0,1.0
"beta_speed[Rosario, Eddie]",-20.619,1.102,-22.828,-18.704,0.009,0.013,13676.0,5928.0,1.0
"beta_speed[Frazier, Clint]",-19.297,1.485,-22.034,-16.481,0.013,0.018,12637.0,5568.0,1.0
"beta_speed[Carrera, Ezequiel]",-18.362,1.509,-21.216,-15.539,0.014,0.019,11025.0,5983.0,1.0
"beta_speed[Gamel, Ben]",-18.231,1.128,-20.375,-16.188,0.01,0.014,12880.0,5522.0,1.0
"beta_speed[Upton, Justin]",-20.668,1.165,-22.831,-18.44,0.01,0.015,13700.0,5699.0,1.0
"beta_speed[Blash, Jabari]",-18.227,1.665,-21.326,-15.1,0.014,0.02,14363.0,6120.0,1.0
"beta_speed[Parker, Jarrett]",-18.809,1.699,-22.088,-15.744,0.016,0.019,11366.0,6278.0,1.0
"beta_speed[Marte, Starling]",-16.958,0.981,-18.825,-15.148,0.009,0.011,12914.0,5834.0,1.0
"beta_speed[Davis, Khris]",-18.447,1.451,-21.12,-15.708,0.013,0.017,12660.0,6169.0,1.0
"beta_speed[Calhoun, Willie]",-18.956,1.467,-21.713,-16.198,0.012,0.017,14125.0,6292.0,1.0
"beta_speed[Hicks, Aaron]",-16.301,1.093,-18.376,-14.266,0.01,0.013,11799.0,6037.0,1.0
"beta_speed[Pederson, Joc]",-19.919,1.26,-22.319,-17.618,0.011,0.015,13366.0,6172.0,1.0
"beta_speed[Reddick, Josh]",-19.835,1.178,-22.053,-17.61,0.011,0.014,12529.0,5353.0,1.0
"beta_speed[Locastro, Tim]",-17.965,1.587,-21.058,-15.135,0.013,0.023,14802.0,5392.0,1.0
"beta_speed[Verdugo, Alex]",-18.304,1.372,-20.853,-15.67,0.012,0.016,12334.0,5883.0,1.0
"beta_speed[Davis, Rajai]",-19.658,1.525,-22.658,-16.892,0.013,0.019,12871.0,5790.0,1.0
"beta_speed[White, Tyler]",-18.38,2.477,-22.933,-13.68,0.02,0.032,15731.0,5800.0,1.0
"beta_speed[Adrianza, Ehire]",-18.712,1.971,-22.41,-14.985,0.017,0.023,13783.0,6399.0,1.0
"beta_speed[Presley, Alex]",-19.592,1.787,-23.003,-16.316,0.016,0.021,12782.0,6017.0,1.0
"beta_speed[Luplow, Jordan]",-20.284,1.465,-23.131,-17.62,0.012,0.019,14043.0,5636.0,1.0
"beta_speed[Herrmann, Chris]",-18.643,1.966,-22.41,-15.02,0.017,0.024,13411.0,5980.0,1.0
"beta_speed[Spangenberg, Cory]",-19.49,1.979,-23.139,-15.733,0.016,0.023,14909.0,6599.0,1.0
"beta_speed[Jankowski, Travis]",-19.34,1.629,-22.334,-16.244,0.015,0.02,12462.0,6226.0,1.0
"beta_speed[Rua, Ryan]",-19.424,1.692,-22.537,-16.232,0.015,0.02,13145.0,6238.0,1.0
"beta_speed[Nimmo, Brandon]",-20.362,1.301,-22.923,-18.015,0.012,0.015,12678.0,6656.0,1.0
"beta_speed[Altherr, Aaron]",-19.445,1.37,-22.067,-16.978,0.012,0.016,13515.0,6557.0,1.0
"beta_speed[Braun, Ryan]",-22.665,1.384,-25.164,-19.944,0.012,0.018,13677.0,5682.0,1.0
"beta_speed[Grichuk, Randal]",-18.547,1.078,-20.535,-16.484,0.009,0.012,12983.0,6031.0,1.0
"beta_speed[Romine, Andrew]",-19.663,1.701,-22.744,-16.423,0.015,0.018,13641.0,6658.0,1.0
"beta_speed[Delmonico, Nicky]",-18.548,1.542,-21.383,-15.569,0.013,0.019,13366.0,6112.0,1.0
"beta_speed[Puello, César]",-18.725,1.703,-21.933,-15.519,0.015,0.019,12999.0,5684.0,1.0
"beta_speed[Moore, Tyler]",-18.939,2.415,-23.204,-14.277,0.02,0.037,14970.0,5275.0,1.0
"beta_speed[Johnson, Micah]",-19.272,2.536,-23.732,-14.248,0.02,0.036,16132.0,5247.0,1.0
"beta_speed[Canha, Mark]",-19.648,1.246,-22.006,-17.286,0.011,0.016,13832.0,5375.0,1.0
"beta_speed[Pham, Tommy]",-19.772,1.164,-21.96,-17.603,0.01,0.014,13134.0,6463.0,1.0
"beta_speed[Tauchman, Mike]",-21.131,1.627,-24.16,-18.046,0.014,0.018,13176.0,6383.0,1.0
"beta_speed[Fisher, Derek]",-16.513,1.496,-19.323,-13.713,0.013,0.017,13140.0,6141.0,1.0
"beta_speed[Desmond, Ian]",-19.486,1.38,-22.163,-16.999,0.013,0.016,11296.0,6212.0,1.0
"beta_speed[Aoki, Norichika]",-17.326,1.459,-19.968,-14.559,0.013,0.017,13578.0,6319.0,1.0
"beta_speed[Sierra, Magneuris]",-19.589,1.638,-22.672,-16.568,0.015,0.019,12746.0,6132.0,1.0
"beta_speed[Thames, Eric]",-19.417,1.693,-22.621,-16.312,0.014,0.02,13809.0,5897.0,1.0
"beta_speed[De Aza, Alejandro]",-20.282,2.195,-24.507,-16.209,0.018,0.026,15218.0,6340.0,1.0
"beta_speed[Almonte, Abraham]",-19.328,1.577,-22.345,-16.505,0.014,0.018,13404.0,5481.0,1.0
"beta_speed[Gimenez, Chris]",-18.964,2.362,-23.448,-14.581,0.018,0.031,17304.0,5543.0,1.0
"beta_speed[Garver, Mitch]",-19.194,2.485,-24.034,-14.662,0.02,0.032,15289.0,5189.0,1.0
"beta_speed[Revere, Ben]",-19.132,1.66,-22.266,-16.035,0.014,0.02,13647.0,6225.0,1.0
"beta_speed[Adams, Lane]",-19.135,1.951,-22.7,-15.39,0.016,0.022,14728.0,6210.0,1.0
"beta_speed[Ozuna, Marcell]",-21.018,1.134,-23.097,-18.787,0.01,0.013,13305.0,5726.0,1.0
"beta_speed[Hernández, Teoscar]",-17.493,1.132,-19.534,-15.305,0.01,0.014,12665.0,6343.0,1.0
"beta_speed[Rickard, Joey]",-17.715,1.341,-20.394,-15.314,0.012,0.017,12830.0,6200.0,1.0
"beta_speed[Lind, Adam]",-19.885,1.977,-23.658,-16.277,0.016,0.023,15352.0,6482.0,1.0
"beta_speed[Young, Chris]",-19.136,1.659,-22.137,-15.959,0.013,0.02,15278.0,5926.0,1.0
"beta_speed[Bellinger, Cody]",-18.739,1.27,-21.132,-16.395,0.012,0.015,11922.0,5996.0,1.0
"beta_speed[Mazara, Nomar]",-20.76,1.156,-22.874,-18.568,0.01,0.016,13318.0,5711.0,1.0
"beta_speed[Hoskins, Rhys]",-20.094,1.466,-22.829,-17.313,0.013,0.017,12198.0,6656.0,1.0
"beta_speed[Bourjos, Peter]",-17.862,1.747,-21.092,-14.542,0.014,0.022,15002.0,5639.0,1.0
"beta_speed[Negrón, Kristopher]",-19.463,2.019,-23.411,-15.849,0.018,0.022,12934.0,6627.0,1.0
"beta_speed[Williamson, Mac]",-20.238,1.679,-23.498,-17.175,0.014,0.02,14750.0,6748.0,1.0
"beta_speed[DeShields, Delino]",-17.821,1.074,-19.934,-15.882,0.009,0.013,13099.0,5500.0,1.0
"beta_speed[Granite, Zack]",-20.517,2.095,-24.505,-16.644,0.018,0.024,13677.0,6540.0,1.0
"beta_speed[Kemp, Tony]",-18.52,1.559,-21.514,-15.604,0.014,0.018,12648.0,6101.0,1.0
"beta_speed[Ervin, Phillip]",-20.239,1.467,-22.871,-17.425,0.013,0.017,12926.0,6235.0,1.0
"beta_speed[Cabrera, Melky]",-21.505,1.316,-23.937,-19.062,0.012,0.015,12599.0,6595.0,1.0
"beta_speed[Smolinski, Jake]",-20.814,2.068,-24.54,-16.782,0.017,0.026,14140.0,5990.0,1.0
"beta_speed[García, Willy]",-18.326,1.791,-21.708,-15.052,0.015,0.021,13898.0,6328.0,1.0
"beta_speed[Haniger, Mitch]",-18.035,1.071,-20.071,-16.064,0.009,0.012,13335.0,5991.0,1.0
"beta_speed[Joyce, Matt]",-20.535,1.381,-23.131,-17.978,0.012,0.017,14060.0,6097.0,1.0
"beta_speed[Collins, Tyler]",-20.464,1.91,-24.032,-16.907,0.017,0.02,12674.0,6502.0,1.0
"beta_speed[Mahtook, Mikie]",-18.255,1.352,-20.718,-15.668,0.012,0.017,12582.0,5688.0,1.0
"beta_speed[Gore, Terrance]",-19.709,2.134,-23.935,-15.893,0.018,0.022,14531.0,6804.0,1.0
"beta_speed[Bader, Harrison]",-18.62,1.179,-20.878,-16.466,0.011,0.013,11791.0,6675.0,1.0
"beta_speed[Hernández, Gorkys]",-20.381,1.367,-22.99,-17.823,0.012,0.016,13189.0,6250.0,1.0
"beta_speed[Winker, Jesse]",-21.249,1.407,-23.859,-18.64,0.012,0.017,13098.0,5710.0,1.0
"beta_speed[Smith, Mallex]",-16.531,1.046,-18.515,-14.549,0.009,0.012,12724.0,6291.0,1.0
"beta_speed[Szczur, Matt]",-18.989,1.719,-22.222,-15.821,0.015,0.019,13000.0,6534.0,1.0
"beta_speed[Allen, Greg]",-19.225,1.384,-21.878,-16.704,0.012,0.017,12790.0,6304.0,1.0
"beta_speed[Robinson, Drew]",-20.01,1.845,-23.579,-16.621,0.016,0.021,14029.0,6499.0,1.0
"beta_speed[Kivlehan, Patrick]",-18.797,1.87,-22.305,-15.315,0.016,0.022,14098.0,6181.0,1.0
"beta_speed[Kemp, Matt]",-20.937,1.391,-23.605,-18.402,0.013,0.016,12351.0,6439.0,1.0
"beta_speed[Slater, Austin]",-19.755,1.522,-22.615,-16.875,0.013,0.019,13870.0,6103.0,1.0
"beta_speed[Motter, Taylor]",-19.536,2.153,-23.557,-15.442,0.018,0.025,14538.0,6025.0,1.0
"beta_speed[Martin, Leonys]",-18.885,1.35,-21.344,-16.344,0.012,0.016,12045.0,5627.0,1.0
"beta_speed[Saunders, Michael]",-19.487,1.68,-22.634,-16.36,0.015,0.019,12867.0,6012.0,1.0
"beta_speed[Blanco, Grégor]",-18.46,1.578,-21.468,-15.598,0.014,0.018,13337.0,6164.0,1.0
"beta_speed[Núñez, Renato]",-18.631,2.227,-22.765,-14.296,0.018,0.03,15028.0,5601.0,1.0
"beta_speed[Guyer, Brandon]",-20.066,1.603,-23.087,-17.073,0.014,0.018,13382.0,5960.0,1.0
"beta_speed[Pirela, José]",-18.219,1.602,-21.196,-15.157,0.014,0.019,13150.0,6571.0,1.0
"beta_speed[Kim, Hyun Soo]",-18.727,1.717,-22.044,-15.605,0.015,0.02,13335.0,6096.0,1.0
"beta_speed[Berry, Quintin]",-19.654,2.521,-24.29,-14.692,0.019,0.034,17169.0,5412.0,1.0
"beta_speed[Phillips, Brett]",-19.236,1.561,-22.178,-16.324,0.014,0.017,11738.0,6522.0,1.0
"beta_speed[Hanson, Alen]",-19.529,1.851,-23.016,-16.049,0.015,0.022,15271.0,6275.0,1.0
"beta_speed[Bryant, Kris]",-20.846,1.827,-24.256,-17.515,0.016,0.021,12974.0,6121.0,1.0
"beta_speed[Adams, Matt]",-19.516,2.004,-23.3,-15.794,0.016,0.024,15897.0,5764.0,1.0
"beta_speed[Tapia, Raimel]",-20.277,1.475,-23.269,-17.684,0.013,0.018,12284.0,5506.0,1.0
"beta_speed[Bostick, Christopher]",-19.523,2.434,-24.224,-15.067,0.019,0.032,15864.0,5698.0,1.0
"beta_speed[Wade, Tyler]",-19.681,2.069,-23.66,-15.917,0.016,0.023,17313.0,6542.0,1.0
"beta_speed[Fuentes, Rey]",-19.96,2.044,-23.754,-16.123,0.017,0.023,13987.0,6198.0,1.0
"beta_speed[Pearce, Steve]",-19.856,1.597,-22.807,-16.809,0.013,0.019,14210.0,5916.0,1.0
"beta_speed[Dickson, O'Koyea]",-19.316,2.36,-23.794,-14.993,0.019,0.029,15206.0,6262.0,1.0
"beta_speed[Pérez, Hernán]",-20.471,1.617,-23.407,-17.341,0.014,0.018,13953.0,6857.0,1.0
"beta_speed[Reynolds, Matt]",-19.453,2.231,-23.874,-15.405,0.019,0.027,14222.0,5739.0,1.0
"beta_speed[Forsythe, Logan]",-19.075,2.451,-23.591,-14.348,0.018,0.035,19416.0,5725.0,1.0
"beta_speed[Heredia, Guillermo]",-20.502,1.245,-22.848,-18.186,0.011,0.015,13245.0,6056.0,1.0
"beta_speed[Holt, Brock]",-18.722,1.782,-22.079,-15.429,0.016,0.02,13168.0,5906.0,1.0
"beta_speed[Reyes, José]",-18.914,2.508,-23.701,-14.376,0.019,0.036,16818.0,5487.0,1.0
"beta_speed[Nava, Daniel]",-20.527,1.844,-23.952,-17.061,0.015,0.023,15858.0,5917.0,1.0
"beta_speed[García, Leury]",-17.894,1.243,-20.253,-15.562,0.011,0.014,13351.0,6307.0,1.0
"beta_speed[Gallo, Joey]",-20.644,1.319,-23.014,-18.057,0.011,0.017,13833.0,5649.0,1.0
"beta_speed[Moss, Brandon]",-19.581,2.349,-23.857,-15.043,0.019,0.031,16069.0,5044.0,1.0
"beta_speed[Martínez, José A.]",-19.192,1.394,-21.747,-16.519,0.012,0.017,12536.0,5667.0,1.0
"beta_speed[Valaika, Pat]",-20.135,2.287,-24.501,-15.948,0.018,0.027,15559.0,6235.0,1.0
"beta_speed[Frazier, Adam]",-20.241,1.611,-23.306,-17.298,0.013,0.02,14367.0,6200.0,1.0
"beta_speed[Cespedes, Yoenis]",-20.134,1.54,-23.031,-17.243,0.014,0.019,12502.0,5795.0,1.0
"beta_speed[Rodríguez, Sean]",-20.768,1.983,-24.57,-17.114,0.018,0.021,12303.0,6947.0,1.0
"beta_speed[Florimón, Pedro]",-20.303,2.313,-24.807,-16.129,0.019,0.028,14684.0,5875.0,1.0
"beta_speed[Gentry, Craig]",-19.851,1.651,-22.998,-16.848,0.015,0.017,11585.0,6542.0,1.0
"beta_speed[Smith, Seth]",-19.131,1.657,-22.276,-16.078,0.014,0.02,14325.0,5851.0,1.0
"beta_speed[Santana, Danny]",-19.358,1.56,-22.388,-16.497,0.015,0.019,11149.0,5818.0,1.0
"beta_speed[Conforto, Michael]",-18.701,1.006,-20.584,-16.823,0.009,0.012,12415.0,6233.0,1.0
"beta_speed[Amarista, Alexi]",-18.035,2.205,-22.381,-14.103,0.018,0.029,15078.0,5793.0,1.0
"beta_speed[Tomlinson, Kelby]",-18.503,2.15,-22.661,-14.646,0.017,0.025,16943.0,6362.0,1.0
"beta_speed[Taylor, Chris]",-19.548,1.304,-21.862,-16.973,0.011,0.017,14167.0,6082.0,1.0
"beta_speed[Descalso, Daniel]",-20.069,2.047,-23.939,-16.275,0.017,0.024,14332.0,6195.0,1.0
"beta_speed[Gennett, Scooter]",-18.634,2.08,-22.612,-14.744,0.017,0.025,14205.0,6042.0,1.0
"beta_speed[Stevenson, Andrew]",-22.096,2.039,-26.288,-18.516,0.018,0.023,13227.0,6141.0,1.0
"beta_speed[Brantley, Michael]",-20.919,1.23,-23.192,-18.645,0.011,0.014,13261.0,6140.0,1.0
"beta_speed[Perkins, Cameron]",-20.223,2.037,-24.019,-16.412,0.017,0.022,13976.0,6694.0,1.0
"beta_speed[Robinson, Shane]",-17.694,1.973,-21.462,-14.114,0.017,0.021,13828.0,6670.0,1.0
"beta_speed[Contreras, Willson]",-19.252,2.388,-23.63,-14.622,0.019,0.03,16416.0,6282.0,1.0
"beta_speed[Williams, Nick]",-17.727,1.335,-20.251,-15.2,0.011,0.016,14858.0,6157.0,1.0
"beta_speed[Pinder, Chad]",-20.679,1.469,-23.391,-17.865,0.013,0.018,13103.0,6171.0,1.0
"beta_speed[Beltrán, Carlos]",-19.672,2.324,-24.007,-15.236,0.019,0.03,15238.0,5381.0,1.0
"beta_speed[Goodwin, Brian]",-18.901,1.214,-21.193,-16.646,0.011,0.015,13010.0,6096.0,1.0
"beta_speed[Difo, Wilmer]",-19.102,2.336,-23.215,-14.549,0.019,0.027,14419.0,6073.0,1.0
"beta_speed[Alcántara, Arismendy]",-20.568,2.209,-24.832,-16.63,0.018,0.026,14573.0,6413.0,1.0
"beta_speed[Heisey, Chris]",-20.042,2.128,-23.868,-15.941,0.018,0.024,13734.0,6117.0,1.0
"beta_speed[Cordero, Franchy]",-18.631,1.662,-21.96,-15.67,0.015,0.02,13053.0,6245.0,1.0
"beta_speed[Thompson, Trayce]",-16.552,1.651,-19.586,-13.413,0.014,0.018,13480.0,6651.0,1.0
"beta_speed[Raburn, Ryan]",-18.187,2.064,-21.976,-14.364,0.016,0.025,15736.0,5894.0,1.0
"beta_speed[Peterson, Shane]",-19.009,1.992,-22.561,-15.057,0.016,0.023,15268.0,5949.0,1.0
"beta_speed[Grossman, Robbie]",-21.836,1.312,-24.331,-19.441,0.012,0.016,12211.0,5951.0,1.0
"beta_speed[Jaso, John]",-19.096,1.749,-22.459,-15.925,0.015,0.02,13733.0,6366.0,1.0
"beta_speed[Córdoba, Allen]",-19.296,1.924,-22.936,-15.775,0.017,0.021,13532.0,6421.0,1.0
"beta_speed[Merrifield, Whit]",-19.207,1.37,-21.789,-16.661,0.012,0.017,13072.0,5616.0,1.0
"beta_speed[Soler, Jorge]",-18.47,1.375,-21.188,-16.042,0.012,0.016,13115.0,6074.0,1.0
"beta_speed[Harrison, Josh]",-19.471,2.124,-23.502,-15.47,0.017,0.026,15503.0,5601.0,1.0
"beta_speed[Young Jr., Eric]",-18.016,1.542,-21.05,-15.216,0.013,0.018,13556.0,6971.0,1.0
"beta_speed[Rivera, T.J.]",-19.451,2.512,-24.142,-14.594,0.017,0.036,21232.0,4939.0,1.0
"beta_speed[Osuna, José]",-19.314,1.625,-22.331,-16.277,0.013,0.02,14977.0,5791.0,1.0
"beta_speed[den Dekker, Matthew]",-19.592,2.182,-23.657,-15.552,0.018,0.026,14877.0,6021.0,1.0
"beta_speed[Jones, Ryder]",-19.011,2.538,-24.017,-14.474,0.019,0.035,17350.0,5111.0,1.0
"beta_speed[Refsnyder, Rob]",-18.654,1.913,-22.175,-15.041,0.016,0.024,14607.0,6186.0,1.0
"beta_speed[Smith Jr., Dwight]",-18.789,1.419,-21.449,-16.13,0.012,0.017,14532.0,6070.0,1.0
"beta_speed[Robertson, Daniel]",-18.966,2.019,-22.74,-15.066,0.017,0.024,13865.0,5878.0,1.0
"beta_speed[Franklin, Nick]",-18.96,2.094,-22.87,-14.957,0.017,0.026,15399.0,6289.0,1.0
"beta_speed[Gutierrez, Franklin]",-19.082,2.234,-23.188,-14.777,0.018,0.029,14574.0,6338.0,1.0
"beta_speed[Brinson, Lewis]",-17.941,1.284,-20.237,-15.421,0.013,0.015,10219.0,6291.0,1.0
"beta_speed[Vogt, Stephen]",-19.687,2.239,-23.92,-15.498,0.019,0.027,13568.0,6400.0,1.0
"beta_speed[Belt, Brandon]",-19.189,1.849,-22.669,-15.782,0.016,0.021,14209.0,6563.0,1.0
"beta_speed[González, Erik]",-18.528,2.313,-22.816,-14.206,0.018,0.032,16532.0,5880.0,1.0
"beta_speed[Brugman, Jaycob]",-19.051,1.864,-22.538,-15.546,0.016,0.021,13580.0,5962.0,1.0
"beta_speed[Kelly, Ty]",-18.547,2.254,-22.865,-14.384,0.018,0.028,15617.0,5948.0,1.0
"beta_speed[Gyorko, Jedd]",-19.17,2.522,-23.73,-14.345,0.019,0.032,17446.0,5935.0,1.0
"beta_speed[Hazelbaker, Jeremy]",-20.624,2.267,-24.89,-16.371,0.019,0.028,14063.0,6044.0,1.0
"beta_speed[Rasmus, Colby]",-17.715,1.732,-20.908,-14.442,0.014,0.019,15196.0,6448.0,1.0
"beta_speed[Camargo, Johan]",-19.766,2.115,-23.601,-15.747,0.018,0.024,14428.0,6317.0,1.0
"beta_speed[Calixte, Orlando]",-19.903,2.185,-24.033,-15.816,0.019,0.025,13730.0,6433.0,1.0
"beta_speed[Barney, Darwin]",-19.467,2.497,-24.272,-14.828,0.019,0.034,17375.0,5137.0,1.0
"beta_speed[Coghlan, Chris]",-17.836,2.212,-22.06,-13.711,0.019,0.027,14208.0,6005.0,1.0
"beta_speed[Powell, Boog]",-21.94,2.087,-26.224,-18.367,0.018,0.024,13892.0,6155.0,1.0
"beta_speed[Martinez, Michael]",-19.461,2.454,-23.963,-14.835,0.018,0.03,18250.0,5964.0,1.0
"beta_speed[Eibner, Brett]",-19.48,2.239,-23.737,-15.358,0.019,0.025,14648.0,6009.0,1.0
"beta_speed[Tomás, Yasmany]",-18.66,1.919,-22.223,-15.147,0.016,0.021,13978.0,6428.0,1.0
"beta_speed[Núñez, Eduardo]",-18.062,1.806,-21.513,-14.809,0.015,0.02,13689.0,6518.0,1.0
"beta_speed[Owings, Chris]",-16.947,1.507,-19.776,-14.115,0.014,0.018,12282.0,6100.0,1.0
"beta_speed[Marte, Jefry]",-18.728,2.432,-23.363,-14.174,0.018,0.033,17479.0,5491.0,1.0
"beta_speed[Ortiz, Danny]",-18.6,2.281,-22.903,-14.398,0.018,0.026,15793.0,6556.0,1.0
"beta_speed[Bonifacio, Jorge]",-19.258,1.313,-21.583,-16.702,0.011,0.016,14599.0,6667.0,1.0
"beta_speed[Escobar, Eduardo]",-17.579,2.396,-22.202,-13.324,0.018,0.03,17696.0,6300.0,1.0
"beta_speed[Ceciliani, Darrell]",-19.244,2.439,-23.817,-14.693,0.019,0.033,16868.0,5171.0,1.0
"beta_speed[Morse, Michael]",-17.914,2.465,-22.446,-13.249,0.02,0.036,14805.0,4818.0,1.0
"beta_speed[Ruggiano, Justin]",-17.694,1.901,-21.116,-14.034,0.016,0.021,14511.0,6616.0,1.0
"beta_speed[Alford, Anthony]",-20.136,2.014,-23.887,-16.35,0.017,0.022,13778.0,6985.0,1.0
"beta_speed[Sogard, Eric]",-20.204,2.351,-24.44,-15.687,0.018,0.031,16880.0,5606.0,1.0
"beta_speed[Marisnick, Jake]",-19.181,1.411,-21.716,-16.381,0.013,0.018,12579.0,6182.0,1.0
"beta_speed[Van Slyke, Scott]",-19.387,2.38,-23.96,-15.074,0.02,0.03,14045.0,5836.0,1.0
"beta_speed[Díaz, Yandy]",-19.736,2.495,-24.208,-14.852,0.019,0.035,16808.0,5348.0,1.0
"beta_speed[Toles, Andrew]",-19.826,1.998,-23.58,-16.075,0.017,0.022,13197.0,6458.0,1.0
"beta_speed[Polanco, Gregory]",-19.574,1.18,-21.837,-17.389,0.011,0.013,12470.0,6619.0,1.0
"beta_speed[Stassi, Brock]",-19.077,2.557,-23.997,-14.501,0.021,0.035,14369.0,5565.0,1.0
"beta_speed[Díaz, Aledmys]",-19.304,2.351,-23.648,-14.881,0.018,0.032,17859.0,5290.0,1.0
"beta_speed[Decker, Jaff]",-20.805,2.282,-25.095,-16.641,0.018,0.027,15966.0,6520.0,1.0
"beta_speed[Flaherty, Ryan]",-19.238,2.411,-24.089,-14.979,0.017,0.034,19285.0,5558.0,1.0
"beta_speed[Profar, Jurickson]",-18.151,1.756,-21.546,-14.925,0.015,0.019,14531.0,6382.0,1.0
"beta_speed[Eaton, Adam]",-18.4,1.084,-20.491,-16.415,0.009,0.012,13065.0,6205.0,1.0
"beta_speed[Marrero, Chris]",-20.422,2.354,-24.757,-15.822,0.019,0.03,15323.0,5219.0,1.0
"beta_speed[May, Jacob]",-19.667,2.249,-23.774,-15.372,0.017,0.028,17433.0,5887.0,1.0
"beta_speed[Dyson, Jarrod]",-19.934,1.284,-22.324,-17.508,0.011,0.014,12785.0,6316.0,1.0
"beta_speed[Bonifácio, Emilio]",-19.191,2.248,-23.358,-14.984,0.017,0.027,17938.0,6237.0,1.0
"beta_speed[Hill, Aaron]",-19.07,2.513,-23.73,-14.271,0.02,0.034,16048.0,5528.0,1.0
"beta_speed[Cardullo, Stephen]",-19.867,2.325,-24.235,-15.537,0.02,0.027,13966.0,5943.0,1.0
"beta_speed[d'Arnaud, Chase]",-19.174,2.511,-24.191,-14.75,0.019,0.033,16784.0,5291.0,1.0
"beta_speed[Nieuwenhuis, Kirk]",-19.343,2.383,-23.664,-14.656,0.019,0.03,15874.0,5581.0,1.0
"beta_speed[Rosales, Adam]",-18.477,2.517,-23.112,-13.783,0.019,0.035,16863.0,5883.0,1.0
"beta_speed[Soto, Juan]",-17.071,1.061,-19.12,-15.175,0.009,0.013,14701.0,6212.0,1.0
"beta_speed[Dahl, David]",-17.617,1.326,-20.029,-15.075,0.013,0.015,11102.0,5988.0,1.0
"beta_speed[McKinney, Billy]",-19.429,1.65,-22.55,-16.321,0.014,0.019,13822.0,6329.0,1.0
"beta_speed[O'Neill, Tyler]",-20.048,1.561,-23.035,-17.18,0.014,0.019,12031.0,5600.0,1.0
"beta_speed[Reyes, Pablo]",-17.844,1.787,-21.102,-14.451,0.016,0.02,12956.0,6553.0,1.0
"beta_speed[Schebler, Scott]",-21.053,1.34,-23.673,-18.633,0.012,0.016,13263.0,6056.0,1.0
"beta_speed[Martini, Nick]",-21.196,1.757,-24.407,-17.793,0.016,0.022,12512.0,6016.0,1.0
"beta_speed[Galloway, Isaac]",-20.28,1.97,-23.95,-16.507,0.016,0.021,14683.0,6150.0,1.0
"beta_speed[Martinez, J.D.]",-19.489,1.33,-22.024,-16.973,0.011,0.017,13599.0,5257.0,1.0
"beta_speed[Stewart, DJ]",-19.817,1.64,-22.871,-16.726,0.013,0.02,15410.0,5902.0,1.0
"beta_speed[Tucker, Kyle]",-20.152,1.636,-23.231,-17.155,0.014,0.019,14384.0,6384.0,1.0
"beta_speed[Cozens, Dylan]",-17.29,2.025,-21.19,-13.572,0.017,0.024,13851.0,6369.0,1.0
"beta_speed[Acuña Jr., Ronald]",-18.826,1.168,-21.087,-16.726,0.01,0.013,13079.0,6549.0,1.0
"beta_speed[Herrera, Odúbel]",-16.864,1.115,-18.893,-14.752,0.01,0.014,12695.0,5916.0,1.0
"beta_speed[Renfroe, Hunter]",-20.514,1.21,-22.841,-18.326,0.011,0.016,12964.0,5717.0,1.0
"beta_speed[McCutchen, Andrew]",-19.536,1.114,-21.726,-17.497,0.01,0.013,13006.0,5868.0,1.0
"beta_speed[Yelich, Christian]",-20.349,1.065,-22.386,-18.395,0.01,0.012,11465.0,6274.0,1.0
"beta_speed[Holliday, Matt]",-17.845,2.104,-21.927,-14.035,0.018,0.026,13922.0,6155.0,1.0
"beta_speed[Smith, Dominic]",-18.928,1.689,-22.198,-15.858,0.014,0.021,14982.0,5846.0,1.0
"beta_speed[Dean, Austin]",-19.1,1.618,-21.99,-15.95,0.013,0.02,14749.0,6400.0,1.0
"beta_speed[Tocci, Carlos]",-19.864,1.779,-23.042,-16.4,0.015,0.019,14630.0,6741.0,1.0
"beta_speed[Fowler, Dustin]",-19.324,1.815,-22.526,-15.7,0.015,0.019,14031.0,6780.0,1.0
"beta_speed[Shaw, Chris]",-19.887,2.231,-24.078,-15.656,0.018,0.027,15135.0,5975.0,1.0
"beta_speed[Span, Denard]",-20.205,1.31,-22.7,-17.767,0.012,0.015,12593.0,6278.0,1.0
"beta_speed[Swihart, Blake]",-17.914,1.819,-21.254,-14.562,0.015,0.021,14288.0,6162.0,1.0
"beta_speed[Field, Johnny]",-19.9,1.718,-23.144,-16.781,0.015,0.021,12676.0,6589.0,1.0
"beta_speed[Palka, Daniel]",0.129,0.068,0.006,0.265,0.001,0.001,8302.0,6087.0,1.0
"beta_speed[Davis, Jonathan]",-18.091,1.784,-21.467,-14.747,0.016,0.021,13041.0,6025.0,1.0
"beta_speed[Choo, Shin-Soo]",-20.266,1.266,-22.685,-17.931,0.011,0.016,12813.0,5722.0,1.0
"beta_speed[Herrera, Dilson]",-18.32,2.063,-22.251,-14.456,0.018,0.024,13046.0,6026.0,1.0
"beta_speed[Reyes, Victor]",-19.382,1.416,-22.041,-16.744,0.013,0.016,11732.0,5870.0,1.0
"beta_speed[Stanton, Giancarlo]",-21.085,1.365,-23.59,-18.499,0.012,0.016,12827.0,6337.0,1.0
"beta_speed[Stewart, Christin]",-20.06,1.509,-22.911,-17.284,0.013,0.018,13770.0,6096.0,1.0
"beta_speed[Travis, Sam]",-19.44,1.966,-23.109,-15.71,0.017,0.022,13406.0,6307.0,1.0
"beta_speed[Jones, Adam]",-22.264,1.196,-24.535,-20.035,0.011,0.014,11262.0,5692.0,1.0
"beta_speed[Meadows, Austin]",-19.289,1.474,-22.132,-16.597,0.013,0.017,11965.0,5748.0,1.0
"beta_speed[Hermosillo, Michael]",-19.208,1.823,-22.916,-15.991,0.015,0.022,13870.0,5923.0,1.0
"beta_speed[Brito, Sócrates]",-19.71,1.855,-23.401,-16.383,0.017,0.022,12513.0,6044.0,1.0
"beta_speed[García, Adolis]",-19.547,2.372,-24.08,-15.141,0.02,0.032,14653.0,5043.0,1.0
"beta_speed[Robles, Victor]",-18.024,1.209,-20.281,-15.774,0.011,0.013,12148.0,6561.0,1.0
"beta_speed[LaMarre, Ryan]",-17.689,1.694,-20.88,-14.492,0.014,0.021,14396.0,6327.0,1.0
"beta_speed[Williams, Mason]",-18.538,1.723,-21.826,-15.316,0.016,0.02,12340.0,5837.0,1.0
"beta_speed[Andreoli, John]",-19.251,2.041,-23.24,-15.57,0.017,0.024,14590.0,6466.0,1.0
"beta_speed[Bauers, Jake]",-19.152,1.719,-22.722,-16.163,0.016,0.019,11515.0,6346.0,1.0
"beta_speed[Bote, David]",-19.544,2.505,-24.248,-14.82,0.02,0.034,16447.0,5372.0,1.0
"beta_speed[Davis, J.D.]",-18.17,1.543,-21.04,-15.365,0.012,0.018,15639.0,6313.0,1.0
"beta_speed[Pence, Hunter]",-14.641,1.049,-16.626,-12.646,0.009,0.012,14268.0,6509.0,1.0
"beta_speed[Reinheimer, Jack]",-17.827,2.285,-21.954,-13.388,0.02,0.029,12575.0,5961.0,1.0
"beta_speed[Ortega, Rafael]",-18.709,1.677,-21.759,-15.479,0.014,0.021,15033.0,6310.0,1.0
"beta_speed[Lowe, Brandon]",-20.059,1.98,-23.777,-16.353,0.017,0.021,13890.0,6504.0,1.0
"beta_speed[Cowart, Kaleb]",-19.386,2.387,-24.083,-15.057,0.019,0.03,16198.0,5799.0,1.0
"beta_speed[O'Hearn, Ryan]",-18.953,2.507,-23.616,-14.127,0.019,0.035,17596.0,5477.0,1.0
"beta_speed[Bautista, José]",-18.155,1.266,-20.405,-15.636,0.012,0.015,11457.0,5988.0,1.0
"beta_speed[Quinn, Roman]",-19.683,1.625,-22.808,-16.785,0.014,0.02,13309.0,5864.0,1.0
"beta_speed[Muñoz, Yairo]",-20.222,1.859,-23.699,-16.659,0.016,0.022,13799.0,5656.0,1.0
"beta_speed[Goodrum, Niko]",-17.366,1.612,-20.401,-14.297,0.014,0.021,13297.0,5303.0,1.0
"beta_speed[Myers, Wil]",-21.02,1.417,-23.726,-18.398,0.013,0.017,12423.0,6000.0,1.0
"beta_speed[Tucker, Preston]",-19.393,1.852,-22.821,-15.897,0.016,0.02,13610.0,6518.0,1.0
"beta_speed[Gerber, Mike]",-20.208,2.105,-24.258,-16.422,0.018,0.024,14009.0,6520.0,1.0
"beta_speed[Cave, Jake]",-19.24,1.443,-21.883,-16.511,0.012,0.017,14592.0,5727.0,1.0
"beta_speed[Dixon, Brandon]",-20.838,2.016,-24.715,-17.191,0.018,0.024,12578.0,6077.0,1.0
"beta_speed[Culberson, Charlie]",-18.764,1.733,-22.006,-15.451,0.015,0.021,13427.0,6402.0,1.0
"beta_speed[Sweeney, Darnell]",-19.219,2.479,-23.819,-14.461,0.02,0.032,15914.0,5393.0,1.0
"beta_speed[Wendle, Joey]",-18.988,2.099,-22.837,-15.047,0.017,0.024,14754.0,6306.0,1.0
"beta_speed[Rivera, Yadiel]",-18.964,2.157,-23.019,-14.981,0.017,0.027,15587.0,5734.0,1.0
"beta_speed[Cuevas, Noel]",-19.364,1.948,-22.92,-15.545,0.017,0.022,13280.0,6280.0,1.0
"beta_speed[Jones, JaCoby]",-20.049,1.278,-22.433,-17.644,0.012,0.014,11476.0,6608.0,1.0
"beta_speed[Cooper, Garrett]",-19.236,1.864,-22.636,-15.666,0.016,0.02,13951.0,6326.0,1.0
"beta_speed[Shuck, JB]",-17.566,1.689,-20.689,-14.366,0.014,0.019,14224.0,6498.0,1.0
"beta_speed[Walker, Christian]",-19.24,2.487,-23.666,-14.3,0.02,0.032,16289.0,5080.0,1.0
"beta_speed[Tilson, Charlie]",-16.208,1.449,-18.992,-13.549,0.013,0.018,13386.0,6092.0,1.0
"beta_speed[Astudillo, Willians]",-18.81,2.213,-23.079,-14.783,0.018,0.027,15003.0,6514.0,1.0
"beta_speed[Valentín, Jesmuel]",-18.842,2.439,-23.404,-14.268,0.018,0.033,17937.0,5747.0,1.0
"beta_speed[Martin, Russell]",-18.53,2.406,-23.032,-14.089,0.019,0.03,15913.0,6026.0,1.0
"beta_speed[Markakis, Nick]",-21.139,1.097,-23.29,-19.179,0.009,0.014,13796.0,5206.0,1.0
"beta_speed[Evans, Phillip]",-19.296,2.44,-24.026,-14.858,0.02,0.032,15097.0,5618.0,1.0
"beta_speed[Muncy, Max]",-18.987,2.618,-24.06,-14.187,0.019,0.035,18020.0,5469.0,1.0
"beta_speed[Pompey, Dalton]",-18.973,2.489,-23.523,-14.199,0.02,0.035,14720.0,5637.0,1.0
"beta_speed[Herrera, Rosell]",-20.773,1.718,-23.942,-17.541,0.014,0.02,14088.0,6610.0,1.0
"beta_speed[Bautista, Rafael]",-19.708,2.301,-24.169,-15.573,0.019,0.029,14882.0,5978.0,1.0
"beta_speed[Sierra, Moisés]",-19.895,2.325,-24.419,-15.703,0.02,0.03,14081.0,6079.0,1.0
"beta_speed[Gosselin, Phil]",-17.84,2.089,-21.56,-13.825,0.018,0.024,14166.0,6622.0,1.0
"beta_speed[Orlando, Paulo]",-18.6,1.73,-22.002,-15.495,0.015,0.02,12702.0,6103.0,1.0
"beta_speed[Kingery, Scott]",-22.204,1.826,-25.849,-18.983,0.016,0.023,13571.0,6162.0,1.0
"beta_speed[Naquin, Tyler]",-19.137,1.289,-21.506,-16.668,0.011,0.016,13830.0,5943.0,1.0
"beta_speed[Almora Jr., Albert]",-18.027,1.149,-20.073,-15.734,0.011,0.014,12080.0,5530.0,1.0
"beta_speed[Lee, Braxton]",-20.051,2.378,-24.416,-15.608,0.018,0.028,16796.0,6417.0,1.0
"beta_speed[Alvarez, Yordan]",-18.462,2.135,-22.367,-14.379,0.017,0.025,15142.0,6652.0,1.0
"beta_speed[Wade Jr., LaMonte]",-19.266,1.987,-22.883,-15.41,0.017,0.023,13337.0,6047.0,1.0
"beta_speed[McBroom, Ryan]",-18.715,2.042,-22.327,-14.692,0.017,0.023,14642.0,6255.0,1.0
"beta_speed[Rojas, Josh]",-19.448,1.875,-23.006,-15.904,0.016,0.022,13116.0,6187.0,1.0
"beta_speed[Ward, Taylor]",-18.03,1.744,-21.433,-14.911,0.016,0.02,12636.0,6409.0,1.0
"beta_speed[Jiménez, Eloy]",-18.0,1.385,-20.565,-15.348,0.012,0.016,13930.0,5886.0,1.0
"beta_speed[Rodríguez, Ronny]",-19.134,2.584,-23.903,-14.274,0.018,0.035,19694.0,5829.0,1.0
"beta_speed[Lopes, Tim]",-18.965,1.737,-22.17,-15.634,0.015,0.021,13759.0,6351.0,1.0
"beta_speed[Beaty, Matt]",-20.871,2.113,-24.874,-16.928,0.018,0.024,14706.0,6141.0,1.0
"beta_speed[Elmore, Jake]",-18.002,2.104,-21.837,-13.999,0.016,0.025,16578.0,6174.0,1.0
"beta_speed[Pollock, AJ]",-18.855,1.208,-21.123,-16.628,0.011,0.015,12476.0,6242.0,1.0
"beta_speed[Miller, Brad]",-20.274,2.207,-24.389,-16.1,0.019,0.026,14198.0,6055.0,1.0
"beta_speed[García, Robel]",-17.716,2.438,-22.268,-13.194,0.019,0.033,17040.0,5491.0,1.0
"beta_speed[Dickerson, Alex]",-20.207,1.678,-23.41,-17.108,0.015,0.019,13305.0,6513.0,1.0
"beta_speed[Long Jr., Shed]",-19.29,2.055,-23.033,-15.428,0.017,0.022,14211.0,6462.0,1.0
"beta_speed[VanMeter, Josh]",-18.847,1.892,-22.539,-15.396,0.016,0.022,14411.0,6044.0,1.0
"beta_speed[Kramer, Kevin]",-18.756,2.144,-22.773,-14.717,0.017,0.025,16718.0,6326.0,1.0
"beta_speed[McNeil, Jeff]",-20.137,1.66,-23.369,-17.142,0.014,0.019,14163.0,6256.0,1.0
"beta_speed[Arraez, Luis]",-18.598,1.937,-22.148,-14.888,0.017,0.021,13112.0,6688.0,1.0
"beta_speed[Brown, Seth]",-19.576,2.15,-23.693,-15.584,0.018,0.026,15031.0,6340.0,1.0
"beta_speed[Straw, Myles]",-20.015,1.979,-23.772,-16.367,0.017,0.024,13869.0,6598.0,1.0
"beta_speed[Ramírez, Harold]",-20.815,1.603,-23.831,-17.841,0.014,0.021,12951.0,5974.0,1.0
"beta_speed[Hilliard, Sam]",-19.452,1.664,-22.57,-16.328,0.014,0.019,13236.0,6474.0,1.0
"beta_speed[Cordell, Ryan]",-19.786,1.647,-22.757,-16.596,0.014,0.018,13575.0,6846.0,1.0
"beta_speed[Yastrzemski, Mike]",-21.477,1.521,-24.328,-18.58,0.013,0.016,13435.0,6621.0,1.0
"beta_speed[Moore, Dylan]",-20.151,1.836,-23.798,-16.949,0.017,0.022,12219.0,5942.0,1.0
"beta_speed[Naylor, Josh]",-18.482,1.668,-21.642,-15.344,0.015,0.021,12328.0,5685.0,1.0
"beta_speed[Miller, Ian]",-20.479,2.222,-24.587,-16.348,0.019,0.03,14077.0,5684.0,1.0
"beta_speed[Fletcher, David]",-20.121,2.057,-23.874,-16.319,0.018,0.022,13632.0,6887.0,1.0
"beta_speed[Heineman, Scott]",-20.955,1.93,-24.678,-17.379,0.017,0.023,13461.0,5969.0,1.0
"beta_speed[Haseley, Adam]",-21.551,1.761,-24.995,-18.432,0.015,0.022,14362.0,5464.0,1.0
"beta_speed[Wilkerson, Stevie]",-18.817,1.583,-21.773,-15.788,0.014,0.019,12968.0,6157.0,1.0
"beta_speed[Peraza, José]",-16.753,1.856,-20.422,-13.48,0.015,0.021,14487.0,5841.0,1.0
"beta_speed[Bishop, Braden]",-21.178,2.105,-25.214,-17.333,0.018,0.024,13884.0,6404.0,1.0
"beta_speed[Rios, Edwin]",-19.037,2.616,-23.901,-14.145,0.021,0.034,15751.0,4999.0,1.0
"beta_speed[Castellanos, Nick]",-16.764,0.989,-18.712,-14.979,0.009,0.012,11829.0,5577.0,1.0
"beta_speed[Gurriel Jr., Lourdes]",-18.966,1.528,-21.797,-16.015,0.014,0.017,12607.0,6523.0,1.0
"beta_speed[Santander, Anthony]",-19.656,1.413,-22.187,-16.899,0.013,0.016,12426.0,5847.0,1.0
"beta_speed[Berti, Jon]",-18.896,1.847,-22.506,-15.613,0.016,0.019,13480.0,6727.0,1.0
"beta_speed[Stubbs, Garrett]",-19.942,2.385,-24.159,-15.276,0.019,0.029,15583.0,5459.0,1.0
"beta_speed[Grisham, Trent]",-18.634,1.614,-21.694,-15.654,0.014,0.018,12569.0,5724.0,1.0
"beta_speed[Davis, Johnny]",-19.347,2.425,-23.876,-14.77,0.019,0.032,16461.0,5154.0,1.0
"beta_speed[Reynolds, Bryan]",-19.207,1.327,-21.701,-16.74,0.012,0.016,11955.0,6218.0,1.0
"beta_speed[O'Grady, Brian]",-18.589,2.201,-22.601,-14.448,0.019,0.027,13588.0,6121.0,1.0
"beta_speed[Starling, Bubba]",-19.366,1.704,-22.538,-16.177,0.014,0.019,13859.0,6425.0,1.0
"beta_speed[Broxton, Keon]",-20.382,1.415,-22.99,-17.677,0.012,0.017,13847.0,6389.0,1.0
"beta_speed[Riley, Austin]",-19.651,1.85,-23.181,-16.226,0.016,0.022,12896.0,6429.0,1.0
"beta_speed[Court, Ryan]",-18.181,2.126,-22.17,-14.098,0.017,0.024,15480.0,6538.0,1.0
"beta_speed[Drury, Brandon]",-19.922,2.073,-23.808,-16.014,0.016,0.024,15969.0,6662.0,1.0
"beta_speed[Mercado, Óscar]",-18.888,1.507,-21.728,-16.119,0.013,0.017,12677.0,6551.0,1.0
"beta_speed[Lorenzen, Michael]",-18.309,2.08,-22.263,-14.432,0.017,0.026,14722.0,5907.0,1.0
"beta_speed[Avelino, Abiatal]",-19.052,2.499,-23.745,-14.453,0.02,0.031,15640.0,5486.0,1.0
"beta_speed[Brosseau, Mike]",-18.738,2.232,-22.755,-14.352,0.018,0.025,14675.0,6638.0,1.0
"beta_speed[Daza, Yonathan]",-19.425,2.105,-23.245,-15.322,0.017,0.022,14835.0,6771.0,1.0
"beta_speed[Garlick, Kyle]",-16.759,1.896,-20.476,-13.318,0.016,0.024,14310.0,5203.0,1.0
"beta_speed[Rosario, Amed]",-19.089,2.569,-23.874,-14.25,0.019,0.035,17545.0,5109.0,1.0
"beta_speed[Mejía, Francisco]",-19.243,2.515,-23.989,-14.652,0.02,0.032,16136.0,6049.0,1.0
"beta_speed[Castro, Harold]",-19.115,1.743,-22.35,-15.832,0.015,0.018,12655.0,6417.0,1.0
"beta_speed[Alberto, Hanser]",-18.763,2.195,-22.831,-14.626,0.017,0.025,16794.0,6253.0,1.0
"beta_speed[Beckham, Tim]",-17.16,2.022,-21.029,-13.466,0.018,0.024,12639.0,5820.0,1.0
"beta_speed[Bruce, Jay]",0.004,0.143,-0.268,0.211,0.002,0.002,6640.0,5939.0,1.0
"beta_speed[Velasquez, Vince]",-19.374,2.486,-23.938,-14.683,0.02,0.033,16162.0,5050.0,1.0
"beta_speed[Garcia, Greg]",-19.03,2.533,-23.91,-14.38,0.019,0.033,17327.0,5615.0,1.0
"beta_speed[Freeman, Mike]",-20.265,2.261,-24.704,-16.183,0.019,0.028,14050.0,5491.0,1.0
"beta_speed[Urshela, Gio]",-19.291,2.403,-23.751,-14.7,0.019,0.032,16333.0,5555.0,1.0
"beta_speed[Hampson, Garrett]",-19.58,1.844,-23.09,-16.179,0.016,0.02,13353.0,5919.0,1.0
"beta_speed[Saladino, Tyler]",-19.842,2.373,-24.229,-15.316,0.018,0.031,16717.0,5643.0,1.0
"beta_speed[Vargas, Ildemaro]",-19.459,2.456,-23.902,-14.618,0.019,0.034,17413.0,5190.0,1.0
"beta_speed[Austin, Tyler]",-18.136,1.919,-21.794,-14.625,0.016,0.023,14389.0,6375.0,1.0
"beta_speed[Gómez, Carlos]",-18.601,1.279,-20.956,-16.216,0.011,0.016,13019.0,6286.0,1.0
"beta_speed[Biggio, Cavan]",-20.284,2.077,-24.346,-16.509,0.018,0.024,13609.0,6189.0,1.0
"beta_speed[González, Carlos]",-17.805,1.183,-20.088,-15.676,0.01,0.017,12876.0,6017.0,1.0
"beta_speed[Santana, Domingo]",-20.109,1.214,-22.328,-17.774,0.011,0.014,12312.0,6281.0,1.0
"beta_speed[Newman, Kevin]",-19.305,2.513,-24.176,-14.704,0.02,0.035,15622.0,5442.0,1.0
"beta_speed[Urena, Richard]",-19.343,2.456,-23.939,-14.822,0.018,0.034,18095.0,4815.0,1.0
"beta_speed[Murphy, Tom]",-18.583,2.433,-23.171,-14.146,0.018,0.031,18151.0,5993.0,1.0
"beta_speed[O'Brien, Peter]",-19.054,2.135,-22.983,-15.106,0.017,0.026,14867.0,5760.0,1.0
"beta_speed[Solarte, Yangervis]",-19.238,2.229,-23.468,-15.056,0.019,0.027,14137.0,6205.0,1.0
"beta_speed[Rondon, José]",-19.047,2.631,-23.911,-14.057,0.021,0.035,15631.0,5085.0,1.0
"beta_speed[Estrada, Thairo]",-18.196,2.403,-22.638,-13.659,0.02,0.031,13816.0,5209.0,1.0
"beta_speed[Peterson, Dustin]",-19.21,2.176,-23.44,-15.231,0.018,0.025,14559.0,6753.0,1.0
"beta_speed[Moran, Colin]",-19.08,2.49,-23.56,-14.189,0.019,0.032,17937.0,5596.0,1.0
"beta_speed[Martin, Jason]",-18.235,1.982,-21.883,-14.502,0.016,0.025,14696.0,5958.0,1.0
"beta_speed[Joe, Connor]",-19.462,2.301,-23.82,-15.118,0.02,0.029,13813.0,5877.0,1.0
"beta_speed[Zagunis, Mark]",-19.254,2.181,-23.449,-15.314,0.018,0.024,15105.0,6853.0,1.0
"beta_speed[Jackson, Drew]",-19.369,2.437,-23.812,-14.628,0.02,0.031,14920.0,5847.0,1.0
"beta_speed[Arozarena, Randy]",-19.002,1.915,-22.606,-15.328,0.017,0.022,13496.0,5606.0,1.0
"beta_speed[Margot, Manuel]",-16.744,1.048,-18.68,-14.76,0.01,0.012,11906.0,5950.0,1.0
"beta_speed[Aquino, Aristides]",-19.353,1.669,-22.407,-16.124,0.014,0.019,13459.0,6518.0,1.0
"beta_speed[Carlson, Dylan]",-21.36,2.12,-25.463,-17.459,0.018,0.024,13292.0,6311.0,1.0
"beta_speed[Engel, Adam]",-17.606,1.115,-19.71,-15.533,0.01,0.013,12385.0,6490.0,1.0
"beta_speed[Akiyama, Shogo]",-19.111,1.792,-22.477,-15.691,0.016,0.019,13249.0,6198.0,1.0
"beta_speed[Edman, Tommy]",-21.209,2.058,-25.08,-17.412,0.017,0.023,15392.0,6147.0,1.0
"beta_speed[Duggar, Steven]",-18.639,1.498,-21.427,-15.832,0.014,0.018,11456.0,6134.0,1.0
"beta_speed[White, Eli]",-18.465,1.988,-22.043,-14.686,0.017,0.024,13140.0,6679.0,1.0
"beta_speed[Riddle, JT]",-18.634,1.871,-22.086,-15.098,0.016,0.022,13808.0,5790.0,1.0
"beta_speed[Solak, Nick]",-17.662,1.653,-20.817,-14.623,0.015,0.019,12700.0,6225.0,1.0
"beta_speed[Hays, Austin]",-17.077,1.533,-20.067,-14.254,0.013,0.018,13646.0,6022.0,1.0
"beta_speed[Chavis, Michael]",-17.549,2.045,-21.474,-13.932,0.017,0.023,14338.0,6301.0,1.0
"beta_speed[Marmolejos, José]",-19.094,2.022,-22.828,-15.322,0.017,0.023,14859.0,5868.0,1.0
"beta_speed[Fraley, Jake]",-19.861,2.083,-23.626,-15.799,0.017,0.023,15629.0,6342.0,1.0
"beta_speed[Ruf, Darin]",-17.987,1.977,-21.591,-14.197,0.016,0.024,14783.0,6188.0,1.0
"beta_speed[Moniak, Mickey]",-20.053,2.308,-24.511,-15.801,0.019,0.029,14731.0,5562.0,1.0
"beta_speed[Heath, Nick]",-19.56,2.347,-24.131,-15.284,0.019,0.03,15924.0,5624.0,1.0
"beta_speed[Olivares, Edward]",-19.137,1.894,-22.507,-15.421,0.015,0.022,15991.0,6591.0,1.0
"beta_speed[Lin, Tzu-Wei]",-18.743,2.063,-22.657,-14.845,0.017,0.025,14910.0,6440.0,1.0
"beta_speed[Smith, Pavin]",-17.922,2.311,-22.225,-13.659,0.019,0.03,15177.0,5494.0,1.0
"beta_speed[Mountcastle, Ryan]",-19.865,1.986,-23.456,-16.006,0.017,0.022,13107.0,6314.0,1.0
"beta_speed[Oliva, Jared]",-19.435,2.447,-23.986,-14.827,0.02,0.033,15269.0,5952.0,1.0
"beta_speed[Taylor, Michael A.]",-19.532,1.27,-21.918,-17.19,0.011,0.015,14045.0,5790.0,1.0
"beta_speed[Fuentes, Joshua]",-19.012,2.59,-24.021,-14.281,0.021,0.036,15276.0,4830.0,1.0
"beta_speed[Tsutsugo, Yoshi]",-19.799,2.239,-23.84,-15.455,0.019,0.028,14744.0,6136.0,1.0
"beta_speed[Demeritte, Travis]",-17.895,1.563,-20.927,-15.037,0.014,0.018,12712.0,6564.0,1.0
"beta_speed[Ravelo, Rangel]",-18.047,2.241,-22.274,-13.888,0.018,0.026,14771.0,5913.0,1.0
"beta_speed[Taylor, Tyrone]",-18.408,2.015,-22.205,-14.616,0.016,0.026,15639.0,5708.0,1.0
"beta_speed[Andujar, Miguel]",-19.545,2.414,-24.239,-15.14,0.02,0.031,14386.0,5468.0,1.0
"beta_speed[Basabe, Luis Alexander]",-19.509,2.327,-23.791,-15.102,0.019,0.029,15644.0,6167.0,1.0
"beta_speed[Thaiss, Matt]",-18.819,2.486,-23.579,-14.242,0.019,0.035,17168.0,5633.0,1.0
"beta_speed[Varsho, Daulton]",-19.523,1.977,-23.105,-15.654,0.016,0.023,14537.0,5964.0,1.0
"beta_speed[Souza Jr., Steven]",-17.362,1.318,-19.87,-14.953,0.012,0.016,12345.0,6390.0,1.0
"beta_speed[Walker, Neil]",-18.086,1.978,-21.585,-14.144,0.017,0.022,14072.0,5761.0,1.0
"beta_speed[Strange-Gordon, Dee]",-17.379,1.683,-20.721,-14.396,0.014,0.02,14372.0,6410.0,1.0
"beta_speed[Barreto, Franklin]",-19.381,2.419,-24.057,-14.902,0.018,0.032,17945.0,6112.0,1.0
"beta_speed[Rooker, Brent]",-17.077,2.145,-21.291,-13.21,0.018,0.027,14750.0,5695.0,1.0
"beta_speed[Haggerty, Sam]",-19.8,2.077,-23.574,-15.872,0.018,0.022,14029.0,6902.0,1.0
"beta_speed[Dozier, Hunter]",-19.218,1.77,-22.402,-15.807,0.016,0.02,11824.0,6238.0,1.0
"beta_speed[Payton, Mark]",-19.632,2.356,-23.985,-15.193,0.019,0.033,16097.0,5034.0,1.0
"beta_speed[Mathias, Mark]",-19.981,2.328,-24.207,-15.492,0.019,0.03,14721.0,5389.0,1.0
"beta_speed[Pillar, Kevin]",-16.602,0.902,-18.302,-14.928,0.008,0.01,12701.0,6191.0,1.0
"beta_speed[Pache, Cristian]",-18.791,2.481,-23.432,-14.049,0.02,0.034,15798.0,5658.0,1.0
"beta_speed[González, Luis]",-18.965,2.507,-23.608,-14.139,0.021,0.035,14939.0,5039.0,1.0
"beta_speed[Zimmer, Bradley]",-21.078,1.648,-24.326,-18.135,0.014,0.019,14183.0,6049.0,1.0
"beta_speed[Mateo, Jorge]",-19.16,2.444,-23.493,-14.281,0.02,0.033,15249.0,5904.0,1.0
"beta_speed[Velazquez, Andrew]",-19.384,2.398,-23.752,-14.821,0.018,0.029,17588.0,6155.0,1.0
"beta_speed[Mullins, Cedric]",-20.463,1.691,-23.533,-17.182,0.015,0.018,13162.0,6991.0,1.0
"beta_speed[Mejia, Erick]",-19.893,2.152,-23.864,-15.954,0.018,0.024,14187.0,6068.0,1.0
"beta_speed[Johnson, Daniel]",-19.262,2.408,-23.751,-14.784,0.018,0.032,17436.0,5748.0,1.0
"beta_speed[Reyes, Franmil]",-20.843,1.518,-23.811,-18.097,0.014,0.017,12243.0,5952.0,1.0
"beta_speed[McCarthy, Joe]",-18.075,2.33,-22.648,-13.92,0.018,0.028,17632.0,6288.0,1.0
"beta_speed[Hoerner, Nico]",-19.538,2.442,-24.124,-14.959,0.02,0.032,14875.0,5818.0,1.0
"beta_speed[Bradley Jr., Jackie]",-18.179,0.981,-20.001,-16.363,0.009,0.011,11612.0,6115.0,1.0
"beta_speed[Kipnis, Jason]",-20.074,2.001,-23.759,-16.327,0.017,0.021,13737.0,6694.0,1.0
"beta_speed[Heyward, Jason]",-17.639,1.023,-19.595,-15.765,0.01,0.011,10357.0,6096.0,1.0
"beta_speed[Springer, George]",-18.111,1.095,-20.245,-16.142,0.009,0.013,14520.0,6289.0,1.0
"beta_speed[Buxton, Byron]",-16.097,1.075,-18.171,-14.133,0.009,0.014,13211.0,5736.0,1.0
"beta_speed[Blackmon, Charlie]",-17.742,0.944,-19.526,-16.002,0.008,0.011,15479.0,6175.0,1.0
"beta_speed[Hamilton, Billy]",-20.053,1.159,-22.163,-17.822,0.011,0.013,12103.0,6463.0,1.0
"beta_speed[Kiermaier, Kevin]",-17.58,1.106,-19.782,-15.656,0.01,0.013,12402.0,5711.0,1.0
"beta_speed[Cain, Lorenzo]",-17.934,1.029,-19.94,-16.065,0.009,0.013,12681.0,5911.0,1.0
"beta_speed[Ellsbury, Jacoby]",-20.09,1.684,-23.32,-17.07,0.015,0.02,13182.0,5757.0,1.0
"beta_speed[Trout, Mike]",-16.883,0.991,-18.747,-15.071,0.009,0.012,11616.0,5912.0,1.0
"beta_speed[Hannemann, Jacob]",-20.329,2.332,-24.55,-15.811,0.019,0.03,14599.0,5218.0,1.0
"beta_speed[Lagares, Juan]",-18.133,1.399,-20.754,-15.503,0.013,0.016,12084.0,6072.0,1.0
"beta_speed[Inciarte, Ender]",-17.918,0.969,-19.747,-16.13,0.009,0.011,11615.0,5907.0,1.0
"beta_speed[Fowler, Dexter]",-21.294,1.199,-23.505,-19.032,0.011,0.014,12027.0,5978.0,1.0
"beta_speed[Villar, Jonathan]",-17.795,2.328,-21.952,-13.226,0.019,0.03,15763.0,5641.0,1.0
"beta_speed[Galvis, Freddy]",-19.415,2.43,-23.968,-14.832,0.02,0.03,14352.0,5780.0,1.0
"beta_speed[Burns, Billy]",-19.675,2.453,-24.348,-15.046,0.02,0.031,14363.0,5698.0,1.0
"beta_speed[Kepler, Max]",-19.274,1.035,-21.188,-17.291,0.009,0.012,12541.0,6039.0,1.0
"beta_speed[Hoying, Jared]",-20.278,2.037,-24.078,-16.446,0.017,0.025,13784.0,5460.0,1.0
"beta_speed[Stubbs, Drew]",-20.082,2.239,-24.391,-15.936,0.018,0.026,14855.0,6488.0,1.0
"beta_speed[Selsky, Steve]",-19.378,2.504,-23.917,-14.423,0.019,0.033,17612.0,5653.0,1.0
"beta_speed[Betts, Mookie]",-20.314,1.067,-22.221,-18.211,0.009,0.013,12951.0,5711.0,1.0
"beta_speed[Laureano, Ramón]",-17.991,1.211,-20.233,-15.733,0.011,0.013,12819.0,6116.0,1.0
"beta_speed[Guerrero, Gabriel]",-20.245,2.445,-25.052,-15.808,0.021,0.031,14095.0,5992.0,1.0
"beta_speed[Harper, Bryce]",-18.582,1.036,-20.551,-16.704,0.009,0.013,13382.0,6096.0,1.0
"beta_speed[Barnes, Brandon]",-20.313,2.387,-24.667,-15.785,0.018,0.03,17154.0,6180.0,1.0
"beta_speed[Calhoun, Kole]",-20.618,1.036,-22.538,-18.733,0.009,0.013,13081.0,6059.0,1.0
"beta_speed[Escobar, Alcides]",-19.812,2.304,-24.066,-15.464,0.019,0.028,15587.0,6511.0,1.0
"beta_speed[Judge, Aaron]",-0.461,0.261,-0.935,0.023,0.003,0.002,8754.0,7568.0,1.0
"beta_speed[Bolt, Skye]",-20.198,2.284,-24.579,-16.067,0.019,0.028,14331.0,5833.0,1.0
"beta_speed[Lewis, Kyle]",-20.153,1.704,-23.366,-16.958,0.016,0.018,11613.0,6628.0,1.0
"beta_speed[García, Avisaíl]",-19.131,1.17,-21.235,-16.878,0.01,0.015,13391.0,5888.0,1.0
"beta_speed[Marte, Ketel]",-18.297,1.601,-21.305,-15.355,0.015,0.018,11632.0,5658.0,1.0
"beta_speed[Senzel, Nick]",-19.617,1.612,-22.663,-16.546,0.014,0.018,13054.0,6102.0,1.0
"beta_speed[Thomas, Lane]",-18.667,1.956,-22.285,-15.012,0.017,0.022,13970.0,5921.0,1.0
"beta_speed[Harrison, Monte]",-18.552,1.974,-22.136,-14.727,0.017,0.024,14180.0,6573.0,1.0
"beta_speed[Robert Jr., Luis]",-20.911,1.841,-24.19,-17.353,0.015,0.02,14603.0,6942.0,1.0
"beta_speed[Dubón, Mauricio]",-17.527,1.756,-20.847,-14.271,0.016,0.019,12034.0,6752.0,1.0
"beta_speed[Taveras, Leody]",-18.445,1.767,-21.892,-15.288,0.015,0.019,13408.0,6382.0,1.0
"beta_speed[Adell, Jo]",-18.989,1.733,-22.262,-15.825,0.014,0.021,15463.0,6024.0,1.0
"beta_speed[Hill, Derek]",-19.16,2.324,-23.676,-15.012,0.018,0.029,17113.0,6349.0,1.0
"beta_speed[Tucker, Cole]",-18.876,1.863,-22.463,-15.408,0.017,0.023,12361.0,6341.0,1.0
"beta_speed[Torreyes, Ronald]",-19.281,2.442,-23.815,-14.595,0.019,0.031,16374.0,5045.0,1.0
"beta_speed[Florial, Estevan]",-19.234,2.526,-23.869,-14.375,0.018,0.033,19179.0,5774.0,1.0
"beta_speed[Whitefield, Aaron]",-19.393,2.51,-24.219,-14.682,0.019,0.038,17364.0,5144.0,1.0
"beta_speed[Puig, Yasiel]",-20.438,1.13,-22.584,-18.362,0.011,0.017,10903.0,5065.0,1.0
"beta_speed[Taijeron, Travis]",-18.259,2.256,-22.604,-14.081,0.018,0.03,15184.0,5739.0,1.0
"beta_speed[Piscotty, Stephen]",-19.66,1.122,-21.829,-17.619,0.01,0.013,13315.0,6348.0,1.0
"beta_speed[Valencia, Danny]",-18.772,1.786,-22.139,-15.359,0.015,0.023,14437.0,5649.0,1.0
"beta_speed[Trumbo, Mark]",-17.188,1.699,-20.336,-13.954,0.014,0.021,14482.0,6006.0,1.0
"beta_speed[Moncrief, Carlos]",-19.49,2.254,-23.739,-15.358,0.02,0.027,13276.0,6263.0,1.0
"beta_speed[Santana, Carlos]",-18.789,2.227,-22.916,-14.516,0.018,0.027,14989.0,6187.0,1.0
"beta_speed[Cruz, Nelson]",-18.929,2.194,-22.983,-14.755,0.018,0.025,15004.0,6233.0,1.0
"beta_speed[Olson, Matt]",-19.317,2.077,-23.277,-15.403,0.019,0.023,11981.0,6084.0,1.0
"beta_speed[Adduci, James]",-18.76,1.915,-22.353,-15.17,0.015,0.023,15857.0,6268.0,1.0
"beta_speed[Flores, Ramón]",-17.828,2.152,-21.936,-13.946,0.018,0.026,14277.0,5977.0,1.0
"beta_speed[Parmley, Ian]",-19.034,2.418,-23.631,-14.405,0.019,0.032,15681.0,5629.0,1.0
"beta_speed[Huffman, Chad]",-19.199,2.504,-23.872,-14.552,0.019,0.035,17985.0,5650.0,1.0
"beta_speed[Sánchez, Yolmer]",-19.1,2.517,-23.536,-14.092,0.018,0.038,19342.0,4930.0,1.0
"beta_speed[Báez, Javier]",-19.068,2.586,-23.659,-14.123,0.02,0.033,16045.0,5679.0,1.0
"beta_speed[Anderson, Brian]",-18.888,1.438,-21.597,-16.189,0.012,0.017,13370.0,6214.0,1.0
"beta_speed[Williams, Justin]",-19.252,2.448,-23.852,-14.614,0.02,0.033,14856.0,5371.0,1.0
"beta_speed[Plouffe, Trevor]",-19.103,2.455,-23.828,-14.504,0.021,0.032,14064.0,5949.0,1.0
"beta_speed[Kaczmarski, Kevin]",-19.326,2.488,-23.793,-14.468,0.02,0.034,15453.0,5275.0,1.0
"beta_speed[Valera, Breyvic]",-19.163,2.457,-23.848,-14.685,0.02,0.033,15066.0,5900.0,1.0
"beta_speed[Davis, Jaylin]",-17.398,1.815,-20.665,-13.861,0.016,0.021,13058.0,6039.0,1.0
"beta_speed[Joseph, Corban]",-19.297,2.459,-23.98,-14.776,0.019,0.031,16669.0,6136.0,1.0
"beta_speed[Goins, Ryan]",-16.282,2.132,-20.104,-12.098,0.017,0.025,15897.0,6016.0,1.0
"beta_speed[Wong, Kean]",-19.113,2.465,-24.089,-14.783,0.02,0.034,15922.0,5615.0,1.0
"beta_speed[Nola, Austin]",-18.584,2.593,-23.475,-13.807,0.02,0.036,16641.0,5196.0,1.0
"beta_speed[Davis, Chris]",-19.297,2.505,-23.765,-14.368,0.02,0.035,16053.0,4983.0,1.0
"beta_speed[Reed, Michael]",-19.236,2.369,-23.831,-14.936,0.019,0.031,15878.0,5475.0,1.0
"beta_speed[Cameron, Daz]",-17.504,1.944,-21.153,-13.876,0.016,0.023,14435.0,5544.0,1.0
"beta_speed[Walsh, Jared]",-19.246,2.455,-23.887,-14.727,0.019,0.029,17260.0,5603.0,1.0
"beta_speed[McKinstry, Zach]",-19.594,2.521,-24.375,-14.898,0.018,0.035,20194.0,5434.0,1.0
"beta_speed[Hernandez, Yadiel]",-18.571,2.495,-23.232,-13.951,0.019,0.033,17180.0,5799.0,1.0
"beta_speed[Alfaro, Jorge]",-17.733,2.509,-22.479,-12.931,0.019,0.036,16684.0,4897.0,1.0
"beta_speed[Sánchez, Jesús]",-19.622,2.186,-23.642,-15.487,0.018,0.025,14633.0,6590.0,1.0
"beta_cos[Gonzalez, Marwin]",0.091,0.131,-0.154,0.337,0.001,0.002,13185.0,5581.0,1.0
"beta_cos[Gardner, Brett]",-0.36,0.095,-0.542,-0.192,0.001,0.001,13376.0,6199.0,1.0
"beta_cos[Hernández, Enrique]",-0.262,0.155,-0.546,0.033,0.001,0.002,17148.0,5596.0,1.0
"beta_cos[Schwarber, Kyle]",-0.091,0.105,-0.29,0.102,0.001,0.001,17182.0,6470.0,1.0
"beta_cos[Jay, Jon]",-0.214,0.119,-0.436,0.008,0.001,0.002,15493.0,5489.0,1.0
"beta_cos[Ethier, Andre]",-0.29,0.195,-0.657,0.067,0.002,0.003,14947.0,5042.0,1.0
"beta_cos[Maybin, Cameron]",-0.372,0.112,-0.591,-0.171,0.001,0.002,16103.0,5202.0,1.0
"beta_cos[Werth, Jayson]",-0.271,0.167,-0.588,0.043,0.001,0.002,15517.0,5038.0,1.0
"beta_cos[Zobrist, Ben]",-0.204,0.141,-0.462,0.071,0.001,0.002,17010.0,5228.0,1.0
"beta_cos[Kendrick, Howie]",-0.133,0.174,-0.449,0.201,0.001,0.002,16330.0,5577.0,1.0
"beta_cos[Jackson, Austin]",-0.09,0.132,-0.342,0.159,0.001,0.002,14903.0,6122.0,1.0
"beta_cos[Peralta, David]",-0.357,0.106,-0.55,-0.149,0.001,0.001,14338.0,5868.0,1.0
"beta_cos[Benintendi, Andrew]",0.244,0.098,0.047,0.423,0.001,0.001,12909.0,6294.0,1.0
"beta_cos[Chisenhall, Lonnie]",-0.122,0.166,-0.436,0.189,0.001,0.002,12544.0,5473.0,1.0
"beta_cos[Duvall, Adam]",-0.159,0.114,-0.371,0.057,0.001,0.001,15729.0,5862.0,1.0
"beta_cos[Liriano, Rymer]",-0.262,0.206,-0.666,0.112,0.002,0.003,15068.0,5346.0,1.0
"beta_cos[Dickerson, Corey]",-0.157,0.116,-0.385,0.053,0.001,0.002,17035.0,5947.0,1.0
"beta_cos[Mancini, Trey]",-0.211,0.114,-0.424,0.014,0.001,0.002,17243.0,5536.0,1.0
"beta_cos[Peterson, Jace]",-0.176,0.162,-0.479,0.132,0.001,0.002,16539.0,5803.0,1.0
"beta_cos[Suzuki, Ichiro]",-0.204,0.173,-0.534,0.117,0.001,0.002,14463.0,4665.0,1.0
"beta_cos[Dietrich, Derek]",-0.192,0.157,-0.471,0.125,0.001,0.002,15968.0,5617.0,1.0
"beta_cos[Gordon, Alex]",-0.356,0.098,-0.534,-0.17,0.001,0.001,15040.0,5383.0,1.0
"beta_cos[Happ, Ian]",-0.25,0.131,-0.495,-0.001,0.001,0.002,15409.0,5927.0,1.0
"beta_cos[Granderson, Curtis]",-0.328,0.113,-0.549,-0.123,0.001,0.001,15883.0,5685.0,1.0
"beta_cos[Parra, Gerardo]",-0.318,0.116,-0.536,-0.108,0.001,0.001,16780.0,6261.0,1.0
"beta_cos[Rosario, Eddie]",-0.18,0.099,-0.36,0.004,0.001,0.001,16718.0,5678.0,1.0
"beta_cos[Frazier, Clint]",-0.152,0.15,-0.423,0.136,0.001,0.002,17395.0,5478.0,1.0
"beta_cos[Carrera, Ezequiel]",-0.292,0.153,-0.577,-0.008,0.001,0.002,15030.0,5514.0,1.0
"beta_cos[Gamel, Ben]",-0.355,0.108,-0.564,-0.152,0.001,0.001,14699.0,5528.0,1.0
"beta_cos[Upton, Justin]",-0.33,0.102,-0.522,-0.136,0.001,0.001,13459.0,6196.0,1.0
"beta_cos[Blash, Jabari]",-0.247,0.165,-0.577,0.049,0.001,0.002,17467.0,5125.0,1.0
"beta_cos[Parker, Jarrett]",-0.506,0.178,-0.837,-0.175,0.001,0.002,19249.0,5534.0,1.0
"beta_cos[Marte, Starling]",-0.226,0.102,-0.421,-0.041,0.001,0.001,16870.0,5818.0,1.0
"beta_cos[Davis, Khris]",-0.268,0.144,-0.538,0.004,0.001,0.002,15665.0,5147.0,1.0
"beta_cos[Calhoun, Willie]",-0.285,0.146,-0.554,-0.006,0.001,0.002,16309.0,5877.0,1.0
"beta_cos[Hicks, Aaron]",-0.39,0.11,-0.597,-0.183,0.001,0.001,16417.0,6985.0,1.0
"beta_cos[Pederson, Joc]",-0.634,0.12,-0.856,-0.409,0.001,0.001,14288.0,5467.0,1.0
"beta_cos[Reddick, Josh]",-0.2,0.115,-0.417,0.011,0.001,0.002,16863.0,5629.0,1.0
"beta_cos[Locastro, Tim]",-0.307,0.155,-0.6,-0.016,0.001,0.002,15559.0,5751.0,1.0
"beta_cos[Verdugo, Alex]",-0.051,0.138,-0.32,0.198,0.001,0.002,15795.0,5951.0,1.0
"beta_cos[Davis, Rajai]",-0.104,0.145,-0.366,0.181,0.001,0.002,17627.0,6237.0,1.0
"beta_cos[White, Tyler]",-0.245,0.205,-0.63,0.139,0.002,0.003,14882.0,5657.0,1.0
"beta_cos[Adrianza, Ehire]",-0.269,0.202,-0.661,0.102,0.002,0.003,15646.0,5259.0,1.0
"beta_cos[Presley, Alex]",-0.099,0.174,-0.415,0.24,0.001,0.002,16305.0,5470.0,1.0
"beta_cos[Luplow, Jordan]",-0.215,0.142,-0.474,0.064,0.001,0.002,17988.0,6043.0,1.0
"beta_cos[Herrmann, Chris]",-0.247,0.194,-0.608,0.118,0.001,0.003,18542.0,5413.0,1.0
"beta_cos[Spangenberg, Cory]",-0.374,0.19,-0.731,-0.027,0.002,0.003,15726.0,5687.0,1.0
"beta_cos[Jankowski, Travis]",-0.527,0.163,-0.843,-0.225,0.001,0.002,15537.0,5816.0,1.0
"beta_cos[Rua, Ryan]",-0.27,0.168,-0.587,0.045,0.001,0.002,16621.0,5318.0,1.0
"beta_cos[Nimmo, Brandon]",-0.262,0.117,-0.479,-0.046,0.001,0.001,15348.0,6386.0,1.0
"beta_cos[Altherr, Aaron]",-0.233,0.131,-0.468,0.024,0.001,0.002,15902.0,5510.0,1.0
"beta_cos[Braun, Ryan]",-0.328,0.129,-0.574,-0.093,0.001,0.002,16918.0,5922.0,1.0
"beta_cos[Grichuk, Randal]",-0.457,0.107,-0.645,-0.244,0.001,0.001,14494.0,6014.0,1.0
"beta_cos[Romine, Andrew]",-0.278,0.158,-0.564,0.028,0.001,0.002,16562.0,6264.0,1.0
"beta_cos[Delmonico, Nicky]",-0.245,0.157,-0.534,0.054,0.001,0.002,12126.0,5662.0,1.0
"beta_cos[Puello, César]",-0.299,0.176,-0.63,0.032,0.001,0.002,15598.0,5863.0,1.0
"beta_cos[Moore, Tyler]",-0.262,0.201,-0.634,0.119,0.001,0.003,18059.0,5354.0,1.0
"beta_cos[Johnson, Micah]",-0.271,0.207,-0.663,0.104,0.002,0.003,15107.0,5795.0,1.0
"beta_cos[Canha, Mark]",-0.606,0.129,-0.843,-0.359,0.001,0.002,15612.0,5208.0,1.0
"beta_cos[Pham, Tommy]",-0.445,0.11,-0.656,-0.247,0.001,0.001,16160.0,5282.0,1.0
"beta_cos[Tauchman, Mike]",-0.377,0.154,-0.643,-0.073,0.001,0.002,15645.0,5920.0,1.0
"beta_cos[Fisher, Derek]",-0.287,0.153,-0.574,0.005,0.001,0.002,15854.0,5457.0,1.0
"beta_cos[Desmond, Ian]",-0.32,0.137,-0.574,-0.066,0.001,0.002,14400.0,6213.0,1.0
"beta_cos[Aoki, Norichika]",-0.185,0.158,-0.473,0.117,0.001,0.002,17479.0,5753.0,1.0
"beta_cos[Sierra, Magneuris]",-0.223,0.164,-0.533,0.081,0.001,0.002,16930.0,5838.0,1.0
"beta_cos[Thames, Eric]",-0.353,0.178,-0.685,-0.021,0.001,0.002,15857.0,5128.0,1.0
"beta_cos[De Aza, Alejandro]",-0.261,0.2,-0.628,0.118,0.002,0.003,17511.0,5689.0,1.0
"beta_cos[Almonte, Abraham]",-0.447,0.158,-0.743,-0.151,0.001,0.002,17782.0,5864.0,1.0
"beta_cos[Gimenez, Chris]",-0.239,0.2,-0.615,0.138,0.002,0.003,15615.0,5468.0,1.0
"beta_cos[Garver, Mitch]",-0.285,0.205,-0.644,0.14,0.002,0.003,16406.0,5657.0,1.0
"beta_cos[Revere, Ben]",-0.422,0.161,-0.751,-0.141,0.001,0.002,14937.0,5696.0,1.0
"beta_cos[Adams, Lane]",-0.528,0.189,-0.889,-0.179,0.002,0.003,15073.0,5397.0,1.0
"beta_cos[Ozuna, Marcell]",-0.642,0.104,-0.835,-0.451,0.001,0.001,15105.0,6365.0,1.0
"beta_cos[Hernández, Teoscar]",-0.41,0.11,-0.609,-0.196,0.001,0.001,15876.0,6100.0,1.0
"beta_cos[Rickard, Joey]",-0.233,0.132,-0.474,0.021,0.001,0.002,14469.0,6021.0,1.0
"beta_cos[Lind, Adam]",-0.263,0.19,-0.609,0.096,0.002,0.003,14509.0,5403.0,1.0
"beta_cos[Young, Chris]",-0.101,0.166,-0.415,0.207,0.001,0.003,14446.0,5092.0,1.0
"beta_cos[Bellinger, Cody]",-0.388,0.122,-0.611,-0.153,0.001,0.002,12674.0,5675.0,1.0
"beta_cos[Mazara, Nomar]",-0.215,0.105,-0.402,-0.01,0.001,0.001,14183.0,5820.0,1.0
"beta_cos[Hoskins, Rhys]",-0.273,0.146,-0.533,0.013,0.001,0.002,14521.0,5206.0,1.0
"beta_cos[Bourjos, Peter]",-0.406,0.173,-0.719,-0.066,0.001,0.002,17656.0,5932.0,1.0
"beta_cos[Negrón, Kristopher]",-0.147,0.185,-0.489,0.209,0.001,0.002,16242.0,5480.0,1.0
"beta_cos[Williamson, Mac]",-0.227,0.162,-0.52,0.087,0.001,0.002,18174.0,4646.0,1.0
"beta_cos[DeShields, Delino]",-0.578,0.105,-0.772,-0.378,0.001,0.001,15734.0,5744.0,1.0
"beta_cos[Granite, Zack]",-0.282,0.187,-0.633,0.076,0.001,0.003,17517.0,5599.0,1.0
"beta_cos[Kemp, Tony]",-0.425,0.151,-0.71,-0.146,0.001,0.002,16668.0,6353.0,1.0
"beta_cos[Ervin, Phillip]",-0.245,0.134,-0.493,0.011,0.001,0.002,15746.0,5537.0,1.0
"beta_cos[Cabrera, Melky]",-0.168,0.116,-0.394,0.043,0.001,0.002,18710.0,6008.0,1.0
"beta_cos[Smolinski, Jake]",-0.398,0.191,-0.773,-0.047,0.001,0.002,17127.0,5628.0,1.0
"beta_cos[García, Willy]",-0.286,0.182,-0.613,0.071,0.001,0.002,16259.0,5709.0,1.0
"beta_cos[Haniger, Mitch]",-0.145,0.109,-0.351,0.057,0.001,0.001,16087.0,5867.0,1.0
"beta_cos[Joyce, Matt]",-0.16,0.123,-0.393,0.074,0.001,0.002,17401.0,5796.0,1.0
"beta_cos[Collins, Tyler]",-0.474,0.186,-0.819,-0.121,0.002,0.002,14413.0,5643.0,1.0
"beta_cos[Mahtook, Mikie]",-0.345,0.131,-0.583,-0.1,0.001,0.002,15623.0,5992.0,1.0
"beta_cos[Gore, Terrance]",-0.337,0.191,-0.705,0.011,0.002,0.002,12871.0,5230.0,1.0
"beta_cos[Bader, Harrison]",-0.382,0.114,-0.604,-0.178,0.001,0.001,15132.0,5939.0,1.0
"beta_cos[Hernández, Gorkys]",-0.502,0.133,-0.749,-0.247,0.001,0.002,14584.0,5910.0,1.0
"beta_cos[Winker, Jesse]",-0.507,0.142,-0.775,-0.248,0.001,0.002,15073.0,5440.0,1.0
"beta_cos[Smith, Mallex]",-0.446,0.116,-0.659,-0.223,0.001,0.001,15577.0,5310.0,1.0
"beta_cos[Szczur, Matt]",-0.234,0.176,-0.568,0.093,0.001,0.002,14700.0,5704.0,1.0
"beta_cos[Allen, Greg]",-0.115,0.127,-0.348,0.132,0.001,0.002,15637.0,5825.0,1.0
"beta_cos[Robinson, Drew]",-0.341,0.167,-0.663,-0.034,0.001,0.002,17422.0,5669.0,1.0
"beta_cos[Kivlehan, Patrick]",-0.147,0.186,-0.498,0.197,0.001,0.002,17820.0,5413.0,1.0
"beta_cos[Kemp, Matt]",-0.296,0.135,-0.557,-0.05,0.001,0.002,15326.0,5459.0,1.0
"beta_cos[Slater, Austin]",-0.278,0.141,-0.547,-0.01,0.001,0.002,14780.0,5533.0,1.0
"beta_cos[Motter, Taylor]",-0.242,0.201,-0.627,0.128,0.002,0.003,17234.0,5652.0,1.0
"beta_cos[Martin, Leonys]",-0.279,0.134,-0.532,-0.028,0.001,0.002,15197.0,5556.0,1.0
"beta_cos[Saunders, Michael]",-0.259,0.173,-0.581,0.07,0.001,0.002,17098.0,5308.0,1.0
"beta_cos[Blanco, Grégor]",-0.459,0.155,-0.759,-0.176,0.001,0.002,16605.0,5841.0,1.0
"beta_cos[Núñez, Renato]",-0.185,0.201,-0.555,0.203,0.002,0.003,16653.0,5666.0,1.0
"beta_cos[Guyer, Brandon]",-0.192,0.156,-0.478,0.111,0.001,0.002,15853.0,5664.0,1.0
"beta_cos[Pirela, José]",-0.28,0.164,-0.573,0.049,0.001,0.002,16823.0,5675.0,1.0
"beta_cos[Kim, Hyun Soo]",-0.143,0.171,-0.457,0.183,0.001,0.002,15982.0,5253.0,1.0
"beta_cos[Berry, Quintin]",-0.295,0.203,-0.686,0.077,0.002,0.003,16084.0,5223.0,1.0
"beta_cos[Phillips, Brett]",-0.47,0.155,-0.761,-0.181,0.001,0.002,16374.0,5894.0,1.0
"beta_cos[Hanson, Alen]",-0.372,0.182,-0.722,-0.03,0.001,0.003,15954.0,5350.0,1.0
"beta_cos[Bryant, Kris]",-0.321,0.172,-0.639,0.001,0.001,0.002,16278.0,5924.0,1.0
"beta_cos[Adams, Matt]",-0.261,0.19,-0.627,0.088,0.002,0.003,16117.0,5098.0,1.0
"beta_cos[Tapia, Raimel]",-0.249,0.139,-0.508,0.015,0.001,0.002,15437.0,5834.0,1.0
"beta_cos[Bostick, Christopher]",-0.302,0.204,-0.692,0.079,0.001,0.003,19253.0,5560.0,1.0
"beta_cos[Wade, Tyler]",-0.341,0.192,-0.697,0.034,0.001,0.002,16777.0,5426.0,1.0
"beta_cos[Fuentes, Rey]",-0.405,0.192,-0.767,-0.051,0.001,0.003,18172.0,6004.0,1.0
"beta_cos[Pearce, Steve]",-0.279,0.162,-0.577,0.025,0.001,0.002,14538.0,5839.0,1.0
"beta_cos[Dickson, O'Koyea]",-0.281,0.197,-0.657,0.088,0.002,0.003,16924.0,5793.0,1.0
"beta_cos[Pérez, Hernán]",-0.304,0.162,-0.614,0.001,0.001,0.002,15568.0,5487.0,1.0
"beta_cos[Reynolds, Matt]",-0.24,0.203,-0.622,0.134,0.002,0.003,14907.0,5374.0,1.0
"beta_cos[Forsythe, Logan]",-0.311,0.203,-0.679,0.08,0.002,0.003,17599.0,5318.0,1.0
"beta_cos[Heredia, Guillermo]",-0.271,0.112,-0.479,-0.064,0.001,0.001,15088.0,5407.0,1.0
"beta_cos[Holt, Brock]",-0.26,0.174,-0.581,0.066,0.001,0.002,17367.0,6074.0,1.0
"beta_cos[Reyes, José]",-0.279,0.202,-0.661,0.096,0.002,0.003,15081.0,5465.0,1.0
"beta_cos[Nava, Daniel]",-0.137,0.176,-0.477,0.188,0.001,0.002,15724.0,5367.0,1.0
"beta_cos[García, Leury]",-0.369,0.124,-0.602,-0.143,0.001,0.002,16333.0,6121.0,1.0
"beta_cos[Gallo, Joey]",0.007,0.125,-0.223,0.244,0.001,0.002,15031.0,5599.0,1.0
"beta_cos[Moss, Brandon]",-0.276,0.209,-0.674,0.113,0.002,0.003,17709.0,5577.0,1.0
"beta_cos[Martínez, José A.]",-0.198,0.125,-0.442,0.03,0.001,0.002,14142.0,5501.0,1.0
"beta_cos[Valaika, Pat]",-0.292,0.203,-0.659,0.106,0.002,0.003,17373.0,5101.0,1.0
"beta_cos[Frazier, Adam]",-0.267,0.153,-0.549,0.018,0.001,0.002,15508.0,6128.0,1.0
"beta_cos[Cespedes, Yoenis]",-0.148,0.142,-0.41,0.121,0.001,0.002,15859.0,6109.0,1.0
"beta_cos[Rodríguez, Sean]",-0.119,0.181,-0.466,0.213,0.001,0.002,15767.0,5778.0,1.0
"beta_cos[Florimón, Pedro]",-0.303,0.203,-0.694,0.072,0.002,0.003,15663.0,4947.0,1.0
"beta_cos[Gentry, Craig]",-0.272,0.165,-0.588,0.035,0.001,0.002,16603.0,5785.0,1.0
"beta_cos[Smith, Seth]",-0.349,0.169,-0.653,-0.034,0.001,0.002,15129.0,5559.0,1.0
"beta_cos[Santana, Danny]",-0.158,0.155,-0.437,0.148,0.001,0.002,16097.0,6389.0,1.0
"beta_cos[Conforto, Michael]",-0.131,0.092,-0.311,0.033,0.001,0.001,16478.0,5430.0,1.0
"beta_cos[Amarista, Alexi]",-0.316,0.198,-0.706,0.041,0.002,0.002,13616.0,5466.0,1.0
"beta_cos[Tomlinson, Kelby]",-0.322,0.201,-0.716,0.036,0.002,0.003,16276.0,4912.0,1.0
"beta_cos[Taylor, Chris]",-0.43,0.128,-0.674,-0.197,0.001,0.002,14524.0,5811.0,1.0
"beta_cos[Descalso, Daniel]",-0.323,0.192,-0.69,0.034,0.002,0.003,15640.0,5319.0,1.0
"beta_cos[Gennett, Scooter]",-0.196,0.196,-0.58,0.164,0.002,0.002,14819.0,5895.0,1.0
"beta_cos[Stevenson, Andrew]",-0.386,0.185,-0.722,-0.036,0.001,0.002,18310.0,5379.0,1.0
"beta_cos[Brantley, Michael]",0.109,0.113,-0.102,0.32,0.001,0.001,13228.0,6107.0,1.0
"beta_cos[Perkins, Cameron]",-0.227,0.194,-0.579,0.15,0.002,0.003,16672.0,4889.0,1.0
"beta_cos[Robinson, Shane]",-0.152,0.191,-0.511,0.207,0.002,0.003,14099.0,5457.0,1.0
"beta_cos[Contreras, Willson]",-0.29,0.203,-0.675,0.098,0.002,0.003,15740.0,5724.0,1.0
"beta_cos[Williams, Nick]",-0.163,0.129,-0.41,0.079,0.001,0.002,14066.0,5655.0,1.0
"beta_cos[Pinder, Chad]",-0.306,0.147,-0.581,-0.031,0.001,0.002,16731.0,5806.0,1.0
"beta_cos[Beltrán, Carlos]",-0.285,0.201,-0.666,0.091,0.002,0.003,15713.0,5364.0,1.0
"beta_cos[Goodwin, Brian]",-0.393,0.117,-0.605,-0.165,0.001,0.002,16574.0,5611.0,1.0
"beta_cos[Difo, Wilmer]",-0.289,0.203,-0.67,0.081,0.002,0.003,15623.0,5345.0,1.0
"beta_cos[Alcántara, Arismendy]",-0.225,0.204,-0.6,0.16,0.002,0.003,17399.0,5182.0,1.0
"beta_cos[Heisey, Chris]",-0.217,0.196,-0.577,0.157,0.001,0.003,18269.0,6013.0,1.0
"beta_cos[Cordero, Franchy]",-0.273,0.164,-0.579,0.044,0.001,0.002,17623.0,6368.0,1.0
"beta_cos[Thompson, Trayce]",-0.055,0.171,-0.384,0.263,0.001,0.002,15396.0,5386.0,1.0
"beta_cos[Raburn, Ryan]",-0.33,0.196,-0.685,0.043,0.001,0.002,17273.0,5852.0,1.0
"beta_cos[Peterson, Shane]",-0.196,0.189,-0.548,0.16,0.002,0.002,14027.0,5736.0,1.0
"beta_cos[Grossman, Robbie]",-0.296,0.114,-0.51,-0.079,0.001,0.001,16558.0,6432.0,1.0
"beta_cos[Jaso, John]",-0.306,0.169,-0.63,0.005,0.001,0.002,17077.0,5539.0,1.0
"beta_cos[Córdoba, Allen]",-0.267,0.193,-0.634,0.086,0.001,0.003,18694.0,5098.0,1.0
"beta_cos[Merrifield, Whit]",-0.301,0.132,-0.561,-0.068,0.001,0.002,17108.0,5891.0,1.0
"beta_cos[Soler, Jorge]",-0.242,0.134,-0.496,0.014,0.001,0.002,18745.0,5710.0,1.0
"beta_cos[Harrison, Josh]",-0.272,0.194,-0.641,0.098,0.002,0.002,15626.0,5870.0,1.0
"beta_cos[Young Jr., Eric]",-0.279,0.16,-0.582,0.016,0.001,0.002,17012.0,6048.0,1.0
"beta_cos[Rivera, T.J.]",-0.3,0.206,-0.677,0.093,0.002,0.003,17249.0,5819.0,1.0
"beta_cos[Osuna, José]",-0.133,0.172,-0.457,0.189,0.001,0.002,13723.0,5723.0,1.0
"beta_cos[den Dekker, Matthew]",-0.175,0.195,-0.541,0.188,0.002,0.003,14820.0,5431.0,1.0
"beta_cos[Jones, Ryder]",-0.283,0.201,-0.661,0.099,0.002,0.003,17262.0,5184.0,1.0
"beta_cos[Refsnyder, Rob]",-0.11,0.185,-0.45,0.243,0.002,0.002,14160.0,5484.0,1.0
"beta_cos[Smith Jr., Dwight]",-0.216,0.141,-0.477,0.058,0.001,0.002,15424.0,4961.0,1.0
"beta_cos[Robertson, Daniel]",-0.382,0.182,-0.721,-0.039,0.001,0.002,15626.0,5823.0,1.0
"beta_cos[Franklin, Nick]",-0.214,0.194,-0.576,0.14,0.002,0.002,15052.0,5253.0,1.0
"beta_cos[Gutierrez, Franklin]",-0.345,0.197,-0.722,0.022,0.002,0.003,15404.0,4978.0,1.0
"beta_cos[Brinson, Lewis]",-0.48,0.127,-0.708,-0.236,0.001,0.002,17060.0,6095.0,1.0
"beta_cos[Vogt, Stephen]",-0.296,0.198,-0.671,0.076,0.002,0.003,17117.0,5909.0,1.0
"beta_cos[Belt, Brandon]",-0.095,0.184,-0.449,0.242,0.002,0.002,14904.0,5618.0,1.0
"beta_cos[González, Erik]",-0.263,0.199,-0.631,0.106,0.002,0.003,14941.0,5569.0,1.0
"beta_cos[Brugman, Jaycob]",-0.332,0.169,-0.648,-0.017,0.001,0.002,18243.0,5766.0,1.0
"beta_cos[Kelly, Ty]",-0.28,0.197,-0.65,0.095,0.002,0.003,17229.0,5860.0,1.0
"beta_cos[Gyorko, Jedd]",-0.281,0.202,-0.658,0.095,0.002,0.003,17015.0,5945.0,1.0
"beta_cos[Hazelbaker, Jeremy]",-0.309,0.203,-0.685,0.073,0.002,0.003,14900.0,5298.0,1.0
"beta_cos[Rasmus, Colby]",-0.25,0.177,-0.599,0.07,0.001,0.002,16375.0,5833.0,1.0
"beta_cos[Camargo, Johan]",-0.258,0.195,-0.631,0.104,0.002,0.002,15389.0,5545.0,1.0
"beta_cos[Calixte, Orlando]",-0.235,0.199,-0.601,0.137,0.002,0.003,15775.0,5311.0,1.0
"beta_cos[Barney, Darwin]",-0.279,0.204,-0.656,0.108,0.002,0.003,16874.0,5942.0,1.0
"beta_cos[Coghlan, Chris]",-0.208,0.202,-0.561,0.195,0.002,0.003,16232.0,5761.0,1.0
"beta_cos[Powell, Boog]",-0.369,0.18,-0.705,-0.032,0.001,0.002,16325.0,5382.0,1.0
"beta_cos[Martinez, Michael]",-0.284,0.207,-0.679,0.102,0.002,0.003,15209.0,4849.0,1.0
"beta_cos[Eibner, Brett]",-0.25,0.2,-0.633,0.11,0.002,0.003,16481.0,5834.0,1.0
"beta_cos[Tomás, Yasmany]",-0.322,0.189,-0.677,0.025,0.001,0.003,17502.0,5588.0,1.0
"beta_cos[Núñez, Eduardo]",-0.306,0.186,-0.668,0.029,0.001,0.002,16370.0,5484.0,1.0
"beta_cos[Owings, Chris]",-0.35,0.153,-0.631,-0.058,0.001,0.002,20253.0,5408.0,1.0
"beta_cos[Marte, Jefry]",-0.261,0.205,-0.635,0.131,0.002,0.003,16551.0,4989.0,1.0
"beta_cos[Ortiz, Danny]",-0.215,0.201,-0.57,0.181,0.002,0.003,15273.0,5393.0,1.0
"beta_cos[Bonifacio, Jorge]",-0.36,0.132,-0.601,-0.111,0.001,0.002,16090.0,5581.0,1.0
"beta_cos[Escobar, Eduardo]",-0.309,0.203,-0.691,0.073,0.002,0.003,17071.0,6035.0,1.0
"beta_cos[Ceciliani, Darrell]",-0.281,0.201,-0.666,0.084,0.002,0.003,16699.0,5424.0,1.0
"beta_cos[Morse, Michael]",-0.24,0.209,-0.635,0.153,0.002,0.003,18917.0,5233.0,1.0
"beta_cos[Ruggiano, Justin]",-0.254,0.185,-0.596,0.1,0.002,0.002,15112.0,5656.0,1.0
"beta_cos[Alford, Anthony]",-0.339,0.193,-0.711,0.015,0.002,0.003,16264.0,5481.0,1.0
"beta_cos[Sogard, Eric]",-0.301,0.198,-0.674,0.067,0.002,0.003,15996.0,5375.0,1.0
"beta_cos[Marisnick, Jake]",-0.492,0.135,-0.747,-0.238,0.001,0.002,17528.0,6141.0,1.0
"beta_cos[Van Slyke, Scott]",-0.279,0.204,-0.658,0.109,0.002,0.003,16697.0,5228.0,1.0
"beta_cos[Díaz, Yandy]",-0.289,0.201,-0.654,0.09,0.001,0.003,17921.0,5585.0,1.0
"beta_cos[Toles, Andrew]",-0.41,0.185,-0.765,-0.074,0.001,0.003,15807.0,4460.0,1.0
"beta_cos[Polanco, Gregory]",0.083,0.114,-0.131,0.3,0.001,0.002,14327.0,5720.0,1.0
"beta_cos[Stassi, Brock]",-0.281,0.204,-0.648,0.106,0.002,0.003,16756.0,5668.0,1.0
"beta_cos[Díaz, Aledmys]",-0.315,0.2,-0.704,0.048,0.002,0.003,17489.0,5399.0,1.0
"beta_cos[Decker, Jaff]",-0.373,0.197,-0.728,0.013,0.001,0.003,17433.0,5676.0,1.0
"beta_cos[Flaherty, Ryan]",-0.222,0.199,-0.582,0.161,0.002,0.003,14758.0,5444.0,1.0
"beta_cos[Profar, Jurickson]",-0.141,0.181,-0.464,0.211,0.001,0.002,16476.0,5255.0,1.0
"beta_cos[Eaton, Adam]",-0.124,0.103,-0.316,0.076,0.001,0.001,17210.0,5517.0,1.0
"beta_cos[Marrero, Chris]",-0.279,0.205,-0.651,0.113,0.002,0.003,16776.0,5464.0,1.0
"beta_cos[May, Jacob]",-0.223,0.197,-0.587,0.149,0.002,0.003,14829.0,5461.0,1.0
"beta_cos[Dyson, Jarrod]",-0.43,0.117,-0.644,-0.21,0.001,0.001,16104.0,6083.0,1.0
"beta_cos[Bonifácio, Emilio]",-0.33,0.203,-0.71,0.052,0.002,0.003,14560.0,5289.0,1.0
"beta_cos[Hill, Aaron]",-0.28,0.208,-0.682,0.113,0.002,0.003,16218.0,5185.0,1.0
"beta_cos[Cardullo, Stephen]",-0.232,0.202,-0.625,0.132,0.002,0.003,16817.0,5055.0,1.0
"beta_cos[d'Arnaud, Chase]",-0.278,0.202,-0.651,0.114,0.002,0.003,15258.0,5077.0,1.0
"beta_cos[Nieuwenhuis, Kirk]",-0.278,0.206,-0.655,0.131,0.002,0.003,17555.0,5447.0,1.0
"beta_cos[Rosales, Adam]",-0.305,0.202,-0.683,0.081,0.002,0.003,14990.0,5308.0,1.0
"beta_cos[Soto, Juan]",-0.251,0.107,-0.45,-0.048,0.001,0.001,15028.0,5825.0,1.0
"beta_cos[Dahl, David]",-0.546,0.132,-0.789,-0.294,0.001,0.002,18313.0,5631.0,1.0
"beta_cos[McKinney, Billy]",-0.235,0.156,-0.534,0.051,0.001,0.002,17205.0,5967.0,1.0
"beta_cos[O'Neill, Tyler]",-0.483,0.155,-0.766,-0.181,0.001,0.002,17242.0,5450.0,1.0
"beta_cos[Reyes, Pablo]",-0.206,0.182,-0.534,0.153,0.002,0.002,14474.0,5592.0,1.0
"beta_cos[Schebler, Scott]",-0.139,0.127,-0.385,0.09,0.001,0.002,15481.0,4864.0,1.0
"beta_cos[Martini, Nick]",-0.289,0.172,-0.609,0.04,0.001,0.002,14782.0,5209.0,1.0
"beta_cos[Galloway, Isaac]",-0.259,0.188,-0.62,0.093,0.001,0.003,16124.0,5106.0,1.0
"beta_cos[Martinez, J.D.]",-0.212,0.132,-0.466,0.031,0.001,0.002,15728.0,5834.0,1.0
"beta_cos[Stewart, DJ]",-0.138,0.16,-0.433,0.166,0.001,0.002,16804.0,5608.0,1.0
"beta_cos[Tucker, Kyle]",-0.14,0.163,-0.449,0.163,0.001,0.002,14235.0,5798.0,1.0
"beta_cos[Cozens, Dylan]",-0.187,0.201,-0.551,0.204,0.002,0.003,16712.0,5891.0,1.0
"beta_cos[Acuña Jr., Ronald]",-0.425,0.113,-0.632,-0.205,0.001,0.001,18296.0,5301.0,1.0
"beta_cos[Herrera, Odúbel]",-0.452,0.116,-0.678,-0.246,0.001,0.001,15597.0,5984.0,1.0
"beta_cos[Renfroe, Hunter]",-0.191,0.109,-0.4,0.011,0.001,0.001,17027.0,5741.0,1.0
"beta_cos[McCutchen, Andrew]",-0.012,0.103,-0.208,0.177,0.001,0.001,15007.0,5846.0,1.0
"beta_cos[Yelich, Christian]",-0.445,0.094,-0.624,-0.27,0.001,0.001,16122.0,5943.0,1.0
"beta_cos[Holliday, Matt]",-0.34,0.198,-0.711,0.04,0.001,0.003,18041.0,5759.0,1.0
"beta_cos[Smith, Dominic]",-0.241,0.174,-0.575,0.076,0.001,0.002,16610.0,5183.0,1.0
"beta_cos[Dean, Austin]",-0.302,0.156,-0.59,-0.004,0.001,0.002,16389.0,5947.0,1.0
"beta_cos[Tocci, Carlos]",-0.289,0.176,-0.612,0.058,0.001,0.002,18210.0,5693.0,1.0
"beta_cos[Fowler, Dustin]",-0.256,0.167,-0.562,0.066,0.001,0.002,17741.0,5640.0,1.0
"beta_cos[Shaw, Chris]",-0.258,0.198,-0.609,0.136,0.002,0.003,16225.0,5972.0,1.0
"beta_cos[Span, Denard]",-0.199,0.116,-0.428,0.006,0.001,0.001,15287.0,6034.0,1.0
"beta_cos[Swihart, Blake]",-0.23,0.189,-0.579,0.123,0.001,0.003,18291.0,5606.0,1.0
"beta_cos[Field, Johnny]",-0.355,0.166,-0.666,-0.047,0.001,0.002,16340.0,5964.0,1.0
"beta_cos[Palka, Daniel]",-0.6,0.125,-0.823,-0.352,0.001,0.002,16890.0,5706.0,1.0
"beta_cos[Davis, Jonathan]",-0.334,0.18,-0.672,-0.002,0.001,0.002,14947.0,5552.0,1.0
"beta_cos[Choo, Shin-Soo]",-0.259,0.114,-0.472,-0.046,0.001,0.002,14400.0,5271.0,1.0
"beta_cos[Herrera, Dilson]",-0.248,0.205,-0.627,0.138,0.001,0.003,18770.0,5416.0,1.0
"beta_cos[Reyes, Victor]",-0.402,0.139,-0.664,-0.138,0.001,0.002,19039.0,6091.0,1.0
"beta_cos[Stanton, Giancarlo]",-0.368,0.126,-0.61,-0.141,0.001,0.002,15693.0,5458.0,1.0
"beta_cos[Stewart, Christin]",-0.066,0.15,-0.35,0.213,0.001,0.002,14475.0,5511.0,1.0
"beta_cos[Travis, Sam]",-0.126,0.192,-0.489,0.229,0.002,0.002,14718.0,5416.0,1.0
"beta_cos[Jones, Adam]",-0.446,0.104,-0.648,-0.257,0.001,0.001,16640.0,6579.0,1.0
"beta_cos[Meadows, Austin]",-0.117,0.145,-0.393,0.148,0.001,0.002,15897.0,5581.0,1.0
"beta_cos[Hermosillo, Michael]",-0.341,0.171,-0.655,-0.015,0.001,0.002,17204.0,5942.0,1.0
"beta_cos[Brito, Sócrates]",-0.115,0.182,-0.457,0.223,0.001,0.002,16919.0,5984.0,1.0
"beta_cos[García, Adolis]",-0.274,0.204,-0.668,0.096,0.002,0.003,14709.0,5268.0,1.0
"beta_cos[Robles, Victor]",-0.204,0.123,-0.426,0.038,0.001,0.002,16869.0,5801.0,1.0
"beta_cos[LaMarre, Ryan]",-0.282,0.157,-0.58,0.008,0.001,0.002,16203.0,6268.0,1.0
"beta_cos[Williams, Mason]",-0.26,0.175,-0.58,0.082,0.002,0.002,13405.0,5998.0,1.0
"beta_cos[Andreoli, John]",-0.334,0.189,-0.693,0.009,0.001,0.002,17902.0,6056.0,1.0
"beta_cos[Bauers, Jake]",-0.159,0.17,-0.472,0.165,0.001,0.002,14028.0,5594.0,1.0
"beta_cos[Bote, David]",-0.271,0.202,-0.646,0.118,0.002,0.003,16244.0,5345.0,1.0
"beta_cos[Davis, J.D.]",-0.306,0.161,-0.612,-0.016,0.001,0.002,19252.0,5782.0,1.0
"beta_cos[Pence, Hunter]",-0.171,0.111,-0.379,0.034,0.001,0.002,13157.0,5628.0,1.0
"beta_cos[Reinheimer, Jack]",-0.222,0.2,-0.584,0.167,0.002,0.003,14717.0,5250.0,1.0
"beta_cos[Ortega, Rafael]",-0.313,0.166,-0.628,-0.009,0.001,0.002,14193.0,5684.0,1.0
"beta_cos[Lowe, Brandon]",-0.263,0.186,-0.615,0.082,0.001,0.002,16845.0,5608.0,1.0
"beta_cos[Cowart, Kaleb]",-0.287,0.203,-0.681,0.086,0.002,0.003,14643.0,5031.0,1.0
"beta_cos[O'Hearn, Ryan]",-0.303,0.202,-0.663,0.094,0.002,0.003,15342.0,5842.0,1.0
"beta_cos[Bautista, José]",-0.23,0.124,-0.467,-0.005,0.001,0.002,18244.0,5464.0,1.0
"beta_cos[Quinn, Roman]",-0.274,0.159,-0.573,0.025,0.001,0.002,16598.0,5840.0,1.0
"beta_cos[Muñoz, Yairo]",-0.234,0.18,-0.567,0.107,0.001,0.002,16882.0,5931.0,1.0
"beta_cos[Goodrum, Niko]",-0.257,0.176,-0.576,0.079,0.001,0.002,14826.0,4915.0,1.0
"beta_cos[Myers, Wil]",-0.49,0.136,-0.731,-0.228,0.001,0.002,14293.0,5351.0,1.0
"beta_cos[Tucker, Preston]",-0.33,0.187,-0.679,0.031,0.001,0.003,16499.0,5321.0,1.0
"beta_cos[Gerber, Mike]",-0.29,0.192,-0.656,0.062,0.001,0.002,17940.0,5656.0,1.0
"beta_cos[Cave, Jake]",-0.37,0.145,-0.642,-0.097,0.001,0.002,15614.0,5728.0,1.0
"beta_cos[Dixon, Brandon]",-0.28,0.186,-0.635,0.067,0.001,0.002,19792.0,6022.0,1.0
"beta_cos[Culberson, Charlie]",-0.343,0.183,-0.682,0.009,0.001,0.002,17557.0,5803.0,1.0
"beta_cos[Sweeney, Darnell]",-0.287,0.207,-0.675,0.104,0.002,0.003,13485.0,5556.0,1.0
"beta_cos[Wendle, Joey]",-0.269,0.196,-0.64,0.095,0.001,0.003,17310.0,5429.0,1.0
"beta_cos[Rivera, Yadiel]",-0.315,0.196,-0.681,0.054,0.002,0.003,14893.0,5285.0,1.0
"beta_cos[Cuevas, Noel]",-0.262,0.182,-0.597,0.077,0.001,0.002,16126.0,5852.0,1.0
"beta_cos[Jones, JaCoby]",-0.535,0.122,-0.764,-0.3,0.001,0.002,16077.0,5549.0,1.0
"beta_cos[Cooper, Garrett]",-0.198,0.19,-0.562,0.153,0.001,0.002,16470.0,5901.0,1.0
"beta_cos[Shuck, JB]",-0.256,0.184,-0.606,0.083,0.001,0.003,15495.0,5716.0,1.0
"beta_cos[Walker, Christian]",-0.277,0.205,-0.671,0.105,0.002,0.003,16111.0,5516.0,1.0
"beta_cos[Tilson, Charlie]",-0.314,0.147,-0.571,-0.022,0.001,0.002,17239.0,5409.0,1.0
"beta_cos[Astudillo, Willians]",-0.301,0.207,-0.702,0.079,0.002,0.003,16002.0,5580.0,1.0
"beta_cos[Valentín, Jesmuel]",-0.255,0.204,-0.635,0.138,0.002,0.003,17484.0,5699.0,1.0
"beta_cos[Martin, Russell]",-0.268,0.201,-0.659,0.099,0.002,0.003,15104.0,5309.0,1.0
"beta_cos[Markakis, Nick]",-0.238,0.094,-0.421,-0.065,0.001,0.001,15354.0,5795.0,1.0
"beta_cos[Evans, Phillip]",-0.275,0.201,-0.656,0.101,0.002,0.003,17211.0,5173.0,1.0
"beta_cos[Muncy, Max]",-0.278,0.206,-0.654,0.116,0.002,0.003,15526.0,5520.0,1.0
"beta_cos[Pompey, Dalton]",-0.247,0.204,-0.62,0.144,0.002,0.003,16675.0,5565.0,1.0
"beta_cos[Herrera, Rosell]",-0.454,0.166,-0.757,-0.134,0.001,0.002,16148.0,5848.0,1.0
"beta_cos[Bautista, Rafael]",-0.303,0.201,-0.676,0.076,0.002,0.003,14943.0,5254.0,1.0
"beta_cos[Sierra, Moisés]",-0.315,0.202,-0.692,0.069,0.002,0.003,14546.0,5865.0,1.0
"beta_cos[Gosselin, Phil]",-0.26,0.196,-0.617,0.111,0.001,0.003,17218.0,5813.0,1.0
"beta_cos[Orlando, Paulo]",-0.317,0.171,-0.643,-0.004,0.001,0.002,13903.0,5566.0,1.0
"beta_cos[Kingery, Scott]",-0.391,0.165,-0.703,-0.083,0.001,0.002,16251.0,5813.0,1.0
"beta_cos[Naquin, Tyler]",-0.212,0.124,-0.442,0.025,0.001,0.002,15804.0,5566.0,1.0
"beta_cos[Almora Jr., Albert]",-0.314,0.115,-0.528,-0.094,0.001,0.002,15746.0,5839.0,1.0
"beta_cos[Lee, Braxton]",-0.239,0.2,-0.611,0.152,0.002,0.003,16248.0,5555.0,1.0
"beta_cos[Alvarez, Yordan]",-0.206,0.196,-0.555,0.178,0.002,0.002,16008.0,5871.0,1.0
"beta_cos[Wade Jr., LaMonte]",-0.25,0.192,-0.613,0.122,0.002,0.003,16189.0,5299.0,1.0
"beta_cos[McBroom, Ryan]",-0.199,0.194,-0.572,0.159,0.001,0.003,18017.0,5634.0,1.0
"beta_cos[Rojas, Josh]",-0.37,0.177,-0.687,-0.016,0.001,0.002,16687.0,5695.0,1.0
"beta_cos[Ward, Taylor]",-0.466,0.176,-0.793,-0.137,0.001,0.002,16058.0,5785.0,1.0
"beta_cos[Jiménez, Eloy]",-0.402,0.146,-0.68,-0.138,0.001,0.002,14644.0,5422.0,1.0
"beta_cos[Rodríguez, Ronny]",-0.285,0.202,-0.678,0.086,0.002,0.003,14571.0,5846.0,1.0
"beta_cos[Lopes, Tim]",-0.246,0.171,-0.584,0.063,0.001,0.002,15630.0,5771.0,1.0
"beta_cos[Beaty, Matt]",-0.334,0.199,-0.703,0.031,0.002,0.003,16242.0,5848.0,1.0
"beta_cos[Elmore, Jake]",-0.23,0.198,-0.585,0.159,0.002,0.003,15105.0,5215.0,1.0
"beta_cos[Pollock, AJ]",-0.402,0.114,-0.619,-0.192,0.001,0.001,15767.0,5955.0,1.0
"beta_cos[Miller, Brad]",-0.272,0.192,-0.65,0.075,0.001,0.003,16388.0,5376.0,1.0
"beta_cos[García, Robel]",-0.224,0.198,-0.578,0.156,0.002,0.002,16522.0,6185.0,1.0
"beta_cos[Dickerson, Alex]",-0.089,0.165,-0.384,0.245,0.001,0.002,15680.0,5543.0,1.0
"beta_cos[Long Jr., Shed]",-0.314,0.198,-0.69,0.047,0.002,0.003,16825.0,6027.0,1.0
"beta_cos[VanMeter, Josh]",-0.313,0.184,-0.653,0.035,0.002,0.002,14566.0,5021.0,1.0
"beta_cos[Kramer, Kevin]",-0.329,0.197,-0.697,0.044,0.002,0.003,16536.0,5275.0,1.0
"beta_cos[McNeil, Jeff]",-0.368,0.162,-0.691,-0.075,0.001,0.002,17771.0,5289.0,1.0
"beta_cos[Arraez, Luis]",-0.085,0.194,-0.468,0.268,0.002,0.002,13612.0,5987.0,1.0
"beta_cos[Brown, Seth]",-0.304,0.193,-0.659,0.069,0.002,0.003,14700.0,5159.0,1.0
"beta_cos[Straw, Myles]",-0.386,0.181,-0.714,-0.037,0.002,0.002,13403.0,5903.0,1.0
"beta_cos[Ramírez, Harold]",-0.251,0.15,-0.544,0.016,0.001,0.002,14623.0,5478.0,1.0
"beta_cos[Hilliard, Sam]",-0.177,0.169,-0.511,0.129,0.001,0.002,16412.0,6103.0,1.0
"beta_cos[Cordell, Ryan]",-0.26,0.164,-0.56,0.055,0.001,0.002,19413.0,5578.0,1.0
"beta_cos[Yastrzemski, Mike]",-0.288,0.142,-0.544,-0.011,0.001,0.002,16867.0,5815.0,1.0
"beta_cos[Moore, Dylan]",-0.127,0.174,-0.441,0.203,0.001,0.002,15463.0,5672.0,1.0
"beta_cos[Naylor, Josh]",-0.185,0.168,-0.509,0.115,0.001,0.002,14850.0,6121.0,1.0
"beta_cos[Miller, Ian]",-0.308,0.195,-0.68,0.05,0.002,0.002,16002.0,5934.0,1.0
"beta_cos[Fletcher, David]",-0.179,0.187,-0.529,0.172,0.002,0.002,15406.0,5895.0,1.0
"beta_cos[Heineman, Scott]",-0.402,0.179,-0.733,-0.072,0.002,0.002,13503.0,6399.0,1.0
"beta_cos[Haseley, Adam]",-0.29,0.157,-0.585,0.01,0.001,0.002,17090.0,6068.0,1.0
"beta_cos[Wilkerson, Stevie]",-0.355,0.16,-0.669,-0.062,0.001,0.002,15542.0,5826.0,1.0
"beta_cos[Peraza, José]",-0.165,0.188,-0.538,0.164,0.001,0.002,15874.0,5802.0,1.0
"beta_cos[Bishop, Braden]",-0.38,0.182,-0.721,-0.033,0.001,0.002,15767.0,5603.0,1.0
"beta_cos[Rios, Edwin]",-0.277,0.201,-0.654,0.099,0.002,0.003,15342.0,5690.0,1.0
"beta_cos[Castellanos, Nick]",-0.21,0.1,-0.402,-0.027,0.001,0.001,14900.0,5450.0,1.0
"beta_cos[Gurriel Jr., Lourdes]",0.037,0.159,-0.258,0.341,0.001,0.002,17013.0,5372.0,1.0
"beta_cos[Santander, Anthony]",-0.377,0.138,-0.635,-0.117,0.001,0.002,18836.0,5678.0,1.0
"beta_cos[Berti, Jon]",-0.151,0.18,-0.482,0.187,0.001,0.002,17712.0,5434.0,1.0
"beta_cos[Stubbs, Garrett]",-0.29,0.203,-0.662,0.092,0.002,0.003,14118.0,5593.0,1.0
"beta_cos[Grisham, Trent]",-0.042,0.165,-0.342,0.273,0.001,0.002,14555.0,5767.0,1.0
"beta_cos[Davis, Johnny]",-0.273,0.204,-0.646,0.125,0.001,0.003,20370.0,5179.0,1.0
"beta_cos[Reynolds, Bryan]",-0.443,0.13,-0.687,-0.201,0.001,0.002,15891.0,5918.0,1.0
"beta_cos[O'Grady, Brian]",-0.263,0.196,-0.643,0.093,0.001,0.003,17784.0,5325.0,1.0
"beta_cos[Starling, Bubba]",-0.186,0.173,-0.505,0.132,0.001,0.002,16487.0,5916.0,1.0
"beta_cos[Broxton, Keon]",-0.357,0.13,-0.606,-0.117,0.001,0.002,15549.0,5686.0,1.0
"beta_cos[Riley, Austin]",-0.38,0.17,-0.685,-0.056,0.001,0.002,13321.0,6157.0,1.0
"beta_cos[Court, Ryan]",-0.184,0.2,-0.565,0.194,0.002,0.003,14880.0,5242.0,1.0
"beta_cos[Drury, Brandon]",-0.333,0.199,-0.688,0.053,0.001,0.002,17627.0,5479.0,1.0
"beta_cos[Mercado, Óscar]",-0.173,0.15,-0.447,0.115,0.001,0.002,16061.0,5765.0,1.0
"beta_cos[Lorenzen, Michael]",-0.228,0.19,-0.573,0.136,0.001,0.002,17634.0,5796.0,1.0
"beta_cos[Avelino, Abiatal]",-0.28,0.204,-0.677,0.089,0.001,0.003,18487.0,5282.0,1.0
"beta_cos[Brosseau, Mike]",-0.215,0.196,-0.594,0.159,0.001,0.003,17194.0,4957.0,1.0
"beta_cos[Daza, Yonathan]",-0.334,0.19,-0.698,0.011,0.001,0.002,17708.0,5614.0,1.0
"beta_cos[Garlick, Kyle]",-0.311,0.193,-0.68,0.045,0.002,0.003,15397.0,5316.0,1.0
"beta_cos[Rosario, Amed]",-0.283,0.205,-0.672,0.103,0.002,0.003,15193.0,5256.0,1.0
"beta_cos[Mejía, Francisco]",-0.279,0.206,-0.648,0.115,0.002,0.003,17574.0,5600.0,1.0
"beta_cos[Castro, Harold]",-0.372,0.176,-0.704,-0.042,0.001,0.002,15111.0,5976.0,1.0
"beta_cos[Alberto, Hanser]",-0.236,0.2,-0.604,0.147,0.002,0.003,16203.0,6036.0,1.0
"beta_cos[Beckham, Tim]",-0.211,0.201,-0.598,0.159,0.002,0.003,16768.0,5041.0,1.0
"beta_cos[Bruce, Jay]",-0.491,0.089,-0.657,-0.329,0.001,0.001,15600.0,5668.0,1.0
"beta_cos[Velasquez, Vince]",-0.273,0.208,-0.673,0.119,0.002,0.003,16260.0,5764.0,1.0
"beta_cos[Garcia, Greg]",-0.279,0.204,-0.657,0.12,0.002,0.003,17257.0,4932.0,1.0
"beta_cos[Freeman, Mike]",-0.246,0.205,-0.616,0.138,0.002,0.003,16436.0,5655.0,1.0
"beta_cos[Urshela, Gio]",-0.278,0.207,-0.659,0.116,0.002,0.003,17231.0,5538.0,1.0
"beta_cos[Hampson, Garrett]",-0.247,0.182,-0.593,0.08,0.001,0.002,17176.0,5806.0,1.0
"beta_cos[Saladino, Tyler]",-0.282,0.201,-0.655,0.097,0.002,0.003,13581.0,5141.0,1.0
"beta_cos[Vargas, Ildemaro]",-0.282,0.204,-0.648,0.118,0.002,0.003,18112.0,5714.0,1.0
"beta_cos[Austin, Tyler]",-0.232,0.193,-0.604,0.127,0.002,0.003,15180.0,4977.0,1.0
"beta_cos[Gómez, Carlos]",-0.159,0.121,-0.38,0.071,0.001,0.002,15780.0,6037.0,1.0
"beta_cos[Biggio, Cavan]",-0.218,0.194,-0.587,0.144,0.001,0.003,18282.0,5401.0,1.0
"beta_cos[González, Carlos]",0.027,0.115,-0.179,0.252,0.001,0.002,13916.0,5286.0,1.0
"beta_cos[Santana, Domingo]",-0.177,0.113,-0.387,0.036,0.001,0.002,15274.0,5254.0,1.0
"beta_cos[Newman, Kevin]",-0.281,0.205,-0.659,0.116,0.002,0.003,13945.0,5462.0,1.0
"beta_cos[Urena, Richard]",-0.29,0.206,-0.698,0.082,0.002,0.003,13856.0,5521.0,1.0
"beta_cos[Murphy, Tom]",-0.284,0.205,-0.672,0.103,0.002,0.003,16205.0,5864.0,1.0
"beta_cos[O'Brien, Peter]",-0.309,0.2,-0.689,0.056,0.002,0.003,15553.0,5568.0,1.0
"beta_cos[Solarte, Yangervis]",-0.296,0.195,-0.674,0.057,0.002,0.003,16217.0,5315.0,1.0
"beta_cos[Rondon, José]",-0.281,0.202,-0.641,0.108,0.002,0.003,18020.0,5846.0,1.0
"beta_cos[Estrada, Thairo]",-0.243,0.2,-0.606,0.138,0.002,0.003,14430.0,5817.0,1.0
"beta_cos[Peterson, Dustin]",-0.307,0.201,-0.686,0.075,0.002,0.003,15627.0,5624.0,1.0
"beta_cos[Moran, Colin]",-0.286,0.202,-0.66,0.102,0.002,0.003,16334.0,5606.0,1.0
"beta_cos[Martin, Jason]",-0.195,0.183,-0.524,0.153,0.001,0.002,18333.0,5891.0,1.0
"beta_cos[Joe, Connor]",-0.227,0.198,-0.598,0.142,0.002,0.003,15891.0,5936.0,1.0
"beta_cos[Zagunis, Mark]",-0.189,0.198,-0.576,0.176,0.002,0.003,15768.0,5493.0,1.0
"beta_cos[Jackson, Drew]",-0.289,0.209,-0.691,0.094,0.002,0.003,15485.0,5311.0,1.0
"beta_cos[Arozarena, Randy]",-0.225,0.187,-0.555,0.146,0.001,0.002,17614.0,5523.0,1.0
"beta_cos[Margot, Manuel]",-0.42,0.104,-0.618,-0.23,0.001,0.001,16584.0,5471.0,1.0
"beta_cos[Aquino, Aristides]",-0.109,0.167,-0.423,0.202,0.001,0.002,15387.0,5345.0,1.0
"beta_cos[Carlson, Dylan]",-0.371,0.191,-0.732,-0.011,0.002,0.002,15914.0,6425.0,1.0
"beta_cos[Engel, Adam]",-0.48,0.11,-0.692,-0.279,0.001,0.001,15561.0,6194.0,1.0
"beta_cos[Akiyama, Shogo]",-0.296,0.179,-0.623,0.043,0.001,0.003,15379.0,5381.0,1.0
"beta_cos[Edman, Tommy]",-0.301,0.191,-0.676,0.041,0.001,0.002,16654.0,6075.0,1.0
"beta_cos[Duggar, Steven]",-0.496,0.149,-0.769,-0.211,0.001,0.002,15239.0,6005.0,1.0
"beta_cos[White, Eli]",-0.332,0.193,-0.701,0.023,0.001,0.003,17230.0,5265.0,1.0
"beta_cos[Riddle, JT]",-0.232,0.173,-0.541,0.112,0.001,0.002,15858.0,5868.0,1.0
"beta_cos[Solak, Nick]",-0.346,0.174,-0.667,-0.011,0.001,0.002,14952.0,5952.0,1.0
"beta_cos[Hays, Austin]",-0.397,0.155,-0.694,-0.109,0.001,0.002,17206.0,5348.0,1.0
"beta_cos[Chavis, Michael]",-0.124,0.197,-0.491,0.25,0.002,0.002,16063.0,5614.0,1.0
"beta_cos[Marmolejos, José]",-0.257,0.19,-0.616,0.087,0.001,0.003,16224.0,5183.0,1.0
"beta_cos[Fraley, Jake]",-0.159,0.189,-0.522,0.185,0.002,0.003,15062.0,5339.0,1.0
"beta_cos[Ruf, Darin]",-0.274,0.196,-0.633,0.101,0.002,0.003,16407.0,5279.0,1.0
"beta_cos[Moniak, Mickey]",-0.274,0.204,-0.649,0.118,0.001,0.003,19248.0,5339.0,1.0
"beta_cos[Heath, Nick]",-0.322,0.205,-0.7,0.064,0.002,0.003,17773.0,6120.0,1.0
"beta_cos[Olivares, Edward]",-0.372,0.185,-0.718,-0.031,0.001,0.002,17463.0,5866.0,1.0
"beta_cos[Lin, Tzu-Wei]",-0.246,0.196,-0.611,0.12,0.002,0.003,16792.0,5651.0,1.0
"beta_cos[Smith, Pavin]",-0.317,0.204,-0.693,0.063,0.002,0.003,17266.0,5570.0,1.0
"beta_cos[Mountcastle, Ryan]",-0.295,0.195,-0.651,0.071,0.002,0.003,15961.0,5658.0,1.0
"beta_cos[Oliva, Jared]",-0.281,0.202,-0.658,0.094,0.002,0.003,15625.0,5446.0,1.0
"beta_cos[Taylor, Michael A.]",-0.38,0.114,-0.6,-0.175,0.001,0.001,14593.0,5966.0,1.0
"beta_cos[Fuentes, Joshua]",-0.282,0.2,-0.658,0.098,0.002,0.003,13803.0,5692.0,1.0
"beta_cos[Tsutsugo, Yoshi]",-0.29,0.197,-0.659,0.075,0.001,0.003,17469.0,6089.0,1.0
"beta_cos[Demeritte, Travis]",-0.235,0.168,-0.54,0.083,0.001,0.002,17583.0,5971.0,1.0
"beta_cos[Ravelo, Rangel]",-0.217,0.2,-0.591,0.166,0.002,0.003,17034.0,5500.0,1.0
"beta_cos[Taylor, Tyrone]",-0.332,0.201,-0.723,0.03,0.001,0.003,19336.0,5902.0,1.0
"beta_cos[Andujar, Miguel]",-0.288,0.206,-0.681,0.095,0.001,0.003,20000.0,5828.0,1.0
"beta_cos[Basabe, Luis Alexander]",-0.25,0.2,-0.634,0.116,0.002,0.003,16143.0,6068.0,1.0
"beta_cos[Thaiss, Matt]",-0.283,0.203,-0.65,0.119,0.002,0.003,16641.0,5410.0,1.0
"beta_cos[Varsho, Daulton]",-0.291,0.189,-0.63,0.076,0.001,0.002,15935.0,5867.0,1.0
"beta_cos[Souza Jr., Steven]",-0.257,0.134,-0.505,-0.003,0.001,0.002,14758.0,5641.0,1.0
"beta_cos[Walker, Neil]",-0.275,0.19,-0.647,0.073,0.001,0.003,17712.0,4970.0,1.0
"beta_cos[Strange-Gordon, Dee]",-0.256,0.169,-0.571,0.065,0.001,0.002,15129.0,5518.0,1.0
"beta_cos[Barreto, Franklin]",-0.269,0.199,-0.65,0.106,0.002,0.003,14387.0,5597.0,1.0
"beta_cos[Rooker, Brent]",-0.319,0.198,-0.695,0.045,0.002,0.003,16681.0,5741.0,1.0
"beta_cos[Haggerty, Sam]",-0.265,0.195,-0.641,0.089,0.001,0.003,19028.0,4926.0,1.0
"beta_cos[Dozier, Hunter]",-0.28,0.171,-0.605,0.037,0.001,0.002,15285.0,5596.0,1.0
"beta_cos[Payton, Mark]",-0.274,0.207,-0.667,0.122,0.002,0.003,13825.0,5365.0,1.0
"beta_cos[Mathias, Mark]",-0.3,0.202,-0.66,0.086,0.002,0.003,16687.0,5578.0,1.0
"beta_cos[Pillar, Kevin]",-0.399,0.09,-0.57,-0.236,0.001,0.001,14958.0,6057.0,1.0
"beta_cos[Pache, Cristian]",-0.236,0.201,-0.591,0.156,0.002,0.003,15302.0,5590.0,1.0
"beta_cos[González, Luis]",-0.304,0.198,-0.67,0.076,0.002,0.003,14413.0,5829.0,1.0
"beta_cos[Zimmer, Bradley]",-0.628,0.151,-0.923,-0.359,0.001,0.002,13664.0,6056.0,1.0
"beta_cos[Mateo, Jorge]",-0.27,0.2,-0.65,0.102,0.002,0.003,17179.0,5412.0,1.0
"beta_cos[Velazquez, Andrew]",-0.244,0.2,-0.645,0.116,0.002,0.003,15557.0,5250.0,1.0
"beta_cos[Mullins, Cedric]",-0.456,0.162,-0.764,-0.161,0.001,0.002,14829.0,5811.0,1.0
"beta_cos[Mejia, Erick]",-0.253,0.194,-0.609,0.123,0.001,0.003,16996.0,5644.0,1.0
"beta_cos[Johnson, Daniel]",-0.294,0.204,-0.671,0.097,0.002,0.003,15955.0,5597.0,1.0
"beta_cos[Reyes, Franmil]",-0.198,0.144,-0.467,0.075,0.001,0.002,16507.0,5451.0,1.0
"beta_cos[McCarthy, Joe]",-0.316,0.199,-0.696,0.047,0.002,0.003,15161.0,5633.0,1.0
"beta_cos[Hoerner, Nico]",-0.281,0.204,-0.69,0.093,0.002,0.003,14401.0,5273.0,1.0
"beta_cos[Bradley Jr., Jackie]",-0.201,0.098,-0.384,-0.015,0.001,0.001,16772.0,5453.0,1.0
"beta_cos[Kipnis, Jason]",-0.192,0.186,-0.53,0.163,0.002,0.002,15248.0,5450.0,1.0
"beta_cos[Heyward, Jason]",-0.194,0.099,-0.385,-0.015,0.001,0.001,15800.0,5920.0,1.0
"beta_cos[Springer, George]",-0.389,0.109,-0.603,-0.193,0.001,0.001,16128.0,6239.0,1.0
"beta_cos[Buxton, Byron]",-0.545,0.115,-0.762,-0.329,0.001,0.001,14593.0,5957.0,1.0
"beta_cos[Blackmon, Charlie]",-0.439,0.089,-0.598,-0.265,0.001,0.001,16637.0,6030.0,1.0
"beta_cos[Hamilton, Billy]",-0.311,0.108,-0.508,-0.104,0.001,0.001,15450.0,5911.0,1.0
"beta_cos[Kiermaier, Kevin]",-0.641,0.115,-0.85,-0.416,0.001,0.001,15560.0,5980.0,1.0
"beta_cos[Cain, Lorenzo]",-0.496,0.108,-0.693,-0.293,0.001,0.001,15589.0,5906.0,1.0
"beta_cos[Ellsbury, Jacoby]",-0.509,0.168,-0.82,-0.195,0.001,0.002,13986.0,6067.0,1.0
"beta_cos[Trout, Mike]",-0.536,0.104,-0.723,-0.334,0.001,0.001,16495.0,6080.0,1.0
"beta_cos[Hannemann, Jacob]",-0.331,0.201,-0.695,0.06,0.002,0.003,16634.0,5541.0,1.0
"beta_cos[Lagares, Juan]",-0.099,0.138,-0.352,0.165,0.001,0.002,15219.0,5942.0,1.0
"beta_cos[Inciarte, Ender]",-0.257,0.095,-0.436,-0.082,0.001,0.001,16658.0,5913.0,1.0
"beta_cos[Fowler, Dexter]",-0.433,0.108,-0.638,-0.231,0.001,0.001,15764.0,5957.0,1.0
"beta_cos[Villar, Jonathan]",-0.312,0.196,-0.657,0.082,0.001,0.003,17603.0,5699.0,1.0
"beta_cos[Galvis, Freddy]",-0.297,0.203,-0.687,0.081,0.002,0.003,16212.0,5746.0,1.0
"beta_cos[Burns, Billy]",-0.276,0.208,-0.658,0.12,0.002,0.003,17858.0,5618.0,1.0
"beta_cos[Kepler, Max]",-0.028,0.1,-0.225,0.15,0.001,0.001,16042.0,5793.0,1.0
"beta_cos[Hoying, Jared]",-0.302,0.182,-0.642,0.042,0.001,0.002,15158.0,6345.0,1.0
"beta_cos[Stubbs, Drew]",-0.363,0.197,-0.737,-0.002,0.002,0.003,16050.0,5665.0,1.0
"beta_cos[Selsky, Steve]",-0.297,0.204,-0.662,0.114,0.001,0.003,18524.0,5434.0,1.0
"beta_cos[Betts, Mookie]",-0.323,0.096,-0.502,-0.141,0.001,0.001,15388.0,6140.0,1.0
"beta_cos[Laureano, Ramón]",-0.399,0.118,-0.623,-0.176,0.001,0.002,17092.0,5640.0,1.0
"beta_cos[Guerrero, Gabriel]",-0.252,0.203,-0.649,0.113,0.002,0.003,14823.0,5109.0,1.0
"beta_cos[Harper, Bryce]",-0.105,0.098,-0.286,0.084,0.001,0.001,13583.0,5634.0,1.0
"beta_cos[Barnes, Brandon]",-0.337,0.198,-0.706,0.033,0.002,0.003,15104.0,5498.0,1.0
"beta_cos[Calhoun, Kole]",-0.277,0.096,-0.463,-0.103,0.001,0.001,15241.0,5481.0,1.0
"beta_cos[Escobar, Alcides]",-0.296,0.196,-0.67,0.065,0.001,0.003,17613.0,6090.0,1.0
"beta_cos[Judge, Aaron]",-0.603,0.084,-0.76,-0.441,0.001,0.001,15864.0,5709.0,1.0
"beta_cos[Bolt, Skye]",-0.289,0.204,-0.699,0.072,0.002,0.003,13629.0,5267.0,1.0
"beta_cos[Lewis, Kyle]",-0.256,0.161,-0.558,0.04,0.001,0.002,14867.0,6031.0,1.0
"beta_cos[García, Avisaíl]",-0.367,0.113,-0.577,-0.155,0.001,0.001,16025.0,5884.0,1.0
"beta_cos[Marte, Ketel]",-0.364,0.16,-0.671,-0.065,0.001,0.002,13418.0,6084.0,1.0
"beta_cos[Senzel, Nick]",-0.373,0.155,-0.667,-0.093,0.001,0.002,14530.0,5883.0,1.0
"beta_cos[Thomas, Lane]",-0.373,0.187,-0.731,-0.021,0.001,0.003,16290.0,5671.0,1.0
"beta_cos[Harrison, Monte]",-0.326,0.193,-0.674,0.045,0.002,0.003,16269.0,4851.0,1.0
"beta_cos[Robert Jr., Luis]",-0.312,0.182,-0.655,0.028,0.001,0.002,16055.0,5605.0,1.0
"beta_cos[Dubón, Mauricio]",-0.296,0.177,-0.622,0.044,0.001,0.002,15780.0,5483.0,1.0
"beta_cos[Taveras, Leody]",-0.404,0.182,-0.745,-0.065,0.001,0.002,18567.0,6202.0,1.0
"beta_cos[Adell, Jo]",-0.285,0.179,-0.623,0.052,0.001,0.002,15479.0,6060.0,1.0
"beta_cos[Hill, Derek]",-0.315,0.202,-0.705,0.062,0.001,0.003,19226.0,5335.0,1.0
"beta_cos[Tucker, Cole]",-0.201,0.184,-0.543,0.149,0.001,0.003,16426.0,5250.0,1.0
"beta_cos[Torreyes, Ronald]",-0.285,0.202,-0.662,0.104,0.001,0.003,18948.0,5575.0,1.0
"beta_cos[Florial, Estevan]",-0.278,0.203,-0.647,0.11,0.001,0.003,19156.0,6185.0,1.0
"beta_cos[Whitefield, Aaron]",-0.286,0.205,-0.673,0.092,0.001,0.003,19180.0,4849.0,1.0
"beta_cos[Puig, Yasiel]",-0.385,0.1,-0.568,-0.196,0.001,0.001,16166.0,6308.0,1.0
"beta_cos[Taijeron, Travis]",-0.183,0.201,-0.556,0.192,0.002,0.003,14705.0,5387.0,1.0
"beta_cos[Piscotty, Stephen]",-0.211,0.108,-0.411,-0.006,0.001,0.001,15207.0,5793.0,1.0
"beta_cos[Valencia, Danny]",-0.149,0.186,-0.496,0.189,0.002,0.002,15428.0,5992.0,1.0
"beta_cos[Trumbo, Mark]",-0.108,0.175,-0.439,0.222,0.001,0.002,14455.0,5795.0,1.0
"beta_cos[Moncrief, Carlos]",-0.252,0.197,-0.622,0.11,0.002,0.003,14897.0,5544.0,1.0
"beta_cos[Santana, Carlos]",-0.29,0.196,-0.638,0.1,0.002,0.003,16176.0,5624.0,1.0
"beta_cos[Cruz, Nelson]",-0.24,0.206,-0.62,0.146,0.002,0.003,15027.0,5247.0,1.0
"beta_cos[Olson, Matt]",-0.328,0.192,-0.694,0.032,0.002,0.003,13247.0,5074.0,1.0
"beta_cos[Adduci, James]",-0.142,0.176,-0.463,0.184,0.001,0.002,16034.0,5208.0,1.0
"beta_cos[Flores, Ramón]",-0.292,0.197,-0.653,0.086,0.001,0.003,17555.0,4983.0,1.0
"beta_cos[Parmley, Ian]",-0.294,0.203,-0.686,0.072,0.002,0.003,15024.0,5588.0,1.0
"beta_cos[Huffman, Chad]",-0.279,0.209,-0.646,0.143,0.002,0.003,16287.0,5503.0,1.0
"beta_cos[Sánchez, Yolmer]",-0.281,0.203,-0.669,0.1,0.001,0.003,18338.0,6010.0,1.0
"beta_cos[Báez, Javier]",-0.274,0.206,-0.653,0.125,0.002,0.003,17489.0,5272.0,1.0
"beta_cos[Anderson, Brian]",-0.283,0.14,-0.559,-0.034,0.001,0.002,18571.0,5436.0,1.0
"beta_cos[Williams, Justin]",-0.282,0.208,-0.671,0.109,0.002,0.003,18528.0,5047.0,1.0
"beta_cos[Plouffe, Trevor]",-0.279,0.205,-0.658,0.104,0.001,0.003,19047.0,5926.0,1.0
"beta_cos[Kaczmarski, Kevin]",-0.279,0.204,-0.659,0.108,0.002,0.003,15517.0,5658.0,1.0
"beta_cos[Valera, Breyvic]",-0.279,0.21,-0.655,0.132,0.002,0.003,15120.0,4931.0,1.0
"beta_cos[Davis, Jaylin]",-0.288,0.187,-0.641,0.064,0.001,0.002,16133.0,5921.0,1.0
"beta_cos[Joseph, Corban]",-0.279,0.211,-0.662,0.132,0.002,0.003,15022.0,5758.0,1.0
"beta_cos[Goins, Ryan]",-0.147,0.2,-0.509,0.245,0.002,0.003,15636.0,5477.0,1.0
"beta_cos[Wong, Kean]",-0.261,0.2,-0.643,0.095,0.002,0.003,15392.0,5280.0,1.0
"beta_cos[Nola, Austin]",-0.26,0.204,-0.639,0.14,0.002,0.003,17865.0,5205.0,1.0
"beta_cos[Davis, Chris]",-0.288,0.205,-0.683,0.093,0.001,0.003,19989.0,5413.0,1.0
"beta_cos[Reed, Michael]",-0.243,0.203,-0.621,0.141,0.001,0.003,20277.0,5306.0,1.0
"beta_cos[Cameron, Daz]",-0.261,0.183,-0.617,0.073,0.001,0.002,16800.0,5776.0,1.0
"beta_cos[Walsh, Jared]",-0.277,0.204,-0.668,0.108,0.002,0.003,15636.0,5345.0,1.0
"beta_cos[McKinstry, Zach]",-0.294,0.205,-0.682,0.094,0.002,0.003,16535.0,4904.0,1.0
"beta_cos[Hernandez, Yadiel]",-0.244,0.201,-0.625,0.131,0.002,0.003,14844.0,4945.0,1.0
"beta_cos[Alfaro, Jorge]",-0.219,0.201,-0.604,0.153,0.001,0.003,19298.0,6063.0,1.0
"beta_cos[Sánchez, Jesús]",-0.283,0.194,-0.64,0.084,0.002,0.002,16392.0,5860.0,1.0
"beta_sin[Gonzalez, Marwin]",-0.243,0.108,-0.45,-0.045,0.001,0.001,15422.0,5535.0,1.0
"beta_sin[Gardner, Brett]",-0.085,0.083,-0.243,0.065,0.001,0.001,14591.0,5143.0,1.0
"beta_sin[Hernández, Enrique]",-0.121,0.122,-0.343,0.113,0.001,0.002,17439.0,5520.0,1.0
"beta_sin[Schwarber, Kyle]",0.012,0.087,-0.151,0.178,0.001,0.001,15079.0,5570.0,1.0
"beta_sin[Jay, Jon]",-0.066,0.101,-0.259,0.128,0.001,0.001,17413.0,5159.0,1.0
"beta_sin[Ethier, Andre]",-0.163,0.15,-0.448,0.13,0.001,0.002,16267.0,5772.0,1.0
"beta_sin[Maybin, Cameron]",-0.288,0.089,-0.455,-0.122,0.001,0.001,16545.0,6048.0,1.0
"beta_sin[Werth, Jayson]",0.049,0.131,-0.19,0.293,0.001,0.002,16788.0,5324.0,1.0
"beta_sin[Zobrist, Ben]",-0.052,0.118,-0.276,0.173,0.001,0.002,17749.0,5425.0,1.0
"beta_sin[Kendrick, Howie]",-0.023,0.137,-0.283,0.236,0.001,0.002,14685.0,5564.0,1.0
"beta_sin[Jackson, Austin]",0.113,0.108,-0.087,0.317,0.001,0.001,12864.0,5719.0,1.0
"beta_sin[Peralta, David]",-0.142,0.091,-0.307,0.027,0.001,0.001,17444.0,6084.0,1.0
"beta_sin[Benintendi, Andrew]",-0.127,0.083,-0.289,0.019,0.001,0.001,16327.0,5535.0,1.0
"beta_sin[Chisenhall, Lonnie]",-0.194,0.132,-0.448,0.046,0.001,0.002,14448.0,5650.0,1.0
"beta_sin[Duvall, Adam]",0.058,0.096,-0.12,0.238,0.001,0.001,14702.0,6143.0,1.0
"beta_sin[Liriano, Rymer]",-0.097,0.153,-0.385,0.191,0.001,0.002,17811.0,5715.0,1.0
"beta_sin[Dickerson, Corey]",-0.099,0.092,-0.276,0.071,0.001,0.001,12483.0,5929.0,1.0
"beta_sin[Mancini, Trey]",-0.069,0.095,-0.243,0.108,0.001,0.001,17747.0,5713.0,1.0
"beta_sin[Peterson, Jace]",0.078,0.13,-0.168,0.324,0.001,0.002,15138.0,6242.0,1.0
"beta_sin[Suzuki, Ichiro]",-0.071,0.136,-0.325,0.177,0.001,0.002,16339.0,5715.0,1.0
"beta_sin[Dietrich, Derek]",-0.033,0.129,-0.28,0.204,0.001,0.002,15867.0,5674.0,1.0
"beta_sin[Gordon, Alex]",-0.1,0.081,-0.25,0.058,0.001,0.001,17497.0,5085.0,1.0
"beta_sin[Happ, Ian]",-0.105,0.106,-0.306,0.09,0.001,0.002,17479.0,5860.0,1.0
"beta_sin[Granderson, Curtis]",-0.033,0.095,-0.214,0.14,0.001,0.001,16792.0,5481.0,1.0
"beta_sin[Parra, Gerardo]",0.076,0.096,-0.111,0.249,0.001,0.001,14443.0,5828.0,1.0
"beta_sin[Rosario, Eddie]",-0.037,0.084,-0.196,0.122,0.001,0.001,15661.0,5596.0,1.0
"beta_sin[Frazier, Clint]",-0.108,0.113,-0.32,0.102,0.001,0.001,15462.0,6110.0,1.0
"beta_sin[Carrera, Ezequiel]",-0.286,0.123,-0.509,-0.052,0.001,0.002,14857.0,5750.0,1.0
"beta_sin[Gamel, Ben]",-0.046,0.089,-0.214,0.121,0.001,0.001,16615.0,5825.0,1.0
"beta_sin[Upton, Justin]",-0.013,0.087,-0.18,0.147,0.001,0.001,15399.0,5808.0,1.0
"beta_sin[Blash, Jabari]",-0.03,0.132,-0.272,0.217,0.001,0.002,14579.0,5701.0,1.0
"beta_sin[Parker, Jarrett]",-0.005,0.135,-0.259,0.249,0.001,0.002,15803.0,5666.0,1.0
"beta_sin[Marte, Starling]",0.044,0.08,-0.113,0.192,0.001,0.001,14399.0,5956.0,1.0
"beta_sin[Davis, Khris]",0.118,0.128,-0.121,0.353,0.001,0.002,13957.0,5759.0,1.0
"beta_sin[Calhoun, Willie]",-0.141,0.12,-0.359,0.095,0.001,0.002,12672.0,5441.0,1.0
"beta_sin[Hicks, Aaron]",-0.245,0.086,-0.412,-0.088,0.001,0.001,14741.0,5532.0,1.0
"beta_sin[Pederson, Joc]",-0.032,0.098,-0.225,0.142,0.001,0.001,12788.0,4515.0,1.0
"beta_sin[Reddick, Josh]",-0.208,0.089,-0.375,-0.037,0.001,0.001,19626.0,5429.0,1.0
"beta_sin[Locastro, Tim]",0.012,0.125,-0.21,0.256,0.001,0.002,16979.0,5704.0,1.0
"beta_sin[Verdugo, Alex]",-0.213,0.109,-0.42,-0.009,0.001,0.001,14592.0,5154.0,1.0
"beta_sin[Davis, Rajai]",-0.077,0.116,-0.294,0.143,0.001,0.002,18181.0,5315.0,1.0
"beta_sin[White, Tyler]",-0.119,0.153,-0.419,0.16,0.001,0.002,20190.0,5736.0,1.0
"beta_sin[Adrianza, Ehire]",-0.076,0.148,-0.339,0.212,0.001,0.002,17404.0,5222.0,1.0
"beta_sin[Presley, Alex]",-0.303,0.138,-0.561,-0.048,0.001,0.002,15744.0,4982.0,1.0
"beta_sin[Luplow, Jordan]",-0.073,0.119,-0.293,0.152,0.001,0.002,16492.0,5259.0,1.0
"beta_sin[Herrmann, Chris]",-0.064,0.146,-0.326,0.224,0.001,0.002,16089.0,5397.0,1.0
"beta_sin[Spangenberg, Cory]",-0.091,0.143,-0.368,0.167,0.001,0.002,15137.0,5890.0,1.0
"beta_sin[Jankowski, Travis]",-0.069,0.127,-0.292,0.187,0.001,0.002,16266.0,5439.0,1.0
"beta_sin[Rua, Ryan]",-0.146,0.128,-0.377,0.11,0.001,0.002,14488.0,5957.0,1.0
"beta_sin[Nimmo, Brandon]",-0.033,0.097,-0.214,0.145,0.001,0.001,17808.0,5872.0,1.0
"beta_sin[Altherr, Aaron]",-0.063,0.109,-0.256,0.146,0.001,0.001,16609.0,5454.0,1.0
"beta_sin[Braun, Ryan]",-0.029,0.1,-0.223,0.151,0.001,0.001,16223.0,5754.0,1.0
"beta_sin[Grichuk, Randal]",-0.24,0.085,-0.391,-0.075,0.001,0.001,17467.0,5756.0,1.0
"beta_sin[Romine, Andrew]",-0.157,0.127,-0.391,0.086,0.001,0.002,16507.0,5411.0,1.0
"beta_sin[Delmonico, Nicky]",0.006,0.121,-0.211,0.238,0.001,0.002,16710.0,5422.0,1.0
"beta_sin[Puello, César]",-0.199,0.134,-0.455,0.05,0.001,0.002,16369.0,5502.0,1.0
"beta_sin[Moore, Tyler]",-0.118,0.151,-0.417,0.157,0.001,0.002,14737.0,5822.0,1.0
"beta_sin[Johnson, Micah]",-0.117,0.148,-0.389,0.177,0.001,0.002,16940.0,5465.0,1.0
"beta_sin[Canha, Mark]",-0.053,0.093,-0.219,0.127,0.001,0.001,15412.0,5181.0,1.0
"beta_sin[Pham, Tommy]",-0.22,0.089,-0.383,-0.047,0.001,0.001,14325.0,5770.0,1.0
"beta_sin[Tauchman, Mike]",-0.162,0.126,-0.395,0.077,0.001,0.002,18335.0,5933.0,1.0
"beta_sin[Fisher, Derek]",-0.193,0.125,-0.42,0.054,0.001,0.002,15486.0,5996.0,1.0
"beta_sin[Desmond, Ian]",0.04,0.109,-0.163,0.241,0.001,0.002,17521.0,5672.0,1.0
"beta_sin[Aoki, Norichika]",-0.175,0.126,-0.412,0.06,0.001,0.002,15869.0,5567.0,1.0
"beta_sin[Sierra, Magneuris]",-0.164,0.124,-0.389,0.074,0.001,0.002,16720.0,5785.0,1.0
"beta_sin[Thames, Eric]",-0.18,0.137,-0.439,0.08,0.001,0.002,14872.0,5822.0,1.0
"beta_sin[De Aza, Alejandro]",-0.08,0.148,-0.354,0.2,0.001,0.002,17835.0,5590.0,1.0
"beta_sin[Almonte, Abraham]",-0.037,0.125,-0.265,0.201,0.001,0.002,18183.0,5254.0,1.0
"beta_sin[Gimenez, Chris]",-0.087,0.149,-0.375,0.185,0.001,0.002,15490.0,5396.0,1.0
"beta_sin[Garver, Mitch]",-0.105,0.148,-0.386,0.168,0.001,0.002,16942.0,5781.0,1.0
"beta_sin[Revere, Ben]",-0.059,0.13,-0.301,0.179,0.001,0.002,15044.0,5552.0,1.0
"beta_sin[Adams, Lane]",-0.12,0.141,-0.396,0.127,0.001,0.002,19576.0,5908.0,1.0
"beta_sin[Ozuna, Marcell]",-0.116,0.085,-0.277,0.037,0.001,0.001,16125.0,5565.0,1.0
"beta_sin[Hernández, Teoscar]",-0.108,0.09,-0.279,0.056,0.001,0.001,17830.0,5516.0,1.0
"beta_sin[Rickard, Joey]",-0.059,0.113,-0.258,0.173,0.001,0.002,14853.0,4743.0,1.0
"beta_sin[Lind, Adam]",-0.123,0.144,-0.381,0.155,0.001,0.002,15435.0,6047.0,1.0
"beta_sin[Young, Chris]",-0.229,0.131,-0.473,0.019,0.001,0.002,15807.0,5858.0,1.0
"beta_sin[Bellinger, Cody]",-0.157,0.092,-0.33,0.016,0.001,0.001,15315.0,5573.0,1.0
"beta_sin[Mazara, Nomar]",-0.252,0.092,-0.421,-0.08,0.001,0.001,14033.0,5524.0,1.0
"beta_sin[Hoskins, Rhys]",0.026,0.115,-0.198,0.233,0.001,0.001,14985.0,5861.0,1.0
"beta_sin[Bourjos, Peter]",-0.096,0.132,-0.343,0.147,0.001,0.002,17380.0,5109.0,1.0
"beta_sin[Negrón, Kristopher]",-0.098,0.15,-0.378,0.201,0.001,0.002,15188.0,4873.0,1.0
"beta_sin[Williamson, Mac]",-0.051,0.128,-0.29,0.187,0.001,0.002,16946.0,5766.0,1.0
"beta_sin[DeShields, Delino]",-0.087,0.082,-0.239,0.068,0.001,0.001,17820.0,5514.0,1.0
"beta_sin[Granite, Zack]",-0.029,0.14,-0.279,0.245,0.001,0.002,14641.0,5905.0,1.0
"beta_sin[Kemp, Tony]",-0.319,0.123,-0.547,-0.085,0.001,0.002,14354.0,5694.0,1.0
"beta_sin[Ervin, Phillip]",-0.146,0.109,-0.363,0.047,0.001,0.001,19269.0,5267.0,1.0
"beta_sin[Cabrera, Melky]",-0.186,0.099,-0.364,0.006,0.001,0.001,17144.0,5421.0,1.0
"beta_sin[Smolinski, Jake]",-0.161,0.141,-0.425,0.097,0.001,0.002,13826.0,5456.0,1.0
"beta_sin[García, Willy]",-0.224,0.14,-0.489,0.035,0.001,0.002,17187.0,5385.0,1.0
"beta_sin[Haniger, Mitch]",-0.138,0.092,-0.308,0.034,0.001,0.001,15566.0,6496.0,1.0
"beta_sin[Joyce, Matt]",-0.207,0.095,-0.381,-0.027,0.001,0.001,17512.0,6276.0,1.0
"beta_sin[Collins, Tyler]",-0.142,0.138,-0.4,0.121,0.001,0.002,18745.0,5513.0,1.0
"beta_sin[Mahtook, Mikie]",-0.231,0.106,-0.433,-0.04,0.001,0.001,15195.0,5716.0,1.0
"beta_sin[Gore, Terrance]",-0.109,0.143,-0.377,0.162,0.001,0.002,15200.0,5382.0,1.0
"beta_sin[Bader, Harrison]",-0.053,0.089,-0.223,0.109,0.001,0.001,17953.0,6092.0,1.0
"beta_sin[Hernández, Gorkys]",-0.1,0.102,-0.295,0.089,0.001,0.001,15544.0,5812.0,1.0
"beta_sin[Winker, Jesse]",-0.187,0.103,-0.379,0.009,0.001,0.001,14209.0,5850.0,1.0
"beta_sin[Smith, Mallex]",-0.096,0.083,-0.251,0.063,0.001,0.001,18075.0,5322.0,1.0
"beta_sin[Szczur, Matt]",-0.106,0.132,-0.352,0.143,0.001,0.002,16063.0,5357.0,1.0
"beta_sin[Allen, Greg]",-0.019,0.103,-0.212,0.173,0.001,0.001,16457.0,5369.0,1.0
"beta_sin[Robinson, Drew]",-0.222,0.133,-0.488,0.015,0.001,0.002,16670.0,5967.0,1.0
"beta_sin[Kivlehan, Patrick]",-0.165,0.143,-0.433,0.097,0.001,0.002,18336.0,4890.0,1.0
"beta_sin[Kemp, Matt]",-0.124,0.108,-0.33,0.072,0.001,0.001,17966.0,5522.0,1.0
"beta_sin[Slater, Austin]",-0.12,0.118,-0.329,0.108,0.001,0.002,16120.0,5089.0,1.0
"beta_sin[Motter, Taylor]",-0.103,0.147,-0.373,0.179,0.001,0.002,18287.0,5639.0,1.0
"beta_sin[Martin, Leonys]",-0.012,0.105,-0.215,0.179,0.001,0.001,14210.0,5208.0,1.0
"beta_sin[Saunders, Michael]",-0.15,0.137,-0.408,0.101,0.001,0.002,14863.0,5143.0,1.0
"beta_sin[Blanco, Grégor]",-0.041,0.12,-0.257,0.188,0.001,0.002,15576.0,5373.0,1.0
"beta_sin[Núñez, Renato]",-0.092,0.15,-0.392,0.175,0.001,0.002,16029.0,6163.0,1.0
"beta_sin[Guyer, Brandon]",-0.097,0.124,-0.34,0.126,0.001,0.002,15812.0,5698.0,1.0
"beta_sin[Pirela, José]",-0.082,0.122,-0.305,0.151,0.001,0.002,16327.0,5842.0,1.0
"beta_sin[Kim, Hyun Soo]",-0.144,0.132,-0.386,0.117,0.001,0.002,16738.0,5477.0,1.0
"beta_sin[Berry, Quintin]",-0.093,0.153,-0.38,0.196,0.001,0.002,18254.0,5341.0,1.0
"beta_sin[Phillips, Brett]",-0.043,0.117,-0.27,0.169,0.001,0.002,13904.0,4900.0,1.0
"beta_sin[Hanson, Alen]",-0.204,0.136,-0.464,0.049,0.001,0.002,15282.0,5408.0,1.0
"beta_sin[Bryant, Kris]",-0.009,0.132,-0.271,0.228,0.001,0.002,15676.0,5519.0,1.0
"beta_sin[Adams, Matt]",-0.142,0.145,-0.414,0.126,0.001,0.002,15012.0,5314.0,1.0
"beta_sin[Tapia, Raimel]",-0.049,0.112,-0.264,0.161,0.001,0.002,19124.0,5374.0,1.0
"beta_sin[Bostick, Christopher]",-0.107,0.153,-0.385,0.188,0.001,0.002,17540.0,5475.0,1.0
"beta_sin[Wade, Tyler]",-0.122,0.15,-0.406,0.16,0.001,0.002,19091.0,6000.0,1.0
"beta_sin[Fuentes, Rey]",-0.025,0.143,-0.299,0.234,0.001,0.002,12987.0,5601.0,1.0
"beta_sin[Pearce, Steve]",-0.342,0.13,-0.592,-0.102,0.001,0.002,15018.0,6050.0,1.0
"beta_sin[Dickson, O'Koyea]",-0.11,0.153,-0.397,0.183,0.001,0.002,13741.0,5163.0,1.0
"beta_sin[Pérez, Hernán]",-0.164,0.123,-0.399,0.062,0.001,0.002,16818.0,5775.0,1.0
"beta_sin[Reynolds, Matt]",-0.13,0.15,-0.404,0.154,0.001,0.002,17706.0,5432.0,1.0
"beta_sin[Forsythe, Logan]",-0.103,0.152,-0.384,0.182,0.001,0.002,16038.0,5639.0,1.0
"beta_sin[Heredia, Guillermo]",-0.198,0.09,-0.367,-0.03,0.001,0.001,14593.0,5470.0,1.0
"beta_sin[Holt, Brock]",-0.133,0.142,-0.4,0.133,0.001,0.002,17699.0,5296.0,1.0
"beta_sin[Reyes, José]",-0.116,0.153,-0.4,0.175,0.001,0.002,14957.0,5343.0,1.0
"beta_sin[Nava, Daniel]",-0.19,0.137,-0.446,0.064,0.001,0.002,14860.0,5585.0,1.0
"beta_sin[García, Leury]",-0.036,0.105,-0.231,0.164,0.001,0.001,16896.0,5578.0,1.0
"beta_sin[Gallo, Joey]",-0.129,0.1,-0.312,0.057,0.001,0.001,14098.0,5522.0,1.0
"beta_sin[Moss, Brandon]",-0.103,0.152,-0.392,0.181,0.001,0.002,15273.0,5346.0,1.0
"beta_sin[Martínez, José A.]",-0.317,0.114,-0.531,-0.103,0.001,0.002,15685.0,5853.0,1.0
"beta_sin[Valaika, Pat]",-0.117,0.153,-0.396,0.177,0.001,0.002,20855.0,5472.0,1.0
"beta_sin[Frazier, Adam]",-0.088,0.122,-0.316,0.14,0.001,0.002,16929.0,5183.0,1.0
"beta_sin[Cespedes, Yoenis]",-0.083,0.119,-0.305,0.141,0.001,0.002,16445.0,5646.0,1.0
"beta_sin[Rodríguez, Sean]",-0.048,0.142,-0.306,0.221,0.001,0.002,16674.0,5748.0,1.0
"beta_sin[Florimón, Pedro]",-0.09,0.152,-0.38,0.197,0.001,0.002,16920.0,5175.0,1.0
"beta_sin[Gentry, Craig]",-0.097,0.13,-0.351,0.143,0.001,0.002,16465.0,5467.0,1.0
"beta_sin[Smith, Seth]",-0.03,0.13,-0.268,0.224,0.001,0.002,15972.0,5586.0,1.0
"beta_sin[Santana, Danny]",-0.125,0.121,-0.357,0.099,0.001,0.002,15157.0,5400.0,1.0
"beta_sin[Conforto, Michael]",-0.005,0.078,-0.148,0.141,0.001,0.001,15219.0,5570.0,1.0
"beta_sin[Amarista, Alexi]",-0.116,0.153,-0.408,0.167,0.001,0.002,17736.0,5916.0,1.0
"beta_sin[Tomlinson, Kelby]",-0.106,0.158,-0.387,0.21,0.001,0.002,17513.0,5131.0,1.0
"beta_sin[Taylor, Chris]",-0.044,0.104,-0.241,0.144,0.001,0.001,16236.0,5050.0,1.0
"beta_sin[Descalso, Daniel]",-0.112,0.149,-0.387,0.167,0.001,0.002,17341.0,5432.0,1.0
"beta_sin[Gennett, Scooter]",-0.14,0.145,-0.419,0.131,0.001,0.002,17928.0,6050.0,1.0
"beta_sin[Stevenson, Andrew]",-0.13,0.142,-0.388,0.144,0.001,0.002,20328.0,5486.0,1.0
"beta_sin[Brantley, Michael]",0.041,0.089,-0.128,0.2,0.001,0.001,15842.0,6410.0,1.0
"beta_sin[Perkins, Cameron]",-0.191,0.145,-0.458,0.081,0.001,0.002,17761.0,5587.0,1.0
"beta_sin[Robinson, Shane]",-0.193,0.143,-0.462,0.08,0.001,0.002,17564.0,5784.0,1.0
"beta_sin[Contreras, Willson]",-0.139,0.151,-0.413,0.161,0.001,0.002,16528.0,5006.0,1.0
"beta_sin[Williams, Nick]",0.045,0.106,-0.158,0.243,0.001,0.001,17934.0,5859.0,1.0
"beta_sin[Pinder, Chad]",-0.02,0.112,-0.239,0.187,0.001,0.001,14871.0,5564.0,1.0
"beta_sin[Beltrán, Carlos]",-0.096,0.15,-0.378,0.193,0.001,0.002,17627.0,5618.0,1.0
"beta_sin[Goodwin, Brian]",0.034,0.093,-0.136,0.213,0.001,0.001,12314.0,5803.0,1.0
"beta_sin[Difo, Wilmer]",-0.141,0.154,-0.444,0.134,0.001,0.002,15768.0,5673.0,1.0
"beta_sin[Alcántara, Arismendy]",-0.066,0.149,-0.34,0.215,0.001,0.002,16500.0,5448.0,1.0
"beta_sin[Heisey, Chris]",-0.079,0.146,-0.351,0.199,0.001,0.002,15583.0,5008.0,1.0
"beta_sin[Cordero, Franchy]",-0.324,0.131,-0.573,-0.081,0.001,0.002,13063.0,5020.0,1.0
"beta_sin[Thompson, Trayce]",-0.076,0.127,-0.317,0.157,0.001,0.002,15737.0,5865.0,1.0
"beta_sin[Raburn, Ryan]",-0.054,0.147,-0.329,0.217,0.001,0.002,15885.0,6000.0,1.0
"beta_sin[Peterson, Shane]",-0.118,0.146,-0.397,0.149,0.001,0.002,16167.0,4886.0,1.0
"beta_sin[Grossman, Robbie]",0.003,0.095,-0.179,0.179,0.001,0.001,14634.0,5951.0,1.0
"beta_sin[Jaso, John]",-0.065,0.135,-0.319,0.191,0.001,0.002,15917.0,5267.0,1.0
"beta_sin[Córdoba, Allen]",-0.148,0.146,-0.426,0.123,0.001,0.002,18714.0,5419.0,1.0
"beta_sin[Merrifield, Whit]",-0.072,0.106,-0.267,0.13,0.001,0.001,19672.0,6322.0,1.0
"beta_sin[Soler, Jorge]",-0.235,0.111,-0.454,-0.03,0.001,0.001,13793.0,5329.0,1.0
"beta_sin[Harrison, Josh]",-0.088,0.144,-0.362,0.179,0.001,0.002,15775.0,5773.0,1.0
"beta_sin[Young Jr., Eric]",-0.104,0.126,-0.336,0.13,0.001,0.002,14811.0,6216.0,1.0
"beta_sin[Rivera, T.J.]",-0.116,0.151,-0.401,0.165,0.001,0.002,17634.0,5894.0,1.0
"beta_sin[Osuna, José]",-0.143,0.129,-0.389,0.097,0.001,0.002,17247.0,5599.0,1.0
"beta_sin[den Dekker, Matthew]",-0.127,0.15,-0.4,0.163,0.001,0.002,16194.0,4926.0,1.0
"beta_sin[Jones, Ryder]",-0.111,0.157,-0.392,0.2,0.001,0.002,17009.0,5954.0,1.0
"beta_sin[Refsnyder, Rob]",-0.107,0.141,-0.357,0.168,0.001,0.002,15550.0,5467.0,1.0
"beta_sin[Smith Jr., Dwight]",0.018,0.11,-0.191,0.22,0.001,0.001,18446.0,5366.0,1.0
"beta_sin[Robertson, Daniel]",-0.054,0.142,-0.318,0.213,0.001,0.002,16341.0,5486.0,1.0
"beta_sin[Franklin, Nick]",-0.145,0.148,-0.424,0.13,0.001,0.002,15721.0,4933.0,1.0
"beta_sin[Gutierrez, Franklin]",-0.078,0.154,-0.376,0.2,0.001,0.002,15196.0,5178.0,1.0
"beta_sin[Brinson, Lewis]",-0.177,0.096,-0.363,-0.0,0.001,0.001,18294.0,5510.0,1.0
"beta_sin[Vogt, Stephen]",-0.116,0.149,-0.396,0.164,0.001,0.002,17242.0,5755.0,1.0
"beta_sin[Belt, Brandon]",-0.06,0.139,-0.316,0.205,0.001,0.002,16508.0,6253.0,1.0
"beta_sin[González, Erik]",-0.064,0.149,-0.338,0.212,0.001,0.002,14465.0,5873.0,1.0
"beta_sin[Brugman, Jaycob]",-0.12,0.131,-0.371,0.12,0.001,0.002,15590.0,5510.0,1.0
"beta_sin[Kelly, Ty]",-0.11,0.147,-0.392,0.154,0.001,0.002,16468.0,5678.0,1.0
"beta_sin[Gyorko, Jedd]",-0.105,0.152,-0.39,0.185,0.001,0.002,16864.0,5627.0,1.0
"beta_sin[Hazelbaker, Jeremy]",-0.135,0.145,-0.416,0.124,0.001,0.002,17195.0,6419.0,1.0
"beta_sin[Rasmus, Colby]",-0.061,0.133,-0.309,0.187,0.001,0.002,15584.0,6216.0,1.0
"beta_sin[Camargo, Johan]",-0.102,0.147,-0.378,0.183,0.001,0.002,16742.0,5655.0,1.0
"beta_sin[Calixte, Orlando]",-0.073,0.15,-0.348,0.211,0.001,0.002,14925.0,5261.0,1.0
"beta_sin[Barney, Darwin]",-0.103,0.154,-0.394,0.184,0.001,0.002,15984.0,5470.0,1.0
"beta_sin[Coghlan, Chris]",-0.107,0.155,-0.385,0.193,0.001,0.002,15081.0,5002.0,1.0
"beta_sin[Powell, Boog]",-0.098,0.136,-0.358,0.156,0.001,0.002,18170.0,6024.0,1.0
"beta_sin[Martinez, Michael]",-0.106,0.151,-0.382,0.185,0.001,0.002,17355.0,5547.0,1.0
"beta_sin[Eibner, Brett]",-0.094,0.152,-0.387,0.189,0.001,0.002,16423.0,5333.0,1.0
"beta_sin[Tomás, Yasmany]",-0.148,0.144,-0.423,0.117,0.001,0.002,16296.0,5987.0,1.0
"beta_sin[Núñez, Eduardo]",-0.07,0.14,-0.344,0.177,0.001,0.002,14448.0,5328.0,1.0
"beta_sin[Owings, Chris]",-0.138,0.125,-0.371,0.1,0.001,0.002,18416.0,5310.0,1.0
"beta_sin[Marte, Jefry]",-0.112,0.15,-0.389,0.174,0.001,0.002,15799.0,5674.0,1.0
"beta_sin[Ortiz, Danny]",-0.115,0.153,-0.403,0.173,0.001,0.002,16027.0,5231.0,1.0
"beta_sin[Bonifacio, Jorge]",-0.187,0.105,-0.377,0.012,0.001,0.001,16052.0,5069.0,1.0
"beta_sin[Escobar, Eduardo]",-0.104,0.154,-0.382,0.193,0.001,0.002,17422.0,6357.0,1.0
"beta_sin[Ceciliani, Darrell]",-0.103,0.151,-0.38,0.189,0.001,0.002,15464.0,5706.0,1.0
"beta_sin[Morse, Michael]",-0.126,0.153,-0.411,0.156,0.001,0.002,19362.0,5120.0,1.0
"beta_sin[Ruggiano, Justin]",-0.091,0.144,-0.37,0.17,0.001,0.002,16011.0,5326.0,1.0
"beta_sin[Alford, Anthony]",-0.1,0.147,-0.38,0.172,0.001,0.002,16842.0,5670.0,1.0
"beta_sin[Sogard, Eric]",-0.117,0.152,-0.401,0.172,0.001,0.002,17075.0,5787.0,1.0
"beta_sin[Marisnick, Jake]",-0.158,0.105,-0.352,0.041,0.001,0.001,16427.0,5436.0,1.0
"beta_sin[Van Slyke, Scott]",-0.14,0.151,-0.419,0.147,0.001,0.002,18958.0,5324.0,1.0
"beta_sin[Díaz, Yandy]",-0.092,0.151,-0.375,0.193,0.001,0.002,16400.0,6076.0,1.0
"beta_sin[Toles, Andrew]",-0.183,0.144,-0.456,0.083,0.001,0.002,16364.0,5627.0,1.0
"beta_sin[Polanco, Gregory]",-0.118,0.091,-0.295,0.049,0.001,0.001,18118.0,6025.0,1.0
"beta_sin[Stassi, Brock]",-0.11,0.152,-0.401,0.162,0.001,0.002,18914.0,5299.0,1.0
"beta_sin[Díaz, Aledmys]",-0.082,0.152,-0.367,0.204,0.001,0.002,16620.0,5486.0,1.0
"beta_sin[Decker, Jaff]",-0.062,0.147,-0.344,0.208,0.001,0.002,17353.0,5707.0,1.0
"beta_sin[Flaherty, Ryan]",-0.1,0.15,-0.387,0.173,0.001,0.002,16384.0,4938.0,1.0
"beta_sin[Profar, Jurickson]",-0.064,0.137,-0.339,0.178,0.001,0.002,18004.0,6459.0,1.0
"beta_sin[Eaton, Adam]",-0.093,0.087,-0.253,0.078,0.001,0.001,15808.0,5669.0,1.0
"beta_sin[Marrero, Chris]",-0.062,0.149,-0.339,0.216,0.001,0.002,17802.0,5267.0,1.0
"beta_sin[May, Jacob]",-0.183,0.146,-0.458,0.097,0.001,0.002,15157.0,5541.0,1.0
"beta_sin[Dyson, Jarrod]",-0.084,0.095,-0.266,0.091,0.001,0.001,15307.0,5599.0,1.0
"beta_sin[Bonifácio, Emilio]",-0.104,0.152,-0.39,0.176,0.001,0.002,16592.0,6037.0,1.0
"beta_sin[Hill, Aaron]",-0.111,0.153,-0.4,0.183,0.001,0.002,15198.0,5156.0,1.0
"beta_sin[Cardullo, Stephen]",-0.109,0.151,-0.398,0.164,0.001,0.002,18006.0,4773.0,1.0
"beta_sin[d'Arnaud, Chase]",-0.105,0.154,-0.394,0.184,0.001,0.002,14430.0,4935.0,1.0
"beta_sin[Nieuwenhuis, Kirk]",-0.106,0.152,-0.387,0.186,0.001,0.002,17663.0,5110.0,1.0
"beta_sin[Rosales, Adam]",-0.114,0.151,-0.398,0.17,0.001,0.002,15167.0,5390.0,1.0
"beta_sin[Soto, Juan]",0.112,0.093,-0.062,0.285,0.001,0.001,13839.0,6358.0,1.0
"beta_sin[Dahl, David]",-0.066,0.106,-0.26,0.14,0.001,0.002,18202.0,5113.0,1.0
"beta_sin[McKinney, Billy]",-0.102,0.126,-0.341,0.131,0.001,0.002,13997.0,5041.0,1.0
"beta_sin[O'Neill, Tyler]",-0.011,0.124,-0.254,0.211,0.001,0.002,15446.0,5369.0,1.0
"beta_sin[Reyes, Pablo]",0.097,0.138,-0.156,0.364,0.001,0.002,13968.0,5539.0,1.0
"beta_sin[Schebler, Scott]",-0.119,0.102,-0.311,0.068,0.001,0.001,14086.0,5873.0,1.0
"beta_sin[Martini, Nick]",0.01,0.133,-0.246,0.255,0.001,0.002,14600.0,5592.0,1.0
"beta_sin[Galloway, Isaac]",-0.156,0.145,-0.43,0.11,0.001,0.002,17295.0,5074.0,1.0
"beta_sin[Martinez, J.D.]",-0.279,0.107,-0.489,-0.086,0.001,0.001,16138.0,5126.0,1.0
"beta_sin[Stewart, DJ]",-0.14,0.129,-0.383,0.106,0.001,0.002,16879.0,5589.0,1.0
"beta_sin[Tucker, Kyle]",-0.133,0.129,-0.373,0.11,0.001,0.002,15314.0,5417.0,1.0
"beta_sin[Cozens, Dylan]",-0.001,0.149,-0.282,0.279,0.001,0.002,14633.0,5619.0,1.0
"beta_sin[Acuña Jr., Ronald]",0.025,0.092,-0.146,0.2,0.001,0.001,14245.0,5764.0,1.0
"beta_sin[Herrera, Odúbel]",-0.012,0.09,-0.182,0.153,0.001,0.001,15697.0,5600.0,1.0
"beta_sin[Renfroe, Hunter]",-0.168,0.091,-0.337,0.004,0.001,0.001,18059.0,5270.0,1.0
"beta_sin[McCutchen, Andrew]",-0.224,0.082,-0.379,-0.073,0.001,0.001,17101.0,5999.0,1.0
"beta_sin[Yelich, Christian]",-0.095,0.078,-0.239,0.052,0.001,0.001,16538.0,5814.0,1.0
"beta_sin[Holliday, Matt]",-0.129,0.145,-0.404,0.148,0.001,0.002,18019.0,5954.0,1.0
"beta_sin[Smith, Dominic]",0.04,0.132,-0.206,0.293,0.001,0.002,14124.0,5019.0,1.0
"beta_sin[Dean, Austin]",-0.158,0.126,-0.392,0.082,0.001,0.002,16460.0,5651.0,1.0
"beta_sin[Tocci, Carlos]",-0.026,0.136,-0.283,0.222,0.001,0.002,16519.0,4890.0,1.0
"beta_sin[Fowler, Dustin]",-0.064,0.133,-0.311,0.181,0.001,0.002,16292.0,5935.0,1.0
"beta_sin[Shaw, Chris]",-0.087,0.152,-0.372,0.196,0.001,0.002,16528.0,5742.0,1.0
"beta_sin[Span, Denard]",-0.078,0.101,-0.258,0.12,0.001,0.001,16435.0,5489.0,1.0
"beta_sin[Swihart, Blake]",-0.151,0.145,-0.418,0.126,0.001,0.002,14338.0,6096.0,1.0
"beta_sin[Field, Johnny]",-0.11,0.132,-0.362,0.131,0.001,0.002,17134.0,5752.0,1.0
"beta_sin[Palka, Daniel]",-0.272,0.109,-0.482,-0.072,0.001,0.001,14886.0,5838.0,1.0
"beta_sin[Davis, Jonathan]",-0.12,0.133,-0.365,0.134,0.001,0.002,18436.0,6028.0,1.0
"beta_sin[Choo, Shin-Soo]",-0.204,0.094,-0.383,-0.033,0.001,0.001,15615.0,5664.0,1.0
"beta_sin[Herrera, Dilson]",-0.122,0.149,-0.409,0.15,0.001,0.002,15055.0,5982.0,1.0
"beta_sin[Reyes, Victor]",-0.184,0.107,-0.385,0.014,0.001,0.001,13503.0,5579.0,1.0
"beta_sin[Stanton, Giancarlo]",-0.165,0.102,-0.362,0.026,0.001,0.001,16558.0,5647.0,1.0
"beta_sin[Stewart, Christin]",0.015,0.119,-0.209,0.233,0.001,0.001,14716.0,5747.0,1.0
"beta_sin[Travis, Sam]",-0.059,0.145,-0.322,0.217,0.001,0.002,17456.0,5438.0,1.0
"beta_sin[Jones, Adam]",-0.111,0.088,-0.272,0.059,0.001,0.001,17797.0,5111.0,1.0
"beta_sin[Meadows, Austin]",0.027,0.112,-0.184,0.235,0.001,0.001,15240.0,5774.0,1.0
"beta_sin[Hermosillo, Michael]",-0.203,0.134,-0.451,0.043,0.001,0.002,13317.0,5312.0,1.0
"beta_sin[Brito, Sócrates]",-0.194,0.137,-0.467,0.055,0.001,0.002,15337.0,5642.0,1.0
"beta_sin[García, Adolis]",-0.074,0.151,-0.363,0.205,0.001,0.002,17671.0,5095.0,1.0
"beta_sin[Robles, Victor]",0.145,0.098,-0.039,0.333,0.001,0.001,14944.0,5962.0,1.0
"beta_sin[LaMarre, Ryan]",0.019,0.134,-0.227,0.276,0.001,0.002,14517.0,5644.0,1.0
"beta_sin[Williams, Mason]",-0.123,0.134,-0.376,0.133,0.001,0.002,18003.0,5956.0,1.0
"beta_sin[Andreoli, John]",-0.079,0.143,-0.331,0.203,0.001,0.002,14885.0,5928.0,1.0
"beta_sin[Bauers, Jake]",-0.143,0.136,-0.396,0.109,0.001,0.002,16790.0,5575.0,1.0
"beta_sin[Bote, David]",-0.107,0.155,-0.396,0.198,0.001,0.002,18462.0,5394.0,1.0
"beta_sin[Davis, J.D.]",0.018,0.129,-0.233,0.25,0.001,0.002,17020.0,5836.0,1.0
"beta_sin[Pence, Hunter]",-0.077,0.092,-0.245,0.098,0.001,0.001,14101.0,6144.0,1.0
"beta_sin[Reinheimer, Jack]",-0.092,0.151,-0.379,0.197,0.001,0.002,18034.0,5576.0,1.0
"beta_sin[Ortega, Rafael]",-0.118,0.135,-0.381,0.127,0.001,0.002,18567.0,6292.0,1.0
"beta_sin[Lowe, Brandon]",-0.032,0.145,-0.3,0.239,0.001,0.002,14355.0,5843.0,1.0
"beta_sin[Cowart, Kaleb]",-0.1,0.151,-0.391,0.172,0.001,0.002,16287.0,5665.0,1.0
"beta_sin[O'Hearn, Ryan]",-0.11,0.151,-0.408,0.164,0.001,0.002,18619.0,5561.0,1.0
"beta_sin[Bautista, José]",-0.088,0.1,-0.279,0.097,0.001,0.001,15167.0,5871.0,1.0
"beta_sin[Quinn, Roman]",0.037,0.119,-0.194,0.255,0.001,0.002,16237.0,5638.0,1.0
"beta_sin[Muñoz, Yairo]",-0.124,0.138,-0.385,0.134,0.001,0.002,18292.0,5636.0,1.0
"beta_sin[Goodrum, Niko]",-0.178,0.126,-0.41,0.063,0.001,0.002,15924.0,5763.0,1.0
"beta_sin[Myers, Wil]",-0.092,0.102,-0.279,0.103,0.001,0.001,16601.0,5543.0,1.0
"beta_sin[Tucker, Preston]",-0.071,0.141,-0.331,0.207,0.001,0.002,14547.0,5162.0,1.0
"beta_sin[Gerber, Mike]",-0.105,0.143,-0.363,0.176,0.001,0.002,15566.0,5305.0,1.0
"beta_sin[Cave, Jake]",0.104,0.106,-0.083,0.318,0.001,0.001,14478.0,5660.0,1.0
"beta_sin[Dixon, Brandon]",-0.08,0.144,-0.36,0.177,0.001,0.002,18065.0,5551.0,1.0
"beta_sin[Culberson, Charlie]",-0.146,0.138,-0.404,0.113,0.001,0.002,15907.0,5842.0,1.0
"beta_sin[Sweeney, Darnell]",-0.102,0.151,-0.389,0.175,0.001,0.002,16458.0,4896.0,1.0
"beta_sin[Wendle, Joey]",-0.115,0.148,-0.391,0.176,0.001,0.002,15696.0,5227.0,1.0
"beta_sin[Rivera, Yadiel]",-0.066,0.148,-0.333,0.222,0.001,0.002,16380.0,6169.0,1.0
"beta_sin[Cuevas, Noel]",-0.198,0.143,-0.459,0.077,0.001,0.002,14918.0,6120.0,1.0
"beta_sin[Jones, JaCoby]",-0.184,0.096,-0.37,-0.009,0.001,0.001,17364.0,5998.0,1.0
"beta_sin[Cooper, Garrett]",-0.115,0.148,-0.385,0.172,0.001,0.002,18535.0,5299.0,1.0
"beta_sin[Shuck, JB]",-0.133,0.134,-0.367,0.14,0.001,0.002,18348.0,5598.0,1.0
"beta_sin[Walker, Christian]",-0.108,0.153,-0.405,0.176,0.001,0.002,15140.0,5733.0,1.0
"beta_sin[Tilson, Charlie]",-0.169,0.123,-0.406,0.054,0.001,0.002,16074.0,5554.0,1.0
"beta_sin[Astudillo, Willians]",-0.115,0.15,-0.396,0.174,0.001,0.002,19675.0,5645.0,1.0
"beta_sin[Valentín, Jesmuel]",-0.096,0.151,-0.384,0.178,0.001,0.002,16309.0,5568.0,1.0
"beta_sin[Martin, Russell]",-0.128,0.157,-0.418,0.168,0.001,0.002,16326.0,5211.0,1.0
"beta_sin[Markakis, Nick]",-0.266,0.082,-0.416,-0.107,0.001,0.001,15008.0,5954.0,1.0
"beta_sin[Evans, Phillip]",-0.116,0.149,-0.386,0.171,0.001,0.002,16735.0,5690.0,1.0
"beta_sin[Muncy, Max]",-0.107,0.15,-0.396,0.172,0.001,0.002,18724.0,5326.0,1.0
"beta_sin[Pompey, Dalton]",-0.072,0.155,-0.35,0.236,0.001,0.002,17464.0,5125.0,1.0
"beta_sin[Herrera, Rosell]",-0.201,0.133,-0.45,0.046,0.001,0.002,17083.0,5831.0,1.0
"beta_sin[Bautista, Rafael]",-0.154,0.151,-0.427,0.14,0.001,0.002,18684.0,5626.0,1.0
"beta_sin[Sierra, Moisés]",-0.116,0.154,-0.398,0.172,0.001,0.002,14621.0,5706.0,1.0
"beta_sin[Gosselin, Phil]",-0.109,0.142,-0.369,0.155,0.001,0.002,18601.0,6080.0,1.0
"beta_sin[Orlando, Paulo]",-0.195,0.134,-0.447,0.059,0.001,0.002,13670.0,5748.0,1.0
"beta_sin[Kingery, Scott]",-0.088,0.126,-0.324,0.151,0.001,0.002,17697.0,6071.0,1.0
"beta_sin[Naquin, Tyler]",-0.258,0.103,-0.444,-0.056,0.001,0.001,14509.0,5523.0,1.0
"beta_sin[Almora Jr., Albert]",-0.221,0.091,-0.391,-0.049,0.001,0.001,14989.0,4542.0,1.0
"beta_sin[Lee, Braxton]",-0.117,0.151,-0.397,0.168,0.001,0.002,15383.0,5658.0,1.0
"beta_sin[Alvarez, Yordan]",-0.147,0.151,-0.416,0.153,0.001,0.002,18452.0,4738.0,1.0
"beta_sin[Wade Jr., LaMonte]",-0.059,0.145,-0.345,0.198,0.001,0.002,16041.0,5439.0,1.0
"beta_sin[McBroom, Ryan]",-0.12,0.149,-0.406,0.15,0.001,0.002,15323.0,5552.0,1.0
"beta_sin[Rojas, Josh]",-0.049,0.139,-0.32,0.209,0.001,0.002,18383.0,5875.0,1.0
"beta_sin[Ward, Taylor]",-0.111,0.138,-0.362,0.151,0.001,0.002,18042.0,6479.0,1.0
"beta_sin[Jiménez, Eloy]",-0.194,0.111,-0.403,0.015,0.001,0.001,16744.0,4991.0,1.0
"beta_sin[Rodríguez, Ronny]",-0.104,0.155,-0.404,0.175,0.001,0.002,14788.0,5373.0,1.0
"beta_sin[Lopes, Tim]",-0.097,0.136,-0.343,0.167,0.001,0.002,16503.0,5662.0,1.0
"beta_sin[Beaty, Matt]",-0.083,0.15,-0.372,0.19,0.001,0.002,16690.0,5432.0,1.0
"beta_sin[Elmore, Jake]",-0.097,0.153,-0.38,0.193,0.001,0.002,18378.0,4929.0,1.0
"beta_sin[Pollock, AJ]",-0.165,0.09,-0.336,-0.0,0.001,0.001,14754.0,5619.0,1.0
"beta_sin[Miller, Brad]",-0.122,0.148,-0.409,0.147,0.001,0.002,17576.0,5875.0,1.0
"beta_sin[García, Robel]",-0.095,0.157,-0.369,0.215,0.001,0.002,18218.0,5415.0,1.0
"beta_sin[Dickerson, Alex]",-0.127,0.13,-0.374,0.116,0.001,0.002,14917.0,5109.0,1.0
"beta_sin[Long Jr., Shed]",-0.131,0.145,-0.408,0.133,0.001,0.002,14270.0,5509.0,1.0
"beta_sin[VanMeter, Josh]",-0.182,0.143,-0.463,0.075,0.001,0.002,16991.0,5632.0,1.0
"beta_sin[Kramer, Kevin]",-0.077,0.154,-0.351,0.223,0.001,0.002,16635.0,5299.0,1.0
"beta_sin[McNeil, Jeff]",-0.207,0.122,-0.437,0.019,0.001,0.002,18526.0,5871.0,1.0
"beta_sin[Arraez, Luis]",-0.159,0.143,-0.426,0.106,0.001,0.002,17068.0,6012.0,1.0
"beta_sin[Brown, Seth]",-0.166,0.148,-0.447,0.111,0.001,0.002,17865.0,5627.0,1.0
"beta_sin[Straw, Myles]",-0.092,0.141,-0.358,0.171,0.001,0.002,16989.0,5275.0,1.0
"beta_sin[Ramírez, Harold]",0.051,0.12,-0.178,0.27,0.001,0.001,15745.0,6105.0,1.0
"beta_sin[Hilliard, Sam]",-0.079,0.137,-0.348,0.168,0.001,0.002,15087.0,5988.0,1.0
"beta_sin[Cordell, Ryan]",-0.195,0.13,-0.439,0.052,0.001,0.002,16541.0,6038.0,1.0
"beta_sin[Yastrzemski, Mike]",-0.159,0.112,-0.371,0.048,0.001,0.001,16610.0,5739.0,1.0
"beta_sin[Moore, Dylan]",-0.102,0.132,-0.35,0.138,0.001,0.002,15512.0,6112.0,1.0
"beta_sin[Naylor, Josh]",-0.004,0.129,-0.244,0.235,0.001,0.002,14928.0,5040.0,1.0
"beta_sin[Miller, Ian]",-0.082,0.148,-0.374,0.181,0.001,0.002,15571.0,5295.0,1.0
"beta_sin[Fletcher, David]",-0.055,0.145,-0.328,0.218,0.001,0.002,17352.0,5656.0,1.0
"beta_sin[Heineman, Scott]",-0.105,0.141,-0.386,0.145,0.001,0.002,14628.0,5879.0,1.0
"beta_sin[Haseley, Adam]",-0.134,0.124,-0.369,0.098,0.001,0.002,15426.0,5225.0,1.0
"beta_sin[Wilkerson, Stevie]",-0.049,0.123,-0.282,0.185,0.001,0.002,14850.0,5288.0,1.0
"beta_sin[Peraza, José]",-0.083,0.141,-0.359,0.173,0.001,0.002,17360.0,5459.0,1.0
"beta_sin[Bishop, Braden]",-0.1,0.144,-0.383,0.16,0.001,0.002,15962.0,5287.0,1.0
"beta_sin[Rios, Edwin]",-0.108,0.156,-0.4,0.191,0.001,0.002,17106.0,5441.0,1.0
"beta_sin[Castellanos, Nick]",-0.434,0.088,-0.595,-0.266,0.001,0.001,13738.0,6002.0,1.0
"beta_sin[Gurriel Jr., Lourdes]",-0.139,0.124,-0.366,0.101,0.001,0.002,17298.0,5380.0,1.0
"beta_sin[Santander, Anthony]",-0.06,0.11,-0.265,0.148,0.001,0.001,18092.0,5550.0,1.0
"beta_sin[Berti, Jon]",-0.069,0.136,-0.328,0.18,0.001,0.002,15027.0,5477.0,1.0
"beta_sin[Stubbs, Garrett]",-0.093,0.155,-0.376,0.215,0.001,0.003,16610.0,4361.0,1.0
"beta_sin[Grisham, Trent]",-0.037,0.127,-0.273,0.202,0.001,0.002,17627.0,5819.0,1.0
"beta_sin[Davis, Johnny]",-0.112,0.151,-0.374,0.19,0.001,0.002,18919.0,5847.0,1.0
"beta_sin[Reynolds, Bryan]",-0.033,0.108,-0.242,0.162,0.001,0.001,15635.0,5789.0,1.0
"beta_sin[O'Grady, Brian]",-0.131,0.147,-0.409,0.142,0.001,0.002,16137.0,5543.0,1.0
"beta_sin[Starling, Bubba]",-0.148,0.122,-0.38,0.078,0.001,0.002,15326.0,5820.0,1.0
"beta_sin[Broxton, Keon]",-0.038,0.104,-0.244,0.147,0.001,0.001,18205.0,5582.0,1.0
"beta_sin[Riley, Austin]",-0.064,0.133,-0.306,0.194,0.001,0.002,15879.0,5566.0,1.0
"beta_sin[Court, Ryan]",-0.154,0.149,-0.445,0.114,0.001,0.002,14603.0,5742.0,1.0
"beta_sin[Drury, Brandon]",-0.135,0.148,-0.408,0.156,0.001,0.002,16800.0,5151.0,1.0
"beta_sin[Mercado, Óscar]",-0.089,0.114,-0.299,0.127,0.001,0.002,18518.0,5378.0,1.0
"beta_sin[Lorenzen, Michael]",-0.049,0.145,-0.327,0.226,0.001,0.002,16453.0,5261.0,1.0
"beta_sin[Avelino, Abiatal]",-0.107,0.155,-0.403,0.179,0.001,0.002,18602.0,5238.0,1.0
"beta_sin[Brosseau, Mike]",-0.084,0.152,-0.368,0.205,0.001,0.002,16447.0,5779.0,1.0
"beta_sin[Daza, Yonathan]",-0.103,0.146,-0.377,0.177,0.001,0.002,17963.0,5477.0,1.0
"beta_sin[Garlick, Kyle]",-0.104,0.147,-0.384,0.17,0.001,0.002,18921.0,5590.0,1.0
"beta_sin[Rosario, Amed]",-0.107,0.156,-0.403,0.18,0.001,0.002,18791.0,5587.0,1.0
"beta_sin[Mejía, Francisco]",-0.107,0.156,-0.396,0.187,0.001,0.002,15876.0,5608.0,1.0
"beta_sin[Castro, Harold]",-0.073,0.135,-0.324,0.181,0.001,0.002,15576.0,5746.0,1.0
"beta_sin[Alberto, Hanser]",-0.09,0.155,-0.395,0.191,0.001,0.002,14966.0,5646.0,1.0
"beta_sin[Beckham, Tim]",-0.122,0.146,-0.395,0.155,0.001,0.002,17946.0,5250.0,1.0
"beta_sin[Bruce, Jay]",-0.197,0.076,-0.342,-0.059,0.001,0.001,15679.0,5557.0,1.0
"beta_sin[Velasquez, Vince]",-0.108,0.151,-0.387,0.175,0.001,0.002,15778.0,5572.0,1.0
"beta_sin[Garcia, Greg]",-0.108,0.155,-0.403,0.192,0.001,0.002,22314.0,4798.0,1.0
"beta_sin[Freeman, Mike]",-0.11,0.151,-0.399,0.167,0.001,0.002,13639.0,5487.0,1.0
"beta_sin[Urshela, Gio]",-0.105,0.154,-0.4,0.182,0.001,0.002,16744.0,5756.0,1.0
"beta_sin[Hampson, Garrett]",-0.01,0.134,-0.26,0.247,0.001,0.002,15261.0,5919.0,1.0
"beta_sin[Saladino, Tyler]",-0.105,0.152,-0.405,0.169,0.001,0.002,18075.0,5809.0,1.0
"beta_sin[Vargas, Ildemaro]",-0.096,0.151,-0.382,0.184,0.001,0.002,17300.0,5185.0,1.0
"beta_sin[Austin, Tyler]",-0.035,0.145,-0.304,0.249,0.001,0.002,16516.0,4939.0,1.0
"beta_sin[Gómez, Carlos]",-0.164,0.098,-0.35,0.016,0.001,0.001,16552.0,5328.0,1.0
"beta_sin[Biggio, Cavan]",-0.092,0.148,-0.362,0.192,0.001,0.002,16072.0,5627.0,1.0
"beta_sin[González, Carlos]",-0.475,0.102,-0.665,-0.281,0.001,0.001,11467.0,5706.0,1.0
"beta_sin[Santana, Domingo]",-0.298,0.096,-0.476,-0.118,0.001,0.001,15480.0,5927.0,1.0
"beta_sin[Newman, Kevin]",-0.111,0.151,-0.4,0.163,0.001,0.002,17188.0,5446.0,1.0
"beta_sin[Urena, Richard]",-0.099,0.153,-0.383,0.185,0.001,0.002,13728.0,5973.0,1.0
"beta_sin[Murphy, Tom]",-0.095,0.15,-0.386,0.179,0.001,0.002,14258.0,5436.0,1.0
"beta_sin[O'Brien, Peter]",-0.125,0.157,-0.437,0.156,0.001,0.002,18820.0,4440.0,1.0
"beta_sin[Solarte, Yangervis]",-0.094,0.146,-0.378,0.172,0.001,0.002,16631.0,5584.0,1.0
"beta_sin[Rondon, José]",-0.104,0.155,-0.393,0.19,0.001,0.002,18966.0,5911.0,1.0
"beta_sin[Estrada, Thairo]",-0.114,0.154,-0.406,0.168,0.001,0.002,18141.0,5887.0,1.0
"beta_sin[Peterson, Dustin]",-0.087,0.15,-0.374,0.187,0.001,0.002,17303.0,6123.0,1.0
"beta_sin[Moran, Colin]",-0.116,0.151,-0.406,0.158,0.001,0.002,18850.0,6353.0,1.0
"beta_sin[Martin, Jason]",-0.02,0.142,-0.289,0.245,0.001,0.002,17855.0,5479.0,1.0
"beta_sin[Joe, Connor]",-0.112,0.154,-0.412,0.167,0.001,0.002,16560.0,5431.0,1.0
"beta_sin[Zagunis, Mark]",-0.107,0.153,-0.395,0.179,0.001,0.002,14635.0,5479.0,1.0
"beta_sin[Jackson, Drew]",-0.099,0.151,-0.374,0.196,0.001,0.002,15782.0,6010.0,1.0
"beta_sin[Arozarena, Randy]",-0.09,0.143,-0.347,0.192,0.001,0.002,15671.0,5587.0,1.0
"beta_sin[Margot, Manuel]",-0.082,0.081,-0.224,0.083,0.001,0.001,16056.0,5653.0,1.0
"beta_sin[Aquino, Aristides]",-0.094,0.134,-0.337,0.165,0.001,0.002,15527.0,5381.0,1.0
"beta_sin[Carlson, Dylan]",-0.166,0.143,-0.427,0.11,0.001,0.002,17731.0,4969.0,1.0
"beta_sin[Engel, Adam]",-0.154,0.092,-0.325,0.018,0.001,0.001,16675.0,5957.0,1.0
"beta_sin[Akiyama, Shogo]",-0.024,0.14,-0.292,0.233,0.001,0.002,15490.0,5710.0,1.0
"beta_sin[Edman, Tommy]",-0.132,0.144,-0.41,0.134,0.001,0.002,18445.0,5129.0,1.0
"beta_sin[Duggar, Steven]",-0.172,0.119,-0.399,0.053,0.001,0.002,19344.0,5119.0,1.0
"beta_sin[White, Eli]",-0.108,0.148,-0.391,0.159,0.001,0.002,15178.0,5370.0,1.0
"beta_sin[Riddle, JT]",0.06,0.144,-0.206,0.324,0.001,0.002,15313.0,5017.0,1.0
"beta_sin[Solak, Nick]",-0.02,0.134,-0.269,0.229,0.001,0.002,15129.0,5966.0,1.0
"beta_sin[Hays, Austin]",-0.232,0.124,-0.468,-0.005,0.001,0.002,16496.0,5178.0,1.0
"beta_sin[Chavis, Michael]",-0.102,0.147,-0.388,0.17,0.001,0.002,17293.0,5537.0,1.0
"beta_sin[Marmolejos, José]",-0.037,0.143,-0.295,0.235,0.001,0.002,13889.0,5952.0,1.0
"beta_sin[Fraley, Jake]",-0.068,0.148,-0.34,0.217,0.001,0.002,18887.0,5256.0,1.0
"beta_sin[Ruf, Darin]",-0.083,0.145,-0.365,0.186,0.001,0.002,15960.0,5723.0,1.0
"beta_sin[Moniak, Mickey]",-0.097,0.15,-0.394,0.172,0.001,0.002,15265.0,5293.0,1.0
"beta_sin[Heath, Nick]",-0.1,0.148,-0.382,0.171,0.001,0.002,17561.0,5640.0,1.0
"beta_sin[Olivares, Edward]",-0.167,0.142,-0.431,0.103,0.001,0.002,15439.0,5381.0,1.0
"beta_sin[Lin, Tzu-Wei]",-0.151,0.152,-0.43,0.141,0.001,0.002,19727.0,5421.0,1.0
"beta_sin[Smith, Pavin]",-0.09,0.153,-0.378,0.194,0.001,0.002,16310.0,5244.0,1.0
"beta_sin[Mountcastle, Ryan]",-0.096,0.147,-0.37,0.175,0.001,0.002,14685.0,4643.0,1.0
"beta_sin[Oliva, Jared]",-0.103,0.152,-0.396,0.177,0.001,0.002,17509.0,5691.0,1.0
"beta_sin[Taylor, Michael A.]",0.049,0.096,-0.13,0.229,0.001,0.001,14170.0,4796.0,1.0
"beta_sin[Fuentes, Joshua]",-0.105,0.154,-0.406,0.168,0.001,0.002,15197.0,4860.0,1.0
"beta_sin[Tsutsugo, Yoshi]",-0.135,0.147,-0.432,0.133,0.001,0.002,15938.0,5383.0,1.0
"beta_sin[Demeritte, Travis]",-0.259,0.132,-0.516,-0.022,0.001,0.002,15254.0,5604.0,1.0
"beta_sin[Ravelo, Rangel]",-0.077,0.15,-0.367,0.193,0.001,0.002,16009.0,5264.0,1.0
"beta_sin[Taylor, Tyrone]",-0.18,0.144,-0.462,0.08,0.001,0.002,15989.0,5619.0,1.0
"beta_sin[Andujar, Miguel]",-0.107,0.155,-0.398,0.191,0.001,0.002,17470.0,5857.0,1.0
"beta_sin[Basabe, Luis Alexander]",-0.128,0.149,-0.411,0.149,0.001,0.002,15027.0,5726.0,1.0
"beta_sin[Thaiss, Matt]",-0.118,0.152,-0.401,0.167,0.001,0.002,13168.0,4968.0,1.0
"beta_sin[Varsho, Daulton]",-0.108,0.143,-0.377,0.154,0.001,0.002,18188.0,5836.0,1.0
"beta_sin[Souza Jr., Steven]",-0.149,0.107,-0.349,0.057,0.001,0.002,18866.0,5614.0,1.0
"beta_sin[Walker, Neil]",-0.111,0.147,-0.375,0.175,0.001,0.002,17836.0,6243.0,1.0
"beta_sin[Strange-Gordon, Dee]",-0.178,0.13,-0.42,0.074,0.001,0.002,16498.0,6124.0,1.0
"beta_sin[Barreto, Franklin]",-0.104,0.15,-0.393,0.169,0.001,0.002,17117.0,5160.0,1.0
"beta_sin[Rooker, Brent]",-0.117,0.149,-0.389,0.167,0.001,0.002,16822.0,5524.0,1.0
"beta_sin[Haggerty, Sam]",-0.084,0.151,-0.373,0.199,0.001,0.002,14667.0,5481.0,1.0
"beta_sin[Dozier, Hunter]",-0.024,0.138,-0.278,0.241,0.001,0.002,14425.0,5464.0,1.0
"beta_sin[Payton, Mark]",-0.102,0.154,-0.385,0.201,0.001,0.002,14766.0,4831.0,1.0
"beta_sin[Mathias, Mark]",-0.117,0.152,-0.405,0.166,0.001,0.002,14983.0,5226.0,1.0
"beta_sin[Pillar, Kevin]",-0.159,0.072,-0.293,-0.022,0.001,0.001,17028.0,6138.0,1.0
"beta_sin[Pache, Cristian]",-0.103,0.152,-0.407,0.172,0.001,0.002,16665.0,4964.0,1.0
"beta_sin[González, Luis]",-0.098,0.153,-0.376,0.204,0.001,0.002,14067.0,5583.0,1.0
"beta_sin[Zimmer, Bradley]",0.013,0.112,-0.194,0.228,0.001,0.001,18531.0,5903.0,1.0
"beta_sin[Mateo, Jorge]",-0.098,0.155,-0.397,0.181,0.001,0.002,16586.0,5561.0,1.0
"beta_sin[Velazquez, Andrew]",-0.067,0.156,-0.366,0.216,0.001,0.002,16310.0,4947.0,1.0
"beta_sin[Mullins, Cedric]",-0.097,0.116,-0.304,0.126,0.001,0.002,15778.0,4722.0,1.0
"beta_sin[Mejia, Erick]",-0.074,0.15,-0.359,0.203,0.001,0.002,14566.0,5196.0,1.0
"beta_sin[Johnson, Daniel]",-0.096,0.154,-0.376,0.197,0.001,0.002,17960.0,5272.0,1.0
"beta_sin[Reyes, Franmil]",-0.104,0.124,-0.331,0.136,0.001,0.002,15958.0,6435.0,1.0
"beta_sin[McCarthy, Joe]",-0.109,0.153,-0.397,0.173,0.001,0.002,17652.0,5125.0,1.0
"beta_sin[Hoerner, Nico]",-0.112,0.155,-0.418,0.175,0.001,0.002,14951.0,5204.0,1.0
"beta_sin[Bradley Jr., Jackie]",-0.409,0.077,-0.555,-0.269,0.001,0.001,11883.0,5610.0,1.0
"beta_sin[Kipnis, Jason]",-0.103,0.142,-0.374,0.163,0.001,0.002,17452.0,5784.0,1.0
"beta_sin[Heyward, Jason]",-0.281,0.081,-0.433,-0.132,0.001,0.001,14126.0,5158.0,1.0
"beta_sin[Springer, George]",-0.193,0.087,-0.353,-0.026,0.001,0.001,13406.0,5578.0,1.0
"beta_sin[Buxton, Byron]",-0.018,0.091,-0.193,0.147,0.001,0.001,17607.0,5480.0,1.0
"beta_sin[Blackmon, Charlie]",0.023,0.074,-0.113,0.165,0.001,0.001,12693.0,5366.0,1.0
"beta_sin[Hamilton, Billy]",-0.044,0.088,-0.21,0.119,0.001,0.001,14872.0,5793.0,1.0
"beta_sin[Kiermaier, Kevin]",-0.166,0.086,-0.324,-0.004,0.001,0.001,13826.0,5302.0,1.0
"beta_sin[Cain, Lorenzo]",-0.257,0.081,-0.406,-0.108,0.001,0.001,15785.0,5961.0,1.0
"beta_sin[Ellsbury, Jacoby]",-0.181,0.127,-0.419,0.057,0.001,0.002,16395.0,5833.0,1.0
"beta_sin[Trout, Mike]",-0.036,0.081,-0.184,0.119,0.001,0.001,15544.0,5577.0,1.0
"beta_sin[Hannemann, Jacob]",-0.097,0.149,-0.378,0.184,0.001,0.002,16924.0,5965.0,1.0
"beta_sin[Lagares, Juan]",0.023,0.11,-0.182,0.228,0.001,0.001,15512.0,5908.0,1.0
"beta_sin[Inciarte, Ender]",0.067,0.072,-0.065,0.204,0.001,0.001,16341.0,6009.0,1.0
"beta_sin[Fowler, Dexter]",-0.032,0.089,-0.198,0.135,0.001,0.001,16586.0,5710.0,1.0
"beta_sin[Villar, Jonathan]",-0.152,0.149,-0.421,0.14,0.001,0.002,18015.0,5811.0,1.0
"beta_sin[Galvis, Freddy]",-0.12,0.151,-0.412,0.156,0.001,0.002,15553.0,5903.0,1.0
"beta_sin[Burns, Billy]",-0.103,0.152,-0.404,0.173,0.001,0.002,16039.0,5635.0,1.0
"beta_sin[Kepler, Max]",0.091,0.08,-0.051,0.25,0.001,0.001,13759.0,6173.0,1.0
"beta_sin[Hoying, Jared]",-0.072,0.144,-0.346,0.195,0.001,0.002,16876.0,5959.0,1.0
"beta_sin[Stubbs, Drew]",-0.064,0.15,-0.345,0.216,0.001,0.002,14126.0,5576.0,1.0
"beta_sin[Selsky, Steve]",-0.108,0.151,-0.396,0.173,0.001,0.002,12872.0,5968.0,1.0
"beta_sin[Betts, Mookie]",-0.212,0.084,-0.368,-0.051,0.001,0.001,15920.0,5962.0,1.0
"beta_sin[Laureano, Ramón]",-0.138,0.094,-0.317,0.034,0.001,0.001,16467.0,5905.0,1.0
"beta_sin[Guerrero, Gabriel]",-0.112,0.148,-0.38,0.171,0.001,0.002,17394.0,4816.0,1.0
"beta_sin[Harper, Bryce]",-0.235,0.081,-0.392,-0.089,0.001,0.001,14970.0,5541.0,1.0
"beta_sin[Barnes, Brandon]",-0.126,0.148,-0.392,0.161,0.001,0.002,18056.0,5273.0,1.0
"beta_sin[Calhoun, Kole]",-0.255,0.078,-0.398,-0.101,0.001,0.001,14091.0,5680.0,1.0
"beta_sin[Escobar, Alcides]",-0.12,0.148,-0.392,0.16,0.001,0.002,17819.0,5599.0,1.0
"beta_sin[Judge, Aaron]",-0.126,0.071,-0.259,0.006,0.001,0.001,14989.0,6131.0,1.0
"beta_sin[Bolt, Skye]",-0.099,0.15,-0.382,0.175,0.001,0.002,18412.0,5635.0,1.0
"beta_sin[Lewis, Kyle]",-0.125,0.127,-0.355,0.126,0.001,0.002,17840.0,6233.0,1.0
"beta_sin[García, Avisaíl]",-0.118,0.093,-0.288,0.062,0.001,0.001,14954.0,5346.0,1.0
"beta_sin[Marte, Ketel]",0.022,0.121,-0.209,0.247,0.001,0.002,13409.0,5363.0,1.0
"beta_sin[Senzel, Nick]",-0.071,0.118,-0.288,0.154,0.001,0.001,16750.0,6017.0,1.0
"beta_sin[Thomas, Lane]",-0.136,0.141,-0.398,0.127,0.001,0.002,16692.0,6317.0,1.0
"beta_sin[Harrison, Monte]",-0.115,0.145,-0.39,0.152,0.001,0.002,14916.0,5075.0,1.0
"beta_sin[Robert Jr., Luis]",-0.14,0.134,-0.392,0.112,0.001,0.002,18212.0,5623.0,1.0
"beta_sin[Dubón, Mauricio]",-0.035,0.132,-0.284,0.213,0.001,0.002,14535.0,5912.0,1.0
"beta_sin[Taveras, Leody]",-0.104,0.133,-0.361,0.14,0.001,0.002,15194.0,5253.0,1.0
"beta_sin[Adell, Jo]",-0.183,0.135,-0.432,0.073,0.001,0.002,15530.0,5989.0,1.0
"beta_sin[Hill, Derek]",-0.09,0.153,-0.364,0.212,0.001,0.002,14191.0,4850.0,1.0
"beta_sin[Tucker, Cole]",-0.082,0.143,-0.353,0.185,0.001,0.002,17856.0,5834.0,1.0
"beta_sin[Torreyes, Ronald]",-0.11,0.153,-0.397,0.182,0.001,0.002,19346.0,4772.0,1.0
"beta_sin[Florial, Estevan]",-0.107,0.15,-0.389,0.172,0.001,0.002,14364.0,5172.0,1.0
"beta_sin[Whitefield, Aaron]",-0.1,0.157,-0.398,0.183,0.001,0.002,16743.0,5252.0,1.0
"beta_sin[Puig, Yasiel]",-0.22,0.088,-0.385,-0.056,0.001,0.001,13019.0,5311.0,1.0
"beta_sin[Taijeron, Travis]",-0.152,0.146,-0.428,0.11,0.001,0.002,14588.0,5287.0,1.0
"beta_sin[Piscotty, Stephen]",-0.27,0.089,-0.434,-0.102,0.001,0.001,16551.0,5267.0,1.0
"beta_sin[Valencia, Danny]",-0.096,0.141,-0.364,0.165,0.001,0.002,17012.0,5280.0,1.0
"beta_sin[Trumbo, Mark]",-0.077,0.129,-0.323,0.161,0.001,0.002,16513.0,5817.0,1.0
"beta_sin[Moncrief, Carlos]",-0.09,0.148,-0.358,0.2,0.001,0.002,17253.0,5339.0,1.0
"beta_sin[Santana, Carlos]",-0.061,0.151,-0.347,0.216,0.001,0.002,16673.0,5607.0,1.0
"beta_sin[Cruz, Nelson]",-0.161,0.15,-0.438,0.12,0.001,0.002,16803.0,4802.0,1.0
"beta_sin[Olson, Matt]",-0.111,0.15,-0.38,0.186,0.001,0.002,15043.0,5499.0,1.0
"beta_sin[Adduci, James]",-0.174,0.141,-0.438,0.093,0.001,0.002,16886.0,5229.0,1.0
"beta_sin[Flores, Ramón]",-0.135,0.154,-0.419,0.161,0.001,0.002,14927.0,5042.0,1.0
"beta_sin[Parmley, Ian]",-0.115,0.153,-0.408,0.168,0.001,0.002,16042.0,5355.0,1.0
"beta_sin[Huffman, Chad]",-0.108,0.153,-0.395,0.175,0.001,0.002,16256.0,5915.0,1.0
"beta_sin[Sánchez, Yolmer]",-0.108,0.152,-0.375,0.19,0.001,0.002,15673.0,4631.0,1.0
"beta_sin[Báez, Javier]",-0.102,0.151,-0.384,0.186,0.001,0.002,18117.0,5600.0,1.0
"beta_sin[Anderson, Brian]",-0.198,0.116,-0.416,0.017,0.001,0.001,17455.0,6123.0,1.0
"beta_sin[Williams, Justin]",-0.107,0.152,-0.399,0.169,0.001,0.002,17585.0,5447.0,1.0
"beta_sin[Plouffe, Trevor]",-0.108,0.152,-0.4,0.173,0.001,0.002,16773.0,5746.0,1.0
"beta_sin[Kaczmarski, Kevin]",-0.11,0.151,-0.394,0.176,0.001,0.002,15726.0,5573.0,1.0
"beta_sin[Valera, Breyvic]",-0.108,0.153,-0.391,0.184,0.001,0.002,16549.0,5244.0,1.0
"beta_sin[Davis, Jaylin]",-0.067,0.142,-0.323,0.206,0.001,0.002,15306.0,5340.0,1.0
"beta_sin[Joseph, Corban]",-0.101,0.153,-0.382,0.193,0.001,0.002,15647.0,5701.0,1.0
"beta_sin[Goins, Ryan]",-0.095,0.15,-0.376,0.19,0.001,0.002,16223.0,6073.0,1.0
"beta_sin[Wong, Kean]",-0.104,0.155,-0.409,0.177,0.001,0.002,14868.0,4477.0,1.0
"beta_sin[Nola, Austin]",-0.093,0.153,-0.371,0.206,0.001,0.002,18084.0,5478.0,1.0
"beta_sin[Davis, Chris]",-0.106,0.153,-0.4,0.173,0.001,0.002,15778.0,5505.0,1.0
"beta_sin[Reed, Michael]",-0.109,0.151,-0.394,0.178,0.001,0.002,15809.0,5500.0,1.0
"beta_sin[Cameron, Daz]",-0.254,0.148,-0.523,0.031,0.001,0.002,16250.0,5904.0,1.0
"beta_sin[Walsh, Jared]",-0.108,0.153,-0.412,0.171,0.001,0.002,19739.0,5283.0,1.0
"beta_sin[McKinstry, Zach]",-0.119,0.152,-0.405,0.161,0.001,0.002,16711.0,5646.0,1.0
"beta_sin[Hernandez, Yadiel]",-0.108,0.153,-0.398,0.178,0.001,0.002,15710.0,5763.0,1.0
"beta_sin[Alfaro, Jorge]",-0.113,0.15,-0.39,0.17,0.001,0.002,15798.0,5568.0,1.0
"beta_sin[Sánchez, Jesús]",-0.09,0.148,-0.37,0.186,0.001,0.002,15065.0,5658.0,1.0
"beta_dist[Gonzalez, Marwin]",1.984,0.271,1.453,2.472,0.002,0.003,12062.0,6537.0,1.0
"beta_dist[Gardner, Brett]",1.928,0.203,1.55,2.317,0.002,0.002,12080.0,6859.0,1.0
"beta_dist[Hernández, Enrique]",2.013,0.306,1.443,2.583,0.003,0.003,13370.0,6440.0,1.0
"beta_dist[Schwarber, Kyle]",1.86,0.227,1.43,2.288,0.002,0.002,11976.0,5879.0,1.0
"beta_dist[Jay, Jon]",1.557,0.242,1.085,1.999,0.002,0.003,13824.0,6159.0,1.0
"beta_dist[Ethier, Andre]",1.665,0.44,0.854,2.483,0.004,0.006,15662.0,5241.0,1.0
"beta_dist[Maybin, Cameron]",1.879,0.213,1.478,2.28,0.002,0.002,12014.0,6619.0,1.0
"beta_dist[Werth, Jayson]",1.577,0.359,0.903,2.251,0.003,0.005,14761.0,5963.0,1.0
"beta_dist[Zobrist, Ben]",1.868,0.289,1.329,2.402,0.002,0.003,14569.0,7140.0,1.0
"beta_dist[Kendrick, Howie]",1.741,0.337,1.105,2.339,0.003,0.004,17212.0,6556.0,1.0
"beta_dist[Jackson, Austin]",1.537,0.282,1.002,2.071,0.003,0.003,11310.0,7100.0,1.0
"beta_dist[Peralta, David]",1.819,0.204,1.446,2.213,0.002,0.002,12026.0,6778.0,1.0
"beta_dist[Benintendi, Andrew]",1.563,0.188,1.209,1.916,0.002,0.002,11421.0,6389.0,1.0
"beta_dist[Chisenhall, Lonnie]",1.642,0.36,0.972,2.318,0.003,0.004,14407.0,5772.0,1.0
"beta_dist[Duvall, Adam]",1.596,0.224,1.167,2.006,0.002,0.002,13836.0,6448.0,1.0
"beta_dist[Liriano, Rymer]",1.609,0.444,0.778,2.439,0.004,0.006,16092.0,5844.0,1.0
"beta_dist[Dickerson, Corey]",1.554,0.209,1.167,1.952,0.002,0.002,12618.0,6756.0,1.0
"beta_dist[Mancini, Trey]",2.02,0.229,1.574,2.433,0.002,0.002,11709.0,7024.0,1.0
"beta_dist[Peterson, Jace]",1.611,0.323,1.009,2.211,0.003,0.004,14040.0,5428.0,1.0
"beta_dist[Suzuki, Ichiro]",1.67,0.377,0.978,2.385,0.003,0.005,17872.0,5615.0,1.0
"beta_dist[Dietrich, Derek]",2.022,0.335,1.423,2.679,0.003,0.004,14655.0,7030.0,1.0
"beta_dist[Gordon, Alex]",1.576,0.19,1.227,1.936,0.002,0.002,11545.0,7247.0,1.0
"beta_dist[Happ, Ian]",1.524,0.279,1.009,2.05,0.003,0.003,11425.0,7062.0,1.0
"beta_dist[Granderson, Curtis]",2.26,0.249,1.8,2.726,0.002,0.003,13456.0,6655.0,1.0
"beta_dist[Parra, Gerardo]",1.779,0.227,1.367,2.219,0.002,0.003,12313.0,6211.0,1.0
"beta_dist[Rosario, Eddie]",2.327,0.209,1.921,2.713,0.002,0.002,12812.0,7076.0,1.0
"beta_dist[Frazier, Clint]",1.394,0.281,0.856,1.918,0.002,0.003,14512.0,5960.0,1.0
"beta_dist[Carrera, Ezequiel]",2.204,0.265,1.718,2.711,0.003,0.003,10666.0,5974.0,1.0
"beta_dist[Gamel, Ben]",1.734,0.217,1.323,2.137,0.002,0.002,12486.0,6429.0,1.0
"beta_dist[Upton, Justin]",1.819,0.209,1.426,2.201,0.002,0.002,11354.0,6681.0,1.0
"beta_dist[Blash, Jabari]",1.674,0.354,1.027,2.359,0.003,0.004,15128.0,5683.0,1.0
"beta_dist[Parker, Jarrett]",1.945,0.362,1.287,2.652,0.003,0.004,12745.0,6209.0,1.0
"beta_dist[Marte, Starling]",1.421,0.189,1.068,1.769,0.002,0.002,11834.0,6781.0,1.0
"beta_dist[Davis, Khris]",1.736,0.281,1.182,2.238,0.003,0.003,12355.0,6848.0,1.0
"beta_dist[Calhoun, Willie]",2.157,0.304,1.594,2.736,0.003,0.004,12809.0,6361.0,1.0
"beta_dist[Hicks, Aaron]",1.465,0.222,1.024,1.852,0.002,0.002,10738.0,6148.0,1.0
"beta_dist[Pederson, Joc]",1.836,0.239,1.399,2.302,0.002,0.002,13240.0,6629.0,1.0
"beta_dist[Reddick, Josh]",1.776,0.204,1.415,2.184,0.002,0.002,11385.0,6056.0,1.0
"beta_dist[Locastro, Tim]",1.872,0.317,1.26,2.455,0.003,0.004,13946.0,5835.0,1.0
"beta_dist[Verdugo, Alex]",1.97,0.28,1.466,2.504,0.003,0.003,12439.0,6296.0,1.0
"beta_dist[Davis, Rajai]",1.445,0.312,0.852,2.037,0.003,0.004,14020.0,6899.0,1.0
"beta_dist[White, Tyler]",1.649,0.461,0.799,2.541,0.004,0.006,16646.0,5646.0,1.0
"beta_dist[Adrianza, Ehire]",1.752,0.394,1.034,2.514,0.003,0.005,15702.0,6384.0,1.0
"beta_dist[Presley, Alex]",1.759,0.347,1.107,2.422,0.003,0.004,12272.0,6411.0,1.0
"beta_dist[Luplow, Jordan]",1.869,0.282,1.334,2.392,0.002,0.003,13164.0,6159.0,1.0
"beta_dist[Herrmann, Chris]",1.744,0.371,1.046,2.439,0.003,0.005,15886.0,5845.0,1.0
"beta_dist[Spangenberg, Cory]",1.979,0.405,1.213,2.723,0.003,0.005,18007.0,6597.0,1.0
"beta_dist[Jankowski, Travis]",1.635,0.296,1.092,2.196,0.003,0.003,13874.0,6831.0,1.0
"beta_dist[Rua, Ryan]",2.176,0.354,1.524,2.848,0.003,0.004,15858.0,6069.0,1.0
"beta_dist[Nimmo, Brandon]",1.587,0.244,1.143,2.058,0.002,0.003,12820.0,6221.0,1.0
"beta_dist[Altherr, Aaron]",1.816,0.257,1.306,2.276,0.002,0.003,12259.0,6482.0,1.0
"beta_dist[Braun, Ryan]",2.186,0.257,1.716,2.67,0.002,0.003,12132.0,6743.0,1.0
"beta_dist[Grichuk, Randal]",1.557,0.198,1.178,1.919,0.002,0.002,12136.0,6997.0,1.0
"beta_dist[Romine, Andrew]",1.808,0.336,1.184,2.435,0.003,0.004,14404.0,6352.0,1.0
"beta_dist[Delmonico, Nicky]",1.506,0.303,0.934,2.078,0.002,0.004,15130.0,6233.0,1.0
"beta_dist[Puello, César]",2.18,0.334,1.564,2.812,0.003,0.004,13272.0,6203.0,1.0
"beta_dist[Moore, Tyler]",1.773,0.47,0.911,2.67,0.004,0.006,17167.0,5503.0,1.0
"beta_dist[Johnson, Micah]",1.644,0.469,0.777,2.539,0.004,0.007,15841.0,5305.0,1.0
"beta_dist[Canha, Mark]",1.449,0.234,1.006,1.883,0.002,0.003,13477.0,6971.0,1.0
"beta_dist[Pham, Tommy]",1.884,0.224,1.449,2.291,0.002,0.002,13256.0,7107.0,1.0
"beta_dist[Tauchman, Mike]",1.866,0.306,1.295,2.441,0.003,0.003,13978.0,6212.0,1.0
"beta_dist[Fisher, Derek]",1.997,0.298,1.446,2.563,0.003,0.003,13982.0,6583.0,1.0
"beta_dist[Desmond, Ian]",2.361,0.28,1.874,2.915,0.003,0.003,10765.0,6649.0,1.0
"beta_dist[Aoki, Norichika]",2.031,0.322,1.416,2.628,0.003,0.004,14653.0,6808.0,1.0
"beta_dist[Sierra, Magneuris]",1.719,0.299,1.145,2.265,0.003,0.003,13115.0,6659.0,1.0
"beta_dist[Thames, Eric]",2.08,0.364,1.389,2.738,0.003,0.004,17010.0,6728.0,1.0
"beta_dist[De Aza, Alejandro]",1.632,0.441,0.798,2.438,0.003,0.005,17398.0,6039.0,1.0
"beta_dist[Almonte, Abraham]",1.728,0.315,1.143,2.318,0.003,0.003,14961.0,6467.0,1.0
"beta_dist[Gimenez, Chris]",1.612,0.47,0.758,2.52,0.004,0.006,16339.0,5066.0,1.0
"beta_dist[Garver, Mitch]",1.703,0.484,0.841,2.665,0.004,0.007,14829.0,4648.0,1.0
"beta_dist[Revere, Ben]",2.195,0.336,1.581,2.85,0.003,0.004,14455.0,6490.0,1.0
"beta_dist[Adams, Lane]",1.821,0.397,1.033,2.519,0.003,0.005,17256.0,6066.0,1.0
"beta_dist[Ozuna, Marcell]",2.282,0.211,1.896,2.684,0.002,0.002,11973.0,7119.0,1.0
"beta_dist[Hernández, Teoscar]",1.783,0.212,1.392,2.183,0.002,0.002,11846.0,6390.0,1.0
"beta_dist[Rickard, Joey]",1.613,0.276,1.093,2.129,0.002,0.003,13441.0,5788.0,1.0
"beta_dist[Lind, Adam]",1.778,0.434,0.935,2.581,0.003,0.006,16243.0,5774.0,1.0
"beta_dist[Young, Chris]",1.754,0.349,1.067,2.39,0.003,0.005,16140.0,6230.0,1.0
"beta_dist[Bellinger, Cody]",1.556,0.248,1.091,2.022,0.002,0.003,13904.0,6821.0,1.0
"beta_dist[Mazara, Nomar]",1.531,0.2,1.159,1.906,0.002,0.002,12972.0,6974.0,1.0
"beta_dist[Hoskins, Rhys]",1.857,0.283,1.334,2.375,0.002,0.003,14952.0,6456.0,1.0
"beta_dist[Bourjos, Peter]",1.659,0.352,0.985,2.318,0.003,0.004,14911.0,6350.0,1.0
"beta_dist[Negrón, Kristopher]",1.482,0.407,0.722,2.243,0.003,0.005,17140.0,5862.0,1.0
"beta_dist[Williamson, Mac]",1.4,0.316,0.822,2.009,0.003,0.004,14649.0,6062.0,1.0
"beta_dist[DeShields, Delino]",1.548,0.206,1.147,1.919,0.002,0.002,11916.0,6370.0,1.0
"beta_dist[Granite, Zack]",1.628,0.389,0.911,2.361,0.003,0.005,15180.0,5651.0,1.0
"beta_dist[Kemp, Tony]",1.579,0.308,1.022,2.161,0.003,0.003,13217.0,7155.0,1.0
"beta_dist[Ervin, Phillip]",1.989,0.262,1.507,2.477,0.002,0.003,12897.0,6479.0,1.0
"beta_dist[Cabrera, Melky]",2.049,0.244,1.583,2.496,0.002,0.002,11489.0,7194.0,1.0
"beta_dist[Smolinski, Jake]",1.855,0.435,1.001,2.639,0.004,0.005,15190.0,5776.0,1.0
"beta_dist[García, Willy]",2.285,0.38,1.566,2.993,0.003,0.004,14134.0,6463.0,1.0
"beta_dist[Haniger, Mitch]",1.751,0.216,1.351,2.155,0.002,0.002,13042.0,6359.0,1.0
"beta_dist[Joyce, Matt]",1.737,0.243,1.291,2.194,0.002,0.002,12198.0,6705.0,1.0
"beta_dist[Collins, Tyler]",1.709,0.367,1.003,2.371,0.003,0.005,16043.0,5710.0,1.0
"beta_dist[Mahtook, Mikie]",1.56,0.253,1.106,2.051,0.002,0.003,12782.0,6664.0,1.0
"beta_dist[Gore, Terrance]",1.812,0.416,1.041,2.596,0.003,0.005,16986.0,6273.0,1.0
"beta_dist[Bader, Harrison]",1.838,0.228,1.431,2.286,0.002,0.002,11569.0,6802.0,1.0
"beta_dist[Hernández, Gorkys]",1.51,0.246,1.046,1.963,0.002,0.003,13380.0,7120.0,1.0
"beta_dist[Winker, Jesse]",1.931,0.249,1.461,2.392,0.002,0.003,12587.0,6418.0,1.0
"beta_dist[Smith, Mallex]",2.16,0.226,1.748,2.596,0.002,0.002,12288.0,6705.0,1.0
"beta_dist[Szczur, Matt]",1.923,0.348,1.264,2.572,0.003,0.004,13958.0,6126.0,1.0
"beta_dist[Allen, Greg]",1.875,0.27,1.348,2.364,0.002,0.003,13427.0,6783.0,1.0
"beta_dist[Robinson, Drew]",1.734,0.373,1.004,2.402,0.003,0.004,16009.0,6138.0,1.0
"beta_dist[Kivlehan, Patrick]",1.824,0.41,1.03,2.568,0.003,0.005,14832.0,6183.0,1.0
"beta_dist[Kemp, Matt]",1.86,0.272,1.358,2.373,0.002,0.003,13980.0,6912.0,1.0
"beta_dist[Slater, Austin]",1.659,0.286,1.159,2.233,0.002,0.003,13464.0,6209.0,1.0
"beta_dist[Motter, Taylor]",1.788,0.451,0.972,2.68,0.004,0.006,15542.0,4996.0,1.0
"beta_dist[Martin, Leonys]",1.729,0.259,1.254,2.217,0.002,0.003,12327.0,6665.0,1.0
"beta_dist[Saunders, Michael]",1.92,0.363,1.266,2.618,0.003,0.004,13431.0,5903.0,1.0
"beta_dist[Blanco, Grégor]",1.926,0.312,1.361,2.53,0.003,0.003,13569.0,6584.0,1.0
"beta_dist[Núñez, Renato]",1.532,0.469,0.654,2.413,0.004,0.006,16759.0,5745.0,1.0
"beta_dist[Guyer, Brandon]",2.109,0.332,1.487,2.738,0.003,0.004,16662.0,6679.0,1.0
"beta_dist[Pirela, José]",1.532,0.314,0.944,2.109,0.003,0.003,13752.0,6618.0,1.0
"beta_dist[Kim, Hyun Soo]",1.525,0.355,0.891,2.235,0.003,0.005,14690.0,6042.0,1.0
"beta_dist[Berry, Quintin]",1.644,0.486,0.762,2.581,0.004,0.007,16425.0,5602.0,1.0
"beta_dist[Phillips, Brett]",1.706,0.304,1.169,2.309,0.003,0.003,13910.0,6905.0,1.0
"beta_dist[Hanson, Alen]",1.436,0.349,0.804,2.121,0.003,0.004,16674.0,6202.0,1.0
"beta_dist[Bryant, Kris]",1.561,0.367,0.879,2.239,0.003,0.005,15187.0,5465.0,1.0
"beta_dist[Adams, Matt]",1.337,0.426,0.529,2.11,0.003,0.005,17713.0,5687.0,1.0
"beta_dist[Tapia, Raimel]",1.928,0.273,1.429,2.449,0.002,0.003,12060.0,6558.0,1.0
"beta_dist[Bostick, Christopher]",1.646,0.473,0.732,2.52,0.004,0.007,15788.0,5294.0,1.0
"beta_dist[Wade, Tyler]",1.488,0.414,0.73,2.305,0.003,0.005,14624.0,6223.0,1.0
"beta_dist[Fuentes, Rey]",1.893,0.403,1.131,2.647,0.003,0.005,15804.0,6244.0,1.0
"beta_dist[Pearce, Steve]",2.064,0.327,1.447,2.674,0.003,0.004,15861.0,6352.0,1.0
"beta_dist[Dickson, O'Koyea]",1.713,0.473,0.781,2.56,0.004,0.006,16446.0,5514.0,1.0
"beta_dist[Pérez, Hernán]",1.933,0.316,1.327,2.522,0.003,0.004,15766.0,6773.0,1.0
"beta_dist[Reynolds, Matt]",1.634,0.468,0.75,2.539,0.004,0.007,14902.0,5439.0,1.0
"beta_dist[Forsythe, Logan]",1.72,0.485,0.787,2.597,0.004,0.007,18470.0,5468.0,1.0
"beta_dist[Heredia, Guillermo]",2.246,0.222,1.846,2.679,0.002,0.002,11974.0,6653.0,1.0
"beta_dist[Holt, Brock]",1.895,0.374,1.17,2.578,0.003,0.005,14095.0,6265.0,1.0
"beta_dist[Reyes, José]",1.738,0.489,0.816,2.653,0.004,0.007,15292.0,5334.0,1.0
"beta_dist[Nava, Daniel]",1.611,0.374,0.885,2.299,0.003,0.005,16742.0,5642.0,1.0
"beta_dist[García, Leury]",1.703,0.25,1.223,2.153,0.002,0.003,13407.0,7093.0,1.0
"beta_dist[Gallo, Joey]",2.272,0.235,1.813,2.685,0.002,0.003,12692.0,6472.0,1.0
"beta_dist[Moss, Brandon]",1.645,0.458,0.767,2.468,0.004,0.006,15970.0,5854.0,1.0
"beta_dist[Martínez, José A.]",1.816,0.275,1.299,2.333,0.002,0.003,13570.0,7035.0,1.0
"beta_dist[Valaika, Pat]",1.623,0.449,0.805,2.489,0.003,0.006,17290.0,5697.0,1.0
"beta_dist[Frazier, Adam]",1.701,0.311,1.11,2.277,0.003,0.004,13500.0,6039.0,1.0
"beta_dist[Cespedes, Yoenis]",1.458,0.293,0.925,2.02,0.002,0.003,14821.0,6290.0,1.0
"beta_dist[Rodríguez, Sean]",1.581,0.39,0.854,2.325,0.003,0.005,16661.0,5878.0,1.0
"beta_dist[Florimón, Pedro]",1.659,0.454,0.826,2.527,0.003,0.005,17761.0,6214.0,1.0
"beta_dist[Gentry, Craig]",1.851,0.328,1.252,2.477,0.003,0.004,13353.0,6805.0,1.0
"beta_dist[Smith, Seth]",1.513,0.31,0.933,2.086,0.003,0.003,13930.0,6558.0,1.0
"beta_dist[Santana, Danny]",1.68,0.306,1.091,2.254,0.003,0.003,14103.0,6917.0,1.0
"beta_dist[Conforto, Michael]",1.667,0.184,1.311,2.013,0.002,0.002,11057.0,5891.0,1.0
"beta_dist[Amarista, Alexi]",1.869,0.437,1.078,2.725,0.003,0.006,16537.0,6159.0,1.0
"beta_dist[Tomlinson, Kelby]",1.882,0.456,1.023,2.728,0.003,0.006,17090.0,5846.0,1.0
"beta_dist[Taylor, Chris]",2.221,0.257,1.74,2.704,0.002,0.003,13108.0,6827.0,1.0
"beta_dist[Descalso, Daniel]",1.476,0.421,0.671,2.263,0.003,0.005,17207.0,5649.0,1.0
"beta_dist[Gennett, Scooter]",1.768,0.434,1.008,2.644,0.003,0.005,16961.0,5205.0,1.0
"beta_dist[Stevenson, Andrew]",1.686,0.375,0.978,2.395,0.003,0.005,17036.0,6159.0,1.0
"beta_dist[Brantley, Michael]",1.773,0.229,1.352,2.209,0.002,0.002,12669.0,6562.0,1.0
"beta_dist[Perkins, Cameron]",1.643,0.398,0.892,2.383,0.003,0.005,16215.0,5072.0,1.0
"beta_dist[Robinson, Shane]",1.154,0.392,0.401,1.867,0.003,0.005,15527.0,6311.0,1.0
"beta_dist[Contreras, Willson]",1.799,0.463,0.945,2.693,0.003,0.006,18049.0,5345.0,1.0
"beta_dist[Williams, Nick]",1.527,0.262,1.04,2.015,0.002,0.003,14160.0,6904.0,1.0
"beta_dist[Pinder, Chad]",2.014,0.281,1.472,2.527,0.002,0.003,13410.0,6917.0,1.0
"beta_dist[Beltrán, Carlos]",1.728,0.47,0.86,2.645,0.004,0.006,15681.0,5669.0,1.0
"beta_dist[Goodwin, Brian]",1.748,0.216,1.345,2.147,0.002,0.002,10027.0,6195.0,1.0
"beta_dist[Difo, Wilmer]",1.834,0.472,0.965,2.724,0.003,0.006,18523.0,6024.0,1.0
"beta_dist[Alcántara, Arismendy]",1.222,0.436,0.42,2.045,0.004,0.006,12820.0,5563.0,1.0
"beta_dist[Heisey, Chris]",1.643,0.425,0.891,2.49,0.003,0.006,17564.0,5260.0,1.0
"beta_dist[Cordero, Franchy]",1.966,0.326,1.381,2.605,0.003,0.004,12608.0,6336.0,1.0
"beta_dist[Thompson, Trayce]",1.715,0.337,1.091,2.363,0.003,0.004,16414.0,6947.0,1.0
"beta_dist[Raburn, Ryan]",1.89,0.442,1.107,2.758,0.003,0.006,16355.0,5134.0,1.0
"beta_dist[Peterson, Shane]",1.986,0.427,1.185,2.786,0.004,0.005,13857.0,6152.0,1.0
"beta_dist[Grossman, Robbie]",2.115,0.236,1.695,2.58,0.002,0.002,11234.0,6625.0,1.0
"beta_dist[Jaso, John]",1.536,0.348,0.888,2.195,0.003,0.004,15572.0,6608.0,1.0
"beta_dist[Córdoba, Allen]",1.984,0.368,1.324,2.701,0.003,0.004,15382.0,6323.0,1.0
"beta_dist[Merrifield, Whit]",1.79,0.266,1.276,2.273,0.002,0.003,13339.0,6610.0,1.0
"beta_dist[Soler, Jorge]",2.09,0.273,1.572,2.609,0.002,0.003,12878.0,6925.0,1.0
"beta_dist[Harrison, Josh]",1.675,0.441,0.893,2.546,0.004,0.006,15658.0,5600.0,1.0
"beta_dist[Young Jr., Eric]",2.152,0.331,1.512,2.755,0.003,0.003,12943.0,6213.0,1.0
"beta_dist[Rivera, T.J.]",1.682,0.472,0.802,2.568,0.004,0.007,16673.0,5442.0,1.0
"beta_dist[Osuna, José]",1.638,0.32,1.04,2.238,0.003,0.003,12860.0,6591.0,1.0
"beta_dist[den Dekker, Matthew]",1.849,0.444,1.0,2.697,0.004,0.006,14977.0,4798.0,1.0
"beta_dist[Jones, Ryder]",1.734,0.473,0.893,2.673,0.004,0.006,16653.0,5960.0,1.0
"beta_dist[Refsnyder, Rob]",2.144,0.418,1.375,2.922,0.003,0.005,15558.0,5887.0,1.0
"beta_dist[Smith Jr., Dwight]",2.057,0.283,1.524,2.582,0.003,0.003,12398.0,6922.0,1.0
"beta_dist[Robertson, Daniel]",1.729,0.419,0.964,2.522,0.003,0.005,16755.0,5715.0,1.0
"beta_dist[Franklin, Nick]",1.779,0.408,1.004,2.524,0.003,0.005,15914.0,6016.0,1.0
"beta_dist[Gutierrez, Franklin]",1.689,0.46,0.812,2.541,0.004,0.006,15501.0,5882.0,1.0
"beta_dist[Brinson, Lewis]",1.466,0.219,1.056,1.877,0.002,0.002,10324.0,6802.0,1.0
"beta_dist[Vogt, Stephen]",1.82,0.464,0.973,2.711,0.004,0.006,16060.0,6089.0,1.0
"beta_dist[Belt, Brandon]",1.646,0.411,0.922,2.448,0.004,0.005,13344.0,5853.0,1.0
"beta_dist[González, Erik]",1.839,0.462,1.001,2.728,0.004,0.006,16573.0,6270.0,1.0
"beta_dist[Brugman, Jaycob]",1.335,0.357,0.634,1.989,0.003,0.004,13478.0,6193.0,1.0
"beta_dist[Kelly, Ty]",1.81,0.453,0.948,2.651,0.004,0.006,14027.0,5846.0,1.0
"beta_dist[Gyorko, Jedd]",1.729,0.47,0.862,2.617,0.004,0.006,16657.0,5229.0,1.0
"beta_dist[Hazelbaker, Jeremy]",1.467,0.426,0.658,2.272,0.003,0.005,18328.0,5856.0,1.0
"beta_dist[Rasmus, Colby]",2.225,0.356,1.544,2.885,0.003,0.004,13034.0,6668.0,1.0
"beta_dist[Camargo, Johan]",1.641,0.442,0.842,2.483,0.003,0.005,17088.0,5721.0,1.0
"beta_dist[Calixte, Orlando]",1.776,0.444,0.96,2.603,0.004,0.006,14956.0,5449.0,1.0
"beta_dist[Barney, Darwin]",1.67,0.475,0.789,2.566,0.003,0.006,20792.0,5594.0,1.0
"beta_dist[Coghlan, Chris]",1.63,0.469,0.697,2.47,0.004,0.007,17296.0,5631.0,1.0
"beta_dist[Powell, Boog]",1.227,0.368,0.538,1.919,0.003,0.004,14938.0,6263.0,1.0
"beta_dist[Martinez, Michael]",1.699,0.47,0.775,2.555,0.004,0.006,17410.0,5508.0,1.0
"beta_dist[Eibner, Brett]",1.746,0.448,0.891,2.571,0.003,0.005,18022.0,6495.0,1.0
"beta_dist[Tomás, Yasmany]",1.566,0.403,0.806,2.314,0.003,0.005,16041.0,5810.0,1.0
"beta_dist[Núñez, Eduardo]",1.736,0.396,0.991,2.484,0.003,0.004,15676.0,6009.0,1.0
"beta_dist[Owings, Chris]",1.461,0.321,0.838,2.043,0.003,0.004,13038.0,6056.0,1.0
"beta_dist[Marte, Jefry]",1.795,0.47,0.929,2.688,0.004,0.007,15961.0,5363.0,1.0
"beta_dist[Ortiz, Danny]",1.653,0.457,0.797,2.497,0.003,0.005,17221.0,5568.0,1.0
"beta_dist[Bonifacio, Jorge]",2.092,0.252,1.609,2.565,0.002,0.003,14229.0,6442.0,1.0
"beta_dist[Escobar, Eduardo]",1.92,0.463,1.03,2.77,0.004,0.006,15950.0,5756.0,1.0
"beta_dist[Ceciliani, Darrell]",1.723,0.477,0.821,2.643,0.004,0.006,16343.0,5691.0,1.0
"beta_dist[Morse, Michael]",1.703,0.479,0.826,2.633,0.004,0.007,16622.0,4949.0,1.0
"beta_dist[Ruggiano, Justin]",1.694,0.408,0.944,2.464,0.003,0.005,17899.0,5680.0,1.0
"beta_dist[Alford, Anthony]",1.988,0.385,1.26,2.723,0.003,0.005,14742.0,5498.0,1.0
"beta_dist[Sogard, Eric]",1.64,0.472,0.734,2.503,0.004,0.007,15744.0,5618.0,1.0
"beta_dist[Marisnick, Jake]",1.506,0.254,1.053,2.003,0.002,0.003,12111.0,6543.0,1.0
"beta_dist[Van Slyke, Scott]",1.619,0.452,0.796,2.507,0.004,0.006,16532.0,5631.0,1.0
"beta_dist[Díaz, Yandy]",1.72,0.484,0.786,2.612,0.004,0.007,15911.0,5246.0,1.0
"beta_dist[Toles, Andrew]",1.89,0.411,1.091,2.632,0.003,0.005,17274.0,6436.0,1.0
"beta_dist[Polanco, Gregory]",1.947,0.244,1.5,2.423,0.002,0.003,11458.0,6587.0,1.0
"beta_dist[Stassi, Brock]",1.731,0.481,0.813,2.612,0.004,0.006,16125.0,5603.0,1.0
"beta_dist[Díaz, Aledmys]",1.782,0.463,0.931,2.655,0.004,0.007,15245.0,5125.0,1.0
"beta_dist[Decker, Jaff]",1.75,0.43,0.905,2.511,0.003,0.005,17541.0,5825.0,1.0
"beta_dist[Flaherty, Ryan]",1.759,0.469,0.881,2.642,0.003,0.006,18400.0,5456.0,1.0
"beta_dist[Profar, Jurickson]",1.811,0.377,1.104,2.513,0.003,0.004,14899.0,6608.0,1.0
"beta_dist[Eaton, Adam]",1.907,0.212,1.504,2.304,0.002,0.002,12239.0,6536.0,1.0
"beta_dist[Marrero, Chris]",1.554,0.442,0.733,2.389,0.003,0.006,16382.0,5132.0,1.0
"beta_dist[May, Jacob]",1.644,0.414,0.866,2.419,0.003,0.005,16820.0,5788.0,1.0
"beta_dist[Dyson, Jarrod]",1.258,0.237,0.82,1.7,0.002,0.002,12196.0,6618.0,1.0
"beta_dist[Bonifácio, Emilio]",1.77,0.444,0.961,2.608,0.004,0.006,15508.0,5999.0,1.0
"beta_dist[Hill, Aaron]",1.79,0.469,0.942,2.705,0.004,0.006,16075.0,5563.0,1.0
"beta_dist[Cardullo, Stephen]",1.704,0.466,0.816,2.545,0.003,0.007,18698.0,5456.0,1.0
"beta_dist[d'Arnaud, Chase]",1.726,0.482,0.874,2.686,0.003,0.007,20396.0,5077.0,1.0
"beta_dist[Nieuwenhuis, Kirk]",1.625,0.479,0.738,2.517,0.004,0.007,15656.0,5222.0,1.0
"beta_dist[Rosales, Adam]",1.684,0.477,0.769,2.551,0.004,0.006,13818.0,4839.0,1.0
"beta_dist[Soto, Juan]",1.913,0.21,1.527,2.317,0.002,0.002,12698.0,6543.0,1.0
"beta_dist[Dahl, David]",1.844,0.251,1.377,2.311,0.002,0.003,11531.0,6888.0,1.0
"beta_dist[McKinney, Billy]",1.549,0.324,0.957,2.172,0.003,0.004,15795.0,6574.0,1.0
"beta_dist[O'Neill, Tyler]",2.022,0.32,1.405,2.609,0.003,0.003,14699.0,6764.0,1.0
"beta_dist[Reyes, Pablo]",1.352,0.329,0.731,1.958,0.003,0.004,14016.0,6133.0,1.0
"beta_dist[Schebler, Scott]",1.837,0.249,1.374,2.305,0.002,0.003,12401.0,6883.0,1.0
"beta_dist[Martini, Nick]",1.99,0.347,1.356,2.662,0.003,0.004,13852.0,6370.0,1.0
"beta_dist[Galloway, Isaac]",1.754,0.396,1.024,2.519,0.003,0.005,14183.0,6404.0,1.0
"beta_dist[Martinez, J.D.]",1.736,0.266,1.247,2.241,0.002,0.003,13349.0,6640.0,1.0
"beta_dist[Stewart, DJ]",1.494,0.318,0.896,2.1,0.003,0.003,13326.0,6601.0,1.0
"beta_dist[Tucker, Kyle]",1.86,0.325,1.245,2.461,0.003,0.004,14173.0,6726.0,1.0
"beta_dist[Cozens, Dylan]",1.764,0.423,0.949,2.527,0.003,0.006,17633.0,6049.0,1.0
"beta_dist[Acuña Jr., Ronald]",1.834,0.221,1.422,2.245,0.002,0.002,12285.0,6596.0,1.0
"beta_dist[Herrera, Odúbel]",1.847,0.225,1.429,2.262,0.002,0.002,12188.0,6097.0,1.0
"beta_dist[Renfroe, Hunter]",1.784,0.211,1.396,2.188,0.002,0.002,11817.0,6481.0,1.0
"beta_dist[McCutchen, Andrew]",1.752,0.204,1.374,2.136,0.002,0.002,11628.0,6233.0,1.0
"beta_dist[Yelich, Christian]",2.221,0.2,1.862,2.61,0.002,0.002,11803.0,6480.0,1.0
"beta_dist[Holliday, Matt]",1.741,0.434,0.959,2.584,0.003,0.005,15373.0,6212.0,1.0
"beta_dist[Smith, Dominic]",1.804,0.351,1.119,2.439,0.003,0.004,14779.0,6192.0,1.0
"beta_dist[Dean, Austin]",1.75,0.313,1.158,2.33,0.003,0.004,15028.0,6251.0,1.0
"beta_dist[Tocci, Carlos]",2.177,0.35,1.516,2.827,0.003,0.004,13085.0,6939.0,1.0
"beta_dist[Fowler, Dustin]",1.465,0.356,0.793,2.111,0.003,0.004,15396.0,6164.0,1.0
"beta_dist[Shaw, Chris]",1.452,0.456,0.572,2.277,0.004,0.006,16152.0,5789.0,1.0
"beta_dist[Span, Denard]",1.788,0.237,1.324,2.22,0.002,0.002,11525.0,6946.0,1.0
"beta_dist[Swihart, Blake]",1.506,0.4,0.722,2.236,0.003,0.005,14927.0,6103.0,1.0
"beta_dist[Field, Johnny]",2.27,0.358,1.618,2.965,0.003,0.004,14781.0,6642.0,1.0
"beta_dist[Palka, Daniel]",-0.718,0.192,-1.077,-0.352,0.002,0.002,11473.0,6131.0,1.0
"beta_dist[Davis, Jonathan]",1.718,0.343,1.052,2.33,0.003,0.004,14002.0,6341.0,1.0
"beta_dist[Choo, Shin-Soo]",1.988,0.234,1.546,2.421,0.002,0.002,11978.0,6675.0,1.0
"beta_dist[Herrera, Dilson]",1.855,0.455,1.002,2.715,0.004,0.006,15013.0,5826.0,1.0
"beta_dist[Reyes, Victor]",1.686,0.258,1.182,2.146,0.002,0.003,11612.0,6772.0,1.0
"beta_dist[Stanton, Giancarlo]",1.815,0.242,1.377,2.284,0.002,0.002,12665.0,6167.0,1.0
"beta_dist[Stewart, Christin]",1.769,0.298,1.225,2.346,0.002,0.003,14972.0,6371.0,1.0
"beta_dist[Travis, Sam]",1.729,0.402,0.939,2.46,0.003,0.006,15225.0,6074.0,1.0
"beta_dist[Jones, Adam]",1.661,0.21,1.281,2.066,0.002,0.002,12974.0,6882.0,1.0
"beta_dist[Meadows, Austin]",1.919,0.284,1.397,2.465,0.002,0.003,13497.0,6361.0,1.0
"beta_dist[Hermosillo, Michael]",2.041,0.377,1.372,2.779,0.003,0.004,14444.0,6101.0,1.0
"beta_dist[Brito, Sócrates]",1.902,0.372,1.203,2.61,0.003,0.005,14963.0,5901.0,1.0
"beta_dist[García, Adolis]",1.685,0.47,0.804,2.58,0.004,0.007,16629.0,5159.0,1.0
"beta_dist[Robles, Victor]",1.418,0.241,0.992,1.9,0.002,0.003,12558.0,6370.0,1.0
"beta_dist[LaMarre, Ryan]",1.326,0.313,0.727,1.912,0.003,0.003,14179.0,7028.0,1.0
"beta_dist[Williams, Mason]",1.878,0.38,1.204,2.635,0.003,0.004,14793.0,6678.0,1.0
"beta_dist[Andreoli, John]",1.856,0.41,1.085,2.629,0.003,0.005,17893.0,6024.0,1.0
"beta_dist[Bauers, Jake]",1.24,0.293,0.71,1.809,0.002,0.004,14171.0,5904.0,1.0
"beta_dist[Bote, David]",1.685,0.465,0.796,2.551,0.003,0.006,18303.0,5464.0,1.0
"beta_dist[Davis, J.D.]",1.802,0.335,1.193,2.459,0.003,0.004,13443.0,6622.0,1.0
"beta_dist[Pence, Hunter]",1.09,0.202,0.734,1.489,0.002,0.002,13207.0,6270.0,1.0
"beta_dist[Reinheimer, Jack]",1.713,0.469,0.866,2.591,0.004,0.006,16311.0,5682.0,1.0
"beta_dist[Ortega, Rafael]",2.233,0.371,1.561,2.948,0.003,0.005,15214.0,5723.0,1.0
"beta_dist[Lowe, Brandon]",1.85,0.402,1.077,2.598,0.003,0.005,17160.0,6107.0,1.0
"beta_dist[Cowart, Kaleb]",1.671,0.475,0.775,2.548,0.004,0.006,15871.0,5460.0,1.0
"beta_dist[O'Hearn, Ryan]",1.704,0.474,0.788,2.583,0.003,0.006,19302.0,5442.0,1.0
"beta_dist[Bautista, José]",1.665,0.247,1.189,2.111,0.002,0.003,11876.0,6845.0,1.0
"beta_dist[Quinn, Roman]",1.602,0.302,1.027,2.161,0.003,0.003,13660.0,5937.0,1.0
"beta_dist[Muñoz, Yairo]",1.31,0.402,0.511,2.039,0.003,0.005,15500.0,5965.0,1.0
"beta_dist[Goodrum, Niko]",2.04,0.357,1.391,2.732,0.003,0.004,16309.0,5960.0,1.0
"beta_dist[Myers, Wil]",2.226,0.276,1.717,2.753,0.002,0.003,12692.0,6422.0,1.0
"beta_dist[Tucker, Preston]",1.706,0.418,0.93,2.509,0.003,0.005,18899.0,5254.0,1.0
"beta_dist[Gerber, Mike]",1.654,0.427,0.854,2.43,0.004,0.006,14486.0,6018.0,1.0
"beta_dist[Cave, Jake]",1.316,0.261,0.826,1.8,0.002,0.003,12724.0,6664.0,1.0
"beta_dist[Dixon, Brandon]",1.664,0.408,0.886,2.419,0.003,0.005,15023.0,5957.0,1.0
"beta_dist[Culberson, Charlie]",2.024,0.392,1.311,2.776,0.003,0.005,17041.0,6264.0,1.0
"beta_dist[Sweeney, Darnell]",1.73,0.47,0.846,2.607,0.004,0.006,14245.0,5639.0,1.0
"beta_dist[Wendle, Joey]",1.859,0.434,1.055,2.659,0.004,0.006,14391.0,5853.0,1.0
"beta_dist[Rivera, Yadiel]",1.946,0.447,1.082,2.763,0.004,0.006,15529.0,4852.0,1.0
"beta_dist[Cuevas, Noel]",1.633,0.391,0.908,2.389,0.003,0.005,14154.0,6240.0,1.0
"beta_dist[Jones, JaCoby]",1.276,0.222,0.862,1.699,0.002,0.002,11149.0,6595.0,1.0
"beta_dist[Cooper, Garrett]",1.767,0.394,1.067,2.545,0.003,0.005,13780.0,5875.0,1.0
"beta_dist[Shuck, JB]",2.119,0.344,1.449,2.748,0.003,0.004,14097.0,7028.0,1.0
"beta_dist[Walker, Christian]",1.726,0.481,0.843,2.649,0.004,0.007,15699.0,4648.0,1.0
"beta_dist[Tilson, Charlie]",1.75,0.321,1.153,2.363,0.003,0.003,13589.0,6607.0,1.0
"beta_dist[Astudillo, Willians]",1.897,0.458,1.067,2.781,0.004,0.006,16335.0,5888.0,1.0
"beta_dist[Valentín, Jesmuel]",1.784,0.472,0.913,2.698,0.004,0.006,15636.0,5238.0,1.0
"beta_dist[Martin, Russell]",1.544,0.453,0.721,2.416,0.004,0.006,16364.0,5409.0,1.0
"beta_dist[Markakis, Nick]",1.756,0.185,1.404,2.099,0.002,0.002,11519.0,6353.0,1.0
"beta_dist[Evans, Phillip]",1.717,0.466,0.839,2.584,0.004,0.006,17692.0,5650.0,1.0
"beta_dist[Muncy, Max]",1.736,0.468,0.841,2.571,0.004,0.007,16169.0,5330.0,1.0
"beta_dist[Pompey, Dalton]",1.686,0.47,0.791,2.559,0.004,0.006,17501.0,5606.0,1.0
"beta_dist[Herrera, Rosell]",2.032,0.337,1.396,2.657,0.003,0.004,14895.0,6846.0,1.0
"beta_dist[Bautista, Rafael]",1.824,0.447,0.993,2.685,0.004,0.006,16010.0,5720.0,1.0
"beta_dist[Sierra, Moisés]",1.748,0.461,0.869,2.561,0.004,0.006,14981.0,5826.0,1.0
"beta_dist[Gosselin, Phil]",1.999,0.437,1.196,2.827,0.003,0.005,15652.0,5769.0,1.0
"beta_dist[Orlando, Paulo]",1.875,0.381,1.11,2.537,0.003,0.004,15052.0,6565.0,1.0
"beta_dist[Kingery, Scott]",1.429,0.34,0.779,2.059,0.003,0.004,13419.0,6250.0,1.0
"beta_dist[Naquin, Tyler]",1.965,0.251,1.496,2.436,0.002,0.002,12129.0,7101.0,1.0
"beta_dist[Almora Jr., Albert]",1.406,0.218,1.007,1.819,0.002,0.002,11855.0,6341.0,1.0
"beta_dist[Lee, Braxton]",1.569,0.472,0.691,2.452,0.003,0.006,18777.0,5806.0,1.0
"beta_dist[Alvarez, Yordan]",1.558,0.449,0.687,2.354,0.003,0.006,16728.0,6139.0,1.0
"beta_dist[Wade Jr., LaMonte]",1.457,0.414,0.665,2.217,0.003,0.006,18296.0,5270.0,1.0
"beta_dist[McBroom, Ryan]",1.602,0.441,0.779,2.425,0.003,0.006,16996.0,5578.0,1.0
"beta_dist[Rojas, Josh]",1.625,0.388,0.87,2.342,0.003,0.005,16182.0,6205.0,1.0
"beta_dist[Ward, Taylor]",1.879,0.382,1.191,2.622,0.003,0.005,15951.0,6065.0,1.0
"beta_dist[Jiménez, Eloy]",1.793,0.281,1.245,2.302,0.002,0.003,14668.0,6026.0,1.0
"beta_dist[Rodríguez, Ronny]",1.719,0.474,0.824,2.6,0.004,0.006,16041.0,5131.0,1.0
"beta_dist[Lopes, Tim]",1.498,0.368,0.824,2.191,0.003,0.004,14113.0,6397.0,1.0
"beta_dist[Beaty, Matt]",1.693,0.43,0.916,2.522,0.003,0.005,15254.0,6155.0,1.0
"beta_dist[Elmore, Jake]",1.898,0.448,1.061,2.707,0.004,0.005,15741.0,5971.0,1.0
"beta_dist[Pollock, AJ]",1.365,0.227,0.943,1.8,0.002,0.002,11696.0,6576.0,1.0
"beta_dist[Miller, Brad]",1.59,0.454,0.739,2.439,0.004,0.006,16110.0,5902.0,1.0
"beta_dist[García, Robel]",1.938,0.475,1.072,2.848,0.004,0.006,18231.0,5997.0,1.0
"beta_dist[Dickerson, Alex]",1.821,0.305,1.253,2.408,0.003,0.004,13961.0,6714.0,1.0
"beta_dist[Long Jr., Shed]",1.413,0.411,0.649,2.19,0.003,0.005,18014.0,5884.0,1.0
"beta_dist[VanMeter, Josh]",1.78,0.37,1.115,2.506,0.003,0.005,15523.0,5550.0,1.0
"beta_dist[Kramer, Kevin]",1.751,0.462,0.914,2.636,0.004,0.006,14547.0,6013.0,1.0
"beta_dist[McNeil, Jeff]",2.116,0.34,1.481,2.746,0.003,0.004,14515.0,6534.0,1.0
"beta_dist[Arraez, Luis]",1.72,0.411,0.918,2.492,0.003,0.006,16202.0,5608.0,1.0
"beta_dist[Brown, Seth]",1.696,0.435,0.864,2.489,0.003,0.006,17727.0,5444.0,1.0
"beta_dist[Straw, Myles]",1.498,0.372,0.816,2.222,0.003,0.004,14350.0,6370.0,1.0
"beta_dist[Ramírez, Harold]",1.974,0.29,1.444,2.535,0.002,0.003,13510.0,6268.0,1.0
"beta_dist[Hilliard, Sam]",2.103,0.358,1.426,2.776,0.003,0.004,14573.0,5992.0,1.0
"beta_dist[Cordell, Ryan]",1.772,0.325,1.158,2.383,0.003,0.004,14923.0,6335.0,1.0
"beta_dist[Yastrzemski, Mike]",1.521,0.266,1.022,2.013,0.002,0.003,13136.0,6532.0,1.0
"beta_dist[Moore, Dylan]",1.48,0.337,0.881,2.146,0.003,0.004,12234.0,5776.0,1.0
"beta_dist[Naylor, Josh]",1.646,0.33,1.014,2.259,0.003,0.004,14755.0,6640.0,1.0
"beta_dist[Miller, Ian]",1.469,0.435,0.637,2.265,0.003,0.006,18604.0,5153.0,1.0
"beta_dist[Fletcher, David]",1.676,0.406,0.887,2.402,0.003,0.005,14510.0,6407.0,1.0
"beta_dist[Heineman, Scott]",1.695,0.384,0.95,2.39,0.003,0.005,14155.0,5637.0,1.0
"beta_dist[Haseley, Adam]",1.719,0.322,1.104,2.316,0.003,0.004,14171.0,6178.0,1.0
"beta_dist[Wilkerson, Stevie]",1.941,0.331,1.325,2.568,0.003,0.004,14123.0,6642.0,1.0
"beta_dist[Peraza, José]",1.817,0.421,0.993,2.572,0.003,0.006,17476.0,5724.0,1.0
"beta_dist[Bishop, Braden]",1.707,0.397,0.989,2.467,0.003,0.005,16116.0,5772.0,1.0
"beta_dist[Rios, Edwin]",1.729,0.485,0.823,2.627,0.004,0.007,16094.0,5320.0,1.0
"beta_dist[Castellanos, Nick]",1.528,0.186,1.184,1.878,0.002,0.002,11973.0,6725.0,1.0
"beta_dist[Gurriel Jr., Lourdes]",2.065,0.268,1.576,2.575,0.002,0.003,12255.0,6938.0,1.0
"beta_dist[Santander, Anthony]",1.909,0.267,1.398,2.393,0.002,0.003,12386.0,5863.0,1.0
"beta_dist[Berti, Jon]",2.176,0.372,1.463,2.861,0.003,0.004,13717.0,5981.0,1.0
"beta_dist[Stubbs, Garrett]",1.62,0.467,0.743,2.495,0.004,0.006,16829.0,6037.0,1.0
"beta_dist[Grisham, Trent]",1.817,0.326,1.225,2.45,0.003,0.004,12418.0,6545.0,1.0
"beta_dist[Davis, Johnny]",1.693,0.48,0.786,2.595,0.004,0.006,16020.0,5267.0,1.0
"beta_dist[Reynolds, Bryan]",1.731,0.254,1.241,2.202,0.002,0.003,11757.0,6685.0,1.0
"beta_dist[O'Grady, Brian]",1.702,0.446,0.835,2.51,0.004,0.006,15899.0,5751.0,1.0
"beta_dist[Starling, Bubba]",1.497,0.334,0.872,2.121,0.003,0.004,13576.0,6421.0,1.0
"beta_dist[Broxton, Keon]",1.745,0.258,1.253,2.214,0.002,0.003,13153.0,6721.0,1.0
"beta_dist[Riley, Austin]",1.189,0.342,0.594,1.875,0.003,0.004,17044.0,6403.0,1.0
"beta_dist[Court, Ryan]",1.794,0.427,0.977,2.585,0.003,0.006,15833.0,5358.0,1.0
"beta_dist[Drury, Brandon]",1.728,0.413,0.961,2.514,0.003,0.005,14879.0,5345.0,1.0
"beta_dist[Mercado, Óscar]",1.409,0.265,0.897,1.89,0.002,0.003,12734.0,6775.0,1.0
"beta_dist[Lorenzen, Michael]",2.129,0.436,1.301,2.924,0.004,0.005,15008.0,6304.0,1.0
"beta_dist[Avelino, Abiatal]",1.725,0.481,0.831,2.626,0.004,0.006,13692.0,5645.0,1.0
"beta_dist[Brosseau, Mike]",1.578,0.456,0.732,2.422,0.004,0.006,15903.0,5868.0,1.0
"beta_dist[Daza, Yonathan]",1.687,0.404,0.911,2.437,0.003,0.005,16649.0,6100.0,1.0
"beta_dist[Garlick, Kyle]",1.949,0.418,1.135,2.71,0.003,0.005,15475.0,5777.0,1.0
"beta_dist[Rosario, Amed]",1.736,0.473,0.848,2.626,0.004,0.006,18242.0,5747.0,1.0
"beta_dist[Mejía, Francisco]",1.729,0.473,0.805,2.579,0.004,0.006,17188.0,5539.0,1.0
"beta_dist[Castro, Harold]",1.813,0.362,1.152,2.504,0.003,0.004,13775.0,6816.0,1.0
"beta_dist[Alberto, Hanser]",1.731,0.472,0.871,2.661,0.004,0.006,16377.0,5669.0,1.0
"beta_dist[Beckham, Tim]",1.848,0.437,1.034,2.662,0.004,0.005,13738.0,5561.0,1.0
"beta_dist[Bruce, Jay]",-1.32,0.125,-1.564,-1.095,0.001,0.001,8033.0,7167.0,1.0
"beta_dist[Velasquez, Vince]",1.688,0.474,0.797,2.586,0.003,0.007,19043.0,4928.0,1.0
"beta_dist[Garcia, Greg]",1.729,0.473,0.839,2.632,0.004,0.007,14576.0,5380.0,1.0
"beta_dist[Freeman, Mike]",1.604,0.457,0.77,2.474,0.004,0.006,15087.0,5497.0,1.0
"beta_dist[Urshela, Gio]",1.71,0.472,0.846,2.624,0.003,0.007,19007.0,5729.0,1.0
"beta_dist[Hampson, Garrett]",2.053,0.376,1.353,2.755,0.003,0.004,13508.0,6314.0,1.0
"beta_dist[Saladino, Tyler]",1.654,0.458,0.808,2.522,0.003,0.006,17245.0,6067.0,1.0
"beta_dist[Vargas, Ildemaro]",1.702,0.471,0.829,2.613,0.004,0.006,15459.0,5710.0,1.0
"beta_dist[Austin, Tyler]",2.115,0.427,1.304,2.92,0.003,0.005,16095.0,5642.0,1.0
"beta_dist[Gómez, Carlos]",2.084,0.196,1.719,2.444,0.002,0.002,12166.0,6251.0,1.0
"beta_dist[Biggio, Cavan]",1.612,0.405,0.881,2.393,0.003,0.005,15930.0,5597.0,1.0
"beta_dist[González, Carlos]",1.806,0.232,1.375,2.246,0.002,0.003,12717.0,5856.0,1.0
"beta_dist[Santana, Domingo]",1.867,0.237,1.434,2.324,0.002,0.003,12713.0,6835.0,1.0
"beta_dist[Newman, Kevin]",1.721,0.487,0.797,2.616,0.004,0.007,14779.0,5159.0,1.0
"beta_dist[Urena, Richard]",1.695,0.477,0.821,2.578,0.004,0.007,15840.0,4929.0,1.0
"beta_dist[Murphy, Tom]",1.782,0.474,0.895,2.679,0.004,0.006,14450.0,5522.0,1.0
"beta_dist[O'Brien, Peter]",1.928,0.446,1.123,2.781,0.004,0.006,13672.0,5724.0,1.0
"beta_dist[Solarte, Yangervis]",1.774,0.456,0.915,2.638,0.004,0.006,16742.0,5943.0,1.0
"beta_dist[Rondon, José]",1.734,0.483,0.827,2.643,0.004,0.007,16826.0,5238.0,1.0
"beta_dist[Estrada, Thairo]",1.793,0.477,0.869,2.666,0.004,0.006,17454.0,4989.0,1.0
"beta_dist[Peterson, Dustin]",1.675,0.435,0.861,2.489,0.004,0.006,15083.0,6470.0,1.0
"beta_dist[Moran, Colin]",1.701,0.471,0.818,2.583,0.004,0.006,16780.0,5466.0,1.0
"beta_dist[Martin, Jason]",2.097,0.426,1.301,2.907,0.003,0.005,15873.0,5527.0,1.0
"beta_dist[Joe, Connor]",1.682,0.467,0.804,2.544,0.004,0.006,16064.0,5398.0,1.0
"beta_dist[Zagunis, Mark]",1.732,0.443,0.914,2.583,0.003,0.005,17490.0,5789.0,1.0
"beta_dist[Jackson, Drew]",1.757,0.471,0.864,2.64,0.004,0.006,16285.0,5421.0,1.0
"beta_dist[Arozarena, Randy]",1.882,0.397,1.145,2.635,0.003,0.005,14742.0,5736.0,1.0
"beta_dist[Margot, Manuel]",1.706,0.208,1.314,2.099,0.002,0.002,11898.0,6548.0,1.0
"beta_dist[Aquino, Aristides]",2.103,0.367,1.375,2.76,0.003,0.004,15002.0,5967.0,1.0
"beta_dist[Carlson, Dylan]",1.29,0.416,0.496,2.069,0.003,0.005,16254.0,5391.0,1.0
"beta_dist[Engel, Adam]",1.557,0.207,1.155,1.936,0.002,0.002,13403.0,6899.0,1.0
"beta_dist[Akiyama, Shogo]",1.912,0.37,1.204,2.598,0.003,0.005,15801.0,5786.0,1.0
"beta_dist[Edman, Tommy]",1.625,0.407,0.833,2.378,0.003,0.005,17516.0,5564.0,1.0
"beta_dist[Duggar, Steven]",1.642,0.293,1.105,2.198,0.003,0.003,12257.0,6661.0,1.0
"beta_dist[White, Eli]",1.915,0.44,1.082,2.743,0.003,0.006,17378.0,5788.0,1.0
"beta_dist[Riddle, JT]",1.677,0.353,1.0,2.327,0.003,0.004,15457.0,6520.0,1.0
"beta_dist[Solak, Nick]",1.756,0.339,1.128,2.408,0.003,0.004,14102.0,6588.0,1.0
"beta_dist[Hays, Austin]",1.719,0.338,1.075,2.344,0.003,0.004,14473.0,6001.0,1.0
"beta_dist[Chavis, Michael]",1.914,0.447,1.042,2.756,0.004,0.006,15827.0,5859.0,1.0
"beta_dist[Marmolejos, José]",1.918,0.432,1.095,2.719,0.004,0.006,15262.0,5678.0,1.0
"beta_dist[Fraley, Jake]",1.811,0.433,0.975,2.618,0.003,0.006,16740.0,5631.0,1.0
"beta_dist[Ruf, Darin]",1.945,0.423,1.165,2.76,0.003,0.005,15545.0,6175.0,1.0
"beta_dist[Moniak, Mickey]",1.567,0.452,0.728,2.425,0.004,0.006,16111.0,5681.0,1.0
"beta_dist[Heath, Nick]",1.794,0.451,0.968,2.638,0.004,0.006,15210.0,5333.0,1.0
"beta_dist[Olivares, Edward]",1.666,0.383,0.957,2.381,0.003,0.005,16269.0,6827.0,1.0
"beta_dist[Lin, Tzu-Wei]",1.639,0.443,0.843,2.509,0.003,0.006,16907.0,5363.0,1.0
"beta_dist[Smith, Pavin]",1.946,0.467,1.08,2.832,0.004,0.006,16367.0,5355.0,1.0
"beta_dist[Mountcastle, Ryan]",1.737,0.45,0.871,2.559,0.004,0.006,15885.0,5196.0,1.0
"beta_dist[Oliva, Jared]",1.761,0.461,0.903,2.646,0.004,0.006,14802.0,5906.0,1.0
"beta_dist[Taylor, Michael A.]",1.749,0.223,1.325,2.167,0.002,0.002,12650.0,6485.0,1.0
"beta_dist[Fuentes, Joshua]",1.732,0.489,0.814,2.639,0.004,0.007,18294.0,5310.0,1.0
"beta_dist[Tsutsugo, Yoshi]",1.628,0.466,0.685,2.452,0.004,0.006,16612.0,5713.0,1.0
"beta_dist[Demeritte, Travis]",2.111,0.312,1.528,2.704,0.003,0.003,13322.0,6720.0,1.0
"beta_dist[Ravelo, Rangel]",1.705,0.445,0.826,2.475,0.004,0.006,14413.0,5497.0,1.0
"beta_dist[Taylor, Tyrone]",2.054,0.429,1.233,2.863,0.003,0.005,16417.0,6232.0,1.0
"beta_dist[Andujar, Miguel]",1.67,0.484,0.788,2.581,0.004,0.006,17104.0,5288.0,1.0
"beta_dist[Basabe, Luis Alexander]",1.817,0.459,0.974,2.682,0.004,0.006,15973.0,5676.0,1.0
"beta_dist[Thaiss, Matt]",1.741,0.478,0.824,2.622,0.004,0.007,14507.0,5554.0,1.0
"beta_dist[Varsho, Daulton]",2.118,0.399,1.384,2.895,0.003,0.005,14678.0,6227.0,1.0
"beta_dist[Souza Jr., Steven]",1.494,0.255,1.016,1.96,0.002,0.003,11658.0,5959.0,1.0
"beta_dist[Walker, Neil]",1.63,0.43,0.785,2.399,0.003,0.005,15143.0,5660.0,1.0
"beta_dist[Strange-Gordon, Dee]",1.903,0.347,1.261,2.548,0.003,0.004,14617.0,6675.0,1.0
"beta_dist[Barreto, Franklin]",1.729,0.459,0.857,2.575,0.004,0.006,14782.0,5438.0,1.0
"beta_dist[Rooker, Brent]",1.979,0.461,1.128,2.858,0.004,0.006,14329.0,6110.0,1.0
"beta_dist[Haggerty, Sam]",1.601,0.43,0.813,2.421,0.003,0.006,18921.0,6255.0,1.0
"beta_dist[Dozier, Hunter]",1.526,0.354,0.873,2.186,0.003,0.004,13037.0,6343.0,1.0
"beta_dist[Payton, Mark]",1.687,0.467,0.817,2.57,0.004,0.006,16705.0,5785.0,1.0
"beta_dist[Mathias, Mark]",1.735,0.457,0.869,2.583,0.004,0.006,16756.0,5831.0,1.0
"beta_dist[Pillar, Kevin]",1.472,0.183,1.133,1.816,0.002,0.002,13070.0,6811.0,1.0
"beta_dist[Pache, Cristian]",1.682,0.482,0.768,2.563,0.004,0.007,16603.0,4844.0,1.0
"beta_dist[González, Luis]",1.774,0.469,0.879,2.644,0.004,0.006,12574.0,5437.0,1.0
"beta_dist[Zimmer, Bradley]",1.166,0.278,0.633,1.675,0.003,0.003,12116.0,6361.0,1.0
"beta_dist[Mateo, Jorge]",1.699,0.479,0.788,2.585,0.004,0.007,16373.0,5146.0,1.0
"beta_dist[Velazquez, Andrew]",1.368,0.476,0.517,2.301,0.004,0.007,15620.0,5214.0,1.0
"beta_dist[Mullins, Cedric]",1.314,0.317,0.718,1.898,0.003,0.003,14864.0,6525.0,1.0
"beta_dist[Mejia, Erick]",1.655,0.437,0.826,2.458,0.004,0.005,13831.0,5971.0,1.0
"beta_dist[Johnson, Daniel]",1.719,0.467,0.873,2.636,0.004,0.006,16517.0,5308.0,1.0
"beta_dist[Reyes, Franmil]",1.722,0.276,1.171,2.214,0.002,0.003,12960.0,6345.0,1.0
"beta_dist[McCarthy, Joe]",1.677,0.477,0.811,2.588,0.004,0.006,16432.0,5949.0,1.0
"beta_dist[Hoerner, Nico]",1.697,0.473,0.821,2.586,0.004,0.006,12860.0,4545.0,1.0
"beta_dist[Bradley Jr., Jackie]",0.962,0.184,0.613,1.297,0.002,0.002,12133.0,6769.0,1.0
"beta_dist[Kipnis, Jason]",1.275,0.362,0.604,1.964,0.003,0.004,17008.0,6323.0,1.0
"beta_dist[Heyward, Jason]",1.808,0.199,1.447,2.193,0.002,0.002,10310.0,6335.0,1.0
"beta_dist[Springer, George]",1.658,0.216,1.248,2.067,0.002,0.002,13022.0,6555.0,1.0
"beta_dist[Buxton, Byron]",1.493,0.218,1.095,1.924,0.002,0.002,11923.0,6203.0,1.0
"beta_dist[Blackmon, Charlie]",1.761,0.18,1.421,2.096,0.001,0.002,14370.0,6842.0,1.0
"beta_dist[Hamilton, Billy]",1.487,0.211,1.084,1.881,0.002,0.002,11538.0,5847.0,1.0
"beta_dist[Kiermaier, Kevin]",2.042,0.227,1.644,2.482,0.002,0.003,13477.0,6849.0,1.0
"beta_dist[Cain, Lorenzo]",1.455,0.201,1.067,1.826,0.002,0.002,12857.0,6203.0,1.0
"beta_dist[Ellsbury, Jacoby]",2.054,0.337,1.425,2.684,0.003,0.004,13650.0,6223.0,1.0
"beta_dist[Trout, Mike]",1.633,0.201,1.255,2.012,0.002,0.002,10736.0,6446.0,1.0
"beta_dist[Hannemann, Jacob]",1.732,0.455,0.843,2.525,0.004,0.006,15626.0,5109.0,1.0
"beta_dist[Lagares, Juan]",1.705,0.261,1.215,2.197,0.002,0.003,11529.0,6653.0,1.0
"beta_dist[Inciarte, Ender]",1.769,0.181,1.427,2.107,0.002,0.002,11078.0,6340.0,1.0
"beta_dist[Fowler, Dexter]",2.428,0.223,2.01,2.836,0.002,0.002,12038.0,6988.0,1.0
"beta_dist[Villar, Jonathan]",1.905,0.461,1.025,2.77,0.004,0.007,16750.0,4838.0,1.0
"beta_dist[Galvis, Freddy]",1.71,0.472,0.824,2.608,0.004,0.006,16114.0,5488.0,1.0
"beta_dist[Burns, Billy]",1.692,0.479,0.827,2.629,0.004,0.006,16852.0,5765.0,1.0
"beta_dist[Kepler, Max]",1.524,0.181,1.193,1.871,0.002,0.002,11913.0,6922.0,1.0
"beta_dist[Hoying, Jared]",1.958,0.411,1.199,2.729,0.003,0.005,14472.0,6228.0,1.0
"beta_dist[Stubbs, Drew]",1.599,0.443,0.742,2.415,0.004,0.006,15221.0,5882.0,1.0
"beta_dist[Selsky, Steve]",1.714,0.483,0.789,2.594,0.004,0.006,15428.0,5218.0,1.0
"beta_dist[Betts, Mookie]",1.725,0.182,1.382,2.059,0.002,0.002,12785.0,7160.0,1.0
"beta_dist[Laureano, Ramón]",1.475,0.238,1.045,1.939,0.002,0.003,11821.0,6329.0,1.0
"beta_dist[Guerrero, Gabriel]",1.523,0.457,0.672,2.413,0.004,0.007,13715.0,5305.0,1.0
"beta_dist[Harper, Bryce]",1.417,0.193,1.061,1.792,0.002,0.002,10098.0,6278.0,1.0
"beta_dist[Barnes, Brandon]",1.74,0.457,0.877,2.579,0.004,0.006,16351.0,5432.0,1.0
"beta_dist[Calhoun, Kole]",2.215,0.192,1.86,2.574,0.002,0.002,11240.0,6602.0,1.0
"beta_dist[Escobar, Alcides]",1.661,0.46,0.799,2.54,0.004,0.006,17249.0,5547.0,1.0
"beta_dist[Judge, Aaron]",-0.863,0.129,-1.106,-0.626,0.001,0.001,9366.0,6810.0,1.0
"beta_dist[Bolt, Skye]",1.636,0.44,0.845,2.491,0.004,0.006,15179.0,5634.0,1.0
"beta_dist[Lewis, Kyle]",1.461,0.306,0.888,2.041,0.003,0.003,13023.0,6728.0,1.0
"beta_dist[García, Avisaíl]",1.742,0.213,1.36,2.156,0.002,0.002,12624.0,6745.0,1.0
"beta_dist[Marte, Ketel]",1.684,0.316,1.099,2.291,0.003,0.003,14036.0,6339.0,1.0
"beta_dist[Senzel, Nick]",1.607,0.283,1.103,2.171,0.002,0.003,13711.0,6436.0,1.0
"beta_dist[Thomas, Lane]",1.902,0.414,1.149,2.688,0.003,0.005,15454.0,6206.0,1.0
"beta_dist[Harrison, Monte]",1.82,0.435,0.999,2.635,0.004,0.005,13956.0,5873.0,1.0
"beta_dist[Robert Jr., Luis]",1.878,0.373,1.135,2.541,0.003,0.004,13063.0,6190.0,1.0
"beta_dist[Dubón, Mauricio]",1.636,0.329,1.004,2.225,0.003,0.004,13875.0,6216.0,1.0
"beta_dist[Taveras, Leody]",2.322,0.387,1.625,3.069,0.003,0.005,13471.0,5958.0,1.0
"beta_dist[Adell, Jo]",1.996,0.371,1.291,2.685,0.003,0.004,16584.0,6606.0,1.0
"beta_dist[Hill, Derek]",1.84,0.448,1.025,2.702,0.003,0.006,17591.0,4844.0,1.0
"beta_dist[Tucker, Cole]",1.399,0.384,0.656,2.097,0.003,0.005,14576.0,5993.0,1.0
"beta_dist[Torreyes, Ronald]",1.717,0.481,0.827,2.665,0.004,0.006,16284.0,5882.0,1.0
"beta_dist[Florial, Estevan]",1.71,0.47,0.862,2.609,0.004,0.006,16821.0,5200.0,1.0
"beta_dist[Whitefield, Aaron]",1.71,0.476,0.834,2.626,0.004,0.007,16359.0,4660.0,1.0
"beta_dist[Puig, Yasiel]",2.161,0.211,1.787,2.582,0.002,0.002,10385.0,5828.0,1.0
"beta_dist[Taijeron, Travis]",1.45,0.439,0.593,2.245,0.003,0.006,16999.0,6410.0,1.0
"beta_dist[Piscotty, Stephen]",1.735,0.192,1.365,2.085,0.002,0.002,10408.0,6801.0,1.0
"beta_dist[Valencia, Danny]",2.024,0.403,1.291,2.788,0.003,0.005,16185.0,5441.0,1.0
"beta_dist[Trumbo, Mark]",1.31,0.347,0.679,1.985,0.003,0.004,16039.0,6382.0,1.0
"beta_dist[Moncrief, Carlos]",1.583,0.467,0.713,2.451,0.004,0.006,14469.0,5893.0,1.0
"beta_dist[Santana, Carlos]",1.877,0.468,0.999,2.75,0.004,0.006,16957.0,5943.0,1.0
"beta_dist[Cruz, Nelson]",1.693,0.453,0.806,2.509,0.004,0.006,16718.0,5548.0,1.0
"beta_dist[Olson, Matt]",1.505,0.426,0.697,2.279,0.003,0.006,15517.0,5814.0,1.0
"beta_dist[Adduci, James]",1.878,0.377,1.181,2.604,0.003,0.005,13867.0,5923.0,1.0
"beta_dist[Flores, Ramón]",2.006,0.449,1.159,2.836,0.003,0.006,18305.0,4983.0,1.0
"beta_dist[Parmley, Ian]",1.706,0.479,0.81,2.612,0.004,0.006,18028.0,5720.0,1.0
"beta_dist[Huffman, Chad]",1.77,0.466,0.862,2.615,0.004,0.006,15797.0,5501.0,1.0
"beta_dist[Sánchez, Yolmer]",1.731,0.473,0.824,2.608,0.004,0.006,14842.0,4815.0,1.0
"beta_dist[Báez, Javier]",1.713,0.482,0.786,2.596,0.004,0.006,17851.0,5836.0,1.0
"beta_dist[Anderson, Brian]",1.614,0.277,1.075,2.114,0.002,0.003,13716.0,6850.0,1.0
"beta_dist[Williams, Justin]",1.728,0.479,0.838,2.632,0.004,0.007,18434.0,4795.0,1.0
"beta_dist[Plouffe, Trevor]",1.725,0.471,0.853,2.613,0.004,0.006,12505.0,5094.0,1.0
"beta_dist[Kaczmarski, Kevin]",1.722,0.475,0.877,2.65,0.004,0.007,18098.0,5009.0,1.0
"beta_dist[Valera, Breyvic]",1.72,0.487,0.788,2.639,0.004,0.007,15826.0,5101.0,1.0
"beta_dist[Davis, Jaylin]",1.834,0.398,1.086,2.561,0.003,0.005,15339.0,6686.0,1.0
"beta_dist[Joseph, Corban]",1.705,0.473,0.842,2.606,0.004,0.006,18020.0,5144.0,1.0
"beta_dist[Goins, Ryan]",1.78,0.462,0.898,2.633,0.004,0.006,17305.0,5587.0,1.0
"beta_dist[Wong, Kean]",1.723,0.474,0.856,2.621,0.004,0.007,15855.0,5140.0,1.0
"beta_dist[Nola, Austin]",1.747,0.48,0.828,2.656,0.004,0.007,16245.0,5499.0,1.0
"beta_dist[Davis, Chris]",1.714,0.481,0.829,2.641,0.004,0.006,17838.0,5890.0,1.0
"beta_dist[Reed, Michael]",1.557,0.458,0.684,2.393,0.003,0.006,17618.0,5896.0,1.0
"beta_dist[Cameron, Daz]",2.134,0.413,1.372,2.905,0.003,0.005,14792.0,6024.0,1.0
"beta_dist[Walsh, Jared]",1.72,0.475,0.845,2.614,0.004,0.006,17254.0,5757.0,1.0
"beta_dist[McKinstry, Zach]",1.664,0.478,0.781,2.573,0.004,0.006,16191.0,5866.0,1.0
"beta_dist[Hernandez, Yadiel]",1.723,0.487,0.847,2.659,0.004,0.007,15360.0,5168.0,1.0
"beta_dist[Alfaro, Jorge]",1.678,0.49,0.734,2.592,0.004,0.007,17888.0,4810.0,1.0
"beta_dist[Sánchez, Jesús]",1.755,0.426,0.993,2.58,0.003,0.006,17917.0,5605.0,1.0
