,mean,sd,hdi_3%,hdi_97%,mcse_mean,mcse_sd,ess_bulk,ess_tail,r_hat
"alpha[Benintendi, Andrew]",-2.336,0.178,-2.683,-2.017,0.001,0.002,14442.0,6692.0,1.0
"alpha[Taylor, Chris]",-1.855,0.222,-2.283,-1.442,0.002,0.003,15748.0,6317.0,1.0
"alpha[Holt, Brock]",-2.387,0.384,-3.114,-1.677,0.003,0.005,15601.0,5876.0,1.0
"alpha[Martinez, J.D.]",-2.696,0.271,-3.208,-2.194,0.002,0.003,16777.0,5977.0,1.0
"alpha[Pederson, Joc]",-2.437,0.197,-2.812,-2.068,0.002,0.002,13176.0,6302.0,1.0
"alpha[Braun, Ryan]",-2.468,0.245,-2.931,-2.011,0.002,0.003,13862.0,6275.0,1.0
"alpha[Kemp, Tony]",-2.148,0.237,-2.609,-1.727,0.002,0.003,13847.0,6758.0,1.0
"alpha[Gonzalez, Marwin]",-1.985,0.248,-2.474,-1.54,0.002,0.003,15368.0,6612.0,1.0
"alpha[Kemp, Matt]",-2.501,0.286,-3.033,-1.95,0.002,0.003,15138.0,6450.0,1.0
"alpha[Canha, Mark]",-2.234,0.186,-2.587,-1.891,0.002,0.002,10520.0,6140.0,1.0
"alpha[Upton, Justin]",-2.657,0.211,-3.067,-2.271,0.002,0.002,14447.0,7262.0,1.0
"alpha[Swihart, Blake]",-2.865,0.39,-3.624,-2.16,0.003,0.005,15370.0,5606.0,1.0
"alpha[McCutchen, Andrew]",-2.712,0.192,-3.072,-2.359,0.002,0.002,14073.0,6239.0,1.0
"alpha[Gardner, Brett]",-1.769,0.15,-2.052,-1.491,0.001,0.002,11828.0,6284.0,1.0
"alpha[Dean, Austin]",-2.703,0.295,-3.259,-2.159,0.003,0.004,13757.0,5480.0,1.0
"alpha[Conforto, Michael]",-2.408,0.169,-2.722,-2.086,0.002,0.002,12301.0,6546.0,1.0
"alpha[Hanson, Alen]",-2.672,0.383,-3.386,-1.947,0.003,0.004,16572.0,6065.0,1.0
"alpha[Blanco, Grégor]",-2.11,0.316,-2.71,-1.522,0.003,0.004,15482.0,6918.0,1.0
"alpha[Mahtook, Mikie]",-2.192,0.285,-2.712,-1.647,0.002,0.003,16867.0,5882.0,1.0
"alpha[Gordon, Alex]",-2.53,0.197,-2.91,-2.185,0.002,0.002,13536.0,6912.0,1.0
"alpha[Brantley, Michael]",-2.522,0.187,-2.879,-2.177,0.002,0.002,12337.0,6128.0,1.0
"alpha[Acuña Jr., Ronald]",-1.976,0.176,-2.306,-1.651,0.001,0.002,14388.0,6299.0,1.0
"alpha[Yelich, Christian]",-2.643,0.187,-2.999,-2.294,0.002,0.002,14666.0,6949.0,1.0
"alpha[Holliday, Matt]",-2.579,0.428,-3.367,-1.749,0.003,0.006,17184.0,5565.0,1.0
"alpha[Parra, Gerardo]",-2.679,0.227,-3.115,-2.264,0.002,0.003,14858.0,6407.0,1.0
"alpha[Dahl, David]",-2.232,0.212,-2.614,-1.819,0.002,0.002,12691.0,6503.0,1.0
"alpha[Martini, Nick]",-2.171,0.281,-2.703,-1.647,0.002,0.003,14147.0,6320.0,1.0
"alpha[Gore, Terrance]",-1.752,0.352,-2.396,-1.089,0.003,0.004,18931.0,6383.0,1.0
"alpha[Zobrist, Ben]",-2.088,0.289,-2.621,-1.538,0.002,0.003,15037.0,6232.0,1.0
"alpha[Bryant, Kris]",-2.511,0.254,-3.006,-2.057,0.002,0.003,14240.0,6493.0,1.0
"alpha[Schwarber, Kyle]",-2.42,0.186,-2.764,-2.071,0.002,0.002,13765.0,7024.0,1.0
"alpha[Soto, Juan]",-1.941,0.157,-2.241,-1.655,0.001,0.002,12642.0,6788.0,1.0
"alpha[Smith, Dominic]",-2.85,0.279,-3.377,-2.347,0.002,0.003,14504.0,5922.0,1.0
"alpha[Slater, Austin]",-1.952,0.226,-2.357,-1.516,0.002,0.003,16186.0,7050.0,1.0
"alpha[Field, Johnny]",-2.026,0.289,-2.567,-1.474,0.002,0.003,15532.0,6421.0,1.0
"alpha[Palka, Daniel]",-0.31,0.146,-0.582,-0.039,0.001,0.002,13781.0,6184.0,1.0
"alpha[Renfroe, Hunter]",-2.466,0.186,-2.827,-2.126,0.002,0.002,12676.0,7060.0,1.0
"alpha[Smith Jr., Dwight]",-2.638,0.262,-3.098,-2.12,0.002,0.003,13671.0,6584.0,1.0
"alpha[Pham, Tommy]",-2.309,0.185,-2.641,-1.96,0.002,0.002,12197.0,6543.0,1.0
"alpha[McKinney, Billy]",-2.079,0.246,-2.562,-1.65,0.002,0.003,15033.0,6490.0,1.0
"alpha[Maybin, Cameron]",-1.851,0.221,-2.265,-1.437,0.002,0.002,14433.0,6655.0,1.0
"alpha[Calhoun, Willie]",-2.592,0.268,-3.105,-2.094,0.002,0.003,14793.0,6393.0,1.0
"alpha[O'Neill, Tyler]",-2.345,0.219,-2.756,-1.932,0.002,0.002,12278.0,6479.0,1.0
"alpha[Reyes, Pablo]",-2.085,0.315,-2.681,-1.497,0.002,0.004,16328.0,6330.0,1.0
"alpha[Schebler, Scott]",-2.216,0.252,-2.698,-1.756,0.002,0.003,14690.0,6813.0,1.0
"alpha[Young Jr., Eric]",-1.794,0.327,-2.395,-1.162,0.003,0.004,16441.0,6465.0,1.0
"alpha[Galloway, Isaac]",-1.67,0.35,-2.342,-1.031,0.003,0.004,15878.0,6308.0,1.0
"alpha[Locastro, Tim]",-1.984,0.248,-2.431,-1.502,0.002,0.003,14947.0,6396.0,1.0
"alpha[Stewart, DJ]",-2.848,0.262,-3.364,-2.369,0.002,0.003,13766.0,6097.0,1.0
"alpha[Tucker, Kyle]",-2.144,0.217,-2.543,-1.725,0.002,0.002,13700.0,6302.0,1.0
"alpha[Davis, Rajai]",-1.915,0.29,-2.501,-1.413,0.002,0.003,13958.0,6265.0,1.0
"alpha[Phillips, Brett]",-1.508,0.204,-1.89,-1.135,0.002,0.002,14576.0,5983.0,1.0
"alpha[Grossman, Robbie]",-2.619,0.191,-2.976,-2.257,0.002,0.002,11495.0,6643.0,1.0
"alpha[Delmonico, Nicky]",-2.446,0.287,-2.981,-1.906,0.002,0.004,15474.0,5911.0,1.0
"alpha[Cozens, Dylan]",-2.64,0.426,-3.44,-1.846,0.003,0.005,16299.0,6456.0,1.0
"alpha[Herrera, Odúbel]",-1.394,0.173,-1.718,-1.066,0.001,0.002,14493.0,7012.0,1.0
"alpha[Kivlehan, Patrick]",-2.066,0.484,-2.928,-1.121,0.003,0.007,20507.0,5766.0,1.0
"alpha[Hernández, Teoscar]",-2.143,0.173,-2.482,-1.834,0.002,0.002,12617.0,6520.0,1.0
"alpha[Tocci, Carlos]",-1.866,0.305,-2.421,-1.28,0.003,0.003,14327.0,6152.0,1.0
"alpha[Ozuna, Marcell]",-2.459,0.202,-2.841,-2.084,0.002,0.002,15454.0,6357.0,1.0
"alpha[Happ, Ian]",-1.86,0.189,-2.216,-1.508,0.002,0.002,13342.0,6887.0,1.0
"alpha[Davis, Jonathan]",-1.416,0.26,-1.912,-0.938,0.002,0.003,13470.0,5875.0,1.0
"alpha[Choo, Shin-Soo]",-2.718,0.242,-3.179,-2.274,0.002,0.003,13269.0,6677.0,1.0
"alpha[Dickerson, Corey]",-1.53,0.177,-1.875,-1.204,0.002,0.002,12329.0,6488.0,1.0
"alpha[Reyes, Victor]",-1.981,0.202,-2.369,-1.615,0.002,0.002,11751.0,6847.0,1.0
"alpha[Bonifacio, Jorge]",-2.445,0.263,-2.93,-1.94,0.002,0.003,13523.0,6711.0,1.0
"alpha[Hoskins, Rhys]",-2.466,0.26,-2.934,-1.954,0.002,0.003,12427.0,6520.0,1.0
"alpha[Jankowski, Travis]",-1.7,0.25,-2.195,-1.252,0.002,0.003,13681.0,6878.0,1.0
"alpha[Peralta, David]",-2.609,0.193,-2.973,-2.248,0.002,0.002,13511.0,5839.0,1.0
"alpha[Negrón, Kristopher]",-2.037,0.376,-2.739,-1.332,0.003,0.004,18626.0,6276.0,1.0
"alpha[Stanton, Giancarlo]",-2.1,0.266,-2.612,-1.621,0.002,0.003,14557.0,6377.0,1.0
"alpha[Stewart, Christin]",-2.532,0.266,-3.046,-2.044,0.002,0.004,14927.0,5706.0,1.0
"alpha[Guyer, Brandon]",-2.196,0.322,-2.802,-1.589,0.003,0.004,14961.0,5962.0,1.0
"alpha[Duvall, Adam]",-2.357,0.197,-2.727,-1.998,0.002,0.002,13263.0,6779.0,1.0
"alpha[Gallo, Joey]",-2.237,0.185,-2.586,-1.9,0.002,0.002,13232.0,6746.0,1.0
"alpha[Brito, Sócrates]",-2.333,0.343,-2.943,-1.646,0.003,0.004,15147.0,6263.0,1.0
"alpha[Reddick, Josh]",-2.36,0.206,-2.75,-1.981,0.002,0.002,12117.0,6869.0,1.0
"alpha[Mancini, Trey]",-2.477,0.239,-2.93,-2.033,0.002,0.003,15329.0,6628.0,1.0
"alpha[Jones, Adam]",-2.844,0.224,-3.251,-2.411,0.002,0.002,12221.0,6801.0,1.0
"alpha[Fowler, Dustin]",-1.597,0.266,-2.09,-1.097,0.002,0.003,15349.0,5970.0,1.0
"alpha[Shaw, Chris]",-2.07,0.438,-2.896,-1.266,0.003,0.006,19569.0,5697.0,1.0
"alpha[Heredia, Guillermo]",-1.846,0.185,-2.192,-1.5,0.002,0.002,13849.0,6500.0,1.0
"alpha[Span, Denard]",-2.162,0.254,-2.647,-1.697,0.002,0.003,15494.0,7092.0,1.0
"alpha[Herrera, Dilson]",-2.249,0.457,-3.152,-1.434,0.004,0.006,16478.0,5786.0,1.0
"alpha[Travis, Sam]",-2.327,0.349,-2.974,-1.66,0.003,0.004,16180.0,6726.0,1.0
"alpha[García, Adolis]",-1.624,0.219,-2.048,-1.226,0.002,0.002,12729.0,6229.0,1.0
"alpha[Robles, Victor]",-1.348,0.153,-1.63,-1.055,0.001,0.002,13242.0,6459.0,1.0
"alpha[Granderson, Curtis]",-2.073,0.236,-2.543,-1.657,0.002,0.002,12970.0,6719.0,1.0
"alpha[Luplow, Jordan]",-2.415,0.245,-2.862,-1.948,0.002,0.003,15290.0,6700.0,1.0
"alpha[Meadows, Austin]",-2.176,0.217,-2.566,-1.755,0.002,0.002,14485.0,6207.0,1.0
"alpha[Hermosillo, Michael]",-1.635,0.295,-2.169,-1.069,0.002,0.003,14911.0,5939.0,1.0
"alpha[LaMarre, Ryan]",-2.155,0.284,-2.672,-1.609,0.002,0.003,15195.0,6819.0,1.0
"alpha[Rickard, Joey]",-1.633,0.256,-2.13,-1.163,0.002,0.003,15470.0,6856.0,1.0
"alpha[Robinson, Drew]",-2.135,0.33,-2.763,-1.512,0.003,0.004,16724.0,5612.0,1.0
"alpha[García, Leury]",-1.994,0.201,-2.369,-1.613,0.002,0.002,13172.0,6367.0,1.0
"alpha[Williams, Mason]",-2.04,0.321,-2.637,-1.438,0.002,0.004,16490.0,6555.0,1.0
"alpha[Dietrich, Derek]",-2.638,0.294,-3.178,-2.091,0.003,0.003,13451.0,6858.0,1.0
"alpha[Altherr, Aaron]",-2.171,0.294,-2.71,-1.604,0.002,0.003,16357.0,6197.0,1.0
"alpha[Andreoli, John]",-1.826,0.379,-2.496,-1.082,0.003,0.005,17644.0,5380.0,1.0
"alpha[Rua, Ryan]",-2.148,0.324,-2.762,-1.544,0.003,0.004,13929.0,6586.0,1.0
"alpha[Goodwin, Brian]",-2.182,0.189,-2.544,-1.835,0.002,0.002,12991.0,6223.0,1.0
"alpha[Rosario, Eddie]",-2.255,0.169,-2.579,-1.943,0.002,0.002,12123.0,6463.0,1.0
"alpha[Pérez, Hernán]",-2.466,0.335,-3.098,-1.844,0.003,0.003,14029.0,6722.0,1.0
"alpha[Ervin, Phillip]",-2.045,0.232,-2.477,-1.602,0.002,0.002,16116.0,7288.0,1.0
"alpha[Pearce, Steve]",-2.062,0.414,-2.792,-1.26,0.003,0.005,17446.0,5722.0,1.0
"alpha[Bauers, Jake]",-2.438,0.275,-2.963,-1.935,0.002,0.003,12975.0,6528.0,1.0
"alpha[Jay, Jon]",-2.131,0.24,-2.586,-1.682,0.002,0.003,14876.0,6331.0,1.0
"alpha[Bostick, Christopher]",-2.137,0.496,-3.096,-1.243,0.004,0.006,19065.0,5845.0,1.0
"alpha[Bote, David]",-2.109,0.483,-3.015,-1.215,0.004,0.007,18246.0,5313.0,1.0
"alpha[Davis, J.D.]",-2.815,0.308,-3.413,-2.251,0.002,0.004,15501.0,6086.0,1.0
"alpha[Contreras, Willson]",-1.997,0.459,-2.851,-1.108,0.003,0.006,18814.0,5830.0,1.0
"alpha[Reinheimer, Jack]",-2.428,0.463,-3.308,-1.556,0.004,0.006,16899.0,5995.0,1.0
"alpha[Verdugo, Alex]",-1.995,0.187,-2.355,-1.647,0.002,0.002,13196.0,6993.0,1.0
"alpha[Peterson, Jace]",-2.515,0.285,-3.05,-1.978,0.002,0.003,13292.0,6570.0,1.0
"alpha[Smith, Mallex]",-1.071,0.169,-1.381,-0.744,0.001,0.002,12826.0,6440.0,1.0
"alpha[Pinder, Chad]",-2.155,0.223,-2.555,-1.713,0.002,0.002,16554.0,6973.0,1.0
"alpha[Pence, Hunter]",-2.583,0.285,-3.139,-2.063,0.002,0.004,13942.0,5980.0,1.0
"alpha[Lowe, Brandon]",-2.406,0.34,-3.059,-1.775,0.003,0.004,15586.0,5904.0,1.0
"alpha[Blash, Jabari]",-2.519,0.394,-3.279,-1.792,0.003,0.005,17607.0,6608.0,1.0
"alpha[Ortega, Rafael]",-2.09,0.232,-2.527,-1.666,0.002,0.003,15288.0,6336.0,1.0
"alpha[Frazier, Adam]",-2.318,0.318,-2.928,-1.729,0.003,0.004,14907.0,6191.0,1.0
"alpha[Nimmo, Brandon]",-1.797,0.172,-2.128,-1.483,0.002,0.002,12841.0,6033.0,1.0
"alpha[Cowart, Kaleb]",-2.179,0.475,-3.075,-1.277,0.003,0.006,18905.0,5555.0,1.0
"alpha[Merrifield, Whit]",-2.146,0.229,-2.576,-1.722,0.002,0.003,14949.0,6939.0,1.0
"alpha[Gentry, Craig]",-1.846,0.326,-2.477,-1.241,0.003,0.004,14837.0,6002.0,1.0
"alpha[Haniger, Mitch]",-1.863,0.176,-2.185,-1.525,0.002,0.002,12206.0,6465.0,1.0
"alpha[Bautista, José]",-2.432,0.309,-2.984,-1.837,0.002,0.004,16083.0,5924.0,1.0
"alpha[Robinson, Shane]",-1.829,0.374,-2.554,-1.148,0.003,0.005,16293.0,5948.0,1.0
"alpha[Hernández, Gorkys]",-1.911,0.24,-2.354,-1.443,0.002,0.003,13754.0,6464.0,1.0
"alpha[Quinn, Roman]",-1.601,0.239,-2.047,-1.159,0.002,0.003,14801.0,6719.0,1.0
"alpha[O'Hearn, Ryan]",-2.582,0.375,-3.295,-1.902,0.003,0.004,15124.0,6377.0,1.0
"alpha[Cabrera, Melky]",-3.039,0.276,-3.562,-2.535,0.002,0.003,15149.0,6666.0,1.0
"alpha[Goodrum, Niko]",-2.087,0.29,-2.646,-1.558,0.002,0.003,15611.0,5921.0,1.0
"alpha[Muñoz, Yairo]",-2.596,0.329,-3.215,-1.986,0.003,0.004,16371.0,6315.0,1.0
"alpha[Myers, Wil]",-2.226,0.198,-2.601,-1.863,0.002,0.002,13918.0,6920.0,1.0
"alpha[Adrianza, Ehire]",-2.496,0.362,-3.153,-1.799,0.003,0.005,17603.0,6138.0,1.0
"alpha[Grichuk, Randal]",-2.183,0.177,-2.515,-1.853,0.002,0.002,12175.0,6375.0,1.0
"alpha[Tucker, Preston]",-2.439,0.364,-3.122,-1.753,0.003,0.004,15783.0,6442.0,1.0
"alpha[Cave, Jake]",-2.033,0.203,-2.438,-1.673,0.002,0.002,13323.0,6466.0,1.0
"alpha[Pirela, José]",-1.969,0.369,-2.718,-1.329,0.003,0.005,17154.0,6328.0,1.0
"alpha[Gerber, Mike]",-2.182,0.388,-2.932,-1.472,0.003,0.005,17845.0,6333.0,1.0
"alpha[Desmond, Ian]",-2.2,0.254,-2.703,-1.739,0.002,0.003,12693.0,5869.0,1.0
"alpha[Dixon, Brandon]",-2.155,0.366,-2.862,-1.481,0.003,0.005,17515.0,5910.0,1.0
"alpha[Culberson, Charlie]",-2.331,0.342,-2.95,-1.68,0.003,0.004,14494.0,5890.0,1.0
"alpha[Williams, Nick]",-2.54,0.268,-3.024,-2.022,0.002,0.003,15020.0,6568.0,1.0
"alpha[Sweeney, Darnell]",-2.13,0.507,-3.11,-1.201,0.003,0.007,21789.0,5646.0,1.0
"alpha[Thames, Eric]",-2.263,0.353,-2.926,-1.603,0.003,0.004,15638.0,6738.0,1.0
"alpha[Wade, Tyler]",-2.286,0.347,-2.949,-1.655,0.003,0.004,15266.0,6390.0,1.0
"alpha[Wendle, Joey]",-2.37,0.407,-3.115,-1.607,0.003,0.005,16866.0,5741.0,1.0
"alpha[Davis, Khris]",-2.177,0.375,-2.894,-1.497,0.003,0.005,18267.0,5874.0,1.0
"alpha[Rivera, Yadiel]",-2.315,0.424,-3.092,-1.496,0.003,0.006,15821.0,5384.0,1.0
"alpha[Gamel, Ben]",-2.547,0.21,-2.97,-2.17,0.002,0.002,13010.0,6116.0,1.0
"alpha[Cuevas, Noel]",-2.205,0.352,-2.856,-1.538,0.003,0.004,17408.0,6085.0,1.0
"alpha[Jones, JaCoby]",-1.741,0.181,-2.076,-1.393,0.002,0.002,13192.0,6235.0,1.0
"alpha[Cooper, Garrett]",-2.51,0.327,-3.133,-1.888,0.003,0.004,15338.0,5888.0,1.0
"alpha[Bader, Harrison]",-1.315,0.147,-1.587,-1.039,0.001,0.002,13101.0,6941.0,1.0
"alpha[Winker, Jesse]",-2.858,0.22,-3.265,-2.439,0.002,0.002,13193.0,6504.0,1.0
"alpha[Hernández, Enrique]",-1.259,0.188,-1.63,-0.917,0.002,0.002,12224.0,6195.0,1.0
"alpha[Toles, Andrew]",-1.981,0.444,-2.831,-1.171,0.003,0.006,19655.0,6152.0,1.0
"alpha[Robertson, Daniel]",-1.987,0.459,-2.823,-1.115,0.003,0.006,18521.0,5917.0,1.0
"alpha[Kelly, Ty]",-2.26,0.48,-3.178,-1.392,0.003,0.007,20800.0,5556.0,1.0
"alpha[Frazier, Clint]",-2.746,0.252,-3.202,-2.263,0.002,0.003,14697.0,6555.0,1.0
"alpha[Joyce, Matt]",-2.42,0.26,-2.953,-1.954,0.002,0.003,17544.0,6894.0,1.0
"alpha[Jackson, Austin]",-1.934,0.248,-2.395,-1.466,0.002,0.003,13757.0,6108.0,1.0
"alpha[Astudillo, Willians]",-2.286,0.451,-3.115,-1.431,0.003,0.007,20250.0,5390.0,1.0
"alpha[Sogard, Eric]",-1.962,0.465,-2.839,-1.087,0.003,0.006,21394.0,6017.0,1.0
"alpha[Santana, Danny]",-2.462,0.288,-2.994,-1.908,0.002,0.003,15568.0,6640.0,1.0
"alpha[Walker, Christian]",-2.122,0.493,-3.046,-1.197,0.004,0.006,19502.0,5804.0,1.0
"alpha[Shuck, JB]",-2.037,0.33,-2.663,-1.423,0.003,0.004,13706.0,6642.0,1.0
"alpha[Tilson, Charlie]",-1.841,0.258,-2.314,-1.341,0.002,0.003,14965.0,6413.0,1.0
"alpha[Rasmus, Colby]",-2.268,0.397,-2.987,-1.503,0.003,0.005,21760.0,6293.0,1.0
"alpha[Williamson, Mac]",-2.393,0.306,-2.973,-1.845,0.002,0.004,16747.0,6113.0,1.0
"alpha[Szczur, Matt]",-2.219,0.417,-3.034,-1.462,0.003,0.005,18914.0,6560.0,1.0
"alpha[Rodríguez, Sean]",-2.078,0.35,-2.719,-1.426,0.003,0.004,17799.0,6367.0,1.0
"alpha[Allen, Greg]",-1.95,0.216,-2.369,-1.556,0.002,0.002,12898.0,6176.0,1.0
"alpha[Refsnyder, Rob]",-1.866,0.284,-2.415,-1.343,0.002,0.003,13572.0,6263.0,1.0
"alpha[Young, Chris]",-2.223,0.349,-2.904,-1.607,0.003,0.004,17123.0,6031.0,1.0
"alpha[Descalso, Daniel]",-1.902,0.465,-2.749,-0.983,0.003,0.006,20361.0,5687.0,1.0
"alpha[Eaton, Adam]",-2.376,0.185,-2.721,-2.024,0.002,0.002,11720.0,6064.0,1.0
"alpha[Valentín, Jesmuel]",-2.234,0.479,-3.152,-1.372,0.003,0.006,18942.0,5759.0,1.0
"alpha[Almonte, Abraham]",-2.172,0.271,-2.66,-1.648,0.002,0.003,13771.0,6251.0,1.0
"alpha[Bourjos, Peter]",-1.676,0.374,-2.383,-0.97,0.003,0.005,16830.0,6119.0,1.0
"alpha[Thompson, Trayce]",-2.201,0.285,-2.733,-1.671,0.002,0.003,14417.0,6160.0,1.0
"alpha[Martin, Russell]",-2.34,0.478,-3.229,-1.424,0.003,0.006,19688.0,5149.0,1.0
"alpha[Markakis, Nick]",-2.686,0.208,-3.093,-2.302,0.002,0.002,10731.0,6531.0,1.0
"alpha[Stevenson, Andrew]",-1.727,0.277,-2.252,-1.212,0.002,0.003,15117.0,7025.0,1.0
"alpha[Cordero, Franchy]",-2.306,0.267,-2.801,-1.795,0.002,0.003,15132.0,6134.0,1.0
"alpha[Belt, Brandon]",-2.839,0.394,-3.594,-2.117,0.003,0.005,16206.0,6091.0,1.0
"alpha[Adams, Matt]",-2.435,0.427,-3.225,-1.629,0.003,0.005,18883.0,6486.0,1.0
"alpha[Romine, Andrew]",-2.229,0.448,-3.094,-1.41,0.004,0.005,16125.0,5881.0,1.0
"alpha[Kendrick, Howie]",-2.015,0.44,-2.838,-1.182,0.003,0.006,19868.0,5356.0,1.0
"alpha[Evans, Phillip]",-2.027,0.365,-2.742,-1.373,0.003,0.004,15338.0,6496.0,1.0
"alpha[Fisher, Derek]",-1.932,0.305,-2.525,-1.39,0.003,0.003,14505.0,6664.0,1.0
"alpha[Muncy, Max]",-2.155,0.487,-3.047,-1.237,0.004,0.007,18446.0,4995.0,1.0
"alpha[Alford, Anthony]",-2.12,0.287,-2.64,-1.567,0.002,0.003,15157.0,6539.0,1.0
"alpha[Cespedes, Yoenis]",-2.783,0.342,-3.396,-2.115,0.003,0.004,15798.0,6106.0,1.0
"alpha[Herrera, Rosell]",-2.359,0.286,-2.887,-1.813,0.002,0.003,14987.0,6449.0,1.0
"alpha[Owings, Chris]",-2.122,0.272,-2.628,-1.622,0.002,0.003,14550.0,6393.0,1.0
"alpha[Pompey, Dalton]",-2.053,0.473,-2.935,-1.185,0.003,0.007,22572.0,5267.0,1.0
"alpha[Suzuki, Ichiro]",-2.319,0.406,-3.042,-1.535,0.003,0.005,17640.0,6390.0,1.0
"alpha[Dyson, Jarrod]",-2.106,0.192,-2.455,-1.731,0.002,0.002,14700.0,6775.0,1.0
"alpha[Bautista, Rafael]",-2.131,0.501,-3.074,-1.19,0.004,0.007,20263.0,5794.0,1.0
"alpha[Sierra, Moisés]",-1.915,0.456,-2.788,-1.065,0.003,0.006,18881.0,5697.0,1.0
"alpha[Marte, Jefry]",-2.248,0.496,-3.168,-1.337,0.003,0.007,22256.0,5604.0,1.0
"alpha[Gosselin, Phil]",-2.283,0.302,-2.852,-1.71,0.003,0.003,14578.0,6594.0,1.0
"alpha[Núñez, Renato]",-2.232,0.47,-3.153,-1.39,0.003,0.006,20553.0,5594.0,1.0
"alpha[Orlando, Paulo]",-2.054,0.343,-2.723,-1.434,0.003,0.004,15346.0,6711.0,1.0
"alpha[Mazara, Nomar]",-2.553,0.203,-2.943,-2.178,0.002,0.003,14235.0,6359.0,1.0
"alpha[Kingery, Scott]",-2.185,0.267,-2.657,-1.663,0.002,0.003,14656.0,6638.0,1.0
"alpha[Tauchman, Mike]",-1.954,0.234,-2.383,-1.505,0.002,0.003,15830.0,6397.0,1.0
"alpha[Bellinger, Cody]",-1.513,0.171,-1.836,-1.2,0.001,0.002,14395.0,6253.0,1.0
"alpha[Spangenberg, Cory]",-2.168,0.459,-2.997,-1.273,0.003,0.006,19322.0,5124.0,1.0
"alpha[Adams, Lane]",-2.095,0.467,-2.965,-1.202,0.004,0.006,16895.0,5629.0,1.0
"alpha[Motter, Taylor]",-1.951,0.464,-2.834,-1.083,0.003,0.006,18996.0,5825.0,1.0
"alpha[Naquin, Tyler]",-2.363,0.195,-2.719,-1.995,0.002,0.002,12320.0,6658.0,1.0
"alpha[Almora Jr., Albert]",-1.454,0.182,-1.788,-1.106,0.002,0.002,13362.0,6543.0,1.0
"alpha[Lee, Braxton]",-2.001,0.47,-2.906,-1.152,0.003,0.006,19654.0,5704.0,1.0
"alpha[Alvarez, Yordan]",-2.618,0.343,-3.263,-1.983,0.003,0.004,17176.0,5890.0,1.0
"alpha[Wade Jr., LaMonte]",-2.001,0.281,-2.487,-1.437,0.002,0.003,15309.0,6460.0,1.0
"alpha[McBroom, Ryan]",-2.54,0.393,-3.243,-1.773,0.003,0.005,19557.0,6489.0,1.0
"alpha[Tapia, Raimel]",-2.598,0.218,-3.022,-2.205,0.002,0.003,14733.0,6228.0,1.0
"alpha[Rojas, Josh]",-2.365,0.283,-2.89,-1.825,0.002,0.003,13123.0,6389.0,1.0
"alpha[Ward, Taylor]",-2.436,0.257,-2.918,-1.966,0.002,0.003,13049.0,6485.0,1.0
"alpha[Jiménez, Eloy]",-2.232,0.233,-2.682,-1.812,0.002,0.003,14539.0,6690.0,1.0
"alpha[Rodríguez, Ronny]",-2.163,0.494,-3.089,-1.231,0.004,0.007,19031.0,5150.0,1.0
"alpha[Díaz, Aledmys]",-2.291,0.395,-3.0,-1.522,0.003,0.005,19021.0,6056.0,1.0
"alpha[Beaty, Matt]",-2.267,0.316,-2.858,-1.692,0.002,0.004,16837.0,6548.0,1.0
"alpha[Pollock, AJ]",-1.785,0.175,-2.128,-1.472,0.002,0.002,11610.0,6998.0,1.0
"alpha[Miller, Brad]",-2.182,0.357,-2.857,-1.533,0.003,0.004,14976.0,6672.0,1.0
"alpha[García, Robel]",-2.365,0.472,-3.281,-1.511,0.003,0.006,19896.0,5720.0,1.0
"alpha[Dickerson, Alex]",-2.556,0.26,-3.05,-2.084,0.002,0.003,13315.0,6640.0,1.0
"alpha[Long Jr., Shed]",-2.617,0.342,-3.248,-1.952,0.003,0.004,14696.0,5999.0,1.0
"alpha[VanMeter, Josh]",-2.182,0.341,-2.823,-1.543,0.003,0.004,15608.0,7201.0,1.0
"alpha[Elmore, Jake]",-2.257,0.434,-3.06,-1.441,0.003,0.005,18010.0,5618.0,1.0
"alpha[Lopes, Tim]",-2.49,0.323,-3.085,-1.884,0.003,0.004,16400.0,6465.0,1.0
"alpha[Kramer, Kevin]",-2.24,0.432,-3.033,-1.426,0.003,0.005,18284.0,5945.0,1.0
"alpha[McNeil, Jeff]",-2.324,0.25,-2.815,-1.865,0.002,0.003,12928.0,6251.0,1.0
"alpha[Arraez, Luis]",-2.591,0.339,-3.227,-1.964,0.003,0.004,13683.0,6177.0,1.0
"alpha[Cordell, Ryan]",-1.826,0.266,-2.325,-1.328,0.002,0.003,15354.0,6661.0,1.0
"alpha[Yastrzemski, Mike]",-2.431,0.206,-2.815,-2.049,0.002,0.002,11599.0,6733.0,1.0
"alpha[Moore, Dylan]",-2.157,0.27,-2.673,-1.662,0.002,0.003,13540.0,6218.0,1.0
"alpha[Brown, Seth]",-1.727,0.274,-2.266,-1.247,0.002,0.003,15251.0,6667.0,1.0
"alpha[Naylor, Josh]",-2.514,0.253,-2.987,-2.034,0.002,0.003,14208.0,6838.0,1.0
"alpha[Miller, Ian]",-2.131,0.412,-2.95,-1.398,0.003,0.005,17092.0,6123.0,1.0
"alpha[Fletcher, David]",-1.972,0.359,-2.633,-1.299,0.003,0.004,15657.0,6343.0,1.0
"alpha[Heineman, Scott]",-2.145,0.323,-2.762,-1.55,0.002,0.004,16732.0,6089.0,1.0
"alpha[Straw, Myles]",-1.633,0.198,-1.994,-1.256,0.002,0.002,13533.0,6722.0,1.0
"alpha[Ramírez, Harold]",-2.804,0.233,-3.235,-2.363,0.002,0.003,13359.0,6364.0,1.0
"alpha[Hilliard, Sam]",-2.302,0.258,-2.821,-1.856,0.002,0.003,14139.0,6842.0,1.0
"alpha[González, Erik]",-2.264,0.477,-3.134,-1.362,0.003,0.006,19548.0,5800.0,1.0
"alpha[Peraza, José]",-2.26,0.389,-2.978,-1.519,0.003,0.005,16736.0,6654.0,1.0
"alpha[Haseley, Adam]",-2.089,0.253,-2.552,-1.601,0.002,0.003,14470.0,6319.0,1.0
"alpha[Wilkerson, Stevie]",-1.785,0.265,-2.269,-1.28,0.002,0.003,13537.0,6076.0,1.0
"alpha[Bishop, Braden]",-1.642,0.351,-2.29,-0.983,0.003,0.004,15874.0,6145.0,1.0
"alpha[Rios, Edwin]",-2.155,0.513,-3.153,-1.191,0.004,0.007,19687.0,5081.0,1.0
"alpha[Castellanos, Nick]",-2.681,0.182,-3.011,-2.334,0.002,0.002,12837.0,6090.0,1.0
"alpha[Gurriel Jr., Lourdes]",-2.22,0.21,-2.62,-1.828,0.002,0.002,12234.0,6363.0,1.0
"alpha[Berti, Jon]",-1.694,0.292,-2.249,-1.144,0.002,0.004,14850.0,6663.0,1.0
"alpha[Stubbs, Garrett]",-2.047,0.478,-2.939,-1.154,0.003,0.007,20354.0,5075.0,1.0
"alpha[Santander, Anthony]",-2.589,0.216,-2.986,-2.186,0.002,0.003,14792.0,6433.0,1.0
"alpha[Grisham, Trent]",-1.375,0.204,-1.752,-0.993,0.002,0.002,13212.0,6411.0,1.0
"alpha[Vogt, Stephen]",-1.872,0.454,-2.752,-1.03,0.003,0.006,18202.0,5110.0,1.0
"alpha[Davis, Johnny]",-2.181,0.478,-3.041,-1.242,0.003,0.006,21749.0,5749.0,1.0
"alpha[Camargo, Johan]",-2.216,0.438,-3.044,-1.397,0.004,0.006,15863.0,5368.0,1.0
"alpha[Herrmann, Chris]",-2.148,0.491,-3.072,-1.24,0.004,0.007,16392.0,5403.0,1.0
"alpha[Riley, Austin]",-2.287,0.293,-2.837,-1.756,0.002,0.003,14640.0,6638.0,1.0
"alpha[Reynolds, Bryan]",-2.049,0.173,-2.372,-1.729,0.002,0.002,12493.0,6728.0,1.0
"alpha[Profar, Jurickson]",-2.274,0.271,-2.779,-1.772,0.002,0.003,14676.0,7104.0,1.0
"alpha[O'Grady, Brian]",-1.773,0.388,-2.491,-1.045,0.003,0.005,20075.0,6289.0,1.0
"alpha[Starling, Bubba]",-1.91,0.271,-2.402,-1.397,0.002,0.003,15052.0,6683.0,1.0
"alpha[Broxton, Keon]",-1.166,0.237,-1.614,-0.725,0.002,0.003,15487.0,5704.0,1.0
"alpha[Court, Ryan]",-2.381,0.43,-3.213,-1.604,0.003,0.005,19784.0,6406.0,1.0
"alpha[Drury, Brandon]",-2.107,0.375,-2.815,-1.416,0.003,0.004,17356.0,6264.0,1.0
"alpha[Mercado, Óscar]",-1.593,0.201,-1.976,-1.217,0.002,0.002,13366.0,6660.0,1.0
"alpha[Avelino, Abiatal]",-2.14,0.497,-3.063,-1.228,0.003,0.007,21310.0,5829.0,1.0
"alpha[Lorenzen, Michael]",-1.826,0.378,-2.559,-1.149,0.003,0.005,17967.0,5944.0,1.0
"alpha[Brosseau, Mike]",-2.383,0.444,-3.224,-1.572,0.003,0.006,18096.0,5586.0,1.0
"alpha[Daza, Yonathan]",-1.765,0.248,-2.246,-1.315,0.002,0.003,14649.0,6015.0,1.0
"alpha[Garlick, Kyle]",-2.6,0.332,-3.215,-1.98,0.003,0.004,14639.0,6435.0,1.0
"alpha[Mejía, Francisco]",-2.125,0.498,-3.08,-1.217,0.004,0.007,19503.0,5493.0,1.0
"alpha[Rosario, Amed]",-1.839,0.411,-2.625,-1.088,0.003,0.005,19188.0,5883.0,1.0
"alpha[Castro, Harold]",-2.119,0.296,-2.646,-1.545,0.002,0.003,15856.0,6813.0,1.0
"alpha[Bruce, Jay]",-2.196,0.238,-2.636,-1.744,0.002,0.003,13498.0,6536.0,1.0
"alpha[Beckham, Tim]",-2.649,0.42,-3.436,-1.873,0.003,0.005,15249.0,6284.0,1.0
"alpha[Alberto, Hanser]",-2.243,0.474,-3.118,-1.318,0.003,0.006,21346.0,5848.0,1.0
"alpha[Velasquez, Vince]",-2.106,0.496,-3.029,-1.183,0.003,0.006,20111.0,6077.0,1.0
"alpha[Osuna, José]",-2.025,0.359,-2.702,-1.364,0.003,0.005,17432.0,5711.0,1.0
"alpha[Garcia, Greg]",-2.155,0.49,-3.111,-1.246,0.004,0.007,17160.0,5428.0,1.0
"alpha[Freeman, Mike]",-2.098,0.444,-2.941,-1.266,0.003,0.006,17615.0,5977.0,1.0
"alpha[Urshela, Gio]",-2.12,0.492,-3.067,-1.21,0.004,0.006,16645.0,5562.0,1.0
"alpha[Hampson, Garrett]",-1.792,0.22,-2.209,-1.396,0.002,0.002,12644.0,6751.0,1.0
"alpha[Saladino, Tyler]",-2.026,0.472,-2.902,-1.132,0.004,0.006,15997.0,5605.0,1.0
"alpha[Vargas, Ildemaro]",-2.111,0.472,-2.998,-1.226,0.003,0.006,19931.0,5871.0,1.0
"alpha[Martínez, José A.]",-2.798,0.274,-3.334,-2.303,0.002,0.003,17025.0,6234.0,1.0
"alpha[Parker, Jarrett]",-2.348,0.461,-3.213,-1.462,0.004,0.006,16107.0,5668.0,1.0
"alpha[Austin, Tyler]",-2.229,0.381,-2.939,-1.491,0.003,0.005,17277.0,5917.0,1.0
"alpha[Gómez, Carlos]",-2.204,0.259,-2.674,-1.699,0.002,0.003,14068.0,6940.0,1.0
"alpha[Biggio, Cavan]",-2.678,0.361,-3.369,-2.023,0.003,0.004,16299.0,6667.0,1.0
"alpha[Puello, César]",-1.609,0.316,-2.229,-1.028,0.003,0.003,14710.0,6740.0,1.0
"alpha[González, Carlos]",-2.255,0.248,-2.727,-1.791,0.002,0.003,13019.0,6490.0,1.0
"alpha[Santana, Domingo]",-2.525,0.242,-2.967,-2.055,0.002,0.003,14837.0,6689.0,1.0
"alpha[Newman, Kevin]",-2.114,0.498,-3.058,-1.193,0.004,0.007,18870.0,5141.0,1.0
"alpha[Urena, Richard]",-2.091,0.489,-2.969,-1.12,0.003,0.006,19924.0,5635.0,1.0
"alpha[Murphy, Tom]",-2.26,0.484,-3.155,-1.342,0.004,0.007,16361.0,5122.0,1.0
"alpha[O'Brien, Peter]",-2.143,0.452,-2.995,-1.306,0.003,0.006,19771.0,5768.0,1.0
"alpha[Solarte, Yangervis]",-2.075,0.435,-2.899,-1.242,0.003,0.006,17497.0,5680.0,1.0
"alpha[Estrada, Thairo]",-2.146,0.455,-3.028,-1.324,0.004,0.006,16307.0,5501.0,1.0
"alpha[Rondon, José]",-2.302,0.435,-3.138,-1.513,0.003,0.005,18260.0,6130.0,1.0
"alpha[Peterson, Dustin]",-2.314,0.412,-3.082,-1.555,0.003,0.005,17924.0,5971.0,1.0
"alpha[Moran, Colin]",-2.221,0.493,-3.198,-1.345,0.004,0.007,16739.0,4752.0,1.0
"alpha[Martin, Jason]",-2.133,0.28,-2.669,-1.621,0.002,0.003,15233.0,6950.0,1.0
"alpha[Joe, Connor]",-2.229,0.335,-2.861,-1.621,0.003,0.004,15595.0,6490.0,1.0
"alpha[Zagunis, Mark]",-2.355,0.436,-3.181,-1.564,0.003,0.005,19399.0,5947.0,1.0
"alpha[Jackson, Drew]",-2.087,0.479,-2.974,-1.192,0.004,0.007,15069.0,4823.0,1.0
"alpha[Margot, Manuel]",-1.183,0.153,-1.465,-0.892,0.001,0.002,13362.0,7066.0,1.0
"alpha[Arozarena, Randy]",-2.33,0.245,-2.801,-1.873,0.002,0.003,13037.0,6311.0,1.0
"alpha[Aquino, Aristides]",-2.018,0.259,-2.484,-1.515,0.002,0.003,13683.0,6576.0,1.0
"alpha[Carlson, Dylan]",-2.34,0.235,-2.787,-1.902,0.002,0.003,12947.0,5977.0,1.0
"alpha[Sierra, Magneuris]",-1.89,0.242,-2.35,-1.439,0.002,0.002,13421.0,6827.0,1.0
"alpha[Engel, Adam]",-1.46,0.182,-1.816,-1.137,0.002,0.002,12130.0,6103.0,1.0
"alpha[Akiyama, Shogo]",-1.967,0.264,-2.438,-1.445,0.002,0.003,14867.0,6941.0,1.0
"alpha[Edman, Tommy]",-2.169,0.29,-2.707,-1.62,0.002,0.003,13391.0,6937.0,1.0
"alpha[Solak, Nick]",-2.505,0.326,-3.136,-1.901,0.003,0.004,14727.0,5647.0,1.0
"alpha[Hays, Austin]",-1.962,0.209,-2.358,-1.58,0.002,0.002,13256.0,7001.0,1.0
"alpha[Duggar, Steven]",-1.388,0.199,-1.772,-1.022,0.002,0.002,13173.0,6454.0,1.0
"alpha[White, Eli]",-1.911,0.288,-2.439,-1.368,0.002,0.004,14917.0,6110.0,1.0
"alpha[Chavis, Michael]",-2.387,0.422,-3.151,-1.574,0.003,0.005,15996.0,6605.0,1.0
"alpha[Marmolejos, José]",-2.368,0.36,-3.035,-1.693,0.003,0.004,15949.0,5829.0,1.0
"alpha[Riddle, JT]",-2.227,0.326,-2.861,-1.649,0.003,0.004,14566.0,6583.0,1.0
"alpha[Lin, Tzu-Wei]",-2.41,0.414,-3.157,-1.59,0.003,0.005,17797.0,6223.0,1.0
"alpha[Smith, Pavin]",-2.351,0.275,-2.857,-1.828,0.002,0.003,14648.0,6482.0,1.0
"alpha[Mountcastle, Ryan]",-2.622,0.341,-3.268,-1.998,0.003,0.004,15573.0,6734.0,1.0
"alpha[Oliva, Jared]",-2.374,0.371,-3.062,-1.677,0.003,0.004,14206.0,6372.0,1.0
"alpha[Moniak, Mickey]",-2.095,0.367,-2.761,-1.389,0.003,0.005,17171.0,5665.0,1.0
"alpha[Heath, Nick]",-1.403,0.382,-2.135,-0.714,0.003,0.005,18400.0,6189.0,1.0
"alpha[Taylor, Michael A.]",-1.399,0.156,-1.69,-1.106,0.001,0.002,11892.0,6996.0,1.0
"alpha[Fraley, Jake]",-1.951,0.265,-2.439,-1.451,0.002,0.003,14176.0,6931.0,1.0
"alpha[Ruf, Darin]",-2.17,0.329,-2.81,-1.589,0.003,0.004,14771.0,7002.0,1.0
"alpha[Olivares, Edward]",-2.365,0.311,-2.936,-1.774,0.003,0.004,14249.0,7197.0,1.0
"alpha[Tsutsugo, Yoshi]",-2.502,0.348,-3.147,-1.842,0.003,0.004,14932.0,6605.0,1.0
"alpha[Brinson, Lewis]",-1.833,0.189,-2.171,-1.465,0.002,0.002,12180.0,7081.0,1.0
"alpha[Fuentes, Joshua]",-2.145,0.506,-3.142,-1.232,0.004,0.007,20129.0,4940.0,1.0
"alpha[Demeritte, Travis]",-2.376,0.307,-2.953,-1.788,0.003,0.003,13023.0,6515.0,1.0
"alpha[Ravelo, Rangel]",-2.517,0.466,-3.438,-1.672,0.003,0.006,19651.0,5707.0,1.0
"alpha[Andujar, Miguel]",-2.833,0.35,-3.496,-2.189,0.003,0.004,14660.0,6302.0,1.0
"alpha[Taylor, Tyrone]",-2.092,0.298,-2.651,-1.524,0.003,0.004,12645.0,5868.0,1.0
"alpha[Basabe, Luis Alexander]",-2.125,0.444,-2.959,-1.304,0.003,0.005,18338.0,5904.0,1.0
"alpha[Thaiss, Matt]",-2.228,0.477,-3.111,-1.319,0.004,0.007,18504.0,5596.0,1.0
"alpha[Varsho, Daulton]",-1.907,0.272,-2.421,-1.41,0.002,0.003,15350.0,6524.0,1.0
"alpha[Strange-Gordon, Dee]",-1.308,0.277,-1.81,-0.788,0.002,0.003,14635.0,6084.0,1.0
"alpha[Souza Jr., Steven]",-2.39,0.286,-2.909,-1.834,0.002,0.004,14751.0,5899.0,1.0
"alpha[Walker, Neil]",-2.634,0.384,-3.343,-1.906,0.003,0.005,15817.0,6293.0,1.0
"alpha[Barreto, Franklin]",-2.149,0.477,-3.087,-1.303,0.003,0.006,18735.0,5591.0,1.0
"alpha[Rooker, Brent]",-2.751,0.314,-3.358,-2.173,0.003,0.003,14829.0,6445.0,1.0
"alpha[Harrison, Josh]",-2.632,0.371,-3.302,-1.911,0.003,0.004,15665.0,6208.0,1.0
"alpha[Dozier, Hunter]",-2.789,0.271,-3.303,-2.284,0.002,0.003,15404.0,6684.0,1.0
"alpha[Haggerty, Sam]",-2.196,0.334,-2.814,-1.555,0.003,0.004,13968.0,6180.0,1.0
"alpha[Payton, Mark]",-2.164,0.461,-3.038,-1.297,0.003,0.006,17499.0,5596.0,1.0
"alpha[Mathias, Mark]",-2.065,0.438,-2.881,-1.256,0.003,0.005,18264.0,5600.0,1.0
"alpha[Pillar, Kevin]",-1.474,0.14,-1.754,-1.23,0.001,0.002,12239.0,6692.0,1.0
"alpha[Pache, Cristian]",-2.044,0.357,-2.713,-1.394,0.003,0.004,16968.0,6409.0,1.0
"alpha[Valaika, Pat]",-2.139,0.474,-3.0,-1.222,0.003,0.007,22437.0,4973.0,1.0
"alpha[González, Luis]",-2.276,0.447,-3.111,-1.454,0.003,0.006,20451.0,6103.0,1.0
"alpha[Velazquez, Andrew]",-2.117,0.458,-2.965,-1.257,0.003,0.006,17802.0,5737.0,1.0
"alpha[Zimmer, Bradley]",-1.665,0.223,-2.083,-1.243,0.002,0.002,13639.0,6223.0,1.0
"alpha[Mateo, Jorge]",-2.04,0.387,-2.766,-1.32,0.003,0.005,18910.0,5817.0,1.0
"alpha[Mullins, Cedric]",-1.479,0.176,-1.819,-1.162,0.002,0.002,12488.0,7182.0,1.0
"alpha[Marte, Starling]",-1.388,0.142,-1.654,-1.12,0.001,0.002,11193.0,6576.0,1.0
"alpha[Mejia, Erick]",-2.018,0.412,-2.772,-1.231,0.003,0.005,20110.0,5723.0,1.0
"alpha[Johnson, Daniel]",-2.207,0.355,-2.849,-1.526,0.003,0.004,18922.0,6929.0,1.0
"alpha[Bonifácio, Emilio]",-2.142,0.481,-3.035,-1.228,0.003,0.006,19378.0,5610.0,1.0
"alpha[Hoerner, Nico]",-2.157,0.451,-3.044,-1.364,0.003,0.005,19346.0,6732.0,1.0
"alpha[Reyes, Franmil]",-2.775,0.264,-3.285,-2.297,0.002,0.003,12407.0,6315.0,1.0
"alpha[McCarthy, Joe]",-2.433,0.462,-3.274,-1.564,0.003,0.006,18581.0,5495.0,1.0
"alpha[Marisnick, Jake]",-1.368,0.205,-1.768,-1.003,0.002,0.002,12785.0,6150.0,1.0
"alpha[Schrock, Max]",-2.293,0.379,-3.007,-1.584,0.003,0.004,15897.0,6909.0,1.0
"alpha[Deichmann, Greg]",-2.249,0.453,-3.114,-1.418,0.003,0.006,19454.0,5915.0,1.0
"alpha[Nevin, Tyler]",-2.339,0.464,-3.212,-1.479,0.003,0.006,20113.0,5495.0,1.0
"alpha[Ramos, Henry]",-2.242,0.403,-2.97,-1.464,0.003,0.005,17733.0,5470.0,1.0
"alpha[Haase, Eric]",-2.139,0.422,-2.941,-1.358,0.003,0.005,17811.0,5984.0,1.0
"alpha[Miller, Brian]",-2.091,0.486,-2.948,-1.152,0.003,0.007,20826.0,4887.0,1.0
"alpha[Gordon, Nick]",-2.073,0.319,-2.673,-1.49,0.003,0.004,15319.0,6540.0,1.0
"alpha[Isbel, Kyle]",-2.07,0.355,-2.77,-1.44,0.003,0.004,16841.0,6342.0,1.0
"alpha[Peters, DJ]",-2.029,0.279,-2.552,-1.504,0.002,0.003,14146.0,6516.0,1.0
"alpha[Castro, Willi]",-2.32,0.414,-3.076,-1.524,0.003,0.005,18064.0,6348.0,1.0
"alpha[Bell, Josh]",-2.41,0.442,-3.246,-1.604,0.003,0.006,16128.0,5934.0,1.0
"alpha[Friedl, TJ]",-1.875,0.432,-2.676,-1.048,0.003,0.005,17482.0,6171.0,1.0
"alpha[Nootbaar, Lars]",-2.314,0.336,-2.942,-1.676,0.003,0.004,16715.0,6210.0,1.0
"alpha[McKenna, Ryan]",-1.626,0.282,-2.157,-1.104,0.002,0.003,14640.0,7119.0,1.0
"alpha[Lagares, Juan]",-1.717,0.211,-2.105,-1.318,0.002,0.002,12471.0,6103.0,1.0
"alpha[Hernandez, Yadiel]",-2.288,0.298,-2.85,-1.744,0.002,0.003,16093.0,6661.0,1.0
"alpha[Stephenson, Tyler]",-2.367,0.489,-3.281,-1.458,0.004,0.006,19266.0,5654.0,1.0
"alpha[Hamilton, Billy]",-1.402,0.173,-1.731,-1.09,0.002,0.002,13086.0,6271.0,1.0
"alpha[Rojas, Jose]",-2.234,0.359,-2.875,-1.52,0.003,0.005,17713.0,5330.0,1.0
"alpha[McCormick, Chas]",-1.24,0.257,-1.738,-0.777,0.002,0.003,14327.0,7056.0,1.0
"alpha[Wisdom, Patrick]",-2.659,0.398,-3.373,-1.888,0.003,0.005,16763.0,6738.0,1.0
"alpha[DeShields, Delino]",-1.392,0.166,-1.712,-1.093,0.002,0.002,11635.0,6933.0,1.0
"alpha[Meyers, Jake]",-1.951,0.306,-2.524,-1.362,0.003,0.004,14835.0,6275.0,1.0
"alpha[Cameron, Daz]",-2.193,0.311,-2.779,-1.606,0.003,0.003,12826.0,6813.0,1.0
"alpha[Baddoo, Akil]",-1.768,0.232,-2.202,-1.332,0.002,0.002,14242.0,6704.0,1.0
"alpha[Wong, Kean]",-2.208,0.417,-2.975,-1.429,0.003,0.006,19078.0,5663.0,1.0
"alpha[Lux, Gavin]",-2.155,0.359,-2.831,-1.492,0.003,0.004,17138.0,6245.0,1.0
"alpha[Vilade, Ryan]",-2.322,0.493,-3.284,-1.415,0.003,0.006,20170.0,5396.0,1.0
"alpha[Bolt, Skye]",-1.752,0.37,-2.454,-1.051,0.003,0.005,16665.0,6314.0,1.0
"alpha[Siri, Jose]",-2.143,0.413,-2.898,-1.346,0.003,0.005,17784.0,5811.0,1.0
"alpha[Vierling, Matt]",-1.898,0.415,-2.678,-1.138,0.003,0.005,17215.0,5949.0,1.0
"alpha[De La Cruz, Bryan]",-2.146,0.319,-2.713,-1.512,0.003,0.004,16143.0,6065.0,1.0
"alpha[Rivas III, Alfonso]",-2.34,0.441,-3.151,-1.504,0.003,0.005,18367.0,6098.0,1.0
"alpha[Gonzalez, Romy]",-2.119,0.496,-3.015,-1.164,0.004,0.007,17478.0,5316.0,1.0
"alpha[Adell, Jo]",-2.324,0.284,-2.867,-1.805,0.002,0.003,14227.0,6554.0,1.0
"alpha[Lowe, Josh]",-2.098,0.491,-2.966,-1.101,0.003,0.007,20429.0,5501.0,1.0
"alpha[Sheets, Gavin]",-2.397,0.417,-3.21,-1.628,0.003,0.005,18814.0,5782.0,1.0
"alpha[Alfaro, Jorge]",-2.446,0.426,-3.222,-1.615,0.003,0.005,18436.0,5981.0,1.0
"alpha[Vaughn, Andrew]",-2.477,0.294,-3.003,-1.902,0.002,0.003,14618.0,6064.0,1.0
"alpha[Ruiz, Rio]",-2.154,0.504,-3.088,-1.24,0.004,0.007,19459.0,5407.0,1.0
"alpha[Fairchild, Stuart]",-1.886,0.472,-2.804,-1.035,0.003,0.006,19489.0,5631.0,1.0
"alpha[Arcia, Orlando]",-1.791,0.423,-2.559,-0.952,0.003,0.006,20308.0,5701.0,1.0
"alpha[Thomas, Lane]",-2.156,0.264,-2.646,-1.668,0.002,0.003,11914.0,6016.0,1.0
"alpha[Lamb, Jake]",-2.579,0.413,-3.344,-1.779,0.003,0.005,15881.0,5871.0,1.0
"alpha[Smith, Kevin]",-2.239,0.496,-3.212,-1.353,0.003,0.006,21673.0,5755.0,1.0
"alpha[Jones, Taylor]",-2.832,0.433,-3.633,-2.007,0.003,0.005,18015.0,6322.0,1.0
"alpha[Ibáñez, Andy]",-2.123,0.493,-3.025,-1.182,0.004,0.007,17432.0,5498.0,1.0
"alpha[Larnach, Trevor]",-2.533,0.297,-3.107,-1.997,0.002,0.003,14784.0,6166.0,1.0
"alpha[Robson, Jacob]",-2.151,0.477,-3.031,-1.258,0.003,0.006,19821.0,5459.0,1.0
"alpha[McKinstry, Zach]",-2.19,0.364,-2.853,-1.471,0.003,0.004,15736.0,6393.0,1.0
"alpha[Park, Hoy]",-2.467,0.443,-3.333,-1.659,0.003,0.006,17437.0,5825.0,1.0
"alpha[Williams, Luke]",-1.839,0.426,-2.653,-1.057,0.003,0.006,18094.0,5499.0,1.0
"alpha[Duran, Jarren]",-1.971,0.375,-2.665,-1.261,0.003,0.005,17727.0,5957.0,1.0
"alpha[Fargas, Johneshwy]",-1.893,0.417,-2.712,-1.138,0.003,0.006,15831.0,6019.0,1.0
"alpha[Bradley Jr., Jackie]",-1.738,0.152,-2.023,-1.455,0.001,0.002,10777.0,6649.0,1.0
"alpha[Raley, Luke]",-2.377,0.397,-3.135,-1.643,0.003,0.005,20254.0,6799.0,1.0
"alpha[Thomas, Dillon]",-2.178,0.454,-3.054,-1.36,0.003,0.007,19633.0,5106.0,1.0
"alpha[Reks, Zach]",-2.234,0.439,-3.088,-1.435,0.003,0.006,18594.0,5939.0,1.0
"alpha[Wilson, Jacob]",-2.118,0.503,-3.093,-1.195,0.004,0.007,17730.0,5438.0,1.0
"alpha[Sánchez, Jesús]",-2.309,0.312,-2.89,-1.719,0.003,0.004,14804.0,5995.0,1.0
"alpha[Clement, Ernie]",-2.156,0.493,-3.054,-1.217,0.004,0.006,19571.0,5729.0,1.0
"alpha[Vosler, Jason]",-2.149,0.494,-3.074,-1.251,0.004,0.007,19194.0,5518.0,1.0
"alpha[Kirilloff, Alex]",-2.652,0.342,-3.264,-1.964,0.003,0.004,13465.0,6077.0,1.0
"alpha[Davis, Jaylin]",-2.199,0.352,-2.864,-1.539,0.003,0.004,16080.0,5934.0,1.0
"alpha[Tom, Ka'ai]",-2.33,0.369,-3.024,-1.628,0.003,0.004,16761.0,6321.0,1.0
"alpha[Trammell, Taylor]",-2.012,0.299,-2.593,-1.479,0.002,0.003,14868.0,6401.0,1.0
"alpha[Walton, Donovan]",-1.983,0.467,-2.849,-1.101,0.003,0.006,20707.0,6077.0,1.0
"alpha[Blankenhorn, Travis]",-2.104,0.495,-3.076,-1.222,0.004,0.006,18277.0,5651.0,1.0
"alpha[Marcano, Tucupita]",-1.994,0.477,-2.881,-1.099,0.003,0.007,20616.0,5369.0,1.0
"alpha[Hiura, Keston]",-2.142,0.509,-3.094,-1.182,0.004,0.007,17397.0,4954.0,1.0
"alpha[Kelenic, Jarred]",-1.931,0.239,-2.389,-1.488,0.002,0.003,13339.0,6179.0,1.0
"alpha[Williams, Justin]",-2.647,0.344,-3.267,-1.988,0.003,0.004,15473.0,5972.0,1.0
"alpha[Barrera, Luis]",-1.932,0.462,-2.853,-1.113,0.004,0.006,17047.0,5563.0,1.0
"alpha[Duffy, Matt]",-2.388,0.47,-3.306,-1.553,0.003,0.006,19413.0,6300.0,1.0
"alpha[Neuse, Sheldon]",-2.288,0.472,-3.136,-1.37,0.003,0.006,20265.0,5768.0,1.0
"alpha[Hager, Jake]",-2.321,0.471,-3.185,-1.415,0.003,0.006,19228.0,5968.0,1.0
"alpha[Mathisen, Wyatt]",-2.197,0.46,-3.054,-1.335,0.003,0.006,19192.0,5643.0,1.0
"alpha[Ohtani, Shohei]",-2.158,0.503,-3.138,-1.235,0.004,0.007,15440.0,5606.0,1.0
"alpha[Bemboom, Anthony]",-2.142,0.494,-3.045,-1.204,0.003,0.007,20099.0,5675.0,1.0
"alpha[Musgrove, Joe]",-2.13,0.497,-3.066,-1.193,0.004,0.007,19726.0,5217.0,1.0
"alpha[Palacios, Joshua]",-2.2,0.401,-2.952,-1.451,0.003,0.005,16999.0,6603.0,1.0
"alpha[Young, Andrew]",-2.318,0.501,-3.28,-1.399,0.004,0.006,19820.0,5696.0,1.0
"alpha[Blandino, Alex]",-2.144,0.512,-3.127,-1.192,0.003,0.007,23125.0,5554.0,1.0
"alpha[Farmer, Kyle]",-2.159,0.49,-3.082,-1.247,0.003,0.007,20528.0,5879.0,1.0
"alpha[Inciarte, Ender]",-1.425,0.166,-1.731,-1.107,0.001,0.002,13235.0,6831.0,1.0
"alpha[Betts, Mookie]",-2.419,0.186,-2.767,-2.072,0.002,0.002,14088.0,6530.0,1.0
"alpha[Cain, Lorenzo]",-1.143,0.163,-1.458,-0.846,0.001,0.002,13206.0,6736.0,1.0
"alpha[Springer, George]",-1.608,0.181,-1.939,-1.267,0.002,0.002,13241.0,6170.0,1.0
"alpha[Blackmon, Charlie]",-2.742,0.177,-3.068,-2.413,0.002,0.002,10772.0,6650.0,1.0
"alpha[Heyward, Jason]",-2.003,0.172,-2.33,-1.691,0.001,0.002,13420.0,6137.0,1.0
"alpha[Guerrero, Gabriel]",-1.942,0.449,-2.756,-1.087,0.003,0.006,18342.0,5624.0,1.0
"alpha[Trout, Mike]",-1.227,0.154,-1.519,-0.943,0.001,0.002,13030.0,6625.0,1.0
"alpha[Kipnis, Jason]",-2.284,0.415,-3.048,-1.495,0.003,0.005,16529.0,5395.0,1.0
"alpha[Laureano, Ramón]",-1.557,0.167,-1.862,-1.239,0.001,0.002,12524.0,6261.0,1.0
"alpha[Hicks, Aaron]",-1.495,0.187,-1.833,-1.136,0.002,0.002,14033.0,6994.0,1.0
"alpha[Harper, Bryce]",-2.518,0.175,-2.855,-2.196,0.002,0.002,12705.0,7210.0,1.0
"alpha[Kiermaier, Kevin]",-1.114,0.153,-1.405,-0.833,0.001,0.002,10823.0,6698.0,1.0
"alpha[Barnes, Brandon]",-1.888,0.43,-2.733,-1.129,0.003,0.005,17778.0,6106.0,1.0
"alpha[Kepler, Max]",-1.901,0.165,-2.203,-1.581,0.001,0.002,13605.0,6602.0,1.0
"alpha[Martin, Leonys]",-1.634,0.216,-2.054,-1.243,0.002,0.002,12766.0,6716.0,1.0
"alpha[den Dekker, Matthew]",-2.106,0.412,-2.892,-1.344,0.003,0.005,17007.0,6399.0,1.0
"alpha[Calhoun, Kole]",-2.468,0.186,-2.806,-2.112,0.002,0.002,13670.0,6248.0,1.0
"alpha[Escobar, Alcides]",-2.242,0.427,-3.005,-1.412,0.003,0.005,20962.0,6139.0,1.0
"alpha[Smolinski, Jake]",-1.615,0.394,-2.331,-0.867,0.003,0.005,14914.0,5806.0,1.0
"alpha[Buxton, Byron]",-1.251,0.187,-1.607,-0.91,0.002,0.002,13339.0,6764.0,1.0
"alpha[Florimón, Pedro]",-2.035,0.484,-2.966,-1.151,0.004,0.007,17362.0,5455.0,1.0
"alpha[Difo, Wilmer]",-2.79,0.422,-3.575,-1.988,0.003,0.005,16209.0,5875.0,1.0
"alpha[Powell, Boog]",-2.359,0.415,-3.15,-1.599,0.003,0.005,17869.0,5293.0,1.0
"alpha[Judge, Aaron]",-1.911,0.184,-2.26,-1.559,0.002,0.002,13628.0,6425.0,1.0
"alpha[Fowler, Dexter]",-2.76,0.224,-3.184,-2.347,0.002,0.002,11842.0,6845.0,1.0
"alpha[Lewis, Kyle]",-1.709,0.237,-2.147,-1.267,0.002,0.003,11678.0,6515.0,1.0
"alpha[García, Avisaíl]",-2.262,0.194,-2.631,-1.909,0.002,0.002,13752.0,6643.0,1.0
"alpha[Marte, Ketel]",-1.765,0.212,-2.149,-1.36,0.002,0.002,13084.0,7115.0,1.0
"alpha[Senzel, Nick]",-1.624,0.232,-2.056,-1.196,0.002,0.002,12683.0,6407.0,1.0
"alpha[Harrison, Monte]",-1.838,0.364,-2.516,-1.156,0.003,0.004,15823.0,6487.0,1.0
"alpha[Robert Jr., Luis]",-1.315,0.239,-1.758,-0.853,0.002,0.002,13436.0,6826.0,1.0
"alpha[Dubón, Mauricio]",-1.57,0.276,-2.064,-1.029,0.002,0.003,15311.0,6360.0,1.0
"alpha[Taveras, Leody]",-1.256,0.232,-1.69,-0.824,0.002,0.003,13283.0,6318.0,1.0
"alpha[Hill, Derek]",-1.816,0.272,-2.312,-1.3,0.002,0.003,14308.0,6383.0,1.0
"alpha[Tucker, Cole]",-2.717,0.339,-3.355,-2.089,0.003,0.004,14442.0,6396.0,1.0
"alpha[Torreyes, Ronald]",-2.033,0.49,-2.943,-1.121,0.003,0.007,20402.0,5510.0,1.0
"alpha[Florial, Estevan]",-1.892,0.406,-2.627,-1.113,0.003,0.005,14988.0,6095.0,1.0
"alpha[Whitefield, Aaron]",-2.093,0.474,-2.983,-1.225,0.004,0.006,16486.0,5584.0,1.0
"alpha[Villar, Jonathan]",-2.039,0.484,-2.956,-1.138,0.004,0.006,17768.0,5460.0,1.0
"alpha[McCarthy, Jake]",-2.135,0.388,-2.868,-1.41,0.003,0.005,17497.0,6539.0,1.0
"alpha[Marsh, Brandon]",-1.654,0.288,-2.206,-1.123,0.002,0.003,14944.0,6916.0,1.0
"alpha[Tatis Jr., Fernando]",-2.355,0.405,-3.109,-1.588,0.003,0.005,15897.0,6187.0,1.0
"alpha[Barrero, José]",-1.657,0.458,-2.478,-0.77,0.003,0.006,18753.0,6039.0,1.0
"alpha[Celestino, Gilberto]",-2.331,0.331,-2.931,-1.691,0.003,0.004,14744.0,6223.0,1.0
"alpha[Bruján, Vidal]",-2.056,0.48,-2.968,-1.176,0.003,0.006,20706.0,5585.0,1.0
"alpha[Hurst, Scott]",-2.128,0.497,-3.077,-1.22,0.004,0.006,16967.0,5136.0,1.0
"alpha[Puig, Yasiel]",-2.499,0.207,-2.902,-2.127,0.002,0.002,12433.0,6016.0,1.0
"alpha[Piscotty, Stephen]",-2.808,0.213,-3.203,-2.405,0.002,0.002,14210.0,6403.0,1.0
"alpha[Cruz, Nelson]",-1.998,0.477,-2.889,-1.089,0.003,0.006,20106.0,5768.0,1.0
"alpha[Polanco, Gregory]",-2.683,0.202,-3.078,-2.316,0.002,0.002,13804.0,6712.0,1.0
"alpha[Anderson, Brian]",-2.279,0.236,-2.741,-1.854,0.002,0.003,12709.0,6541.0,1.0
"alpha[Valencia, Danny]",-2.502,0.385,-3.209,-1.777,0.003,0.005,16383.0,6496.0,1.0
"alpha[Trumbo, Mark]",-2.554,0.378,-3.269,-1.851,0.003,0.005,17234.0,6698.0,1.0
"alpha[Plouffe, Trevor]",-2.148,0.502,-3.066,-1.156,0.004,0.007,18997.0,5250.0,1.0
"alpha[Kaczmarski, Kevin]",-2.115,0.497,-3.046,-1.192,0.004,0.006,19688.0,5769.0,1.0
"alpha[Chisenhall, Lonnie]",-2.5,0.368,-3.206,-1.841,0.003,0.004,18556.0,6536.0,1.0
"alpha[Soler, Jorge]",-2.239,0.213,-2.629,-1.832,0.002,0.002,11964.0,6390.0,1.0
"alpha[Valera, Breyvic]",-2.136,0.505,-3.055,-1.164,0.004,0.007,19736.0,5378.0,1.0
"alpha[Joseph, Corban]",-2.117,0.492,-3.086,-1.237,0.004,0.007,17935.0,5476.0,1.0
"alpha[Goins, Ryan]",-2.625,0.46,-3.477,-1.759,0.003,0.005,17608.0,6843.0,1.0
"alpha[Nola, Austin]",-2.283,0.488,-3.195,-1.349,0.003,0.007,20007.0,5130.0,1.0
"alpha[Davis, Chris]",-2.112,0.484,-3.017,-1.207,0.003,0.006,20844.0,6209.0,1.0
"alpha[Adduci, James]",-2.046,0.467,-2.931,-1.177,0.003,0.006,19134.0,5618.0,1.0
"alpha[Reed, Michael]",-2.321,0.471,-3.207,-1.458,0.004,0.006,17563.0,5773.0,1.0
"alpha[Walsh, Jared]",-2.086,0.399,-2.867,-1.365,0.003,0.005,18630.0,5809.0,1.0
"alpha[Núñez, Eduardo]",-2.127,0.494,-3.043,-1.182,0.003,0.007,20511.0,5386.0,1.0
"alpha[Amburgey, Trey]",-1.845,0.468,-2.721,-0.968,0.003,0.006,18703.0,5329.0,1.0
"alpha[Rengifo, Luis]",-2.409,0.4,-3.182,-1.686,0.003,0.005,15169.0,6002.0,1.0
"alpha[Mendick, Danny]",-2.279,0.456,-3.145,-1.418,0.003,0.006,19519.0,6024.0,1.0
"alpha[Lee, Khalil]",-2.161,0.467,-3.03,-1.286,0.003,0.007,18743.0,4934.0,1.0
"alpha[Stokes Jr., Troy]",-2.131,0.461,-2.956,-1.256,0.003,0.006,20114.0,5481.0,1.0
"alpha[Owen, Hunter]",-2.268,0.481,-3.14,-1.343,0.004,0.006,16698.0,5499.0,1.0
"alpha[Ray, Corey]",-2.08,0.492,-2.989,-1.159,0.004,0.007,19584.0,5572.0,1.0
"beta_speed[Benintendi, Andrew]",-16.568,0.879,-18.277,-14.938,0.007,0.011,14679.0,6242.0,1.0
"beta_speed[Taylor, Chris]",-18.734,1.116,-20.845,-16.694,0.009,0.014,14865.0,5937.0,1.0
"beta_speed[Holt, Brock]",-17.38,1.434,-20.004,-14.629,0.012,0.016,14221.0,6046.0,1.0
"beta_speed[Martinez, J.D.]",-17.438,1.138,-19.603,-15.37,0.009,0.015,15972.0,6236.0,1.0
"beta_speed[Pederson, Joc]",-18.512,0.987,-20.436,-16.71,0.009,0.012,12870.0,5934.0,1.0
"beta_speed[Braun, Ryan]",-19.683,1.134,-21.822,-17.531,0.01,0.013,13352.0,6597.0,1.0
"beta_speed[Kemp, Tony]",-17.294,1.172,-19.55,-15.116,0.01,0.014,13251.0,6492.0,1.0
"beta_speed[Gonzalez, Marwin]",-16.373,1.127,-18.481,-14.303,0.01,0.013,12780.0,5482.0,1.0
"beta_speed[Kemp, Matt]",-18.346,1.268,-20.855,-16.049,0.011,0.015,14179.0,6170.0,1.0
"beta_speed[Canha, Mark]",-18.623,0.977,-20.397,-16.757,0.009,0.011,11089.0,6317.0,1.0
"beta_speed[Upton, Justin]",-18.977,1.014,-20.904,-17.146,0.009,0.011,12669.0,6497.0,1.0
"beta_speed[Swihart, Blake]",-17.059,1.404,-19.679,-14.503,0.012,0.016,14366.0,6405.0,1.0
"beta_speed[McCutchen, Andrew]",-19.184,0.984,-21.045,-17.428,0.009,0.012,13162.0,5783.0,1.0
"beta_speed[Gardner, Brett]",-17.289,0.874,-18.902,-15.641,0.008,0.01,11562.0,6037.0,1.0
"beta_speed[Dean, Austin]",-17.465,1.251,-19.869,-15.159,0.011,0.016,13027.0,5716.0,1.0
"beta_speed[Conforto, Michael]",-18.293,0.874,-19.863,-16.59,0.008,0.01,12082.0,6530.0,1.0
"beta_speed[Hanson, Alen]",-17.708,1.483,-20.562,-15.027,0.013,0.016,14073.0,6047.0,1.0
"beta_speed[Blanco, Grégor]",-16.91,1.333,-19.382,-14.415,0.011,0.014,14956.0,6588.0,1.0
"beta_speed[Mahtook, Mikie]",-18.09,1.3,-20.375,-15.498,0.011,0.015,14161.0,5900.0,1.0
"beta_speed[Gordon, Alex]",-19.159,1.019,-21.102,-17.292,0.009,0.011,12829.0,6410.0,1.0
"beta_speed[Brantley, Michael]",-18.805,0.951,-20.549,-16.986,0.008,0.011,13420.0,6606.0,1.0
"beta_speed[Acuña Jr., Ronald]",-18.219,0.932,-19.963,-16.444,0.008,0.011,13374.0,5979.0,1.0
"beta_speed[Yelich, Christian]",-19.685,0.96,-21.514,-17.935,0.008,0.012,14372.0,6465.0,1.0
"beta_speed[Holliday, Matt]",-17.122,1.585,-19.972,-14.026,0.011,0.02,19720.0,5987.0,1.0
"beta_speed[Parra, Gerardo]",-19.236,1.127,-21.365,-17.143,0.01,0.014,13561.0,6042.0,1.0
"beta_speed[Dahl, David]",-16.652,1.035,-18.559,-14.719,0.009,0.012,13130.0,6204.0,1.0
"beta_speed[Martini, Nick]",-18.814,1.272,-21.204,-16.465,0.011,0.013,13896.0,6253.0,1.0
"beta_speed[Gore, Terrance]",-18.224,1.573,-21.122,-15.305,0.012,0.018,17034.0,6088.0,1.0
"beta_speed[Zobrist, Ben]",-18.783,1.335,-21.351,-16.329,0.011,0.015,14150.0,7116.0,1.0
"beta_speed[Bryant, Kris]",-19.78,1.267,-22.1,-17.393,0.011,0.014,13833.0,6363.0,1.0
"beta_speed[Schwarber, Kyle]",-17.77,0.9,-19.457,-16.118,0.008,0.01,11951.0,6347.0,1.0
"beta_speed[Soto, Juan]",-16.926,0.838,-18.628,-15.454,0.008,0.01,11941.0,6322.0,1.0
"beta_speed[Smith, Dominic]",-18.285,1.139,-20.431,-16.154,0.009,0.015,14681.0,5722.0,1.0
"beta_speed[Slater, Austin]",-17.764,1.185,-19.949,-15.532,0.01,0.014,14382.0,6374.0,1.0
"beta_speed[Field, Johnny]",-18.279,1.281,-20.655,-15.892,0.011,0.015,14198.0,6575.0,1.0
"beta_speed[Palka, Daniel]",0.07,0.058,-0.043,0.179,0.001,0.001,7624.0,4701.0,1.0
"beta_speed[Renfroe, Hunter]",-19.44,0.992,-21.336,-17.627,0.009,0.011,11989.0,6432.0,1.0
"beta_speed[Smith Jr., Dwight]",-17.639,1.149,-19.85,-15.534,0.01,0.013,12784.0,6245.0,1.0
"beta_speed[Pham, Tommy]",-18.272,0.982,-20.102,-16.445,0.009,0.012,12214.0,6155.0,1.0
"beta_speed[McKinney, Billy]",-18.137,1.203,-20.472,-15.919,0.01,0.014,15394.0,6206.0,1.0
"beta_speed[Maybin, Cameron]",-17.016,1.073,-18.984,-14.963,0.009,0.013,13464.0,6510.0,1.0
"beta_speed[Calhoun, Willie]",-17.897,1.141,-20.134,-15.832,0.009,0.013,14551.0,6223.0,1.0
"beta_speed[O'Neill, Tyler]",-19.204,1.081,-21.206,-17.113,0.01,0.013,11391.0,6542.0,1.0
"beta_speed[Reyes, Pablo]",-17.241,1.399,-19.946,-14.715,0.011,0.015,14958.0,6516.0,1.0
"beta_speed[Schebler, Scott]",-18.888,1.225,-21.175,-16.598,0.011,0.014,12932.0,6243.0,1.0
"beta_speed[Young Jr., Eric]",-17.643,1.412,-20.318,-15.031,0.011,0.017,15069.0,5893.0,1.0
"beta_speed[Galloway, Isaac]",-18.713,1.514,-21.666,-16.036,0.011,0.018,18057.0,6404.0,1.0
"beta_speed[Locastro, Tim]",-17.451,1.155,-19.654,-15.303,0.01,0.013,13297.0,6544.0,1.0
"beta_speed[Stewart, DJ]",-17.889,1.167,-20.041,-15.636,0.01,0.014,13248.0,5959.0,1.0
"beta_speed[Tucker, Kyle]",-18.898,1.094,-21.07,-16.967,0.01,0.014,12958.0,5868.0,1.0
"beta_speed[Davis, Rajai]",-18.029,1.372,-20.711,-15.586,0.012,0.016,12906.0,6207.0,1.0
"beta_speed[Phillips, Brett]",-18.905,1.193,-21.241,-16.759,0.011,0.014,12625.0,6376.0,1.0
"beta_speed[Grossman, Robbie]",-19.779,0.973,-21.624,-17.964,0.009,0.011,11559.0,6656.0,1.0
"beta_speed[Delmonico, Nicky]",-18.373,1.29,-20.687,-15.88,0.011,0.015,13667.0,5614.0,1.0
"beta_speed[Cozens, Dylan]",-16.733,1.534,-19.622,-13.892,0.011,0.019,18093.0,6529.0,1.0
"beta_speed[Herrera, Odúbel]",-16.22,0.99,-18.065,-14.369,0.009,0.012,13531.0,6287.0,1.0
"beta_speed[Kivlehan, Patrick]",-18.088,1.719,-21.185,-14.711,0.012,0.025,22049.0,5672.0,1.0
"beta_speed[Hernández, Teoscar]",-17.199,0.875,-18.84,-15.548,0.008,0.011,12249.0,5642.0,1.0
"beta_speed[Tocci, Carlos]",-18.312,1.371,-20.914,-15.797,0.011,0.015,15082.0,6332.0,1.0
"beta_speed[Ozuna, Marcell]",-18.556,0.993,-20.395,-16.698,0.009,0.011,13637.0,6328.0,1.0
"beta_speed[Happ, Ian]",-16.922,1.001,-18.977,-15.22,0.009,0.012,12282.0,6543.0,1.0
"beta_speed[Davis, Jonathan]",-15.762,1.201,-18.03,-13.528,0.01,0.013,13429.0,6554.0,1.0
"beta_speed[Choo, Shin-Soo]",-18.721,1.125,-20.821,-16.593,0.01,0.013,11719.0,5552.0,1.0
"beta_speed[Dickerson, Corey]",-14.903,0.898,-16.606,-13.253,0.008,0.011,11311.0,6548.0,1.0
"beta_speed[Reyes, Victor]",-17.839,1.061,-19.807,-15.835,0.01,0.012,11146.0,6642.0,1.0
"beta_speed[Bonifacio, Jorge]",-18.055,1.201,-20.215,-15.801,0.011,0.014,12131.0,6237.0,1.0
"beta_speed[Hoskins, Rhys]",-18.287,1.18,-20.471,-16.058,0.01,0.013,13460.0,6968.0,1.0
"beta_speed[Jankowski, Travis]",-18.409,1.258,-20.911,-16.199,0.011,0.014,13268.0,6317.0,1.0
"beta_speed[Peralta, David]",-20.08,1.006,-21.911,-18.13,0.008,0.012,14310.0,5984.0,1.0
"beta_speed[Negrón, Kristopher]",-18.254,1.546,-21.294,-15.469,0.012,0.019,15402.0,6044.0,1.0
"beta_speed[Stanton, Giancarlo]",-18.588,1.25,-20.86,-16.219,0.011,0.014,11980.0,6304.0,1.0
"beta_speed[Stewart, Christin]",-18.574,1.217,-20.914,-16.358,0.01,0.016,14116.0,6021.0,1.0
"beta_speed[Guyer, Brandon]",-18.533,1.368,-21.076,-15.984,0.012,0.017,13923.0,6144.0,1.0
"beta_speed[Duvall, Adam]",-19.799,1.049,-21.694,-17.746,0.009,0.012,13251.0,6511.0,1.0
"beta_speed[Gallo, Joey]",-19.157,0.974,-20.894,-17.254,0.009,0.012,12055.0,5727.0,1.0
"beta_speed[Brito, Sócrates]",-18.265,1.436,-21.017,-15.579,0.011,0.017,17510.0,6119.0,1.0
"beta_speed[Reddick, Josh]",-18.177,1.004,-20.117,-16.38,0.01,0.012,10755.0,6087.0,1.0
"beta_speed[Mancini, Trey]",-17.549,1.081,-19.578,-15.539,0.009,0.013,14817.0,6126.0,1.0
"beta_speed[Jones, Adam]",-20.467,1.125,-22.614,-18.411,0.01,0.013,11614.0,5917.0,1.0
"beta_speed[Fowler, Dustin]",-17.092,1.287,-19.548,-14.728,0.011,0.015,12716.0,6068.0,1.0
"beta_speed[Shaw, Chris]",-18.369,1.645,-21.344,-15.252,0.012,0.021,19129.0,5774.0,1.0
"beta_speed[Heredia, Guillermo]",-19.241,1.085,-21.235,-17.224,0.009,0.013,13983.0,6109.0,1.0
"beta_speed[Span, Denard]",-18.138,1.245,-20.526,-15.862,0.01,0.014,14761.0,6344.0,1.0
"beta_speed[Herrera, Dilson]",-17.414,1.561,-20.374,-14.551,0.012,0.019,17281.0,6756.0,1.0
"beta_speed[Travis, Sam]",-18.128,1.484,-20.965,-15.396,0.012,0.017,16038.0,6697.0,1.0
"beta_speed[García, Adolis]",-17.123,1.116,-19.176,-15.041,0.011,0.013,11044.0,5423.0,1.0
"beta_speed[Robles, Victor]",-16.78,0.916,-18.508,-15.083,0.008,0.009,12609.0,7116.0,1.0
"beta_speed[Granderson, Curtis]",-16.113,1.072,-18.131,-14.138,0.009,0.012,13149.0,5887.0,1.0
"beta_speed[Luplow, Jordan]",-18.932,1.173,-21.027,-16.702,0.009,0.013,15533.0,6343.0,1.0
"beta_speed[Meadows, Austin]",-17.497,1.088,-19.555,-15.476,0.009,0.013,14548.0,6319.0,1.0
"beta_speed[Hermosillo, Michael]",-17.986,1.356,-20.59,-15.485,0.012,0.016,13777.0,6277.0,1.0
"beta_speed[LaMarre, Ryan]",-17.244,1.301,-19.754,-14.882,0.011,0.015,13630.0,6563.0,1.0
"beta_speed[Rickard, Joey]",-17.25,1.241,-19.648,-15.002,0.011,0.014,14005.0,6609.0,1.0
"beta_speed[Robinson, Drew]",-18.255,1.445,-21.075,-15.645,0.012,0.017,14552.0,6388.0,1.0
"beta_speed[García, Leury]",-17.303,1.033,-19.302,-15.433,0.009,0.012,12032.0,5735.0,1.0
"beta_speed[Williams, Mason]",-17.746,1.348,-20.414,-15.325,0.011,0.015,15865.0,6443.0,1.0
"beta_speed[Dietrich, Derek]",-18.271,1.214,-20.61,-16.056,0.011,0.014,12231.0,6483.0,1.0
"beta_speed[Altherr, Aaron]",-17.957,1.284,-20.439,-15.676,0.011,0.014,12526.0,6064.0,1.0
"beta_speed[Andreoli, John]",-17.956,1.507,-20.624,-14.996,0.012,0.018,16290.0,6172.0,1.0
"beta_speed[Rua, Ryan]",-18.03,1.404,-20.762,-15.467,0.012,0.016,13239.0,6285.0,1.0
"beta_speed[Goodwin, Brian]",-17.823,0.97,-19.57,-15.96,0.008,0.012,13075.0,6366.0,1.0
"beta_speed[Rosario, Eddie]",-17.882,0.879,-19.615,-16.304,0.008,0.01,11948.0,6198.0,1.0
"beta_speed[Pérez, Hernán]",-18.259,1.391,-20.889,-15.64,0.012,0.015,14551.0,6351.0,1.0
"beta_speed[Ervin, Phillip]",-18.389,1.186,-20.653,-16.215,0.01,0.013,13390.0,6470.0,1.0
"beta_speed[Pearce, Steve]",-18.492,1.683,-21.68,-15.392,0.012,0.021,18523.0,6213.0,1.0
"beta_speed[Bauers, Jake]",-17.874,1.253,-20.148,-15.493,0.011,0.013,13580.0,6583.0,1.0
"beta_speed[Jay, Jon]",-17.6,1.144,-19.736,-15.452,0.01,0.013,13261.0,6157.0,1.0
"beta_speed[Bostick, Christopher]",-17.93,1.765,-21.174,-14.494,0.013,0.025,19320.0,5198.0,1.0
"beta_speed[Bote, David]",-18.118,1.725,-21.317,-14.886,0.012,0.025,19809.0,5098.0,1.0
"beta_speed[Davis, J.D.]",-17.065,1.204,-19.333,-14.826,0.011,0.014,12972.0,6436.0,1.0
"beta_speed[Contreras, Willson]",-17.795,1.674,-21.0,-14.669,0.012,0.021,19734.0,6209.0,1.0
"beta_speed[Reinheimer, Jack]",-17.192,1.702,-20.615,-14.22,0.013,0.025,18545.0,4816.0,1.0
"beta_speed[Verdugo, Alex]",-16.503,0.961,-18.329,-14.694,0.009,0.011,11733.0,6337.0,1.0
"beta_speed[Peterson, Jace]",-19.042,1.351,-21.514,-16.504,0.011,0.014,13909.0,6609.0,1.0
"beta_speed[Smith, Mallex]",-15.758,0.956,-17.543,-13.92,0.008,0.011,13511.0,5749.0,1.0
"beta_speed[Pinder, Chad]",-18.343,1.102,-20.357,-16.242,0.009,0.013,13797.0,6317.0,1.0
"beta_speed[Pence, Hunter]",-17.973,1.264,-20.306,-15.555,0.01,0.016,14763.0,6214.0,1.0
"beta_speed[Lowe, Brandon]",-18.271,1.395,-20.941,-15.723,0.011,0.016,17159.0,6154.0,1.0
"beta_speed[Blash, Jabari]",-17.441,1.479,-20.171,-14.617,0.011,0.016,17746.0,6556.0,1.0
"beta_speed[Ortega, Rafael]",-18.953,1.199,-21.117,-16.657,0.01,0.014,14788.0,6645.0,1.0
"beta_speed[Frazier, Adam]",-18.38,1.36,-21.066,-15.962,0.011,0.015,14769.0,6720.0,1.0
"beta_speed[Nimmo, Brandon]",-18.069,0.963,-19.88,-16.269,0.009,0.011,12826.0,6693.0,1.0
"beta_speed[Cowart, Kaleb]",-18.08,1.731,-21.305,-14.813,0.012,0.023,20329.0,5643.0,1.0
"beta_speed[Merrifield, Whit]",-17.785,1.117,-19.903,-15.719,0.01,0.013,13258.0,6470.0,1.0
"beta_speed[Gentry, Craig]",-18.503,1.43,-21.221,-15.872,0.011,0.018,15852.0,6232.0,1.0
"beta_speed[Haniger, Mitch]",-17.181,0.906,-18.82,-15.387,0.009,0.01,11180.0,6265.0,1.0
"beta_speed[Bautista, José]",-18.528,1.315,-20.96,-16.036,0.011,0.018,14493.0,5974.0,1.0
"beta_speed[Robinson, Shane]",-17.568,1.58,-20.606,-14.644,0.012,0.02,16955.0,5641.0,1.0
"beta_speed[Hernández, Gorkys]",-18.782,1.23,-21.053,-16.424,0.01,0.014,13899.0,6586.0,1.0
"beta_speed[Quinn, Roman]",-18.792,1.285,-21.2,-16.412,0.011,0.014,13275.0,6875.0,1.0
"beta_speed[O'Hearn, Ryan]",-17.956,1.435,-20.674,-15.287,0.012,0.016,14371.0,6452.0,1.0
"beta_speed[Cabrera, Melky]",-18.53,1.154,-20.846,-16.455,0.009,0.014,15145.0,6000.0,1.0
"beta_speed[Goodrum, Niko]",-16.675,1.215,-18.823,-14.256,0.011,0.013,12853.0,6863.0,1.0
"beta_speed[Muñoz, Yairo]",-18.737,1.407,-21.322,-15.988,0.012,0.016,14186.0,6271.0,1.0
"beta_speed[Myers, Wil]",-19.196,1.066,-21.159,-17.197,0.009,0.013,12723.0,6470.0,1.0
"beta_speed[Adrianza, Ehire]",-17.086,1.427,-19.67,-14.305,0.012,0.018,13589.0,6087.0,1.0
"beta_speed[Grichuk, Randal]",-18.404,0.968,-20.226,-16.6,0.009,0.012,13039.0,6009.0,1.0
"beta_speed[Tucker, Preston]",-18.051,1.433,-20.704,-15.353,0.011,0.015,16058.0,6832.0,1.0
"beta_speed[Cave, Jake]",-18.454,1.093,-20.54,-16.383,0.01,0.013,12795.0,6129.0,1.0
"beta_speed[Pirela, José]",-18.603,1.545,-21.552,-15.723,0.012,0.018,15785.0,6509.0,1.0
"beta_speed[Gerber, Mike]",-18.634,1.587,-21.592,-15.637,0.012,0.019,16623.0,6530.0,1.0
"beta_speed[Desmond, Ian]",-17.501,1.167,-19.671,-15.284,0.01,0.013,12769.0,6204.0,1.0
"beta_speed[Dixon, Brandon]",-18.985,1.489,-21.913,-16.311,0.011,0.017,17977.0,6587.0,1.0
"beta_speed[Culberson, Charlie]",-17.626,1.323,-20.116,-15.154,0.012,0.015,12487.0,6321.0,1.0
"beta_speed[Williams, Nick]",-17.162,1.177,-19.438,-14.991,0.009,0.014,15918.0,6206.0,1.0
"beta_speed[Sweeney, Darnell]",-17.954,1.751,-21.263,-14.646,0.013,0.025,18006.0,5145.0,1.0
"beta_speed[Thames, Eric]",-18.109,1.407,-20.723,-15.48,0.012,0.016,14154.0,6280.0,1.0
"beta_speed[Wade, Tyler]",-18.325,1.485,-21.11,-15.55,0.012,0.018,15543.0,6200.0,1.0
"beta_speed[Wendle, Joey]",-17.811,1.6,-20.751,-14.755,0.012,0.019,17223.0,5940.0,1.0
"beta_speed[Davis, Khris]",-16.712,1.48,-19.391,-13.821,0.012,0.019,15621.0,5195.0,1.0
"beta_speed[Rivera, Yadiel]",-17.756,1.581,-20.611,-14.721,0.012,0.02,18387.0,5852.0,1.0
"beta_speed[Gamel, Ben]",-18.51,1.05,-20.451,-16.504,0.01,0.012,12107.0,6422.0,1.0
"beta_speed[Cuevas, Noel]",-18.118,1.496,-20.966,-15.358,0.012,0.019,16218.0,5664.0,1.0
"beta_speed[Jones, JaCoby]",-18.523,1.043,-20.497,-16.602,0.009,0.012,12840.0,7050.0,1.0
"beta_speed[Cooper, Garrett]",-17.797,1.299,-20.356,-15.411,0.011,0.017,14509.0,5636.0,1.0
"beta_speed[Bader, Harrison]",-17.627,0.928,-19.402,-15.962,0.008,0.011,12629.0,6710.0,1.0
"beta_speed[Winker, Jesse]",-19.532,1.06,-21.533,-17.551,0.01,0.013,12374.0,6005.0,1.0
"beta_speed[Hernández, Enrique]",-16.922,1.055,-19.024,-15.028,0.009,0.011,12353.0,7101.0,1.0
"beta_speed[Toles, Andrew]",-18.039,1.694,-21.071,-14.707,0.012,0.022,21309.0,5145.0,1.0
"beta_speed[Robertson, Daniel]",-18.323,1.681,-21.434,-15.259,0.013,0.023,16936.0,5431.0,1.0
"beta_speed[Kelly, Ty]",-17.666,1.733,-20.932,-14.446,0.012,0.024,20989.0,5761.0,1.0
"beta_speed[Frazier, Clint]",-17.954,1.139,-20.144,-15.886,0.01,0.014,12068.0,6003.0,1.0
"beta_speed[Joyce, Matt]",-18.031,1.18,-20.24,-15.806,0.01,0.013,14065.0,6515.0,1.0
"beta_speed[Jackson, Austin]",-18.59,1.298,-21.085,-16.242,0.011,0.017,13873.0,5273.0,1.0
"beta_speed[Astudillo, Willians]",-17.719,1.62,-20.771,-14.753,0.012,0.021,17525.0,6188.0,1.0
"beta_speed[Sogard, Eric]",-18.476,1.646,-21.335,-15.232,0.013,0.02,15479.0,5810.0,1.0
"beta_speed[Santana, Danny]",-19.074,1.296,-21.445,-16.62,0.011,0.014,13847.0,5600.0,1.0
"beta_speed[Walker, Christian]",-17.936,1.734,-21.095,-14.628,0.013,0.022,18077.0,5773.0,1.0
"beta_speed[Shuck, JB]",-16.733,1.337,-19.315,-14.289,0.011,0.015,13942.0,6301.0,1.0
"beta_speed[Tilson, Charlie]",-15.765,1.187,-17.945,-13.439,0.01,0.015,13584.0,6003.0,1.0
"beta_speed[Rasmus, Colby]",-16.944,1.493,-19.668,-14.072,0.012,0.017,16718.0,6064.0,1.0
"beta_speed[Williamson, Mac]",-18.7,1.347,-21.291,-16.227,0.011,0.015,13981.0,6670.0,1.0
"beta_speed[Szczur, Matt]",-17.962,1.569,-20.995,-15.119,0.012,0.019,17482.0,5789.0,1.0
"beta_speed[Rodríguez, Sean]",-18.738,1.555,-21.738,-15.898,0.012,0.019,16388.0,6131.0,1.0
"beta_speed[Allen, Greg]",-17.979,1.14,-20.059,-15.784,0.01,0.014,14091.0,6059.0,1.0
"beta_speed[Refsnyder, Rob]",-17.842,1.322,-20.323,-15.36,0.01,0.015,16007.0,6671.0,1.0
"beta_speed[Young, Chris]",-18.615,1.498,-21.401,-15.73,0.012,0.018,16779.0,6273.0,1.0
"beta_speed[Descalso, Daniel]",-18.349,1.745,-21.517,-15.009,0.012,0.024,20040.0,5704.0,1.0
"beta_speed[Eaton, Adam]",-17.913,0.908,-19.56,-16.148,0.009,0.01,10910.0,6333.0,1.0
"beta_speed[Valentín, Jesmuel]",-17.787,1.753,-20.902,-14.434,0.013,0.024,17549.0,5572.0,1.0
"beta_speed[Almonte, Abraham]",-18.093,1.267,-20.432,-15.655,0.011,0.015,13327.0,5700.0,1.0
"beta_speed[Bourjos, Peter]",-18.582,1.519,-21.412,-15.695,0.012,0.019,16423.0,5733.0,1.0
"beta_speed[Thompson, Trayce]",-17.32,1.292,-19.808,-14.925,0.011,0.015,14116.0,6394.0,1.0
"beta_speed[Martin, Russell]",-17.588,1.727,-20.697,-14.149,0.012,0.023,20916.0,5652.0,1.0
"beta_speed[Markakis, Nick]",-18.8,1.002,-20.591,-16.815,0.01,0.011,10860.0,6125.0,1.0
"beta_speed[Stevenson, Andrew]",-18.335,1.342,-20.936,-15.917,0.011,0.015,13836.0,6253.0,1.0
"beta_speed[Cordero, Franchy]",-17.198,1.225,-19.43,-14.818,0.011,0.015,12371.0,5943.0,1.0
"beta_speed[Belt, Brandon]",-17.146,1.464,-20.005,-14.527,0.012,0.018,15755.0,5509.0,1.0
"beta_speed[Adams, Matt]",-17.84,1.597,-20.784,-14.827,0.013,0.02,15424.0,6324.0,1.0
"beta_speed[Romine, Andrew]",-17.772,1.592,-20.757,-14.762,0.012,0.021,18878.0,5428.0,1.0
"beta_speed[Kendrick, Howie]",-18.527,1.661,-21.638,-15.422,0.012,0.022,18278.0,5624.0,1.0
"beta_speed[Evans, Phillip]",-16.762,1.408,-19.452,-14.124,0.012,0.017,14736.0,5787.0,1.0
"beta_speed[Fisher, Derek]",-16.532,1.305,-18.949,-14.052,0.011,0.014,15428.0,6526.0,1.0
"beta_speed[Muncy, Max]",-17.888,1.76,-21.255,-14.685,0.013,0.025,18958.0,5216.0,1.0
"beta_speed[Alford, Anthony]",-17.256,1.296,-19.751,-14.912,0.011,0.015,12993.0,6398.0,1.0
"beta_speed[Cespedes, Yoenis]",-17.932,1.382,-20.556,-15.365,0.011,0.015,14957.0,6435.0,1.0
"beta_speed[Herrera, Rosell]",-18.932,1.304,-21.36,-16.525,0.011,0.015,14500.0,6383.0,1.0
"beta_speed[Owings, Chris]",-16.627,1.261,-18.987,-14.253,0.011,0.015,13215.0,6219.0,1.0
"beta_speed[Pompey, Dalton]",-17.799,1.709,-21.056,-14.741,0.012,0.023,20844.0,5747.0,1.0
"beta_speed[Suzuki, Ichiro]",-17.411,1.517,-20.088,-14.422,0.012,0.017,15461.0,6412.0,1.0
"beta_speed[Dyson, Jarrod]",-19.343,1.09,-21.339,-17.251,0.009,0.012,14029.0,6776.0,1.0
"beta_speed[Bautista, Rafael]",-17.949,1.751,-21.309,-14.772,0.013,0.023,17026.0,5830.0,1.0
"beta_speed[Sierra, Moisés]",-18.33,1.696,-21.341,-14.95,0.012,0.021,19728.0,5362.0,1.0
"beta_speed[Marte, Jefry]",-17.828,1.788,-21.133,-14.458,0.013,0.022,19726.0,5907.0,1.0
"beta_speed[Gosselin, Phil]",-16.904,1.259,-19.234,-14.47,0.011,0.014,13801.0,6280.0,1.0
"beta_speed[Núñez, Renato]",-17.879,1.636,-20.975,-14.832,0.011,0.021,20278.0,5484.0,1.0
"beta_speed[Orlando, Paulo]",-18.098,1.458,-20.759,-15.4,0.011,0.016,17316.0,6404.0,1.0
"beta_speed[Mazara, Nomar]",-18.845,0.995,-20.578,-16.876,0.009,0.012,13353.0,6939.0,1.0
"beta_speed[Kingery, Scott]",-20.054,1.354,-22.561,-17.523,0.012,0.015,13440.0,6653.0,1.0
"beta_speed[Tauchman, Mike]",-19.101,1.201,-21.464,-16.907,0.01,0.013,14108.0,6799.0,1.0
"beta_speed[Bellinger, Cody]",-17.508,0.98,-19.369,-15.724,0.009,0.012,13096.0,5853.0,1.0
"beta_speed[Spangenberg, Cory]",-18.043,1.688,-21.183,-14.852,0.012,0.023,20111.0,5857.0,1.0
"beta_speed[Adams, Lane]",-17.721,1.688,-20.891,-14.543,0.013,0.023,18044.0,5584.0,1.0
"beta_speed[Motter, Taylor]",-18.177,1.701,-21.484,-15.083,0.012,0.022,18691.0,6030.0,1.0
"beta_speed[Naquin, Tyler]",-18.091,0.95,-19.874,-16.29,0.009,0.01,11827.0,6492.0,1.0
"beta_speed[Almora Jr., Albert]",-17.46,1.039,-19.431,-15.552,0.01,0.011,11800.0,6364.0,1.0
"beta_speed[Lee, Braxton]",-18.398,1.698,-21.688,-15.313,0.013,0.021,16592.0,6231.0,1.0
"beta_speed[Alvarez, Yordan]",-17.166,1.314,-19.668,-14.751,0.011,0.016,14229.0,6259.0,1.0
"beta_speed[Wade Jr., LaMonte]",-17.66,1.28,-20.088,-15.259,0.011,0.014,13324.0,5828.0,1.0
"beta_speed[McBroom, Ryan]",-17.643,1.528,-20.508,-14.755,0.012,0.018,15632.0,6572.0,1.0
"beta_speed[Tapia, Raimel]",-18.698,1.079,-20.681,-16.603,0.009,0.013,13919.0,6241.0,1.0
"beta_speed[Rojas, Josh]",-18.042,1.29,-20.45,-15.614,0.011,0.015,14222.0,6433.0,1.0
"beta_speed[Ward, Taylor]",-17.841,1.216,-20.097,-15.552,0.011,0.014,12698.0,6209.0,1.0
"beta_speed[Jiménez, Eloy]",-16.863,1.065,-18.791,-14.806,0.009,0.013,14134.0,6617.0,1.0
"beta_speed[Rodríguez, Ronny]",-17.901,1.712,-21.045,-14.684,0.012,0.023,19263.0,5514.0,1.0
"beta_speed[Díaz, Aledmys]",-17.633,1.465,-20.557,-15.066,0.012,0.016,14887.0,6553.0,1.0
"beta_speed[Beaty, Matt]",-17.991,1.336,-20.545,-15.587,0.012,0.014,13178.0,6704.0,1.0
"beta_speed[Pollock, AJ]",-17.717,0.975,-19.521,-15.872,0.009,0.01,10828.0,6482.0,1.0
"beta_speed[Miller, Brad]",-17.846,1.441,-20.414,-15.013,0.012,0.016,14582.0,6542.0,1.0
"beta_speed[García, Robel]",-17.143,1.73,-20.25,-13.794,0.013,0.023,18788.0,5533.0,1.0
"beta_speed[Dickerson, Alex]",-18.357,1.188,-20.499,-16.066,0.011,0.014,12150.0,6661.0,1.0
"beta_speed[Long Jr., Shed]",-18.257,1.404,-20.758,-15.472,0.012,0.016,14744.0,6541.0,1.0
"beta_speed[VanMeter, Josh]",-17.81,1.409,-20.388,-15.124,0.012,0.017,14364.0,6116.0,1.0
"beta_speed[Elmore, Jake]",-17.208,1.586,-20.12,-14.254,0.013,0.018,15390.0,6422.0,1.0
"beta_speed[Lopes, Tim]",-17.847,1.348,-20.302,-15.281,0.011,0.016,13972.0,6100.0,1.0
"beta_speed[Kramer, Kevin]",-17.721,1.607,-20.908,-14.874,0.012,0.022,17811.0,5243.0,1.0
"beta_speed[McNeil, Jeff]",-19.056,1.231,-21.292,-16.72,0.011,0.015,12324.0,5973.0,1.0
"beta_speed[Arraez, Luis]",-18.087,1.401,-20.724,-15.433,0.012,0.017,14736.0,6220.0,1.0
"beta_speed[Cordell, Ryan]",-18.466,1.29,-20.927,-16.081,0.011,0.015,15129.0,6647.0,1.0
"beta_speed[Yastrzemski, Mike]",-19.149,1.055,-21.183,-17.245,0.01,0.012,11589.0,6750.0,1.0
"beta_speed[Moore, Dylan]",-18.925,1.262,-21.459,-16.654,0.011,0.015,14045.0,6086.0,1.0
"beta_speed[Brown, Seth]",-16.991,1.204,-19.232,-14.702,0.01,0.014,13630.0,6225.0,1.0
"beta_speed[Naylor, Josh]",-17.263,1.164,-19.413,-15.056,0.01,0.014,13736.0,5833.0,1.0
"beta_speed[Miller, Ian]",-18.737,1.617,-21.734,-15.582,0.011,0.022,20508.0,5982.0,1.0
"beta_speed[Fletcher, David]",-18.588,1.504,-21.345,-15.753,0.012,0.017,15126.0,6708.0,1.0
"beta_speed[Heineman, Scott]",-19.311,1.443,-22.032,-16.599,0.012,0.016,13767.0,6700.0,1.0
"beta_speed[Straw, Myles]",-18.136,1.141,-20.264,-15.988,0.01,0.013,13700.0,6182.0,1.0
"beta_speed[Ramírez, Harold]",-19.617,1.115,-21.765,-17.557,0.01,0.013,12704.0,6465.0,1.0
"beta_speed[Hilliard, Sam]",-18.436,1.165,-20.606,-16.215,0.01,0.013,13827.0,6715.0,1.0
"beta_speed[González, Erik]",-17.538,1.649,-20.673,-14.484,0.012,0.022,19497.0,6153.0,1.0
"beta_speed[Peraza, José]",-16.244,1.401,-18.742,-13.525,0.011,0.016,15373.0,6790.0,1.0
"beta_speed[Haseley, Adam]",-18.992,1.286,-21.369,-16.548,0.011,0.015,13116.0,5699.0,1.0
"beta_speed[Wilkerson, Stevie]",-17.748,1.259,-20.099,-15.332,0.011,0.015,14066.0,5844.0,1.0
"beta_speed[Bishop, Braden]",-19.262,1.545,-22.258,-16.455,0.012,0.018,16613.0,6408.0,1.0
"beta_speed[Rios, Edwin]",-17.887,1.721,-21.193,-14.786,0.012,0.022,20443.0,5272.0,1.0
"beta_speed[Castellanos, Nick]",-18.062,0.856,-19.62,-16.438,0.008,0.01,12821.0,6311.0,1.0
"beta_speed[Gurriel Jr., Lourdes]",-17.616,1.052,-19.636,-15.66,0.01,0.013,12010.0,6493.0,1.0
"beta_speed[Berti, Jon]",-17.592,1.378,-20.112,-14.936,0.011,0.016,14344.0,5991.0,1.0
"beta_speed[Stubbs, Garrett]",-18.351,1.654,-21.529,-15.275,0.013,0.022,15484.0,5560.0,1.0
"beta_speed[Santander, Anthony]",-18.681,1.029,-20.668,-16.801,0.009,0.012,13966.0,6517.0,1.0
"beta_speed[Grisham, Trent]",-16.631,1.059,-18.7,-14.732,0.009,0.012,12793.0,5503.0,1.0
"beta_speed[Vogt, Stephen]",-18.557,1.654,-21.761,-15.546,0.013,0.021,17593.0,5344.0,1.0
"beta_speed[Davis, Johnny]",-18.016,1.745,-21.25,-14.645,0.013,0.024,19176.0,5371.0,1.0
"beta_speed[Camargo, Johan]",-18.307,1.593,-21.351,-15.42,0.012,0.021,18988.0,5668.0,1.0
"beta_speed[Herrmann, Chris]",-17.864,1.759,-21.228,-14.671,0.013,0.024,18752.0,5586.0,1.0
"beta_speed[Riley, Austin]",-17.816,1.356,-20.333,-15.291,0.011,0.015,14132.0,6408.0,1.0
"beta_speed[Reynolds, Bryan]",-17.408,0.924,-19.113,-15.673,0.009,0.01,11440.0,5743.0,1.0
"beta_speed[Profar, Jurickson]",-17.879,1.229,-20.111,-15.486,0.011,0.014,12717.0,6316.0,1.0
"beta_speed[O'Grady, Brian]",-17.834,1.582,-20.962,-14.969,0.012,0.019,17312.0,6200.0,1.0
"beta_speed[Starling, Bubba]",-18.213,1.309,-20.716,-15.808,0.012,0.015,12881.0,6447.0,1.0
"beta_speed[Broxton, Keon]",-18.189,1.319,-20.665,-15.689,0.011,0.015,13823.0,6055.0,1.0
"beta_speed[Court, Ryan]",-17.331,1.638,-20.385,-14.203,0.012,0.022,18958.0,5576.0,1.0
"beta_speed[Drury, Brandon]",-18.619,1.494,-21.36,-15.842,0.011,0.017,17308.0,6626.0,1.0
"beta_speed[Mercado, Óscar]",-17.575,1.088,-19.504,-15.416,0.01,0.013,12255.0,6346.0,1.0
"beta_speed[Avelino, Abiatal]",-17.895,1.786,-21.27,-14.545,0.013,0.026,18637.0,5389.0,1.0
"beta_speed[Lorenzen, Michael]",-17.359,1.565,-20.297,-14.477,0.012,0.019,16200.0,5854.0,1.0
"beta_speed[Brosseau, Mike]",-17.222,1.57,-20.329,-14.456,0.012,0.02,16757.0,5742.0,1.0
"beta_speed[Daza, Yonathan]",-17.953,1.236,-20.267,-15.654,0.011,0.014,12927.0,6186.0,1.0
"beta_speed[Garlick, Kyle]",-16.873,1.279,-19.264,-14.489,0.011,0.015,14163.0,6745.0,1.0
"beta_speed[Mejía, Francisco]",-17.969,1.709,-21.262,-14.781,0.012,0.022,19311.0,5443.0,1.0
"beta_speed[Rosario, Amed]",-18.293,1.636,-21.156,-15.066,0.012,0.022,17464.0,5689.0,1.0
"beta_speed[Castro, Harold]",-17.744,1.316,-20.303,-15.337,0.011,0.015,14553.0,6296.0,1.0
"beta_speed[Bruce, Jay]",-18.763,1.171,-20.997,-16.642,0.01,0.012,12995.0,6611.0,1.0
"beta_speed[Beckham, Tim]",-16.675,1.57,-19.666,-13.794,0.012,0.019,16115.0,6294.0,1.0
"beta_speed[Alberto, Hanser]",-17.699,1.651,-20.949,-14.714,0.012,0.023,18026.0,5572.0,1.0
"beta_speed[Velasquez, Vince]",-18.034,1.692,-21.191,-14.875,0.013,0.021,17907.0,5669.0,1.0
"beta_speed[Osuna, José]",-17.87,1.459,-20.696,-15.202,0.011,0.017,16474.0,6327.0,1.0
"beta_speed[Garcia, Greg]",-17.847,1.791,-21.206,-14.506,0.012,0.025,20685.0,4844.0,1.0
"beta_speed[Freeman, Mike]",-18.622,1.583,-21.492,-15.578,0.012,0.019,16954.0,6286.0,1.0
"beta_speed[Urshela, Gio]",-17.967,1.718,-21.154,-14.684,0.012,0.022,18868.0,6127.0,1.0
"beta_speed[Hampson, Garrett]",-18.509,1.227,-20.874,-16.258,0.011,0.013,12409.0,6712.0,1.0
"beta_speed[Saladino, Tyler]",-18.319,1.65,-21.364,-15.203,0.012,0.021,18144.0,6080.0,1.0
"beta_speed[Vargas, Ildemaro]",-18.099,1.741,-21.291,-14.792,0.012,0.025,20047.0,4969.0,1.0
"beta_speed[Martínez, José A.]",-17.413,1.193,-19.672,-15.256,0.009,0.014,15965.0,6170.0,1.0
"beta_speed[Parker, Jarrett]",-16.978,1.602,-20.0,-13.994,0.012,0.02,18016.0,6101.0,1.0
"beta_speed[Austin, Tyler]",-17.191,1.491,-20.044,-14.502,0.012,0.018,15237.0,5880.0,1.0
"beta_speed[Gómez, Carlos]",-17.419,1.182,-19.673,-15.251,0.01,0.013,12985.0,6458.0,1.0
"beta_speed[Biggio, Cavan]",-18.198,1.415,-20.968,-15.648,0.012,0.015,13319.0,6694.0,1.0
"beta_speed[Puello, César]",-17.518,1.375,-20.084,-14.911,0.012,0.015,13788.0,5877.0,1.0
"beta_speed[González, Carlos]",-17.401,1.113,-19.58,-15.386,0.011,0.013,11104.0,6511.0,1.0
"beta_speed[Santana, Domingo]",-19.116,1.159,-21.369,-17.031,0.01,0.014,13868.0,6346.0,1.0
"beta_speed[Newman, Kevin]",-18.013,1.775,-21.238,-14.59,0.013,0.024,19281.0,5036.0,1.0
"beta_speed[Urena, Richard]",-18.064,1.758,-21.447,-14.882,0.013,0.023,19042.0,5113.0,1.0
"beta_speed[Murphy, Tom]",-17.641,1.684,-20.795,-14.48,0.013,0.023,17351.0,5886.0,1.0
"beta_speed[O'Brien, Peter]",-17.84,1.565,-20.634,-14.782,0.012,0.019,16646.0,5848.0,1.0
"beta_speed[Solarte, Yangervis]",-17.996,1.624,-21.012,-14.913,0.013,0.022,16622.0,5635.0,1.0
"beta_speed[Estrada, Thairo]",-17.827,1.659,-20.868,-14.7,0.012,0.021,18707.0,5817.0,1.0
"beta_speed[Rondon, José]",-17.583,1.59,-20.513,-14.615,0.012,0.018,17999.0,6674.0,1.0
"beta_speed[Peterson, Dustin]",-17.942,1.598,-21.004,-14.975,0.012,0.021,17016.0,5600.0,1.0
"beta_speed[Moran, Colin]",-17.877,1.754,-21.145,-14.532,0.012,0.025,20362.0,5378.0,1.0
"beta_speed[Martin, Jason]",-17.614,1.279,-19.954,-15.162,0.011,0.013,13021.0,6640.0,1.0
"beta_speed[Joe, Connor]",-18.141,1.42,-20.839,-15.574,0.012,0.015,14701.0,6871.0,1.0
"beta_speed[Zagunis, Mark]",-17.75,1.639,-20.763,-14.627,0.012,0.022,19494.0,5954.0,1.0
"beta_speed[Jackson, Drew]",-18.0,1.735,-21.16,-14.692,0.012,0.023,21994.0,5063.0,1.0
"beta_speed[Margot, Manuel]",-16.911,0.928,-18.687,-15.219,0.008,0.011,13194.0,6635.0,1.0
"beta_speed[Arozarena, Randy]",-19.196,1.172,-21.481,-17.068,0.011,0.013,12154.0,6272.0,1.0
"beta_speed[Aquino, Aristides]",-17.942,1.216,-20.248,-15.711,0.01,0.014,14197.0,6257.0,1.0
"beta_speed[Carlson, Dylan]",-19.246,1.141,-21.257,-17.006,0.011,0.013,11466.0,5859.0,1.0
"beta_speed[Sierra, Magneuris]",-17.937,1.207,-20.22,-15.728,0.011,0.013,11948.0,6550.0,1.0
"beta_speed[Engel, Adam]",-17.748,1.076,-19.716,-15.685,0.009,0.012,13110.0,6282.0,1.0
"beta_speed[Akiyama, Shogo]",-18.529,1.26,-20.988,-16.261,0.011,0.014,13727.0,6835.0,1.0
"beta_speed[Edman, Tommy]",-18.34,1.331,-20.849,-15.888,0.011,0.015,13687.0,6280.0,1.0
"beta_speed[Solak, Nick]",-16.827,1.313,-19.344,-14.399,0.011,0.015,14496.0,5613.0,1.0
"beta_speed[Hays, Austin]",-17.807,1.057,-19.777,-15.815,0.01,0.011,12273.0,6666.0,1.0
"beta_speed[Duggar, Steven]",-16.324,1.067,-18.308,-14.297,0.01,0.012,12384.0,6385.0,1.0
"beta_speed[White, Eli]",-17.702,1.263,-20.092,-15.364,0.011,0.014,14008.0,6351.0,1.0
"beta_speed[Chavis, Michael]",-16.743,1.494,-19.6,-14.008,0.012,0.018,16679.0,6219.0,1.0
"beta_speed[Marmolejos, José]",-17.97,1.409,-20.682,-15.398,0.012,0.016,14318.0,6244.0,1.0
"beta_speed[Riddle, JT]",-17.653,1.429,-20.312,-14.944,0.012,0.016,14101.0,6598.0,1.0
"beta_speed[Lin, Tzu-Wei]",-17.659,1.54,-20.606,-14.842,0.012,0.018,17796.0,6397.0,1.0
"beta_speed[Smith, Pavin]",-17.558,1.179,-19.845,-15.419,0.01,0.014,13919.0,6137.0,1.0
"beta_speed[Mountcastle, Ryan]",-16.942,1.29,-19.417,-14.599,0.011,0.014,13405.0,6512.0,1.0
"beta_speed[Oliva, Jared]",-18.075,1.443,-20.885,-15.485,0.012,0.017,14520.0,6085.0,1.0
"beta_speed[Moniak, Mickey]",-18.399,1.547,-21.218,-15.446,0.012,0.02,17342.0,6361.0,1.0
"beta_speed[Heath, Nick]",-18.719,1.618,-21.662,-15.625,0.012,0.02,18654.0,5943.0,1.0
"beta_speed[Taylor, Michael A.]",-17.201,0.922,-18.994,-15.536,0.009,0.01,11607.0,6521.0,1.0
"beta_speed[Fraley, Jake]",-17.572,1.227,-19.917,-15.329,0.011,0.014,13012.0,6888.0,1.0
"beta_speed[Ruf, Darin]",-17.87,1.362,-20.479,-15.386,0.011,0.017,15355.0,6060.0,1.0
"beta_speed[Olivares, Edward]",-16.863,1.275,-19.152,-14.419,0.01,0.015,15002.0,5739.0,1.0
"beta_speed[Tsutsugo, Yoshi]",-17.382,1.352,-19.902,-14.877,0.011,0.015,14886.0,6445.0,1.0
"beta_speed[Brinson, Lewis]",-17.472,1.016,-19.397,-15.574,0.009,0.011,12191.0,6896.0,1.0
"beta_speed[Fuentes, Joshua]",-17.893,1.732,-21.173,-14.588,0.013,0.025,18442.0,4436.0,1.0
"beta_speed[Demeritte, Travis]",-16.809,1.26,-19.196,-14.47,0.011,0.014,12624.0,6246.0,1.0
"beta_speed[Ravelo, Rangel]",-17.277,1.661,-20.508,-14.287,0.013,0.021,17484.0,5711.0,1.0
"beta_speed[Andujar, Miguel]",-18.438,1.383,-21.026,-15.809,0.011,0.016,14540.0,5773.0,1.0
"beta_speed[Taylor, Tyrone]",-18.583,1.321,-21.122,-16.164,0.012,0.016,12537.0,6362.0,1.0
"beta_speed[Basabe, Luis Alexander]",-18.132,1.69,-21.303,-14.975,0.012,0.023,19838.0,5472.0,1.0
"beta_speed[Thaiss, Matt]",-17.778,1.769,-20.974,-14.368,0.013,0.024,19331.0,5827.0,1.0
"beta_speed[Varsho, Daulton]",-19.258,1.33,-21.682,-16.731,0.011,0.015,13895.0,6832.0,1.0
"beta_speed[Strange-Gordon, Dee]",-16.749,1.31,-19.16,-14.28,0.011,0.014,14683.0,6181.0,1.0
"beta_speed[Souza Jr., Steven]",-17.734,1.253,-20.199,-15.521,0.011,0.014,13640.0,6512.0,1.0
"beta_speed[Walker, Neil]",-17.24,1.496,-20.012,-14.449,0.012,0.017,15636.0,6393.0,1.0
"beta_speed[Barreto, Franklin]",-18.054,1.767,-21.233,-14.632,0.012,0.026,20207.0,4835.0,1.0
"beta_speed[Rooker, Brent]",-17.716,1.297,-20.107,-15.257,0.011,0.015,13252.0,5560.0,1.0
"beta_speed[Harrison, Josh]",-17.072,1.421,-19.776,-14.408,0.012,0.017,13501.0,6181.0,1.0
"beta_speed[Dozier, Hunter]",-18.276,1.193,-20.414,-15.97,0.01,0.013,14651.0,6333.0,1.0
"beta_speed[Haggerty, Sam]",-18.274,1.427,-21.053,-15.692,0.012,0.017,14441.0,6766.0,1.0
"beta_speed[Payton, Mark]",-18.311,1.65,-21.401,-15.248,0.012,0.021,18678.0,5824.0,1.0
"beta_speed[Mathias, Mark]",-18.386,1.628,-21.437,-15.387,0.012,0.02,18634.0,6116.0,1.0
"beta_speed[Pillar, Kevin]",-16.1,0.83,-17.63,-14.512,0.007,0.01,12493.0,6409.0,1.0
"beta_speed[Pache, Cristian]",-17.882,1.459,-20.713,-15.232,0.013,0.016,13438.0,6177.0,1.0
"beta_speed[Valaika, Pat]",-17.46,1.621,-20.451,-14.418,0.011,0.02,21184.0,5804.0,1.0
"beta_speed[González, Luis]",-18.048,1.636,-21.04,-14.916,0.012,0.02,17732.0,6055.0,1.0
"beta_speed[Velazquez, Andrew]",-18.086,1.711,-21.098,-14.694,0.013,0.024,17302.0,5896.0,1.0
"beta_speed[Zimmer, Bradley]",-18.585,1.229,-20.832,-16.27,0.011,0.013,12968.0,6885.0,1.0
"beta_speed[Mateo, Jorge]",-18.775,1.605,-21.765,-15.777,0.012,0.021,17937.0,6259.0,1.0
"beta_speed[Mullins, Cedric]",-18.203,1.053,-20.155,-16.155,0.009,0.011,12486.0,6851.0,1.0
"beta_speed[Marte, Starling]",-16.226,0.823,-17.692,-14.578,0.008,0.009,11209.0,6369.0,1.0
"beta_speed[Mejia, Erick]",-18.401,1.575,-21.409,-15.452,0.011,0.021,19200.0,5878.0,1.0
"beta_speed[Johnson, Daniel]",-18.754,1.501,-21.572,-15.97,0.012,0.018,16063.0,6119.0,1.0
"beta_speed[Bonifácio, Emilio]",-17.965,1.733,-21.228,-14.752,0.012,0.023,21089.0,5290.0,1.0
"beta_speed[Hoerner, Nico]",-17.713,1.654,-20.894,-14.674,0.012,0.023,19834.0,5146.0,1.0
"beta_speed[Reyes, Franmil]",-19.144,1.18,-21.382,-16.943,0.011,0.014,11377.0,5686.0,1.0
"beta_speed[McCarthy, Joe]",-17.363,1.703,-20.553,-14.106,0.012,0.023,19196.0,5323.0,1.0
"beta_speed[Marisnick, Jake]",-18.297,1.182,-20.529,-16.089,0.01,0.013,12921.0,6211.0,1.0
"beta_speed[Schrock, Max]",-18.092,1.499,-20.903,-15.319,0.012,0.018,15019.0,5931.0,1.0
"beta_speed[Deichmann, Greg]",-18.133,1.667,-21.276,-15.019,0.012,0.024,18833.0,5262.0,1.0
"beta_speed[Nevin, Tyler]",-17.244,1.604,-20.178,-14.161,0.012,0.021,17207.0,5382.0,1.0
"beta_speed[Ramos, Henry]",-18.438,1.596,-21.455,-15.437,0.012,0.021,17782.0,5675.0,1.0
"beta_speed[Haase, Eric]",-18.627,1.547,-21.541,-15.769,0.012,0.019,16245.0,6009.0,1.0
"beta_speed[Miller, Brian]",-18.025,1.763,-21.154,-14.592,0.012,0.025,21916.0,5298.0,1.0
"beta_speed[Gordon, Nick]",-17.816,1.461,-20.55,-15.097,0.012,0.018,14744.0,5986.0,1.0
"beta_speed[Isbel, Kyle]",-19.139,1.568,-22.118,-16.222,0.012,0.018,16975.0,5940.0,1.0
"beta_speed[Peters, DJ]",-18.471,1.331,-21.083,-16.069,0.011,0.015,13505.0,6093.0,1.0
"beta_speed[Castro, Willi]",-17.457,1.546,-20.156,-14.314,0.012,0.018,15630.0,6213.0,1.0
"beta_speed[Bell, Josh]",-17.784,1.649,-20.737,-14.484,0.011,0.021,20913.0,5838.0,1.0
"beta_speed[Friedl, TJ]",-17.791,1.617,-20.803,-14.74,0.012,0.021,18323.0,5904.0,1.0
"beta_speed[Nootbaar, Lars]",-18.379,1.452,-21.042,-15.582,0.012,0.018,15159.0,6045.0,1.0
"beta_speed[McKenna, Ryan]",-14.496,1.163,-16.639,-12.274,0.01,0.013,13413.0,6311.0,1.0
"beta_speed[Lagares, Juan]",-18.096,1.14,-20.244,-15.966,0.01,0.013,12809.0,6229.0,1.0
"beta_speed[Hernandez, Yadiel]",-16.901,1.257,-19.257,-14.554,0.011,0.016,13734.0,5311.0,1.0
"beta_speed[Stephenson, Tyler]",-16.769,1.722,-19.926,-13.429,0.012,0.023,20820.0,5968.0,1.0
"beta_speed[Hamilton, Billy]",-18.297,1.049,-20.31,-16.386,0.009,0.013,12524.0,6353.0,1.0
"beta_speed[Rojas, Jose]",-16.437,1.332,-18.91,-13.888,0.012,0.016,11692.0,5978.0,1.0
"beta_speed[McCormick, Chas]",-16.216,1.219,-18.502,-13.956,0.01,0.013,13543.0,6667.0,1.0
"beta_speed[Wisdom, Patrick]",-17.553,1.462,-20.259,-14.76,0.012,0.018,15604.0,5748.0,1.0
"beta_speed[DeShields, Delino]",-16.877,0.987,-18.717,-15.01,0.009,0.011,12011.0,6861.0,1.0
"beta_speed[Meyers, Jake]",-18.441,1.384,-21.057,-15.821,0.011,0.016,15208.0,6195.0,1.0
"beta_speed[Cameron, Daz]",-17.076,1.283,-19.416,-14.596,0.011,0.014,13640.0,6826.0,1.0
"beta_speed[Baddoo, Akil]",-17.178,1.159,-19.41,-15.063,0.01,0.014,13724.0,6163.0,1.0
"beta_speed[Wong, Kean]",-16.942,1.502,-19.84,-14.202,0.012,0.018,15677.0,6536.0,1.0
"beta_speed[Lux, Gavin]",-16.23,1.451,-19.016,-13.595,0.012,0.017,14941.0,6045.0,1.0
"beta_speed[Vilade, Ryan]",-16.891,1.609,-19.942,-13.875,0.011,0.021,19591.0,5629.0,1.0
"beta_speed[Bolt, Skye]",-19.046,1.48,-22.007,-16.432,0.011,0.018,18062.0,6317.0,1.0
"beta_speed[Siri, Jose]",-18.747,1.607,-21.655,-15.737,0.012,0.02,17075.0,5766.0,1.0
"beta_speed[Vierling, Matt]",-17.757,1.592,-20.662,-14.698,0.012,0.02,16307.0,6153.0,1.0
"beta_speed[De La Cruz, Bryan]",-18.72,1.419,-21.324,-15.986,0.012,0.017,14527.0,5920.0,1.0
"beta_speed[Rivas III, Alfonso]",-17.864,1.64,-20.963,-14.81,0.012,0.02,19798.0,6328.0,1.0
"beta_speed[Gonzalez, Romy]",-17.985,1.765,-21.362,-14.636,0.012,0.025,20119.0,5333.0,1.0
"beta_speed[Adell, Jo]",-17.893,1.208,-20.166,-15.658,0.011,0.012,12752.0,6786.0,1.0
"beta_speed[Lowe, Josh]",-18.078,1.721,-21.313,-14.911,0.012,0.025,19945.0,5595.0,1.0
"beta_speed[Sheets, Gavin]",-17.778,1.586,-20.718,-14.774,0.012,0.02,18088.0,6018.0,1.0
"beta_speed[Alfaro, Jorge]",-17.189,1.542,-19.995,-14.275,0.011,0.019,18246.0,5865.0,1.0
"beta_speed[Vaughn, Andrew]",-18.434,1.275,-21.021,-16.231,0.01,0.015,15432.0,6212.0,1.0
"beta_speed[Ruiz, Rio]",-17.893,1.782,-21.299,-14.692,0.012,0.024,20737.0,5644.0,1.0
"beta_speed[Fairchild, Stuart]",-18.265,1.705,-21.647,-15.193,0.013,0.023,17807.0,5663.0,1.0
"beta_speed[Arcia, Orlando]",-17.277,1.462,-19.953,-14.495,0.012,0.016,14123.0,6405.0,1.0
"beta_speed[Thomas, Lane]",-17.518,1.254,-19.925,-15.226,0.011,0.014,12944.0,6530.0,1.0
"beta_speed[Lamb, Jake]",-17.416,1.521,-20.347,-14.679,0.012,0.017,15782.0,5825.0,1.0
"beta_speed[Smith, Kevin]",-17.627,1.762,-20.986,-14.347,0.013,0.025,17977.0,5231.0,1.0
"beta_speed[Jones, Taylor]",-15.381,1.521,-18.235,-12.542,0.012,0.018,16022.0,6372.0,1.0
"beta_speed[Ibáñez, Andy]",-17.938,1.701,-21.13,-14.692,0.013,0.023,18014.0,5585.0,1.0
"beta_speed[Larnach, Trevor]",-19.059,1.308,-21.563,-16.695,0.011,0.015,14331.0,6407.0,1.0
"beta_speed[Robson, Jacob]",-17.991,1.743,-21.297,-14.75,0.013,0.025,17873.0,5485.0,1.0
"beta_speed[McKinstry, Zach]",-18.519,1.55,-21.352,-15.479,0.012,0.018,16829.0,6452.0,1.0
"beta_speed[Park, Hoy]",-17.585,1.622,-20.722,-14.556,0.012,0.021,19377.0,5557.0,1.0
"beta_speed[Williams, Luke]",-16.594,1.583,-19.515,-13.587,0.012,0.021,18120.0,5830.0,1.0
"beta_speed[Duran, Jarren]",-17.785,1.505,-20.688,-15.075,0.012,0.019,17147.0,5863.0,1.0
"beta_speed[Fargas, Johneshwy]",-18.297,1.615,-21.269,-15.17,0.013,0.02,16203.0,6200.0,1.0
"beta_speed[Bradley Jr., Jackie]",-17.909,0.913,-19.539,-16.136,0.009,0.011,10664.0,6150.0,1.0
"beta_speed[Raley, Luke]",-18.136,1.536,-21.044,-15.272,0.012,0.017,17069.0,6790.0,1.0
"beta_speed[Thomas, Dillon]",-17.74,1.687,-20.974,-14.633,0.013,0.021,17627.0,5989.0,1.0
"beta_speed[Reks, Zach]",-18.031,1.656,-21.134,-14.926,0.012,0.021,18351.0,6239.0,1.0
"beta_speed[Wilson, Jacob]",-17.967,1.676,-20.949,-14.73,0.012,0.02,18186.0,5974.0,1.0
"beta_speed[Sánchez, Jesús]",-17.808,1.339,-20.367,-15.34,0.011,0.015,14651.0,6498.0,1.0
"beta_speed[Clement, Ernie]",-17.864,1.776,-21.105,-14.469,0.013,0.027,17495.0,5796.0,1.0
"beta_speed[Vosler, Jason]",-17.907,1.723,-21.199,-14.806,0.013,0.023,16526.0,5437.0,1.0
"beta_speed[Kirilloff, Alex]",-17.923,1.414,-20.542,-15.219,0.012,0.016,13874.0,6146.0,1.0
"beta_speed[Davis, Jaylin]",-16.971,1.41,-19.678,-14.399,0.012,0.016,14085.0,6067.0,1.0
"beta_speed[Tom, Ka'ai]",-17.608,1.407,-20.26,-14.866,0.011,0.017,16013.0,5851.0,1.0
"beta_speed[Trammell, Taylor]",-18.476,1.333,-20.895,-15.922,0.011,0.015,15218.0,6500.0,1.0
"beta_speed[Walton, Donovan]",-18.173,1.736,-21.516,-15.016,0.013,0.024,18020.0,5436.0,1.0
"beta_speed[Blankenhorn, Travis]",-18.0,1.687,-21.053,-14.737,0.013,0.022,16820.0,5185.0,1.0
"beta_speed[Marcano, Tucupita]",-17.772,1.738,-21.237,-14.605,0.013,0.025,16640.0,5257.0,1.0
"beta_speed[Hiura, Keston]",-17.911,1.737,-21.162,-14.673,0.012,0.024,19903.0,5728.0,1.0
"beta_speed[Kelenic, Jarred]",-18.425,1.2,-20.605,-16.094,0.011,0.014,12588.0,6405.0,1.0
"beta_speed[Williams, Justin]",-18.109,1.361,-20.593,-15.483,0.012,0.016,13151.0,6363.0,1.0
"beta_speed[Barrera, Luis]",-18.285,1.719,-21.628,-15.153,0.012,0.021,18911.0,6287.0,1.0
"beta_speed[Duffy, Matt]",-17.377,1.683,-20.59,-14.318,0.012,0.022,18521.0,5918.0,1.0
"beta_speed[Neuse, Sheldon]",-17.655,1.699,-20.809,-14.587,0.012,0.023,20607.0,5411.0,1.0
"beta_speed[Hager, Jake]",-17.496,1.665,-20.653,-14.398,0.012,0.021,19993.0,5751.0,1.0
"beta_speed[Mathisen, Wyatt]",-17.728,1.701,-20.838,-14.453,0.013,0.022,18382.0,5481.0,1.0
"beta_speed[Ohtani, Shohei]",-17.864,1.741,-21.194,-14.704,0.012,0.024,20118.0,5817.0,1.0
"beta_speed[Bemboom, Anthony]",-17.915,1.733,-21.038,-14.547,0.012,0.021,20864.0,6196.0,1.0
"beta_speed[Musgrove, Joe]",-17.954,1.758,-21.28,-14.733,0.013,0.022,17491.0,5819.0,1.0
"beta_speed[Palacios, Joshua]",-17.348,1.553,-20.236,-14.355,0.011,0.02,19178.0,6238.0,1.0
"beta_speed[Young, Andrew]",-17.084,1.708,-20.431,-14.056,0.013,0.021,17626.0,5750.0,1.0
"beta_speed[Blandino, Alex]",-17.868,1.745,-21.141,-14.688,0.013,0.023,18729.0,5796.0,1.0
"beta_speed[Farmer, Kyle]",-17.886,1.801,-21.257,-14.581,0.013,0.025,19252.0,5554.0,1.0
"beta_speed[Inciarte, Ender]",-17.392,0.981,-19.266,-15.592,0.009,0.012,12656.0,5877.0,1.0
"beta_speed[Betts, Mookie]",-19.223,0.94,-20.968,-17.494,0.008,0.011,12593.0,6302.0,1.0
"beta_speed[Cain, Lorenzo]",-17.745,1.02,-19.634,-15.828,0.009,0.012,14018.0,6538.0,1.0
"beta_speed[Springer, George]",-17.462,0.987,-19.406,-15.709,0.009,0.011,12144.0,6475.0,1.0
"beta_speed[Blackmon, Charlie]",-18.525,0.877,-20.102,-16.803,0.009,0.009,9792.0,6338.0,1.0
"beta_speed[Heyward, Jason]",-17.517,0.935,-19.283,-15.818,0.008,0.011,13563.0,6517.0,1.0
"beta_speed[Guerrero, Gabriel]",-18.501,1.715,-21.758,-15.294,0.012,0.023,19444.0,5650.0,1.0
"beta_speed[Trout, Mike]",-15.769,0.895,-17.478,-14.156,0.008,0.01,13327.0,6459.0,1.0
"beta_speed[Kipnis, Jason]",-18.812,1.632,-21.843,-15.742,0.013,0.021,17065.0,6014.0,1.0
"beta_speed[Laureano, Ramón]",-16.826,0.929,-18.643,-15.133,0.009,0.011,11776.0,6040.0,1.0
"beta_speed[Hicks, Aaron]",-16.241,1.01,-18.085,-14.302,0.009,0.011,12862.0,6718.0,1.0
"beta_speed[Harper, Bryce]",-18.347,0.891,-19.987,-16.664,0.008,0.01,12186.0,6783.0,1.0
"beta_speed[Kiermaier, Kevin]",-16.103,0.899,-17.813,-14.42,0.008,0.011,11432.0,5824.0,1.0
"beta_speed[Barnes, Brandon]",-18.6,1.671,-21.777,-15.455,0.012,0.022,18584.0,6329.0,1.0
"beta_speed[Kepler, Max]",-18.11,0.923,-19.847,-16.378,0.008,0.01,13431.0,6216.0,1.0
"beta_speed[Martin, Leonys]",-18.216,1.13,-20.312,-16.087,0.01,0.012,12036.0,6673.0,1.0
"beta_speed[den Dekker, Matthew]",-18.094,1.588,-21.001,-15.047,0.011,0.019,19901.0,6322.0,1.0
"beta_speed[Calhoun, Kole]",-18.962,0.946,-20.826,-17.248,0.008,0.011,12418.0,5804.0,1.0
"beta_speed[Escobar, Alcides]",-18.308,1.676,-21.32,-14.984,0.012,0.022,19044.0,5740.0,1.0
"beta_speed[Smolinski, Jake]",-18.939,1.635,-21.931,-15.87,0.012,0.021,18566.0,6000.0,1.0
"beta_speed[Buxton, Byron]",-18.522,1.152,-20.67,-16.363,0.01,0.012,12544.0,6749.0,1.0
"beta_speed[Florimón, Pedro]",-18.003,1.779,-21.374,-14.695,0.013,0.024,19061.0,5197.0,1.0
"beta_speed[Difo, Wilmer]",-16.138,1.482,-18.862,-13.325,0.011,0.018,16823.0,6090.0,1.0
"beta_speed[Powell, Boog]",-18.385,1.638,-21.433,-15.263,0.012,0.021,17483.0,5521.0,1.0
"beta_speed[Judge, Aaron]",-17.938,0.974,-19.806,-16.156,0.008,0.012,13247.0,6417.0,1.0
"beta_speed[Fowler, Dexter]",-19.429,1.077,-21.536,-17.493,0.01,0.012,11068.0,6399.0,1.0
"beta_speed[Lewis, Kyle]",-18.473,1.26,-20.89,-16.197,0.011,0.014,13266.0,5392.0,1.0
"beta_speed[García, Avisaíl]",-18.243,0.99,-20.081,-16.349,0.008,0.011,13523.0,6966.0,1.0
"beta_speed[Marte, Ketel]",-17.258,1.12,-19.464,-15.283,0.011,0.012,11284.0,6239.0,1.0
"beta_speed[Senzel, Nick]",-18.657,1.274,-21.003,-16.218,0.011,0.013,14256.0,6877.0,1.0
"beta_speed[Harrison, Monte]",-17.837,1.506,-20.598,-14.967,0.013,0.018,14513.0,6437.0,1.0
"beta_speed[Robert Jr., Luis]",-18.914,1.227,-21.179,-16.59,0.011,0.012,12919.0,6840.0,1.0
"beta_speed[Dubón, Mauricio]",-16.922,1.282,-19.432,-14.632,0.011,0.014,13286.0,6674.0,1.0
"beta_speed[Taveras, Leody]",-16.92,1.207,-19.24,-14.757,0.011,0.014,12615.0,6025.0,1.0
"beta_speed[Hill, Derek]",-17.896,1.369,-20.5,-15.34,0.012,0.015,13592.0,6645.0,1.0
"beta_speed[Tucker, Cole]",-18.079,1.393,-20.714,-15.485,0.011,0.015,14735.0,6999.0,1.0
"beta_speed[Torreyes, Ronald]",-17.948,1.746,-21.152,-14.651,0.013,0.024,18546.0,5316.0,1.0
"beta_speed[Florial, Estevan]",-18.343,1.615,-21.275,-15.173,0.011,0.021,19904.0,5528.0,1.0
"beta_speed[Whitefield, Aaron]",-18.027,1.709,-21.156,-14.764,0.012,0.024,21659.0,5239.0,1.0
"beta_speed[Villar, Jonathan]",-18.083,1.754,-21.301,-14.709,0.013,0.023,19514.0,5244.0,1.0
"beta_speed[McCarthy, Jake]",-19.105,1.546,-22.079,-16.24,0.012,0.02,17147.0,6435.0,1.0
"beta_speed[Marsh, Brandon]",-19.337,1.435,-21.949,-16.541,0.012,0.017,14790.0,5694.0,1.0
"beta_speed[Tatis Jr., Fernando]",-17.681,1.508,-20.509,-14.911,0.012,0.019,15067.0,6349.0,1.0
"beta_speed[Barrero, José]",-18.148,1.706,-21.363,-14.868,0.012,0.024,20151.0,5620.0,1.0
"beta_speed[Celestino, Gilberto]",-18.26,1.434,-20.942,-15.537,0.012,0.016,14994.0,6694.0,1.0
"beta_speed[Bruján, Vidal]",-18.009,1.703,-21.242,-14.9,0.013,0.021,15935.0,5671.0,1.0
"beta_speed[Hurst, Scott]",-17.938,1.739,-21.143,-14.589,0.012,0.024,20844.0,5521.0,1.0
"beta_speed[Puig, Yasiel]",-17.972,1.019,-19.876,-16.042,0.009,0.012,11903.0,5989.0,1.0
"beta_speed[Piscotty, Stephen]",-19.06,0.996,-20.867,-17.096,0.009,0.012,13473.0,6207.0,1.0
"beta_speed[Cruz, Nelson]",-18.255,1.698,-21.563,-15.172,0.013,0.022,18270.0,5936.0,1.0
"beta_speed[Polanco, Gregory]",-18.848,0.989,-20.635,-16.954,0.009,0.012,12327.0,6101.0,1.0
"beta_speed[Anderson, Brian]",-17.798,1.165,-19.975,-15.608,0.01,0.013,12677.0,6570.0,1.0
"beta_speed[Valencia, Danny]",-17.121,1.418,-19.713,-14.425,0.012,0.018,14779.0,6187.0,1.0
"beta_speed[Trumbo, Mark]",-16.621,1.434,-19.321,-13.979,0.012,0.017,14963.0,6369.0,1.0
"beta_speed[Plouffe, Trevor]",-17.888,1.737,-21.079,-14.65,0.011,0.023,23592.0,5736.0,1.0
"beta_speed[Kaczmarski, Kevin]",-17.997,1.745,-21.169,-14.665,0.013,0.023,17706.0,5268.0,1.0
"beta_speed[Chisenhall, Lonnie]",-18.17,1.44,-20.895,-15.492,0.011,0.017,16303.0,5952.0,1.0
"beta_speed[Soler, Jorge]",-16.561,1.0,-18.376,-14.617,0.009,0.011,11338.0,6491.0,1.0
"beta_speed[Valera, Breyvic]",-17.924,1.754,-21.268,-14.607,0.014,0.023,16285.0,5486.0,1.0
"beta_speed[Joseph, Corban]",-17.994,1.737,-21.17,-14.636,0.012,0.026,20131.0,5361.0,1.0
"beta_speed[Goins, Ryan]",-16.157,1.623,-19.072,-13.006,0.011,0.021,20121.0,5297.0,1.0
"beta_speed[Nola, Austin]",-17.632,1.735,-20.945,-14.509,0.013,0.023,19263.0,5456.0,1.0
"beta_speed[Davis, Chris]",-17.996,1.748,-21.136,-14.616,0.014,0.023,16649.0,5617.0,1.0
"beta_speed[Adduci, James]",-18.217,1.693,-21.393,-15.075,0.012,0.024,19205.0,5475.0,1.0
"beta_speed[Reed, Michael]",-17.963,1.694,-21.174,-14.74,0.013,0.023,17884.0,5269.0,1.0
"beta_speed[Walsh, Jared]",-18.321,1.533,-21.347,-15.57,0.012,0.02,17365.0,5892.0,1.0
"beta_speed[Núñez, Eduardo]",-17.947,1.776,-21.478,-14.757,0.012,0.022,20529.0,5809.0,1.0
"beta_speed[Amburgey, Trey]",-18.362,1.676,-21.572,-15.285,0.013,0.022,16964.0,5418.0,1.0
"beta_speed[Rengifo, Luis]",-17.127,1.48,-19.925,-14.433,0.011,0.017,17389.0,6605.0,1.0
"beta_speed[Mendick, Danny]",-17.12,1.668,-20.345,-14.118,0.012,0.021,18723.0,5767.0,1.0
"beta_speed[Lee, Khalil]",-17.797,1.691,-20.937,-14.557,0.013,0.022,17033.0,5201.0,1.0
"beta_speed[Stokes Jr., Troy]",-18.475,1.665,-21.762,-15.503,0.012,0.021,20205.0,5606.0,1.0
"beta_speed[Owen, Hunter]",-17.455,1.722,-20.762,-14.287,0.012,0.023,19526.0,5326.0,1.0
"beta_speed[Ray, Corey]",-18.09,1.775,-21.443,-14.868,0.012,0.023,20827.0,5528.0,1.0
"beta_cos[Benintendi, Andrew]",0.013,0.097,-0.167,0.199,0.001,0.001,15781.0,6100.0,1.0
"beta_cos[Taylor, Chris]",-0.482,0.135,-0.729,-0.221,0.001,0.002,17602.0,5660.0,1.0
"beta_cos[Holt, Brock]",-0.344,0.183,-0.693,-0.011,0.001,0.002,17521.0,5768.0,1.0
"beta_cos[Martinez, J.D.]",0.026,0.141,-0.234,0.298,0.001,0.002,14949.0,5716.0,1.0
"beta_cos[Pederson, Joc]",-0.45,0.113,-0.663,-0.242,0.001,0.001,21687.0,6024.0,1.0
"beta_cos[Braun, Ryan]",-0.31,0.136,-0.574,-0.069,0.001,0.002,17237.0,6304.0,1.0
"beta_cos[Kemp, Tony]",-0.466,0.137,-0.723,-0.211,0.001,0.002,16614.0,6078.0,1.0
"beta_cos[Gonzalez, Marwin]",0.003,0.143,-0.265,0.271,0.001,0.002,15095.0,5600.0,1.0
"beta_cos[Kemp, Matt]",-0.196,0.156,-0.499,0.084,0.001,0.002,18069.0,6221.0,1.0
"beta_cos[Canha, Mark]",-0.443,0.107,-0.64,-0.243,0.001,0.001,19806.0,6447.0,1.0
"beta_cos[Upton, Justin]",-0.334,0.107,-0.54,-0.138,0.001,0.001,16197.0,5679.0,1.0
"beta_cos[Swihart, Blake]",-0.218,0.182,-0.574,0.112,0.001,0.002,20734.0,5704.0,1.0
"beta_cos[McCutchen, Andrew]",-0.01,0.103,-0.204,0.182,0.001,0.001,16517.0,5324.0,1.0
"beta_cos[Gardner, Brett]",-0.529,0.096,-0.711,-0.348,0.001,0.001,19525.0,5860.0,1.0
"beta_cos[Dean, Austin]",-0.285,0.149,-0.567,-0.009,0.001,0.002,19891.0,5691.0,1.0
"beta_cos[Conforto, Michael]",-0.155,0.093,-0.329,0.022,0.001,0.001,17644.0,5545.0,1.0
"beta_cos[Hanson, Alen]",-0.248,0.19,-0.606,0.119,0.001,0.003,18681.0,5568.0,1.0
"beta_cos[Blanco, Grégor]",-0.403,0.169,-0.708,-0.065,0.001,0.002,18164.0,5366.0,1.0
"beta_cos[Mahtook, Mikie]",-0.477,0.159,-0.776,-0.182,0.001,0.002,19822.0,5663.0,1.0
"beta_cos[Gordon, Alex]",-0.347,0.109,-0.555,-0.144,0.001,0.001,17774.0,5535.0,1.0
"beta_cos[Brantley, Michael]",0.028,0.105,-0.169,0.225,0.001,0.001,17317.0,5894.0,1.0
"beta_cos[Acuña Jr., Ronald]",-0.402,0.103,-0.58,-0.192,0.001,0.001,17651.0,5564.0,1.0
"beta_cos[Yelich, Christian]",-0.376,0.102,-0.565,-0.185,0.001,0.001,16290.0,5925.0,1.0
"beta_cos[Holliday, Matt]",-0.32,0.188,-0.679,0.02,0.001,0.003,18594.0,5377.0,1.0
"beta_cos[Parra, Gerardo]",-0.241,0.126,-0.47,0.003,0.001,0.002,18037.0,5936.0,1.0
"beta_cos[Dahl, David]",-0.57,0.119,-0.786,-0.344,0.001,0.002,16730.0,5811.0,1.0
"beta_cos[Martini, Nick]",-0.281,0.165,-0.594,0.027,0.001,0.002,18989.0,4767.0,1.0
"beta_cos[Gore, Terrance]",-0.336,0.187,-0.682,0.021,0.001,0.003,20239.0,5392.0,1.0
"beta_cos[Zobrist, Ben]",-0.216,0.161,-0.521,0.087,0.001,0.002,20778.0,5322.0,1.0
"beta_cos[Bryant, Kris]",-0.315,0.144,-0.597,-0.055,0.001,0.002,18933.0,5854.0,1.0
"beta_cos[Schwarber, Kyle]",-0.138,0.101,-0.325,0.049,0.001,0.001,19368.0,5527.0,1.0
"beta_cos[Soto, Juan]",-0.206,0.093,-0.379,-0.03,0.001,0.001,19263.0,5713.0,1.0
"beta_cos[Smith, Dominic]",-0.143,0.143,-0.409,0.124,0.001,0.002,18224.0,5586.0,1.0
"beta_cos[Slater, Austin]",-0.295,0.134,-0.554,-0.054,0.001,0.002,19105.0,6236.0,1.0
"beta_cos[Field, Johnny]",-0.348,0.162,-0.654,-0.04,0.001,0.002,19918.0,5285.0,1.0
"beta_cos[Palka, Daniel]",-0.612,0.125,-0.852,-0.382,0.001,0.002,16910.0,5786.0,1.0
"beta_cos[Renfroe, Hunter]",-0.224,0.103,-0.42,-0.032,0.001,0.001,18830.0,5831.0,1.0
"beta_cos[Smith Jr., Dwight]",-0.216,0.145,-0.489,0.055,0.001,0.002,21145.0,5707.0,1.0
"beta_cos[Pham, Tommy]",-0.454,0.11,-0.664,-0.251,0.001,0.001,17504.0,5894.0,1.0
"beta_cos[McKinney, Billy]",-0.275,0.143,-0.554,-0.018,0.001,0.002,18422.0,5461.0,1.0
"beta_cos[Maybin, Cameron]",-0.329,0.131,-0.571,-0.076,0.001,0.002,19146.0,5526.0,1.0
"beta_cos[Calhoun, Willie]",-0.358,0.138,-0.614,-0.098,0.001,0.002,16552.0,6155.0,1.0
"beta_cos[O'Neill, Tyler]",-0.472,0.124,-0.704,-0.236,0.001,0.002,16874.0,5836.0,1.0
"beta_cos[Reyes, Pablo]",-0.197,0.178,-0.533,0.142,0.001,0.002,21206.0,5875.0,1.0
"beta_cos[Schebler, Scott]",-0.32,0.146,-0.591,-0.049,0.001,0.002,17820.0,5638.0,1.0
"beta_cos[Young Jr., Eric]",-0.231,0.174,-0.558,0.089,0.001,0.002,18705.0,6092.0,1.0
"beta_cos[Galloway, Isaac]",-0.257,0.177,-0.572,0.086,0.001,0.002,18656.0,6019.0,1.0
"beta_cos[Locastro, Tim]",-0.315,0.141,-0.575,-0.045,0.001,0.002,19227.0,5947.0,1.0
"beta_cos[Stewart, DJ]",-0.195,0.132,-0.449,0.045,0.001,0.002,19104.0,5532.0,1.0
"beta_cos[Tucker, Kyle]",-0.369,0.13,-0.621,-0.131,0.001,0.002,18365.0,5810.0,1.0
"beta_cos[Davis, Rajai]",-0.055,0.167,-0.366,0.27,0.001,0.002,18817.0,5548.0,1.0
"beta_cos[Phillips, Brett]",-0.339,0.137,-0.604,-0.086,0.001,0.002,20089.0,5410.0,1.0
"beta_cos[Grossman, Robbie]",-0.328,0.104,-0.518,-0.128,0.001,0.001,18104.0,6100.0,1.0
"beta_cos[Delmonico, Nicky]",-0.315,0.161,-0.62,-0.019,0.001,0.002,15893.0,5273.0,1.0
"beta_cos[Cozens, Dylan]",-0.174,0.194,-0.538,0.194,0.001,0.003,21763.0,5461.0,1.0
"beta_cos[Herrera, Odúbel]",-0.473,0.114,-0.68,-0.253,0.001,0.001,17075.0,6064.0,1.0
"beta_cos[Kivlehan, Patrick]",-0.277,0.191,-0.64,0.077,0.001,0.003,19270.0,5654.0,1.0
"beta_cos[Hernández, Teoscar]",-0.35,0.098,-0.528,-0.16,0.001,0.001,19286.0,5208.0,1.0
"beta_cos[Tocci, Carlos]",-0.289,0.173,-0.607,0.04,0.001,0.002,18500.0,6061.0,1.0
"beta_cos[Ozuna, Marcell]",-0.682,0.112,-0.881,-0.466,0.001,0.001,14170.0,6484.0,1.0
"beta_cos[Happ, Ian]",-0.051,0.116,-0.272,0.163,0.001,0.001,18939.0,5514.0,1.0
"beta_cos[Davis, Jonathan]",-0.329,0.158,-0.649,-0.055,0.001,0.002,19838.0,5684.0,1.0
"beta_cos[Choo, Shin-Soo]",-0.4,0.129,-0.637,-0.153,0.001,0.002,17720.0,5306.0,1.0
"beta_cos[Dickerson, Corey]",-0.22,0.111,-0.437,-0.014,0.001,0.001,17520.0,6161.0,1.0
"beta_cos[Reyes, Victor]",-0.323,0.12,-0.547,-0.089,0.001,0.002,20141.0,5582.0,1.0
"beta_cos[Bonifacio, Jorge]",-0.347,0.148,-0.616,-0.052,0.001,0.002,21046.0,6057.0,1.0
"beta_cos[Hoskins, Rhys]",-0.316,0.15,-0.61,-0.048,0.001,0.002,21315.0,5307.0,1.0
"beta_cos[Jankowski, Travis]",-0.563,0.156,-0.861,-0.277,0.001,0.002,16215.0,6124.0,1.0
"beta_cos[Peralta, David]",-0.333,0.104,-0.53,-0.141,0.001,0.001,19482.0,6044.0,1.0
"beta_cos[Negrón, Kristopher]",-0.16,0.179,-0.504,0.163,0.001,0.002,16554.0,5240.0,1.0
"beta_cos[Stanton, Giancarlo]",-0.34,0.157,-0.637,-0.046,0.001,0.002,16417.0,5186.0,1.0
"beta_cos[Stewart, Christin]",-0.067,0.146,-0.343,0.198,0.001,0.002,17092.0,6091.0,1.0
"beta_cos[Guyer, Brandon]",-0.244,0.169,-0.565,0.061,0.001,0.002,18294.0,5366.0,1.0
"beta_cos[Duvall, Adam]",-0.422,0.113,-0.634,-0.206,0.001,0.001,18519.0,6480.0,1.0
"beta_cos[Gallo, Joey]",-0.088,0.104,-0.281,0.11,0.001,0.001,17672.0,5856.0,1.0
"beta_cos[Brito, Sócrates]",-0.113,0.178,-0.436,0.225,0.001,0.002,18566.0,5686.0,1.0
"beta_cos[Reddick, Josh]",-0.259,0.12,-0.482,-0.029,0.001,0.002,22008.0,5023.0,1.0
"beta_cos[Mancini, Trey]",-0.167,0.122,-0.395,0.061,0.001,0.002,22215.0,5184.0,1.0
"beta_cos[Jones, Adam]",-0.352,0.12,-0.562,-0.115,0.001,0.001,14097.0,5789.0,1.0
"beta_cos[Fowler, Dustin]",-0.263,0.157,-0.555,0.034,0.001,0.002,20099.0,5858.0,1.0
"beta_cos[Shaw, Chris]",-0.246,0.19,-0.621,0.093,0.001,0.003,18623.0,5794.0,1.0
"beta_cos[Heredia, Guillermo]",-0.364,0.119,-0.588,-0.144,0.001,0.001,15727.0,5991.0,1.0
"beta_cos[Span, Denard]",-0.289,0.146,-0.564,-0.024,0.001,0.002,17502.0,5874.0,1.0
"beta_cos[Herrera, Dilson]",-0.235,0.19,-0.586,0.131,0.001,0.003,20312.0,5140.0,1.0
"beta_cos[Travis, Sam]",-0.123,0.186,-0.472,0.226,0.001,0.003,18948.0,5278.0,1.0
"beta_cos[García, Adolis]",-0.312,0.135,-0.569,-0.058,0.001,0.002,17663.0,5629.0,1.0
"beta_cos[Robles, Victor]",-0.032,0.105,-0.232,0.163,0.001,0.001,15489.0,5986.0,1.0
"beta_cos[Granderson, Curtis]",-0.322,0.132,-0.562,-0.066,0.001,0.002,17085.0,5311.0,1.0
"beta_cos[Luplow, Jordan]",-0.204,0.137,-0.469,0.048,0.001,0.002,19468.0,5880.0,1.0
"beta_cos[Meadows, Austin]",-0.157,0.124,-0.384,0.084,0.001,0.002,20088.0,5714.0,1.0
"beta_cos[Hermosillo, Michael]",-0.385,0.167,-0.68,-0.06,0.001,0.002,16639.0,5786.0,1.0
"beta_cos[LaMarre, Ryan]",-0.239,0.15,-0.521,0.048,0.001,0.002,22327.0,6125.0,1.0
"beta_cos[Rickard, Joey]",-0.148,0.149,-0.44,0.124,0.001,0.002,17989.0,5307.0,1.0
"beta_cos[Robinson, Drew]",-0.31,0.17,-0.637,0.004,0.001,0.002,17038.0,5835.0,1.0
"beta_cos[García, Leury]",-0.209,0.123,-0.442,0.019,0.001,0.002,17445.0,5233.0,1.0
"beta_cos[Williams, Mason]",-0.317,0.17,-0.627,0.007,0.001,0.002,18855.0,5326.0,1.0
"beta_cos[Dietrich, Derek]",-0.187,0.158,-0.483,0.11,0.001,0.002,18045.0,6015.0,1.0
"beta_cos[Altherr, Aaron]",-0.391,0.163,-0.692,-0.087,0.001,0.002,17826.0,5774.0,1.0
"beta_cos[Andreoli, John]",-0.308,0.188,-0.671,0.036,0.001,0.003,20597.0,5461.0,1.0
"beta_cos[Rua, Ryan]",-0.211,0.17,-0.524,0.12,0.001,0.002,16870.0,6050.0,1.0
"beta_cos[Goodwin, Brian]",-0.387,0.116,-0.593,-0.157,0.001,0.002,17549.0,6087.0,1.0
"beta_cos[Rosario, Eddie]",-0.243,0.094,-0.426,-0.069,0.001,0.001,16581.0,5438.0,1.0
"beta_cos[Pérez, Hernán]",-0.301,0.175,-0.626,0.038,0.001,0.002,17968.0,5230.0,1.0
"beta_cos[Ervin, Phillip]",-0.284,0.141,-0.545,-0.022,0.001,0.002,17640.0,5145.0,1.0
"beta_cos[Pearce, Steve]",-0.265,0.192,-0.624,0.103,0.001,0.003,20098.0,5464.0,1.0
"beta_cos[Bauers, Jake]",-0.083,0.152,-0.371,0.205,0.001,0.002,18112.0,5642.0,1.0
"beta_cos[Jay, Jon]",-0.33,0.132,-0.58,-0.085,0.001,0.002,21488.0,5559.0,1.0
"beta_cos[Bostick, Christopher]",-0.267,0.193,-0.644,0.09,0.001,0.003,19563.0,4975.0,1.0
"beta_cos[Bote, David]",-0.261,0.197,-0.61,0.13,0.001,0.003,17782.0,5604.0,1.0
"beta_cos[Davis, J.D.]",-0.292,0.151,-0.577,0.001,0.001,0.002,22330.0,5964.0,1.0
"beta_cos[Contreras, Willson]",-0.261,0.195,-0.616,0.112,0.001,0.003,18696.0,5457.0,1.0
"beta_cos[Reinheimer, Jack]",-0.215,0.196,-0.582,0.15,0.001,0.003,18190.0,5338.0,1.0
"beta_cos[Verdugo, Alex]",0.068,0.107,-0.13,0.276,0.001,0.001,15156.0,5920.0,1.0
"beta_cos[Peterson, Jace]",-0.17,0.163,-0.479,0.129,0.001,0.002,20433.0,5467.0,1.0
"beta_cos[Smith, Mallex]",-0.34,0.12,-0.563,-0.113,0.001,0.002,19622.0,5498.0,1.0
"beta_cos[Pinder, Chad]",-0.124,0.134,-0.386,0.114,0.001,0.002,18809.0,5398.0,1.0
"beta_cos[Pence, Hunter]",-0.291,0.149,-0.565,-0.008,0.001,0.002,19748.0,5946.0,1.0
"beta_cos[Lowe, Brandon]",-0.204,0.172,-0.511,0.132,0.001,0.002,17762.0,5993.0,1.0
"beta_cos[Blash, Jabari]",-0.303,0.181,-0.634,0.043,0.001,0.003,19600.0,5912.0,1.0
"beta_cos[Ortega, Rafael]",-0.271,0.139,-0.528,-0.01,0.001,0.002,17126.0,5654.0,1.0
"beta_cos[Frazier, Adam]",-0.267,0.169,-0.572,0.06,0.001,0.002,17803.0,5184.0,1.0
"beta_cos[Nimmo, Brandon]",-0.32,0.112,-0.521,-0.1,0.001,0.001,18641.0,5603.0,1.0
"beta_cos[Cowart, Kaleb]",-0.276,0.194,-0.656,0.071,0.001,0.003,18984.0,5711.0,1.0
"beta_cos[Merrifield, Whit]",-0.269,0.13,-0.518,-0.033,0.001,0.002,18026.0,5822.0,1.0
"beta_cos[Gentry, Craig]",-0.247,0.175,-0.564,0.091,0.001,0.002,20832.0,5850.0,1.0
"beta_cos[Haniger, Mitch]",-0.19,0.104,-0.387,0.007,0.001,0.001,16698.0,5657.0,1.0
"beta_cos[Bautista, José]",-0.27,0.164,-0.581,0.032,0.001,0.002,20989.0,6097.0,1.0
"beta_cos[Robinson, Shane]",-0.101,0.192,-0.438,0.284,0.001,0.003,19614.0,4995.0,1.0
"beta_cos[Hernández, Gorkys]",-0.444,0.151,-0.721,-0.151,0.001,0.002,18869.0,5804.0,1.0
"beta_cos[Quinn, Roman]",-0.237,0.153,-0.517,0.057,0.001,0.002,16423.0,6316.0,1.0
"beta_cos[O'Hearn, Ryan]",-0.286,0.181,-0.63,0.042,0.001,0.003,19236.0,5625.0,1.0
"beta_cos[Cabrera, Melky]",-0.233,0.14,-0.505,0.021,0.001,0.002,17257.0,4955.0,1.0
"beta_cos[Goodrum, Niko]",-0.255,0.165,-0.556,0.063,0.001,0.002,16865.0,5901.0,1.0
"beta_cos[Muñoz, Yairo]",-0.22,0.172,-0.533,0.117,0.001,0.002,18670.0,5969.0,1.0
"beta_cos[Myers, Wil]",-0.36,0.124,-0.591,-0.124,0.001,0.002,17728.0,4645.0,1.0
"beta_cos[Adrianza, Ehire]",-0.164,0.186,-0.524,0.168,0.001,0.003,21029.0,4880.0,1.0
"beta_cos[Grichuk, Randal]",-0.463,0.105,-0.667,-0.275,0.001,0.001,16617.0,5901.0,1.0
"beta_cos[Tucker, Preston]",-0.313,0.177,-0.629,0.033,0.001,0.003,18984.0,5683.0,1.0
"beta_cos[Cave, Jake]",-0.327,0.128,-0.551,-0.068,0.001,0.002,20712.0,5392.0,1.0
"beta_cos[Pirela, José]",-0.222,0.186,-0.564,0.137,0.001,0.002,20568.0,5795.0,1.0
"beta_cos[Gerber, Mike]",-0.281,0.186,-0.638,0.063,0.001,0.003,17370.0,5214.0,1.0
"beta_cos[Desmond, Ian]",-0.44,0.151,-0.724,-0.161,0.001,0.002,19109.0,6463.0,1.0
"beta_cos[Dixon, Brandon]",-0.264,0.183,-0.607,0.075,0.001,0.002,18126.0,5567.0,1.0
"beta_cos[Culberson, Charlie]",-0.362,0.171,-0.673,-0.041,0.001,0.002,20821.0,5644.0,1.0
"beta_cos[Williams, Nick]",-0.31,0.145,-0.588,-0.05,0.001,0.002,16738.0,5114.0,1.0
"beta_cos[Sweeney, Darnell]",-0.272,0.197,-0.644,0.101,0.001,0.003,19968.0,5407.0,1.0
"beta_cos[Thames, Eric]",-0.273,0.177,-0.614,0.05,0.001,0.002,20612.0,5672.0,1.0
"beta_cos[Wade, Tyler]",-0.402,0.179,-0.732,-0.059,0.001,0.002,20606.0,5706.0,1.0
"beta_cos[Wendle, Joey]",-0.255,0.186,-0.597,0.099,0.001,0.002,20043.0,5819.0,1.0
"beta_cos[Davis, Khris]",-0.176,0.183,-0.512,0.179,0.001,0.002,18949.0,5607.0,1.0
"beta_cos[Rivera, Yadiel]",-0.3,0.191,-0.673,0.055,0.001,0.003,19881.0,5435.0,1.0
"beta_cos[Gamel, Ben]",-0.307,0.112,-0.515,-0.088,0.001,0.002,19905.0,5342.0,1.0
"beta_cos[Cuevas, Noel]",-0.252,0.171,-0.561,0.082,0.001,0.002,18527.0,5483.0,1.0
"beta_cos[Jones, JaCoby]",-0.429,0.117,-0.644,-0.205,0.001,0.002,17651.0,5532.0,1.0
"beta_cos[Cooper, Garrett]",-0.112,0.164,-0.414,0.199,0.001,0.002,15538.0,4923.0,1.0
"beta_cos[Bader, Harrison]",-0.363,0.105,-0.57,-0.174,0.001,0.001,19082.0,6231.0,1.0
"beta_cos[Winker, Jesse]",-0.529,0.12,-0.752,-0.3,0.001,0.002,18047.0,5747.0,1.0
"beta_cos[Hernández, Enrique]",-0.063,0.135,-0.31,0.203,0.001,0.002,18675.0,5412.0,1.0
"beta_cos[Toles, Andrew]",-0.284,0.19,-0.658,0.062,0.001,0.003,21555.0,5507.0,1.0
"beta_cos[Robertson, Daniel]",-0.286,0.192,-0.66,0.065,0.001,0.003,18708.0,5378.0,1.0
"beta_cos[Kelly, Ty]",-0.278,0.192,-0.666,0.061,0.001,0.002,19438.0,5758.0,1.0
"beta_cos[Frazier, Clint]",-0.218,0.138,-0.488,0.029,0.001,0.002,17153.0,5668.0,1.0
"beta_cos[Joyce, Matt]",-0.215,0.139,-0.463,0.056,0.001,0.002,16317.0,5222.0,1.0
"beta_cos[Jackson, Austin]",-0.037,0.148,-0.313,0.243,0.001,0.002,15287.0,6265.0,1.0
"beta_cos[Astudillo, Willians]",-0.29,0.192,-0.652,0.072,0.001,0.003,18786.0,5748.0,1.0
"beta_cos[Sogard, Eric]",-0.283,0.196,-0.641,0.098,0.001,0.003,17905.0,5845.0,1.0
"beta_cos[Santana, Danny]",-0.158,0.156,-0.454,0.13,0.001,0.002,19386.0,5835.0,1.0
"beta_cos[Walker, Christian]",-0.263,0.193,-0.622,0.099,0.001,0.003,20197.0,5315.0,1.0
"beta_cos[Shuck, JB]",-0.248,0.18,-0.591,0.085,0.001,0.002,18409.0,5455.0,1.0
"beta_cos[Tilson, Charlie]",-0.3,0.145,-0.572,-0.025,0.001,0.002,16666.0,5487.0,1.0
"beta_cos[Rasmus, Colby]",-0.139,0.182,-0.471,0.216,0.001,0.002,18414.0,6038.0,1.0
"beta_cos[Williamson, Mac]",-0.269,0.165,-0.587,0.026,0.001,0.002,18071.0,5962.0,1.0
"beta_cos[Szczur, Matt]",-0.353,0.185,-0.703,-0.0,0.001,0.002,17413.0,5765.0,1.0
"beta_cos[Rodríguez, Sean]",-0.223,0.178,-0.548,0.118,0.001,0.002,18193.0,5477.0,1.0
"beta_cos[Allen, Greg]",-0.088,0.13,-0.334,0.153,0.001,0.002,17283.0,5471.0,1.0
"beta_cos[Refsnyder, Rob]",-0.097,0.168,-0.412,0.216,0.001,0.002,17170.0,5896.0,1.0
"beta_cos[Young, Chris]",-0.296,0.178,-0.642,0.03,0.001,0.002,17885.0,5701.0,1.0
"beta_cos[Descalso, Daniel]",-0.293,0.199,-0.659,0.084,0.002,0.003,15386.0,5471.0,1.0
"beta_cos[Eaton, Adam]",-0.152,0.096,-0.343,0.022,0.001,0.001,16721.0,6026.0,1.0
"beta_cos[Valentín, Jesmuel]",-0.243,0.201,-0.63,0.126,0.001,0.003,24489.0,5178.0,1.0
"beta_cos[Almonte, Abraham]",-0.31,0.151,-0.597,-0.032,0.001,0.002,19869.0,6019.0,1.0
"beta_cos[Bourjos, Peter]",-0.213,0.182,-0.553,0.12,0.001,0.002,17634.0,5650.0,1.0
"beta_cos[Thompson, Trayce]",-0.157,0.161,-0.459,0.155,0.001,0.002,20061.0,5954.0,1.0
"beta_cos[Martin, Russell]",-0.254,0.194,-0.625,0.102,0.001,0.002,19972.0,5908.0,1.0
"beta_cos[Markakis, Nick]",-0.282,0.107,-0.484,-0.083,0.001,0.001,17464.0,5868.0,1.0
"beta_cos[Stevenson, Andrew]",-0.405,0.171,-0.727,-0.085,0.001,0.002,20186.0,5532.0,1.0
"beta_cos[Cordero, Franchy]",0.001,0.153,-0.275,0.301,0.001,0.002,15653.0,5462.0,1.0
"beta_cos[Belt, Brandon]",-0.082,0.186,-0.427,0.271,0.001,0.002,17932.0,6218.0,1.0
"beta_cos[Adams, Matt]",-0.216,0.193,-0.557,0.163,0.001,0.003,19048.0,5864.0,1.0
"beta_cos[Romine, Andrew]",-0.277,0.191,-0.641,0.072,0.001,0.003,19757.0,5488.0,1.0
"beta_cos[Kendrick, Howie]",-0.271,0.193,-0.632,0.088,0.001,0.003,19566.0,4969.0,1.0
"beta_cos[Evans, Phillip]",-0.268,0.183,-0.602,0.082,0.001,0.002,19011.0,6058.0,1.0
"beta_cos[Fisher, Derek]",-0.281,0.167,-0.596,0.029,0.001,0.002,19071.0,5442.0,1.0
"beta_cos[Muncy, Max]",-0.267,0.199,-0.647,0.098,0.001,0.003,19078.0,5501.0,1.0
"beta_cos[Alford, Anthony]",-0.35,0.169,-0.663,-0.03,0.001,0.002,19559.0,5623.0,1.0
"beta_cos[Cespedes, Yoenis]",-0.184,0.173,-0.494,0.146,0.001,0.003,21651.0,4792.0,1.0
"beta_cos[Herrera, Rosell]",-0.434,0.157,-0.73,-0.147,0.001,0.002,18790.0,5613.0,1.0
"beta_cos[Owings, Chris]",-0.262,0.155,-0.547,0.033,0.001,0.002,14834.0,5765.0,1.0
"beta_cos[Pompey, Dalton]",-0.235,0.194,-0.613,0.115,0.001,0.003,19639.0,5594.0,1.0
"beta_cos[Suzuki, Ichiro]",-0.173,0.184,-0.52,0.163,0.001,0.002,20092.0,5896.0,1.0
"beta_cos[Dyson, Jarrod]",-0.439,0.12,-0.66,-0.209,0.001,0.001,18610.0,5447.0,1.0
"beta_cos[Bautista, Rafael]",-0.264,0.202,-0.65,0.118,0.001,0.003,21149.0,5280.0,1.0
"beta_cos[Sierra, Moisés]",-0.3,0.192,-0.657,0.057,0.001,0.003,20239.0,5629.0,1.0
"beta_cos[Marte, Jefry]",-0.244,0.192,-0.615,0.107,0.001,0.003,17203.0,5492.0,1.0
"beta_cos[Gosselin, Phil]",-0.221,0.162,-0.517,0.091,0.001,0.002,20302.0,5671.0,1.0
"beta_cos[Núñez, Renato]",-0.216,0.195,-0.581,0.154,0.001,0.003,22214.0,5320.0,1.0
"beta_cos[Orlando, Paulo]",-0.233,0.179,-0.572,0.092,0.001,0.002,19984.0,5207.0,1.0
"beta_cos[Mazara, Nomar]",-0.211,0.114,-0.419,0.005,0.001,0.002,19265.0,5398.0,1.0
"beta_cos[Kingery, Scott]",-0.39,0.158,-0.683,-0.095,0.001,0.002,21094.0,5804.0,1.0
"beta_cos[Tauchman, Mike]",-0.321,0.14,-0.589,-0.07,0.001,0.002,17203.0,5599.0,1.0
"beta_cos[Bellinger, Cody]",-0.338,0.112,-0.562,-0.134,0.001,0.001,21202.0,6352.0,1.0
"beta_cos[Spangenberg, Cory]",-0.3,0.191,-0.669,0.046,0.001,0.003,18489.0,5611.0,1.0
"beta_cos[Adams, Lane]",-0.327,0.192,-0.68,0.028,0.001,0.002,18516.0,5995.0,1.0
"beta_cos[Motter, Taylor]",-0.279,0.197,-0.648,0.086,0.001,0.003,20755.0,5495.0,1.0
"beta_cos[Naquin, Tyler]",-0.239,0.109,-0.432,-0.026,0.001,0.001,19070.0,6387.0,1.0
"beta_cos[Almora Jr., Albert]",-0.31,0.118,-0.521,-0.08,0.001,0.002,17943.0,5228.0,1.0
"beta_cos[Lee, Braxton]",-0.229,0.198,-0.589,0.155,0.001,0.003,19428.0,5572.0,1.0
"beta_cos[Alvarez, Yordan]",-0.087,0.167,-0.399,0.223,0.001,0.002,16499.0,5878.0,1.0
"beta_cos[Wade Jr., LaMonte]",-0.313,0.16,-0.615,-0.015,0.001,0.002,18935.0,6086.0,1.0
"beta_cos[McBroom, Ryan]",-0.187,0.186,-0.528,0.172,0.001,0.002,17277.0,5642.0,1.0
"beta_cos[Tapia, Raimel]",-0.346,0.119,-0.571,-0.126,0.001,0.002,16452.0,5565.0,1.0
"beta_cos[Rojas, Josh]",-0.349,0.155,-0.652,-0.062,0.001,0.002,17322.0,5897.0,1.0
"beta_cos[Ward, Taylor]",-0.43,0.142,-0.687,-0.154,0.001,0.002,16854.0,5784.0,1.0
"beta_cos[Jiménez, Eloy]",-0.444,0.129,-0.702,-0.209,0.001,0.002,17921.0,5960.0,1.0
"beta_cos[Rodríguez, Ronny]",-0.268,0.199,-0.649,0.099,0.001,0.003,20346.0,5653.0,1.0
"beta_cos[Díaz, Aledmys]",-0.248,0.187,-0.598,0.098,0.001,0.003,16866.0,5308.0,1.0
"beta_cos[Beaty, Matt]",-0.289,0.17,-0.608,0.02,0.001,0.002,17184.0,6056.0,1.0
"beta_cos[Pollock, AJ]",-0.368,0.111,-0.571,-0.152,0.001,0.001,17704.0,5865.0,1.0
"beta_cos[Miller, Brad]",-0.272,0.181,-0.606,0.074,0.001,0.003,18169.0,4511.0,1.0
"beta_cos[García, Robel]",-0.211,0.191,-0.558,0.166,0.001,0.002,22980.0,5838.0,1.0
"beta_cos[Dickerson, Alex]",-0.211,0.144,-0.473,0.064,0.001,0.002,21255.0,6103.0,1.0
"beta_cos[Long Jr., Shed]",-0.28,0.179,-0.61,0.062,0.001,0.003,19798.0,5485.0,1.0
"beta_cos[VanMeter, Josh]",-0.318,0.173,-0.645,0.005,0.001,0.002,19144.0,5780.0,1.0
"beta_cos[Elmore, Jake]",-0.222,0.193,-0.577,0.154,0.001,0.003,18763.0,5803.0,1.0
"beta_cos[Lopes, Tim]",-0.234,0.169,-0.548,0.092,0.001,0.002,18323.0,5465.0,1.0
"beta_cos[Kramer, Kevin]",-0.314,0.192,-0.672,0.058,0.001,0.003,18572.0,5262.0,1.0
"beta_cos[McNeil, Jeff]",-0.279,0.149,-0.561,-0.0,0.001,0.002,21147.0,5428.0,1.0
"beta_cos[Arraez, Luis]",-0.029,0.177,-0.368,0.294,0.001,0.002,17827.0,5476.0,1.0
"beta_cos[Cordell, Ryan]",-0.253,0.16,-0.546,0.053,0.001,0.002,19447.0,5773.0,1.0
"beta_cos[Yastrzemski, Mike]",-0.237,0.114,-0.442,-0.01,0.001,0.002,18104.0,5517.0,1.0
"beta_cos[Moore, Dylan]",-0.098,0.153,-0.372,0.2,0.001,0.002,17366.0,6415.0,1.0
"beta_cos[Brown, Seth]",-0.403,0.159,-0.694,-0.089,0.001,0.002,18709.0,5406.0,1.0
"beta_cos[Naylor, Josh]",-0.027,0.14,-0.299,0.223,0.001,0.002,19963.0,5673.0,1.0
"beta_cos[Miller, Ian]",-0.29,0.192,-0.658,0.062,0.001,0.003,21402.0,5190.0,1.0
"beta_cos[Fletcher, David]",-0.176,0.178,-0.502,0.173,0.001,0.002,18566.0,6179.0,1.0
"beta_cos[Heineman, Scott]",-0.389,0.175,-0.716,-0.053,0.001,0.002,18984.0,5907.0,1.0
"beta_cos[Straw, Myles]",-0.154,0.124,-0.394,0.072,0.001,0.002,17834.0,5891.0,1.0
"beta_cos[Ramírez, Harold]",-0.238,0.125,-0.466,-0.0,0.001,0.002,20034.0,5854.0,1.0
"beta_cos[Hilliard, Sam]",-0.271,0.141,-0.535,-0.011,0.001,0.002,18314.0,6008.0,1.0
"beta_cos[González, Erik]",-0.247,0.199,-0.63,0.115,0.001,0.003,19356.0,5674.0,1.0
"beta_cos[Peraza, José]",-0.159,0.187,-0.514,0.188,0.001,0.003,18785.0,5209.0,1.0
"beta_cos[Haseley, Adam]",-0.288,0.155,-0.586,-0.0,0.001,0.002,19132.0,5684.0,1.0
"beta_cos[Wilkerson, Stevie]",-0.343,0.16,-0.638,-0.039,0.001,0.002,19159.0,5602.0,1.0
"beta_cos[Bishop, Braden]",-0.363,0.177,-0.697,-0.032,0.001,0.002,19761.0,6090.0,1.0
"beta_cos[Rios, Edwin]",-0.27,0.199,-0.638,0.13,0.001,0.003,18118.0,5214.0,1.0
"beta_cos[Castellanos, Nick]",-0.296,0.087,-0.461,-0.137,0.001,0.001,16218.0,5807.0,1.0
"beta_cos[Gurriel Jr., Lourdes]",0.094,0.13,-0.158,0.327,0.001,0.002,15972.0,5402.0,1.0
"beta_cos[Berti, Jon]",-0.13,0.171,-0.445,0.199,0.001,0.003,18134.0,5212.0,1.0
"beta_cos[Stubbs, Garrett]",-0.28,0.194,-0.645,0.093,0.001,0.003,21000.0,5508.0,1.0
"beta_cos[Santander, Anthony]",-0.314,0.118,-0.537,-0.097,0.001,0.002,18241.0,4742.0,1.0
"beta_cos[Grisham, Trent]",-0.06,0.133,-0.315,0.182,0.001,0.002,17321.0,6011.0,1.0
"beta_cos[Vogt, Stephen]",-0.265,0.191,-0.606,0.105,0.001,0.002,17645.0,5619.0,1.0
"beta_cos[Davis, Johnny]",-0.261,0.197,-0.619,0.122,0.001,0.003,21635.0,5144.0,1.0
"beta_cos[Camargo, Johan]",-0.237,0.183,-0.571,0.116,0.001,0.003,19111.0,5349.0,1.0
"beta_cos[Herrmann, Chris]",-0.269,0.199,-0.611,0.133,0.001,0.003,19160.0,4852.0,1.0
"beta_cos[Riley, Austin]",-0.342,0.162,-0.653,-0.039,0.001,0.002,16678.0,5852.0,1.0
"beta_cos[Reynolds, Bryan]",-0.24,0.105,-0.437,-0.046,0.001,0.001,16973.0,5408.0,1.0
"beta_cos[Profar, Jurickson]",-0.105,0.156,-0.404,0.18,0.001,0.002,22041.0,4863.0,1.0
"beta_cos[O'Grady, Brian]",-0.313,0.184,-0.662,0.024,0.001,0.002,19665.0,5606.0,1.0
"beta_cos[Starling, Bubba]",-0.178,0.169,-0.508,0.122,0.001,0.002,17316.0,5388.0,1.0
"beta_cos[Broxton, Keon]",-0.423,0.152,-0.708,-0.135,0.001,0.002,18184.0,5904.0,1.0
"beta_cos[Court, Ryan]",-0.177,0.19,-0.541,0.172,0.002,0.003,14402.0,5460.0,1.0
"beta_cos[Drury, Brandon]",-0.248,0.185,-0.623,0.074,0.001,0.003,17416.0,5614.0,1.0
"beta_cos[Mercado, Óscar]",-0.144,0.129,-0.388,0.091,0.001,0.002,19493.0,5656.0,1.0
"beta_cos[Avelino, Abiatal]",-0.268,0.201,-0.651,0.113,0.001,0.003,19817.0,4705.0,1.0
"beta_cos[Lorenzen, Michael]",-0.23,0.187,-0.578,0.125,0.001,0.002,16185.0,5212.0,1.0
"beta_cos[Brosseau, Mike]",-0.194,0.192,-0.546,0.172,0.001,0.003,21314.0,5723.0,1.0
"beta_cos[Daza, Yonathan]",-0.317,0.151,-0.59,-0.025,0.001,0.002,16741.0,5262.0,1.0
"beta_cos[Garlick, Kyle]",-0.261,0.163,-0.564,0.049,0.001,0.002,20141.0,5404.0,1.0
"beta_cos[Mejía, Francisco]",-0.265,0.198,-0.668,0.082,0.001,0.003,19980.0,4973.0,1.0
"beta_cos[Rosario, Amed]",-0.36,0.195,-0.708,0.021,0.001,0.003,17641.0,5228.0,1.0
"beta_cos[Castro, Harold]",-0.385,0.167,-0.72,-0.091,0.001,0.002,18711.0,6091.0,1.0
"beta_cos[Bruce, Jay]",-0.137,0.146,-0.409,0.141,0.001,0.002,15709.0,5102.0,1.0
"beta_cos[Beckham, Tim]",-0.203,0.191,-0.552,0.166,0.001,0.003,18476.0,5445.0,1.0
"beta_cos[Alberto, Hanser]",-0.224,0.195,-0.6,0.145,0.001,0.003,17239.0,4884.0,1.0
"beta_cos[Velasquez, Vince]",-0.259,0.192,-0.641,0.082,0.001,0.003,20591.0,5684.0,1.0
"beta_cos[Osuna, José]",-0.21,0.189,-0.568,0.139,0.001,0.002,18791.0,5720.0,1.0
"beta_cos[Garcia, Greg]",-0.267,0.195,-0.632,0.106,0.001,0.003,17983.0,5796.0,1.0
"beta_cos[Freeman, Mike]",-0.239,0.195,-0.608,0.117,0.001,0.003,20003.0,5228.0,1.0
"beta_cos[Urshela, Gio]",-0.266,0.199,-0.652,0.088,0.001,0.003,18408.0,5835.0,1.0
"beta_cos[Hampson, Garrett]",-0.327,0.146,-0.604,-0.056,0.001,0.002,18160.0,5868.0,1.0
"beta_cos[Saladino, Tyler]",-0.269,0.201,-0.641,0.122,0.001,0.003,18774.0,5661.0,1.0
"beta_cos[Vargas, Ildemaro]",-0.274,0.199,-0.647,0.091,0.001,0.003,21772.0,5592.0,1.0
"beta_cos[Martínez, José A.]",-0.207,0.135,-0.461,0.049,0.001,0.002,15830.0,5260.0,1.0
"beta_cos[Parker, Jarrett]",-0.309,0.198,-0.67,0.072,0.001,0.003,20610.0,4935.0,1.0
"beta_cos[Austin, Tyler]",-0.224,0.18,-0.555,0.13,0.001,0.002,19118.0,5433.0,1.0
"beta_cos[Gómez, Carlos]",-0.092,0.146,-0.356,0.194,0.001,0.002,19995.0,5262.0,1.0
"beta_cos[Biggio, Cavan]",-0.087,0.173,-0.402,0.248,0.001,0.002,19387.0,5118.0,1.0
"beta_cos[Puello, César]",-0.329,0.17,-0.65,-0.008,0.001,0.002,18343.0,5803.0,1.0
"beta_cos[González, Carlos]",-0.026,0.133,-0.267,0.226,0.001,0.002,19807.0,6438.0,1.0
"beta_cos[Santana, Domingo]",0.006,0.128,-0.23,0.251,0.001,0.002,17039.0,5391.0,1.0
"beta_cos[Newman, Kevin]",-0.268,0.195,-0.644,0.086,0.001,0.003,21161.0,5795.0,1.0
"beta_cos[Urena, Richard]",-0.275,0.198,-0.654,0.092,0.001,0.003,18401.0,5081.0,1.0
"beta_cos[Murphy, Tom]",-0.271,0.195,-0.643,0.089,0.001,0.003,20114.0,5418.0,1.0
"beta_cos[O'Brien, Peter]",-0.291,0.189,-0.621,0.087,0.001,0.002,18595.0,5579.0,1.0
"beta_cos[Solarte, Yangervis]",-0.284,0.191,-0.651,0.063,0.001,0.003,20340.0,5338.0,1.0
"beta_cos[Estrada, Thairo]",-0.214,0.193,-0.588,0.134,0.001,0.002,17774.0,5892.0,1.0
"beta_cos[Rondon, José]",-0.208,0.188,-0.551,0.146,0.001,0.002,18487.0,5300.0,1.0
"beta_cos[Peterson, Dustin]",-0.296,0.192,-0.646,0.072,0.001,0.003,20364.0,4767.0,1.0
"beta_cos[Moran, Colin]",-0.276,0.193,-0.657,0.071,0.001,0.003,19007.0,5275.0,1.0
"beta_cos[Martin, Jason]",-0.284,0.16,-0.583,0.018,0.001,0.002,19974.0,5652.0,1.0
"beta_cos[Joe, Connor]",-0.385,0.177,-0.729,-0.066,0.001,0.003,17260.0,5517.0,1.0
"beta_cos[Zagunis, Mark]",-0.169,0.189,-0.526,0.184,0.001,0.003,18014.0,5546.0,1.0
"beta_cos[Jackson, Drew]",-0.275,0.192,-0.637,0.087,0.001,0.003,20557.0,5626.0,1.0
"beta_cos[Margot, Manuel]",-0.39,0.105,-0.583,-0.192,0.001,0.001,17239.0,6083.0,1.0
"beta_cos[Arozarena, Randy]",-0.214,0.144,-0.487,0.051,0.001,0.002,18566.0,5090.0,1.0
"beta_cos[Aquino, Aristides]",-0.078,0.145,-0.341,0.202,0.001,0.002,17738.0,6222.0,1.0
"beta_cos[Carlson, Dylan]",-0.31,0.131,-0.566,-0.073,0.001,0.002,19703.0,5514.0,1.0
"beta_cos[Sierra, Magneuris]",-0.124,0.15,-0.404,0.159,0.001,0.002,19576.0,5964.0,1.0
"beta_cos[Engel, Adam]",-0.435,0.115,-0.646,-0.216,0.001,0.001,16649.0,5985.0,1.0
"beta_cos[Akiyama, Shogo]",-0.367,0.157,-0.674,-0.08,0.001,0.002,18134.0,5636.0,1.0
"beta_cos[Edman, Tommy]",-0.281,0.167,-0.58,0.047,0.001,0.002,23266.0,5125.0,1.0
"beta_cos[Solak, Nick]",-0.326,0.17,-0.645,-0.006,0.001,0.002,24156.0,5968.0,1.0
"beta_cos[Hays, Austin]",-0.317,0.13,-0.556,-0.068,0.001,0.002,20397.0,5482.0,1.0
"beta_cos[Duggar, Steven]",-0.289,0.13,-0.537,-0.043,0.001,0.002,18966.0,5496.0,1.0
"beta_cos[White, Eli]",-0.341,0.167,-0.646,-0.018,0.001,0.002,19495.0,5707.0,1.0
"beta_cos[Chavis, Michael]",-0.087,0.19,-0.437,0.275,0.001,0.003,16994.0,5377.0,1.0
"beta_cos[Marmolejos, José]",-0.246,0.178,-0.576,0.087,0.001,0.002,19434.0,6214.0,1.0
"beta_cos[Riddle, JT]",-0.226,0.176,-0.539,0.117,0.001,0.002,18402.0,5572.0,1.0
"beta_cos[Lin, Tzu-Wei]",-0.23,0.189,-0.583,0.123,0.001,0.003,19556.0,5262.0,1.0
"beta_cos[Smith, Pavin]",-0.296,0.136,-0.556,-0.04,0.001,0.002,16772.0,5804.0,1.0
"beta_cos[Mountcastle, Ryan]",-0.336,0.176,-0.661,-0.006,0.001,0.002,17366.0,5802.0,1.0
"beta_cos[Oliva, Jared]",-0.195,0.187,-0.531,0.165,0.001,0.003,18936.0,4907.0,1.0
"beta_cos[Moniak, Mickey]",-0.252,0.189,-0.627,0.087,0.001,0.003,19874.0,5295.0,1.0
"beta_cos[Heath, Nick]",-0.36,0.19,-0.727,-0.016,0.002,0.003,14701.0,4296.0,1.0
"beta_cos[Taylor, Michael A.]",-0.307,0.104,-0.507,-0.119,0.001,0.001,19877.0,5912.0,1.0
"beta_cos[Fraley, Jake]",0.014,0.155,-0.274,0.31,0.001,0.002,15993.0,6074.0,1.0
"beta_cos[Ruf, Darin]",-0.209,0.174,-0.525,0.114,0.001,0.002,20143.0,5325.0,1.0
"beta_cos[Olivares, Edward]",-0.226,0.159,-0.522,0.079,0.001,0.002,18540.0,5825.0,1.0
"beta_cos[Tsutsugo, Yoshi]",-0.219,0.177,-0.552,0.109,0.001,0.002,17656.0,4620.0,1.0
"beta_cos[Brinson, Lewis]",-0.533,0.116,-0.749,-0.313,0.001,0.001,16678.0,6225.0,1.0
"beta_cos[Fuentes, Joshua]",-0.265,0.198,-0.646,0.108,0.001,0.003,19122.0,5216.0,1.0
"beta_cos[Demeritte, Travis]",-0.226,0.165,-0.541,0.076,0.001,0.002,19861.0,5530.0,1.0
"beta_cos[Ravelo, Rangel]",-0.207,0.195,-0.573,0.149,0.001,0.003,21052.0,5385.0,1.0
"beta_cos[Andujar, Miguel]",-0.159,0.171,-0.473,0.178,0.001,0.002,16355.0,5369.0,1.0
"beta_cos[Taylor, Tyrone]",-0.487,0.167,-0.802,-0.183,0.001,0.002,17420.0,5745.0,1.0
"beta_cos[Basabe, Luis Alexander]",-0.24,0.193,-0.601,0.122,0.001,0.003,18391.0,5725.0,1.0
"beta_cos[Thaiss, Matt]",-0.268,0.197,-0.619,0.125,0.001,0.003,19633.0,5533.0,1.0
"beta_cos[Varsho, Daulton]",-0.263,0.162,-0.569,0.038,0.001,0.002,19546.0,5739.0,1.0
"beta_cos[Strange-Gordon, Dee]",-0.247,0.162,-0.539,0.076,0.001,0.002,15815.0,5764.0,1.0
"beta_cos[Souza Jr., Steven]",-0.284,0.153,-0.568,0.001,0.001,0.002,20707.0,5827.0,1.0
"beta_cos[Walker, Neil]",-0.261,0.185,-0.599,0.097,0.001,0.003,18694.0,5546.0,1.0
"beta_cos[Barreto, Franklin]",-0.257,0.193,-0.619,0.102,0.001,0.002,16921.0,6011.0,1.0
"beta_cos[Rooker, Brent]",-0.374,0.167,-0.685,-0.057,0.001,0.002,19437.0,5396.0,1.0
"beta_cos[Harrison, Josh]",-0.152,0.178,-0.484,0.182,0.001,0.002,15528.0,5973.0,1.0
"beta_cos[Dozier, Hunter]",-0.337,0.145,-0.605,-0.064,0.001,0.002,18758.0,5923.0,1.0
"beta_cos[Haggerty, Sam]",-0.085,0.179,-0.429,0.25,0.001,0.003,15442.0,4887.0,1.0
"beta_cos[Payton, Mark]",-0.237,0.192,-0.604,0.12,0.001,0.003,21019.0,5170.0,1.0
"beta_cos[Mathias, Mark]",-0.282,0.192,-0.627,0.082,0.001,0.003,18704.0,5556.0,1.0
"beta_cos[Pillar, Kevin]",-0.371,0.094,-0.549,-0.195,0.001,0.001,15677.0,5866.0,1.0
"beta_cos[Pache, Cristian]",-0.204,0.182,-0.555,0.125,0.001,0.003,19096.0,5062.0,1.0
"beta_cos[Valaika, Pat]",-0.235,0.193,-0.612,0.116,0.002,0.002,15349.0,5275.0,1.0
"beta_cos[González, Luis]",-0.319,0.186,-0.668,0.024,0.001,0.002,18457.0,5891.0,1.0
"beta_cos[Velazquez, Andrew]",-0.233,0.196,-0.596,0.139,0.001,0.002,17584.0,5808.0,1.0
"beta_cos[Zimmer, Bradley]",-0.363,0.149,-0.643,-0.089,0.001,0.002,17931.0,5717.0,1.0
"beta_cos[Mateo, Jorge]",-0.282,0.183,-0.635,0.058,0.001,0.003,21636.0,5577.0,1.0
"beta_cos[Mullins, Cedric]",-0.451,0.121,-0.663,-0.214,0.001,0.002,17016.0,5791.0,1.0
"beta_cos[Marte, Starling]",-0.171,0.096,-0.358,0.002,0.001,0.001,18161.0,6232.0,1.0
"beta_cos[Mejia, Erick]",-0.244,0.186,-0.591,0.113,0.001,0.002,17321.0,5581.0,1.0
"beta_cos[Johnson, Daniel]",-0.309,0.186,-0.651,0.049,0.001,0.003,18042.0,5337.0,1.0
"beta_cos[Bonifácio, Emilio]",-0.27,0.189,-0.632,0.066,0.001,0.003,18515.0,5524.0,1.0
"beta_cos[Hoerner, Nico]",-0.258,0.195,-0.623,0.11,0.002,0.003,15901.0,5404.0,1.0
"beta_cos[Reyes, Franmil]",-0.2,0.14,-0.478,0.052,0.001,0.002,16064.0,5337.0,1.0
"beta_cos[McCarthy, Joe]",-0.3,0.195,-0.656,0.074,0.001,0.003,17347.0,5421.0,1.0
"beta_cos[Marisnick, Jake]",-0.377,0.135,-0.638,-0.124,0.001,0.002,19982.0,5965.0,1.0
"beta_cos[Schrock, Max]",-0.254,0.179,-0.58,0.089,0.001,0.002,18980.0,5951.0,1.0
"beta_cos[Deichmann, Greg]",-0.241,0.192,-0.593,0.135,0.001,0.002,18560.0,6104.0,1.0
"beta_cos[Nevin, Tyler]",-0.288,0.197,-0.661,0.071,0.001,0.003,19937.0,5875.0,1.0
"beta_cos[Ramos, Henry]",-0.373,0.196,-0.748,-0.013,0.001,0.003,19304.0,5789.0,1.0
"beta_cos[Haase, Eric]",-0.282,0.196,-0.646,0.091,0.002,0.003,16618.0,5256.0,1.0
"beta_cos[Miller, Brian]",-0.278,0.195,-0.643,0.089,0.001,0.003,20431.0,5326.0,1.0
"beta_cos[Gordon, Nick]",-0.3,0.176,-0.617,0.04,0.001,0.002,17575.0,5496.0,1.0
"beta_cos[Isbel, Kyle]",-0.219,0.185,-0.557,0.136,0.001,0.003,20395.0,5677.0,1.0
"beta_cos[Peters, DJ]",-0.247,0.161,-0.543,0.056,0.001,0.002,16806.0,5495.0,1.0
"beta_cos[Castro, Willi]",-0.294,0.189,-0.65,0.056,0.001,0.002,19410.0,5780.0,1.0
"beta_cos[Bell, Josh]",-0.248,0.193,-0.607,0.103,0.001,0.003,19095.0,6186.0,1.0
"beta_cos[Friedl, TJ]",-0.297,0.196,-0.661,0.064,0.001,0.003,17932.0,4798.0,1.0
"beta_cos[Nootbaar, Lars]",-0.409,0.169,-0.733,-0.1,0.001,0.002,19891.0,5933.0,1.0
"beta_cos[McKenna, Ryan]",-0.142,0.149,-0.406,0.151,0.001,0.002,18565.0,5631.0,1.0
"beta_cos[Lagares, Juan]",-0.156,0.133,-0.406,0.09,0.001,0.002,16235.0,5844.0,1.0
"beta_cos[Hernandez, Yadiel]",-0.312,0.158,-0.618,-0.025,0.001,0.002,16953.0,5348.0,1.0
"beta_cos[Stephenson, Tyler]",-0.281,0.196,-0.645,0.089,0.001,0.003,19590.0,5904.0,1.0
"beta_cos[Hamilton, Billy]",-0.356,0.116,-0.579,-0.146,0.001,0.001,17823.0,6344.0,1.0
"beta_cos[Rojas, Jose]",-0.223,0.179,-0.561,0.118,0.001,0.003,21041.0,5341.0,1.0
"beta_cos[McCormick, Chas]",-0.059,0.159,-0.362,0.229,0.001,0.002,15857.0,6218.0,1.0
"beta_cos[Wisdom, Patrick]",-0.207,0.179,-0.547,0.138,0.001,0.002,18040.0,5187.0,1.0
"beta_cos[DeShields, Delino]",-0.526,0.113,-0.737,-0.312,0.001,0.001,18034.0,6145.0,1.0
"beta_cos[Meyers, Jake]",-0.51,0.169,-0.845,-0.208,0.001,0.002,16310.0,5474.0,1.0
"beta_cos[Cameron, Daz]",-0.307,0.158,-0.597,-0.008,0.001,0.002,17974.0,5587.0,1.0
"beta_cos[Baddoo, Akil]",-0.33,0.138,-0.588,-0.069,0.001,0.002,20620.0,5871.0,1.0
"beta_cos[Wong, Kean]",-0.286,0.19,-0.662,0.063,0.001,0.003,18564.0,4216.0,1.0
"beta_cos[Lux, Gavin]",-0.159,0.178,-0.493,0.165,0.001,0.002,16824.0,5246.0,1.0
"beta_cos[Vilade, Ryan]",-0.229,0.197,-0.6,0.138,0.001,0.003,21311.0,5816.0,1.0
"beta_cos[Bolt, Skye]",-0.388,0.178,-0.724,-0.061,0.001,0.002,17817.0,6169.0,1.0
"beta_cos[Siri, Jose]",-0.275,0.191,-0.62,0.097,0.001,0.003,22012.0,5864.0,1.0
"beta_cos[Vierling, Matt]",-0.354,0.189,-0.707,-0.004,0.001,0.003,20576.0,5301.0,1.0
"beta_cos[De La Cruz, Bryan]",-0.284,0.167,-0.595,0.034,0.001,0.002,20319.0,5720.0,1.0
"beta_cos[Rivas III, Alfonso]",-0.235,0.192,-0.587,0.131,0.001,0.003,18880.0,5544.0,1.0
"beta_cos[Gonzalez, Romy]",-0.275,0.193,-0.645,0.083,0.001,0.003,17788.0,5051.0,1.0
"beta_cos[Adell, Jo]",-0.399,0.166,-0.721,-0.093,0.001,0.002,19644.0,5260.0,1.0
"beta_cos[Lowe, Josh]",-0.274,0.196,-0.638,0.093,0.002,0.003,15508.0,5009.0,1.0
"beta_cos[Sheets, Gavin]",-0.302,0.194,-0.661,0.068,0.001,0.003,21332.0,5799.0,1.0
"beta_cos[Alfaro, Jorge]",-0.261,0.192,-0.612,0.11,0.001,0.003,20588.0,5588.0,1.0
"beta_cos[Vaughn, Andrew]",-0.255,0.16,-0.539,0.061,0.001,0.002,21467.0,5705.0,1.0
"beta_cos[Ruiz, Rio]",-0.268,0.2,-0.647,0.109,0.001,0.003,20201.0,5272.0,1.0
"beta_cos[Fairchild, Stuart]",-0.284,0.195,-0.642,0.097,0.001,0.003,24042.0,5048.0,1.0
"beta_cos[Arcia, Orlando]",-0.298,0.186,-0.642,0.063,0.001,0.002,19673.0,5138.0,1.0
"beta_cos[Thomas, Lane]",-0.214,0.148,-0.51,0.048,0.001,0.002,19044.0,5859.0,1.0
"beta_cos[Lamb, Jake]",-0.204,0.189,-0.554,0.155,0.001,0.003,20058.0,5650.0,1.0
"beta_cos[Smith, Kevin]",-0.282,0.197,-0.648,0.09,0.002,0.003,16894.0,5916.0,1.0
"beta_cos[Jones, Taylor]",-0.072,0.19,-0.422,0.29,0.001,0.002,18626.0,5738.0,1.0
"beta_cos[Ibáñez, Andy]",-0.266,0.197,-0.629,0.114,0.001,0.003,21080.0,5472.0,1.0
"beta_cos[Larnach, Trevor]",-0.273,0.163,-0.576,0.039,0.001,0.002,17550.0,5728.0,1.0
"beta_cos[Robson, Jacob]",-0.26,0.196,-0.628,0.113,0.001,0.003,20151.0,5800.0,1.0
"beta_cos[McKinstry, Zach]",-0.232,0.18,-0.563,0.11,0.001,0.002,19757.0,5852.0,1.0
"beta_cos[Park, Hoy]",-0.312,0.193,-0.685,0.045,0.001,0.003,16747.0,5209.0,1.0
"beta_cos[Williams, Luke]",-0.183,0.188,-0.535,0.163,0.001,0.002,17525.0,6122.0,1.0
"beta_cos[Duran, Jarren]",-0.3,0.186,-0.657,0.039,0.001,0.003,21011.0,5874.0,1.0
"beta_cos[Fargas, Johneshwy]",-0.262,0.19,-0.624,0.088,0.001,0.003,16651.0,5600.0,1.0
"beta_cos[Bradley Jr., Jackie]",-0.248,0.097,-0.428,-0.067,0.001,0.001,18437.0,6505.0,1.0
"beta_cos[Raley, Luke]",-0.213,0.187,-0.557,0.13,0.001,0.003,19203.0,5751.0,1.0
"beta_cos[Thomas, Dillon]",-0.249,0.19,-0.628,0.094,0.001,0.003,21226.0,5390.0,1.0
"beta_cos[Reks, Zach]",-0.266,0.19,-0.633,0.078,0.001,0.003,17956.0,5172.0,1.0
"beta_cos[Wilson, Jacob]",-0.27,0.194,-0.624,0.109,0.001,0.003,19247.0,5686.0,1.0
"beta_cos[Sánchez, Jesús]",-0.3,0.166,-0.619,0.005,0.001,0.002,19489.0,5602.0,1.0
"beta_cos[Clement, Ernie]",-0.266,0.196,-0.636,0.103,0.001,0.003,21965.0,5566.0,1.0
"beta_cos[Vosler, Jason]",-0.269,0.196,-0.624,0.122,0.001,0.003,19714.0,5283.0,1.0
"beta_cos[Kirilloff, Alex]",-0.373,0.174,-0.694,-0.046,0.001,0.003,19298.0,5102.0,1.0
"beta_cos[Davis, Jaylin]",-0.242,0.179,-0.584,0.088,0.001,0.002,17248.0,5628.0,1.0
"beta_cos[Tom, Ka'ai]",-0.286,0.174,-0.604,0.05,0.001,0.002,20086.0,5690.0,1.0
"beta_cos[Trammell, Taylor]",-0.191,0.164,-0.515,0.111,0.001,0.002,19352.0,5714.0,1.0
"beta_cos[Walton, Donovan]",-0.275,0.193,-0.642,0.087,0.001,0.003,19188.0,5895.0,1.0
"beta_cos[Blankenhorn, Travis]",-0.276,0.199,-0.649,0.095,0.001,0.003,18794.0,5710.0,1.0
"beta_cos[Marcano, Tucupita]",-0.261,0.194,-0.623,0.103,0.001,0.002,18257.0,5524.0,1.0
"beta_cos[Hiura, Keston]",-0.268,0.194,-0.638,0.085,0.001,0.003,20624.0,5488.0,1.0
"beta_cos[Kelenic, Jarred]",-0.154,0.148,-0.427,0.127,0.001,0.002,15422.0,5450.0,1.0
"beta_cos[Williams, Justin]",-0.229,0.175,-0.572,0.081,0.001,0.002,20206.0,6151.0,1.0
"beta_cos[Barrera, Luis]",-0.272,0.196,-0.633,0.094,0.001,0.003,17744.0,5458.0,1.0
"beta_cos[Duffy, Matt]",-0.24,0.191,-0.597,0.132,0.001,0.003,20855.0,5782.0,1.0
"beta_cos[Neuse, Sheldon]",-0.217,0.192,-0.565,0.157,0.001,0.003,20431.0,6325.0,1.0
"beta_cos[Hager, Jake]",-0.273,0.2,-0.655,0.091,0.001,0.003,19791.0,5146.0,1.0
"beta_cos[Mathisen, Wyatt]",-0.216,0.191,-0.578,0.135,0.001,0.002,18992.0,5501.0,1.0
"beta_cos[Ohtani, Shohei]",-0.266,0.195,-0.622,0.101,0.001,0.003,18777.0,5561.0,1.0
"beta_cos[Bemboom, Anthony]",-0.266,0.193,-0.631,0.096,0.001,0.003,18235.0,5734.0,1.0
"beta_cos[Musgrove, Joe]",-0.27,0.195,-0.629,0.102,0.001,0.003,18842.0,4941.0,1.0
"beta_cos[Palacios, Joshua]",-0.201,0.186,-0.548,0.139,0.001,0.002,20154.0,5691.0,1.0
"beta_cos[Young, Andrew]",-0.295,0.199,-0.663,0.085,0.001,0.003,20840.0,5750.0,1.0
"beta_cos[Blandino, Alex]",-0.269,0.191,-0.614,0.105,0.001,0.003,18261.0,5729.0,1.0
"beta_cos[Farmer, Kyle]",-0.268,0.2,-0.665,0.09,0.001,0.003,19397.0,5660.0,1.0
"beta_cos[Inciarte, Ender]",-0.321,0.109,-0.52,-0.112,0.001,0.002,18146.0,5411.0,1.0
"beta_cos[Betts, Mookie]",-0.406,0.102,-0.599,-0.218,0.001,0.001,18029.0,5754.0,1.0
"beta_cos[Cain, Lorenzo]",-0.466,0.117,-0.686,-0.244,0.001,0.001,15602.0,6423.0,1.0
"beta_cos[Springer, George]",-0.373,0.115,-0.588,-0.154,0.001,0.001,16560.0,6372.0,1.0
"beta_cos[Blackmon, Charlie]",-0.433,0.094,-0.61,-0.258,0.001,0.001,16322.0,6333.0,1.0
"beta_cos[Heyward, Jason]",-0.251,0.104,-0.446,-0.054,0.001,0.001,18481.0,5511.0,1.0
"beta_cos[Guerrero, Gabriel]",-0.239,0.193,-0.606,0.11,0.001,0.003,20644.0,5512.0,1.0
"beta_cos[Trout, Mike]",-0.564,0.11,-0.764,-0.355,0.001,0.001,17807.0,4932.0,1.0
"beta_cos[Kipnis, Jason]",-0.195,0.191,-0.559,0.163,0.001,0.003,19860.0,4801.0,1.0
"beta_cos[Laureano, Ramón]",-0.34,0.106,-0.54,-0.145,0.001,0.001,18775.0,5580.0,1.0
"beta_cos[Hicks, Aaron]",-0.325,0.116,-0.534,-0.102,0.001,0.001,15432.0,6368.0,1.0
"beta_cos[Harper, Bryce]",-0.181,0.094,-0.359,-0.009,0.001,0.001,21022.0,5403.0,1.0
"beta_cos[Kiermaier, Kevin]",-0.511,0.11,-0.709,-0.293,0.001,0.002,17929.0,5386.0,1.0
"beta_cos[Barnes, Brandon]",-0.324,0.195,-0.673,0.064,0.001,0.003,18710.0,4964.0,1.0
"beta_cos[Kepler, Max]",-0.046,0.104,-0.246,0.142,0.001,0.001,15349.0,6012.0,1.0
"beta_cos[Martin, Leonys]",-0.293,0.135,-0.554,-0.046,0.001,0.002,19501.0,6047.0,1.0
"beta_cos[den Dekker, Matthew]",-0.156,0.185,-0.495,0.195,0.001,0.002,16878.0,5535.0,1.0
"beta_cos[Calhoun, Kole]",-0.308,0.105,-0.503,-0.107,0.001,0.001,15053.0,5732.0,1.0
"beta_cos[Escobar, Alcides]",-0.283,0.191,-0.635,0.073,0.001,0.002,18916.0,5805.0,1.0
"beta_cos[Smolinski, Jake]",-0.32,0.187,-0.655,0.049,0.001,0.003,18858.0,5585.0,1.0
"beta_cos[Buxton, Byron]",-0.548,0.132,-0.807,-0.312,0.001,0.002,17410.0,5507.0,1.0
"beta_cos[Florimón, Pedro]",-0.285,0.194,-0.65,0.068,0.001,0.003,17479.0,6160.0,1.0
"beta_cos[Difo, Wilmer]",-0.127,0.18,-0.459,0.218,0.001,0.002,20918.0,5928.0,1.0
"beta_cos[Powell, Boog]",-0.274,0.187,-0.619,0.085,0.001,0.002,18372.0,5715.0,1.0
"beta_cos[Judge, Aaron]",-0.192,0.105,-0.383,0.008,0.001,0.001,18849.0,5436.0,1.0
"beta_cos[Fowler, Dexter]",-0.51,0.121,-0.729,-0.279,0.001,0.001,15209.0,6008.0,1.0
"beta_cos[Lewis, Kyle]",-0.196,0.146,-0.469,0.074,0.001,0.002,18660.0,5830.0,1.0
"beta_cos[García, Avisaíl]",-0.304,0.104,-0.496,-0.106,0.001,0.001,21938.0,6158.0,1.0
"beta_cos[Marte, Ketel]",-0.34,0.134,-0.581,-0.079,0.001,0.002,15834.0,5155.0,1.0
"beta_cos[Senzel, Nick]",-0.389,0.148,-0.666,-0.107,0.001,0.002,18432.0,5584.0,1.0
"beta_cos[Harrison, Monte]",-0.298,0.181,-0.653,0.03,0.001,0.003,18684.0,5744.0,1.0
"beta_cos[Robert Jr., Luis]",-0.237,0.151,-0.52,0.041,0.001,0.002,18135.0,6401.0,1.0
"beta_cos[Dubón, Mauricio]",-0.287,0.168,-0.606,0.019,0.001,0.002,20679.0,6227.0,1.0
"beta_cos[Taveras, Leody]",-0.466,0.157,-0.758,-0.17,0.001,0.002,17723.0,5772.0,1.0
"beta_cos[Hill, Derek]",-0.456,0.161,-0.761,-0.161,0.001,0.002,18784.0,5855.0,1.0
"beta_cos[Tucker, Cole]",-0.197,0.173,-0.516,0.134,0.001,0.002,17357.0,5463.0,1.0
"beta_cos[Torreyes, Ronald]",-0.273,0.199,-0.647,0.084,0.001,0.003,20447.0,5097.0,1.0
"beta_cos[Florial, Estevan]",-0.205,0.186,-0.546,0.15,0.001,0.002,22394.0,6140.0,1.0
"beta_cos[Whitefield, Aaron]",-0.27,0.198,-0.642,0.101,0.001,0.003,19051.0,5422.0,1.0
"beta_cos[Villar, Jonathan]",-0.272,0.192,-0.631,0.091,0.001,0.003,18864.0,5406.0,1.0
"beta_cos[McCarthy, Jake]",-0.256,0.178,-0.597,0.068,0.001,0.002,19014.0,5175.0,1.0
"beta_cos[Marsh, Brandon]",-0.419,0.17,-0.753,-0.11,0.001,0.002,21687.0,5551.0,1.0
"beta_cos[Tatis Jr., Fernando]",-0.334,0.178,-0.674,-0.008,0.001,0.002,18982.0,5856.0,1.0
"beta_cos[Barrero, José]",-0.263,0.189,-0.631,0.082,0.001,0.003,21455.0,5396.0,1.0
"beta_cos[Celestino, Gilberto]",-0.229,0.175,-0.579,0.085,0.001,0.002,17399.0,5362.0,1.0
"beta_cos[Bruján, Vidal]",-0.272,0.199,-0.639,0.11,0.002,0.003,17204.0,5292.0,1.0
"beta_cos[Hurst, Scott]",-0.27,0.197,-0.646,0.095,0.001,0.003,17666.0,5683.0,1.0
"beta_cos[Puig, Yasiel]",-0.271,0.113,-0.476,-0.052,0.001,0.001,17892.0,5609.0,1.0
"beta_cos[Piscotty, Stephen]",-0.199,0.11,-0.4,0.014,0.001,0.002,20290.0,5748.0,1.0
"beta_cos[Cruz, Nelson]",-0.275,0.193,-0.622,0.093,0.001,0.003,17547.0,5778.0,1.0
"beta_cos[Polanco, Gregory]",0.02,0.11,-0.187,0.222,0.001,0.001,15296.0,5969.0,1.0
"beta_cos[Anderson, Brian]",-0.276,0.139,-0.538,-0.014,0.001,0.002,19813.0,5669.0,1.0
"beta_cos[Valencia, Danny]",-0.149,0.183,-0.483,0.2,0.001,0.002,17944.0,5785.0,1.0
"beta_cos[Trumbo, Mark]",-0.128,0.181,-0.46,0.217,0.001,0.002,15819.0,5827.0,1.0
"beta_cos[Plouffe, Trevor]",-0.268,0.197,-0.637,0.106,0.001,0.003,17897.0,5694.0,1.0
"beta_cos[Kaczmarski, Kevin]",-0.27,0.196,-0.63,0.1,0.001,0.003,18427.0,5872.0,1.0
"beta_cos[Chisenhall, Lonnie]",-0.242,0.184,-0.589,0.099,0.001,0.003,20634.0,5474.0,1.0
"beta_cos[Soler, Jorge]",-0.181,0.115,-0.399,0.035,0.001,0.002,17588.0,5731.0,1.0
"beta_cos[Valera, Breyvic]",-0.269,0.195,-0.622,0.116,0.001,0.003,20149.0,5244.0,1.0
"beta_cos[Joseph, Corban]",-0.27,0.199,-0.652,0.086,0.002,0.003,17360.0,5010.0,1.0
"beta_cos[Goins, Ryan]",-0.136,0.189,-0.498,0.215,0.001,0.002,18649.0,6274.0,1.0
"beta_cos[Nola, Austin]",-0.248,0.192,-0.622,0.104,0.001,0.003,18737.0,5243.0,1.0
"beta_cos[Davis, Chris]",-0.276,0.196,-0.642,0.096,0.001,0.003,22143.0,5595.0,1.0
"beta_cos[Adduci, James]",-0.264,0.191,-0.633,0.092,0.001,0.003,19219.0,5308.0,1.0
"beta_cos[Reed, Michael]",-0.234,0.194,-0.612,0.131,0.001,0.003,19830.0,5713.0,1.0
"beta_cos[Walsh, Jared]",-0.275,0.187,-0.619,0.083,0.001,0.002,18725.0,5712.0,1.0
"beta_cos[Núñez, Eduardo]",-0.268,0.197,-0.646,0.09,0.001,0.003,18392.0,4992.0,1.0
"beta_cos[Amburgey, Trey]",-0.288,0.197,-0.649,0.082,0.001,0.003,17769.0,5188.0,1.0
"beta_cos[Rengifo, Luis]",-0.216,0.187,-0.567,0.14,0.001,0.002,15943.0,5603.0,1.0
"beta_cos[Mendick, Danny]",-0.354,0.195,-0.725,0.015,0.001,0.003,21510.0,5365.0,1.0
"beta_cos[Lee, Khalil]",-0.326,0.19,-0.672,0.031,0.001,0.002,18099.0,6011.0,1.0
"beta_cos[Stokes Jr., Troy]",-0.277,0.195,-0.656,0.077,0.001,0.003,20985.0,5067.0,1.0
"beta_cos[Owen, Hunter]",-0.282,0.2,-0.649,0.099,0.002,0.003,16552.0,5116.0,1.0
"beta_cos[Ray, Corey]",-0.279,0.198,-0.648,0.09,0.001,0.003,21763.0,5359.0,1.0
"beta_sin[Benintendi, Andrew]",-0.031,0.081,-0.179,0.127,0.001,0.001,20167.0,6291.0,1.0
"beta_sin[Taylor, Chris]",-0.114,0.101,-0.301,0.076,0.001,0.001,19766.0,5586.0,1.0
"beta_sin[Holt, Brock]",-0.125,0.128,-0.368,0.116,0.001,0.002,20257.0,5743.0,1.0
"beta_sin[Martinez, J.D.]",-0.194,0.107,-0.398,0.002,0.001,0.001,17401.0,5420.0,1.0
"beta_sin[Pederson, Joc]",-0.024,0.085,-0.182,0.138,0.001,0.001,18172.0,5799.0,1.0
"beta_sin[Braun, Ryan]",-0.056,0.1,-0.241,0.136,0.001,0.001,17549.0,6013.0,1.0
"beta_sin[Kemp, Tony]",-0.248,0.106,-0.441,-0.045,0.001,0.001,15489.0,5484.0,1.0
"beta_sin[Gonzalez, Marwin]",-0.192,0.106,-0.39,0.007,0.001,0.001,17794.0,5921.0,1.0
"beta_sin[Kemp, Matt]",-0.117,0.114,-0.33,0.103,0.001,0.002,20329.0,5714.0,1.0
"beta_sin[Canha, Mark]",-0.026,0.081,-0.179,0.128,0.001,0.001,16537.0,5457.0,1.0
"beta_sin[Upton, Justin]",0.067,0.09,-0.097,0.237,0.001,0.001,16137.0,4913.0,1.0
"beta_sin[Swihart, Blake]",-0.133,0.13,-0.369,0.117,0.001,0.002,18740.0,5728.0,1.0
"beta_sin[McCutchen, Andrew]",-0.209,0.08,-0.358,-0.054,0.001,0.001,19125.0,5880.0,1.0
"beta_sin[Gardner, Brett]",-0.109,0.076,-0.248,0.036,0.001,0.001,18522.0,5330.0,1.0
"beta_sin[Dean, Austin]",-0.121,0.115,-0.34,0.088,0.001,0.002,14765.0,5291.0,1.0
"beta_sin[Conforto, Michael]",-0.097,0.077,-0.239,0.049,0.001,0.001,21120.0,6708.0,1.0
"beta_sin[Hanson, Alen]",-0.155,0.127,-0.396,0.08,0.001,0.002,17877.0,5769.0,1.0
"beta_sin[Blanco, Grégor]",-0.09,0.122,-0.326,0.134,0.001,0.002,18916.0,5836.0,1.0
"beta_sin[Mahtook, Mikie]",-0.146,0.119,-0.378,0.067,0.001,0.002,17720.0,5475.0,1.0
"beta_sin[Gordon, Alex]",-0.046,0.087,-0.208,0.122,0.001,0.001,15876.0,5711.0,1.0
"beta_sin[Brantley, Michael]",-0.047,0.086,-0.205,0.117,0.001,0.001,18633.0,6197.0,1.0
"beta_sin[Acuña Jr., Ronald]",0.044,0.085,-0.114,0.203,0.001,0.001,16195.0,5956.0,1.0
"beta_sin[Yelich, Christian]",-0.123,0.079,-0.266,0.03,0.001,0.001,17014.0,5270.0,1.0
"beta_sin[Holliday, Matt]",-0.114,0.129,-0.35,0.14,0.001,0.002,19230.0,5398.0,1.0
"beta_sin[Parra, Gerardo]",0.047,0.098,-0.14,0.223,0.001,0.001,17576.0,5704.0,1.0
"beta_sin[Dahl, David]",-0.055,0.097,-0.232,0.131,0.001,0.001,21924.0,5241.0,1.0
"beta_sin[Martini, Nick]",-0.009,0.119,-0.227,0.221,0.001,0.002,16911.0,5643.0,1.0
"beta_sin[Gore, Terrance]",-0.101,0.13,-0.352,0.143,0.001,0.002,20202.0,5205.0,1.0
"beta_sin[Zobrist, Ben]",-0.091,0.118,-0.317,0.127,0.001,0.002,20043.0,6208.0,1.0
"beta_sin[Bryant, Kris]",0.025,0.108,-0.185,0.22,0.001,0.002,16118.0,5495.0,1.0
"beta_sin[Schwarber, Kyle]",0.02,0.083,-0.145,0.168,0.001,0.001,17211.0,5702.0,1.0
"beta_sin[Soto, Juan]",0.079,0.077,-0.071,0.218,0.001,0.001,16336.0,5346.0,1.0
"beta_sin[Smith, Dominic]",0.102,0.111,-0.107,0.303,0.001,0.001,16143.0,6008.0,1.0
"beta_sin[Slater, Austin]",-0.074,0.1,-0.271,0.109,0.001,0.001,20601.0,5633.0,1.0
"beta_sin[Field, Johnny]",-0.103,0.123,-0.337,0.125,0.001,0.002,20510.0,5992.0,1.0
"beta_sin[Palka, Daniel]",-0.253,0.105,-0.447,-0.054,0.001,0.001,14214.0,6158.0,1.0
"beta_sin[Renfroe, Hunter]",-0.156,0.083,-0.317,-0.006,0.001,0.001,18103.0,5810.0,1.0
"beta_sin[Smith Jr., Dwight]",0.009,0.107,-0.198,0.197,0.001,0.001,20382.0,5600.0,1.0
"beta_sin[Pham, Tommy]",-0.264,0.085,-0.428,-0.106,0.001,0.001,18402.0,5607.0,1.0
"beta_sin[McKinney, Billy]",-0.134,0.105,-0.328,0.064,0.001,0.001,20273.0,5619.0,1.0
"beta_sin[Maybin, Cameron]",-0.329,0.101,-0.511,-0.135,0.001,0.001,14243.0,5967.0,1.0
"beta_sin[Calhoun, Willie]",-0.113,0.106,-0.321,0.076,0.001,0.001,19125.0,5748.0,1.0
"beta_sin[O'Neill, Tyler]",0.038,0.098,-0.144,0.23,0.001,0.001,17106.0,5152.0,1.0
"beta_sin[Reyes, Pablo]",0.066,0.124,-0.157,0.309,0.001,0.002,16699.0,5232.0,1.0
"beta_sin[Schebler, Scott]",-0.141,0.111,-0.345,0.068,0.001,0.001,16815.0,5579.0,1.0
"beta_sin[Young Jr., Eric]",-0.157,0.127,-0.393,0.087,0.001,0.002,16171.0,5236.0,1.0
"beta_sin[Galloway, Isaac]",-0.14,0.13,-0.394,0.096,0.001,0.002,18688.0,5663.0,1.0
"beta_sin[Locastro, Tim]",0.059,0.107,-0.131,0.271,0.001,0.001,15959.0,5375.0,1.0
"beta_sin[Stewart, DJ]",-0.154,0.102,-0.351,0.035,0.001,0.001,15964.0,5689.0,1.0
"beta_sin[Tucker, Kyle]",-0.264,0.101,-0.464,-0.082,0.001,0.001,17488.0,5780.0,1.0
"beta_sin[Davis, Rajai]",-0.126,0.122,-0.359,0.096,0.001,0.002,19081.0,5723.0,1.0
"beta_sin[Phillips, Brett]",-0.05,0.103,-0.238,0.141,0.001,0.001,18880.0,5269.0,1.0
"beta_sin[Grossman, Robbie]",-0.037,0.082,-0.195,0.112,0.001,0.001,18817.0,5660.0,1.0
"beta_sin[Delmonico, Nicky]",-0.021,0.12,-0.251,0.206,0.001,0.002,18830.0,5547.0,1.0
"beta_sin[Cozens, Dylan]",-0.01,0.137,-0.274,0.24,0.001,0.002,16744.0,4849.0,1.0
"beta_sin[Herrera, Odúbel]",0.02,0.087,-0.148,0.18,0.001,0.001,18613.0,6602.0,1.0
"beta_sin[Kivlehan, Patrick]",-0.09,0.137,-0.352,0.165,0.001,0.002,17145.0,5741.0,1.0
"beta_sin[Hernández, Teoscar]",-0.154,0.08,-0.304,-0.01,0.001,0.001,18464.0,5842.0,1.0
"beta_sin[Tocci, Carlos]",-0.034,0.121,-0.255,0.203,0.001,0.002,16998.0,5870.0,1.0
"beta_sin[Ozuna, Marcell]",-0.086,0.088,-0.251,0.078,0.001,0.001,19508.0,5540.0,1.0
"beta_sin[Happ, Ian]",-0.119,0.091,-0.292,0.042,0.001,0.001,18302.0,5953.0,1.0
"beta_sin[Davis, Jonathan]",-0.134,0.111,-0.355,0.064,0.001,0.001,18332.0,5898.0,1.0
"beta_sin[Choo, Shin-Soo]",-0.137,0.1,-0.324,0.052,0.001,0.001,16241.0,5638.0,1.0
"beta_sin[Dickerson, Corey]",-0.132,0.089,-0.301,0.033,0.001,0.001,19834.0,5513.0,1.0
"beta_sin[Reyes, Victor]",-0.191,0.093,-0.362,-0.015,0.001,0.001,15483.0,5719.0,1.0
"beta_sin[Bonifacio, Jorge]",-0.141,0.111,-0.343,0.071,0.001,0.001,19947.0,6066.0,1.0
"beta_sin[Hoskins, Rhys]",0.025,0.112,-0.188,0.229,0.001,0.001,19931.0,5144.0,1.0
"beta_sin[Jankowski, Travis]",-0.078,0.111,-0.29,0.128,0.001,0.002,17796.0,5230.0,1.0
"beta_sin[Peralta, David]",0.017,0.082,-0.135,0.172,0.001,0.001,19427.0,6510.0,1.0
"beta_sin[Negrón, Kristopher]",-0.081,0.132,-0.32,0.174,0.001,0.002,22477.0,5460.0,1.0
"beta_sin[Stanton, Giancarlo]",-0.016,0.115,-0.232,0.202,0.001,0.002,17122.0,5438.0,1.0
"beta_sin[Stewart, Christin]",0.002,0.111,-0.214,0.204,0.001,0.001,19370.0,5933.0,1.0
"beta_sin[Guyer, Brandon]",-0.145,0.122,-0.371,0.083,0.001,0.002,16926.0,5757.0,1.0
"beta_sin[Duvall, Adam]",0.154,0.093,-0.028,0.317,0.001,0.001,15735.0,5630.0,1.0
"beta_sin[Gallo, Joey]",-0.148,0.085,-0.297,0.02,0.001,0.001,18043.0,5609.0,1.0
"beta_sin[Brito, Sócrates]",-0.169,0.127,-0.403,0.074,0.001,0.002,19518.0,5747.0,1.0
"beta_sin[Reddick, Josh]",-0.163,0.087,-0.33,-0.001,0.001,0.001,17573.0,5648.0,1.0
"beta_sin[Mancini, Trey]",-0.072,0.096,-0.254,0.103,0.001,0.001,17807.0,5690.0,1.0
"beta_sin[Jones, Adam]",-0.148,0.096,-0.326,0.033,0.001,0.001,18824.0,5579.0,1.0
"beta_sin[Fowler, Dustin]",-0.045,0.121,-0.27,0.18,0.001,0.002,21179.0,5681.0,1.0
"beta_sin[Shaw, Chris]",-0.084,0.131,-0.324,0.17,0.001,0.002,21319.0,5730.0,1.0
"beta_sin[Heredia, Guillermo]",-0.263,0.091,-0.422,-0.084,0.001,0.001,15527.0,6246.0,1.0
"beta_sin[Span, Denard]",-0.13,0.113,-0.348,0.073,0.001,0.001,18910.0,5461.0,1.0
"beta_sin[Herrera, Dilson]",-0.111,0.134,-0.352,0.149,0.001,0.002,17775.0,6056.0,1.0
"beta_sin[Travis, Sam]",-0.06,0.127,-0.31,0.175,0.001,0.002,20539.0,5569.0,1.0
"beta_sin[García, Adolis]",-0.142,0.098,-0.325,0.04,0.001,0.001,18259.0,4987.0,1.0
"beta_sin[Robles, Victor]",0.109,0.082,-0.048,0.258,0.001,0.001,15397.0,6018.0,1.0
"beta_sin[Granderson, Curtis]",0.034,0.105,-0.162,0.233,0.001,0.001,15918.0,5928.0,1.0
"beta_sin[Luplow, Jordan]",-0.096,0.108,-0.311,0.094,0.001,0.002,19408.0,5297.0,1.0
"beta_sin[Meadows, Austin]",-0.025,0.097,-0.204,0.157,0.001,0.001,17984.0,5585.0,1.0
"beta_sin[Hermosillo, Michael]",-0.19,0.119,-0.411,0.035,0.001,0.001,16621.0,6062.0,1.0
"beta_sin[LaMarre, Ryan]",-0.023,0.117,-0.243,0.201,0.001,0.001,21481.0,5763.0,1.0
"beta_sin[Rickard, Joey]",-0.092,0.116,-0.296,0.139,0.001,0.002,20256.0,5287.0,1.0
"beta_sin[Robinson, Drew]",-0.179,0.129,-0.433,0.057,0.001,0.002,20074.0,5729.0,1.0
"beta_sin[García, Leury]",-0.07,0.098,-0.248,0.118,0.001,0.001,19344.0,5181.0,1.0
"beta_sin[Williams, Mason]",-0.133,0.125,-0.364,0.101,0.001,0.002,17350.0,6153.0,1.0
"beta_sin[Dietrich, Derek]",-0.04,0.116,-0.251,0.182,0.001,0.002,17495.0,5293.0,1.0
"beta_sin[Altherr, Aaron]",-0.136,0.122,-0.356,0.104,0.001,0.002,20381.0,5721.0,1.0
"beta_sin[Andreoli, John]",-0.057,0.13,-0.291,0.191,0.001,0.002,18795.0,5735.0,1.0
"beta_sin[Rua, Ryan]",-0.097,0.124,-0.331,0.134,0.001,0.002,17280.0,5797.0,1.0
"beta_sin[Goodwin, Brian]",-0.066,0.087,-0.236,0.09,0.001,0.001,17031.0,5354.0,1.0
"beta_sin[Rosario, Eddie]",-0.09,0.078,-0.231,0.062,0.001,0.001,16909.0,5797.0,1.0
"beta_sin[Pérez, Hernán]",-0.084,0.126,-0.334,0.144,0.001,0.002,18410.0,5200.0,1.0
"beta_sin[Ervin, Phillip]",-0.142,0.108,-0.351,0.061,0.001,0.002,20307.0,5325.0,1.0
"beta_sin[Pearce, Steve]",-0.135,0.133,-0.389,0.104,0.001,0.002,17056.0,5507.0,1.0
"beta_sin[Bauers, Jake]",-0.107,0.113,-0.314,0.104,0.001,0.001,17286.0,5487.0,1.0
"beta_sin[Jay, Jon]",-0.048,0.104,-0.25,0.139,0.001,0.001,19106.0,6207.0,1.0
"beta_sin[Bostick, Christopher]",-0.096,0.131,-0.334,0.152,0.001,0.002,17542.0,5330.0,1.0
"beta_sin[Bote, David]",-0.098,0.134,-0.353,0.154,0.001,0.002,18284.0,5280.0,1.0
"beta_sin[Davis, J.D.]",0.002,0.12,-0.215,0.233,0.001,0.002,19073.0,5549.0,1.0
"beta_sin[Contreras, Willson]",-0.125,0.136,-0.386,0.126,0.001,0.002,19051.0,5187.0,1.0
"beta_sin[Reinheimer, Jack]",-0.086,0.134,-0.339,0.167,0.001,0.002,20516.0,5614.0,1.0
"beta_sin[Verdugo, Alex]",-0.2,0.086,-0.368,-0.044,0.001,0.001,19270.0,5908.0,1.0
"beta_sin[Peterson, Jace]",0.009,0.119,-0.216,0.228,0.001,0.002,18071.0,5554.0,1.0
"beta_sin[Smith, Mallex]",-0.064,0.087,-0.228,0.1,0.001,0.001,18650.0,5771.0,1.0
"beta_sin[Pinder, Chad]",-0.122,0.1,-0.314,0.064,0.001,0.001,15812.0,6122.0,1.0
"beta_sin[Pence, Hunter]",0.001,0.113,-0.213,0.216,0.001,0.002,16387.0,5288.0,1.0
"beta_sin[Lowe, Brandon]",-0.092,0.127,-0.33,0.152,0.001,0.002,20384.0,5228.0,1.0
"beta_sin[Blash, Jabari]",-0.022,0.134,-0.279,0.232,0.001,0.002,17704.0,5432.0,1.0
"beta_sin[Ortega, Rafael]",-0.165,0.106,-0.374,0.023,0.001,0.001,21854.0,5635.0,1.0
"beta_sin[Frazier, Adam]",-0.098,0.125,-0.34,0.129,0.001,0.002,21195.0,5193.0,1.0
"beta_sin[Nimmo, Brandon]",-0.118,0.088,-0.278,0.051,0.001,0.001,18444.0,5875.0,1.0
"beta_sin[Cowart, Kaleb]",-0.091,0.135,-0.346,0.165,0.001,0.002,18488.0,5409.0,1.0
"beta_sin[Merrifield, Whit]",-0.081,0.099,-0.26,0.111,0.001,0.001,18186.0,5377.0,1.0
"beta_sin[Gentry, Craig]",-0.134,0.125,-0.374,0.098,0.001,0.002,19360.0,5813.0,1.0
"beta_sin[Haniger, Mitch]",-0.076,0.082,-0.236,0.069,0.001,0.001,16759.0,5871.0,1.0
"beta_sin[Bautista, José]",-0.009,0.117,-0.23,0.209,0.001,0.002,18341.0,5871.0,1.0
"beta_sin[Robinson, Shane]",-0.161,0.132,-0.402,0.091,0.001,0.002,19134.0,5770.0,1.0
"beta_sin[Hernández, Gorkys]",-0.065,0.108,-0.261,0.142,0.001,0.001,18986.0,5682.0,1.0
"beta_sin[Quinn, Roman]",0.011,0.109,-0.191,0.222,0.001,0.001,20458.0,5534.0,1.0
"beta_sin[O'Hearn, Ryan]",-0.125,0.128,-0.368,0.119,0.001,0.002,20686.0,5782.0,1.0
"beta_sin[Cabrera, Melky]",-0.065,0.107,-0.26,0.138,0.001,0.001,19186.0,5832.0,1.0
"beta_sin[Goodrum, Niko]",-0.185,0.12,-0.415,0.043,0.001,0.002,18659.0,5535.0,1.0
"beta_sin[Muñoz, Yairo]",-0.113,0.127,-0.342,0.129,0.001,0.002,19791.0,5435.0,1.0
"beta_sin[Myers, Wil]",-0.044,0.089,-0.212,0.123,0.001,0.001,17553.0,6083.0,1.0
"beta_sin[Adrianza, Ehire]",-0.015,0.126,-0.249,0.222,0.001,0.002,20252.0,5684.0,1.0
"beta_sin[Grichuk, Randal]",-0.27,0.083,-0.424,-0.112,0.001,0.001,16985.0,6058.0,1.0
"beta_sin[Tucker, Preston]",-0.071,0.126,-0.293,0.18,0.001,0.002,17961.0,5875.0,1.0
"beta_sin[Cave, Jake]",0.088,0.099,-0.089,0.284,0.001,0.001,15139.0,6178.0,1.0
"beta_sin[Pirela, José]",-0.07,0.129,-0.31,0.174,0.001,0.002,18925.0,5916.0,1.0
"beta_sin[Gerber, Mike]",-0.096,0.13,-0.338,0.148,0.001,0.002,20951.0,5748.0,1.0
"beta_sin[Desmond, Ian]",0.034,0.113,-0.172,0.25,0.001,0.002,19187.0,5416.0,1.0
"beta_sin[Dixon, Brandon]",-0.077,0.129,-0.323,0.163,0.001,0.002,19384.0,5602.0,1.0
"beta_sin[Culberson, Charlie]",-0.106,0.122,-0.339,0.121,0.001,0.002,16927.0,5600.0,1.0
"beta_sin[Williams, Nick]",0.003,0.109,-0.209,0.201,0.001,0.001,19962.0,5114.0,1.0
"beta_sin[Sweeney, Darnell]",-0.097,0.136,-0.349,0.16,0.001,0.002,21484.0,5483.0,1.0
"beta_sin[Thames, Eric]",-0.158,0.128,-0.403,0.076,0.001,0.002,20025.0,6217.0,1.0
"beta_sin[Wade, Tyler]",-0.12,0.127,-0.368,0.114,0.001,0.002,17225.0,5137.0,1.0
"beta_sin[Wendle, Joey]",-0.103,0.133,-0.354,0.145,0.001,0.002,20428.0,5100.0,1.0
"beta_sin[Davis, Khris]",-0.024,0.131,-0.265,0.223,0.001,0.002,19747.0,5777.0,1.0
"beta_sin[Rivera, Yadiel]",-0.066,0.134,-0.321,0.185,0.001,0.002,18238.0,5736.0,1.0
"beta_sin[Gamel, Ben]",0.03,0.089,-0.137,0.199,0.001,0.001,18203.0,5412.0,1.0
"beta_sin[Cuevas, Noel]",-0.17,0.128,-0.41,0.071,0.001,0.002,17679.0,5033.0,1.0
"beta_sin[Jones, JaCoby]",-0.132,0.09,-0.294,0.047,0.001,0.001,17877.0,5634.0,1.0
"beta_sin[Cooper, Garrett]",-0.066,0.122,-0.29,0.17,0.001,0.002,19268.0,5384.0,1.0
"beta_sin[Bader, Harrison]",-0.001,0.081,-0.158,0.143,0.001,0.001,18722.0,5329.0,1.0
"beta_sin[Winker, Jesse]",-0.065,0.092,-0.234,0.104,0.001,0.001,18772.0,6009.0,1.0
"beta_sin[Hernández, Enrique]",-0.118,0.098,-0.298,0.069,0.001,0.001,18388.0,5558.0,1.0
"beta_sin[Toles, Andrew]",-0.115,0.134,-0.364,0.138,0.001,0.002,18406.0,5935.0,1.0
"beta_sin[Robertson, Daniel]",-0.087,0.135,-0.333,0.175,0.001,0.002,18109.0,6005.0,1.0
"beta_sin[Kelly, Ty]",-0.091,0.137,-0.358,0.159,0.001,0.002,20083.0,5614.0,1.0
"beta_sin[Frazier, Clint]",-0.144,0.103,-0.33,0.054,0.001,0.002,19916.0,5428.0,1.0
"beta_sin[Joyce, Matt]",-0.072,0.107,-0.275,0.125,0.001,0.002,20570.0,4919.0,1.0
"beta_sin[Jackson, Austin]",0.041,0.114,-0.156,0.267,0.001,0.002,17707.0,5283.0,1.0
"beta_sin[Astudillo, Willians]",-0.105,0.137,-0.352,0.157,0.001,0.002,20576.0,5638.0,1.0
"beta_sin[Sogard, Eric]",-0.108,0.136,-0.363,0.147,0.001,0.002,17722.0,5737.0,1.0
"beta_sin[Santana, Danny]",-0.073,0.115,-0.29,0.141,0.001,0.001,20696.0,6281.0,1.0
"beta_sin[Walker, Christian]",-0.098,0.133,-0.335,0.165,0.001,0.002,18108.0,5945.0,1.0
"beta_sin[Shuck, JB]",-0.123,0.125,-0.353,0.117,0.001,0.002,19054.0,5493.0,1.0
"beta_sin[Tilson, Charlie]",-0.158,0.114,-0.371,0.057,0.001,0.002,19068.0,5655.0,1.0
"beta_sin[Rasmus, Colby]",-0.146,0.129,-0.389,0.097,0.001,0.002,17724.0,5748.0,1.0
"beta_sin[Williamson, Mac]",-0.047,0.122,-0.281,0.179,0.001,0.002,19432.0,5748.0,1.0
"beta_sin[Szczur, Matt]",-0.089,0.131,-0.326,0.161,0.001,0.002,18855.0,5763.0,1.0
"beta_sin[Rodríguez, Sean]",-0.049,0.129,-0.287,0.203,0.001,0.002,18727.0,6229.0,1.0
"beta_sin[Allen, Greg]",-0.022,0.096,-0.202,0.162,0.001,0.001,19667.0,5709.0,1.0
"beta_sin[Refsnyder, Rob]",-0.051,0.119,-0.265,0.179,0.001,0.002,19928.0,5677.0,1.0
"beta_sin[Young, Chris]",-0.126,0.132,-0.381,0.114,0.001,0.002,18369.0,5792.0,1.0
"beta_sin[Descalso, Daniel]",-0.093,0.135,-0.345,0.163,0.001,0.002,15750.0,5467.0,1.0
"beta_sin[Eaton, Adam]",-0.081,0.084,-0.231,0.084,0.001,0.001,20705.0,5836.0,1.0
"beta_sin[Valentín, Jesmuel]",-0.088,0.133,-0.321,0.182,0.001,0.002,19229.0,6013.0,1.0
"beta_sin[Almonte, Abraham]",-0.044,0.112,-0.252,0.176,0.001,0.002,17298.0,5550.0,1.0
"beta_sin[Bourjos, Peter]",-0.117,0.127,-0.364,0.122,0.001,0.002,18693.0,6067.0,1.0
"beta_sin[Thompson, Trayce]",-0.136,0.118,-0.357,0.087,0.001,0.002,17802.0,5868.0,1.0
"beta_sin[Martin, Russell]",-0.115,0.137,-0.374,0.14,0.001,0.002,19265.0,5032.0,1.0
"beta_sin[Markakis, Nick]",-0.253,0.088,-0.426,-0.094,0.001,0.001,17174.0,5761.0,1.0
"beta_sin[Stevenson, Andrew]",-0.072,0.12,-0.302,0.149,0.001,0.002,18626.0,6317.0,1.0
"beta_sin[Cordero, Franchy]",-0.174,0.114,-0.386,0.041,0.001,0.002,20192.0,6034.0,1.0
"beta_sin[Belt, Brandon]",-0.094,0.133,-0.335,0.166,0.001,0.002,22185.0,5879.0,1.0
"beta_sin[Adams, Matt]",-0.098,0.131,-0.341,0.15,0.001,0.002,18679.0,5270.0,1.0
"beta_sin[Romine, Andrew]",-0.092,0.135,-0.33,0.176,0.001,0.002,18477.0,5690.0,1.0
"beta_sin[Kendrick, Howie]",-0.087,0.135,-0.334,0.182,0.001,0.002,21365.0,5489.0,1.0
"beta_sin[Evans, Phillip]",-0.088,0.128,-0.329,0.155,0.001,0.002,18388.0,4690.0,1.0
"beta_sin[Fisher, Derek]",-0.099,0.129,-0.344,0.134,0.001,0.002,19887.0,6010.0,1.0
"beta_sin[Muncy, Max]",-0.099,0.138,-0.362,0.15,0.001,0.002,20961.0,5865.0,1.0
"beta_sin[Alford, Anthony]",-0.032,0.118,-0.253,0.19,0.001,0.002,17486.0,5960.0,1.0
"beta_sin[Cespedes, Yoenis]",-0.082,0.126,-0.32,0.149,0.001,0.002,17164.0,5056.0,1.0
"beta_sin[Herrera, Rosell]",-0.176,0.122,-0.398,0.063,0.001,0.002,17216.0,5932.0,1.0
"beta_sin[Owings, Chris]",-0.129,0.119,-0.348,0.092,0.001,0.002,17982.0,5492.0,1.0
"beta_sin[Pompey, Dalton]",-0.071,0.136,-0.328,0.189,0.001,0.002,19316.0,5693.0,1.0
"beta_sin[Suzuki, Ichiro]",-0.05,0.133,-0.289,0.207,0.001,0.002,17060.0,5765.0,1.0
"beta_sin[Dyson, Jarrod]",-0.178,0.096,-0.368,-0.001,0.001,0.001,21634.0,4818.0,1.0
"beta_sin[Bautista, Rafael]",-0.097,0.14,-0.355,0.161,0.001,0.002,20917.0,5950.0,1.0
"beta_sin[Sierra, Moisés]",-0.106,0.134,-0.354,0.148,0.001,0.002,22733.0,5716.0,1.0
"beta_sin[Marte, Jefry]",-0.089,0.133,-0.351,0.153,0.001,0.002,20019.0,5944.0,1.0
"beta_sin[Gosselin, Phil]",-0.168,0.121,-0.392,0.06,0.001,0.002,18011.0,6277.0,1.0
"beta_sin[Núñez, Renato]",-0.089,0.136,-0.331,0.183,0.001,0.002,19336.0,5946.0,1.0
"beta_sin[Orlando, Paulo]",-0.174,0.126,-0.405,0.072,0.001,0.002,17860.0,6030.0,1.0
"beta_sin[Mazara, Nomar]",-0.274,0.093,-0.456,-0.107,0.001,0.001,15640.0,6270.0,1.0
"beta_sin[Kingery, Scott]",-0.098,0.113,-0.319,0.103,0.001,0.002,18881.0,5549.0,1.0
"beta_sin[Tauchman, Mike]",-0.116,0.105,-0.315,0.083,0.001,0.001,18801.0,5751.0,1.0
"beta_sin[Bellinger, Cody]",-0.126,0.086,-0.289,0.033,0.001,0.001,16104.0,5662.0,1.0
"beta_sin[Spangenberg, Cory]",-0.111,0.133,-0.375,0.134,0.001,0.002,19051.0,5564.0,1.0
"beta_sin[Adams, Lane]",-0.104,0.135,-0.365,0.142,0.001,0.002,15292.0,5640.0,1.0
"beta_sin[Motter, Taylor]",-0.077,0.136,-0.325,0.18,0.001,0.002,19653.0,5226.0,1.0
"beta_sin[Naquin, Tyler]",-0.242,0.087,-0.399,-0.074,0.001,0.001,18341.0,5103.0,1.0
"beta_sin[Almora Jr., Albert]",-0.125,0.09,-0.298,0.042,0.001,0.001,17815.0,6163.0,1.0
"beta_sin[Lee, Braxton]",-0.106,0.135,-0.363,0.145,0.001,0.002,21086.0,5228.0,1.0
"beta_sin[Alvarez, Yordan]",-0.074,0.122,-0.31,0.148,0.001,0.002,15951.0,6101.0,1.0
"beta_sin[Wade Jr., LaMonte]",-0.077,0.118,-0.301,0.142,0.001,0.002,18351.0,5625.0,1.0
"beta_sin[McBroom, Ryan]",-0.107,0.133,-0.372,0.134,0.001,0.002,21300.0,5280.0,1.0
"beta_sin[Tapia, Raimel]",-0.087,0.093,-0.268,0.083,0.001,0.001,20594.0,6327.0,1.0
"beta_sin[Rojas, Josh]",-0.067,0.115,-0.28,0.149,0.001,0.002,17708.0,4534.0,1.0
"beta_sin[Ward, Taylor]",-0.073,0.109,-0.27,0.14,0.001,0.001,21567.0,5962.0,1.0
"beta_sin[Jiménez, Eloy]",-0.16,0.099,-0.342,0.027,0.001,0.001,19740.0,5626.0,1.0
"beta_sin[Rodríguez, Ronny]",-0.094,0.131,-0.336,0.158,0.001,0.002,19597.0,5196.0,1.0
"beta_sin[Díaz, Aledmys]",-0.029,0.135,-0.278,0.229,0.001,0.002,20604.0,5728.0,1.0
"beta_sin[Beaty, Matt]",0.001,0.124,-0.226,0.234,0.001,0.002,16986.0,5948.0,1.0
"beta_sin[Pollock, AJ]",0.011,0.086,-0.153,0.17,0.001,0.001,16867.0,5159.0,1.0
"beta_sin[Miller, Brad]",-0.09,0.129,-0.327,0.156,0.001,0.002,18887.0,5430.0,1.0
"beta_sin[García, Robel]",-0.089,0.135,-0.343,0.162,0.001,0.002,19275.0,5814.0,1.0
"beta_sin[Dickerson, Alex]",-0.093,0.107,-0.291,0.115,0.001,0.002,21270.0,5754.0,1.0
"beta_sin[Long Jr., Shed]",-0.08,0.124,-0.307,0.154,0.001,0.002,17118.0,5196.0,1.0
"beta_sin[VanMeter, Josh]",-0.156,0.127,-0.395,0.083,0.001,0.002,19095.0,5314.0,1.0
"beta_sin[Elmore, Jake]",-0.09,0.132,-0.342,0.154,0.001,0.002,18238.0,5336.0,1.0
"beta_sin[Lopes, Tim]",-0.092,0.122,-0.321,0.133,0.001,0.002,18114.0,5387.0,1.0
"beta_sin[Kramer, Kevin]",-0.073,0.133,-0.323,0.181,0.001,0.002,19651.0,5650.0,1.0
"beta_sin[McNeil, Jeff]",-0.165,0.11,-0.367,0.048,0.001,0.001,17602.0,5174.0,1.0
"beta_sin[Arraez, Luis]",-0.095,0.124,-0.319,0.146,0.001,0.002,18931.0,5568.0,1.0
"beta_sin[Cordell, Ryan]",-0.174,0.115,-0.392,0.041,0.001,0.002,17809.0,5800.0,1.0
"beta_sin[Yastrzemski, Mike]",-0.134,0.089,-0.305,0.029,0.001,0.001,17634.0,6261.0,1.0
"beta_sin[Moore, Dylan]",-0.077,0.113,-0.289,0.132,0.001,0.002,20129.0,5492.0,1.0
"beta_sin[Brown, Seth]",-0.175,0.117,-0.404,0.029,0.001,0.002,19127.0,6085.0,1.0
"beta_sin[Naylor, Josh]",0.01,0.106,-0.184,0.215,0.001,0.001,14772.0,5813.0,1.0
"beta_sin[Miller, Ian]",-0.074,0.138,-0.318,0.198,0.001,0.002,18823.0,5452.0,1.0
"beta_sin[Fletcher, David]",-0.055,0.129,-0.304,0.179,0.001,0.002,21393.0,5801.0,1.0
"beta_sin[Heineman, Scott]",-0.088,0.124,-0.328,0.138,0.001,0.002,21765.0,6166.0,1.0
"beta_sin[Straw, Myles]",-0.16,0.096,-0.342,0.018,0.001,0.001,23659.0,5484.0,1.0
"beta_sin[Ramírez, Harold]",-0.002,0.095,-0.174,0.184,0.001,0.001,17975.0,5339.0,1.0
"beta_sin[Hilliard, Sam]",-0.121,0.109,-0.32,0.085,0.001,0.002,22215.0,5425.0,1.0
"beta_sin[González, Erik]",-0.062,0.135,-0.322,0.189,0.001,0.002,19472.0,5249.0,1.0
"beta_sin[Peraza, José]",-0.088,0.13,-0.323,0.16,0.001,0.002,18420.0,5017.0,1.0
"beta_sin[Haseley, Adam]",-0.067,0.112,-0.27,0.151,0.001,0.002,17667.0,5008.0,1.0
"beta_sin[Wilkerson, Stevie]",-0.058,0.114,-0.272,0.158,0.001,0.002,18515.0,5350.0,1.0
"beta_sin[Bishop, Braden]",-0.09,0.127,-0.328,0.151,0.001,0.002,19101.0,6087.0,1.0
"beta_sin[Rios, Edwin]",-0.096,0.135,-0.351,0.15,0.001,0.002,19632.0,5665.0,1.0
"beta_sin[Castellanos, Nick]",-0.336,0.077,-0.487,-0.195,0.001,0.001,14225.0,5768.0,1.0
"beta_sin[Gurriel Jr., Lourdes]",-0.129,0.098,-0.313,0.056,0.001,0.001,18019.0,5406.0,1.0
"beta_sin[Berti, Jon]",-0.055,0.121,-0.279,0.17,0.001,0.002,16318.0,5807.0,1.0
"beta_sin[Stubbs, Garrett]",-0.088,0.137,-0.342,0.175,0.001,0.002,18967.0,5499.0,1.0
"beta_sin[Santander, Anthony]",-0.068,0.093,-0.234,0.114,0.001,0.001,17218.0,4438.0,1.0
"beta_sin[Grisham, Trent]",-0.116,0.101,-0.307,0.072,0.001,0.001,19837.0,5282.0,1.0
"beta_sin[Vogt, Stephen]",-0.095,0.135,-0.36,0.148,0.001,0.002,17444.0,5386.0,1.0
"beta_sin[Davis, Johnny]",-0.103,0.132,-0.357,0.136,0.001,0.002,18365.0,5558.0,1.0
"beta_sin[Camargo, Johan]",-0.089,0.134,-0.326,0.17,0.001,0.002,19513.0,5763.0,1.0
"beta_sin[Herrmann, Chris]",-0.097,0.135,-0.345,0.166,0.001,0.002,24141.0,5171.0,1.0
"beta_sin[Riley, Austin]",-0.07,0.122,-0.309,0.15,0.001,0.002,19832.0,5753.0,1.0
"beta_sin[Reynolds, Bryan]",0.026,0.083,-0.136,0.178,0.001,0.001,19277.0,5660.0,1.0
"beta_sin[Profar, Jurickson]",-0.056,0.116,-0.271,0.162,0.001,0.002,18673.0,4791.0,1.0
"beta_sin[O'Grady, Brian]",-0.104,0.131,-0.368,0.13,0.001,0.002,21765.0,5686.0,1.0
"beta_sin[Starling, Bubba]",-0.135,0.115,-0.346,0.083,0.001,0.002,17977.0,4804.0,1.0
"beta_sin[Broxton, Keon]",-0.052,0.113,-0.266,0.157,0.001,0.002,18104.0,5505.0,1.0
"beta_sin[Court, Ryan]",-0.135,0.132,-0.399,0.103,0.001,0.002,18727.0,5887.0,1.0
"beta_sin[Drury, Brandon]",-0.13,0.13,-0.379,0.104,0.001,0.002,14806.0,5065.0,1.0
"beta_sin[Mercado, Óscar]",-0.139,0.098,-0.314,0.049,0.001,0.001,17556.0,5758.0,1.0
"beta_sin[Avelino, Abiatal]",-0.097,0.134,-0.343,0.16,0.001,0.002,22158.0,5060.0,1.0
"beta_sin[Lorenzen, Michael]",-0.051,0.131,-0.286,0.205,0.001,0.002,20154.0,5872.0,1.0
"beta_sin[Brosseau, Mike]",-0.105,0.13,-0.348,0.136,0.001,0.002,18717.0,5785.0,1.0
"beta_sin[Daza, Yonathan]",-0.096,0.111,-0.294,0.118,0.001,0.001,16350.0,5636.0,1.0
"beta_sin[Garlick, Kyle]",-0.103,0.124,-0.343,0.128,0.001,0.002,16695.0,5461.0,1.0
"beta_sin[Mejía, Francisco]",-0.097,0.135,-0.358,0.158,0.001,0.002,18839.0,5042.0,1.0
"beta_sin[Rosario, Amed]",-0.119,0.132,-0.379,0.127,0.001,0.002,18314.0,5528.0,1.0
"beta_sin[Castro, Harold]",-0.082,0.122,-0.303,0.16,0.001,0.002,20691.0,5617.0,1.0
"beta_sin[Bruce, Jay]",-0.101,0.107,-0.305,0.102,0.001,0.001,20072.0,6130.0,1.0
"beta_sin[Beckham, Tim]",-0.112,0.136,-0.377,0.135,0.001,0.002,20226.0,5269.0,1.0
"beta_sin[Alberto, Hanser]",-0.084,0.132,-0.326,0.166,0.001,0.002,18991.0,5298.0,1.0
"beta_sin[Velasquez, Vince]",-0.099,0.138,-0.361,0.157,0.001,0.002,19462.0,5448.0,1.0
"beta_sin[Osuna, José]",-0.118,0.126,-0.355,0.114,0.001,0.002,17949.0,5513.0,1.0
"beta_sin[Garcia, Greg]",-0.097,0.138,-0.35,0.167,0.001,0.002,19239.0,5568.0,1.0
"beta_sin[Freeman, Mike]",-0.099,0.129,-0.339,0.145,0.001,0.002,17807.0,5685.0,1.0
"beta_sin[Urshela, Gio]",-0.096,0.136,-0.35,0.157,0.001,0.002,21789.0,4695.0,1.0
"beta_sin[Hampson, Garrett]",-0.15,0.106,-0.343,0.056,0.001,0.002,18178.0,4999.0,1.0
"beta_sin[Saladino, Tyler]",-0.096,0.133,-0.348,0.156,0.001,0.002,19774.0,5594.0,1.0
"beta_sin[Vargas, Ildemaro]",-0.094,0.137,-0.352,0.163,0.001,0.002,19038.0,5446.0,1.0
"beta_sin[Martínez, José A.]",-0.242,0.116,-0.461,-0.031,0.001,0.001,16436.0,5880.0,1.0
"beta_sin[Parker, Jarrett]",-0.097,0.136,-0.364,0.146,0.001,0.002,18905.0,5358.0,1.0
"beta_sin[Austin, Tyler]",-0.031,0.129,-0.286,0.204,0.001,0.002,18883.0,5729.0,1.0
"beta_sin[Gómez, Carlos]",-0.158,0.111,-0.367,0.047,0.001,0.001,21031.0,5331.0,1.0
"beta_sin[Biggio, Cavan]",-0.083,0.128,-0.321,0.167,0.001,0.002,21454.0,5581.0,1.0
"beta_sin[Puello, César]",-0.173,0.123,-0.406,0.053,0.001,0.002,16637.0,5480.0,1.0
"beta_sin[González, Carlos]",-0.428,0.112,-0.64,-0.222,0.001,0.001,13349.0,5804.0,1.0
"beta_sin[Santana, Domingo]",-0.22,0.103,-0.419,-0.037,0.001,0.001,19098.0,5758.0,1.0
"beta_sin[Newman, Kevin]",-0.102,0.136,-0.355,0.15,0.001,0.002,22944.0,5620.0,1.0
"beta_sin[Urena, Richard]",-0.089,0.134,-0.337,0.163,0.001,0.002,15114.0,5263.0,1.0
"beta_sin[Murphy, Tom]",-0.085,0.133,-0.337,0.167,0.001,0.002,20031.0,4810.0,1.0
"beta_sin[O'Brien, Peter]",-0.11,0.136,-0.369,0.141,0.001,0.002,19385.0,5903.0,1.0
"beta_sin[Solarte, Yangervis]",-0.086,0.135,-0.344,0.167,0.001,0.002,21804.0,5514.0,1.0
"beta_sin[Estrada, Thairo]",-0.09,0.134,-0.347,0.159,0.001,0.002,19354.0,5842.0,1.0
"beta_sin[Rondon, José]",-0.09,0.139,-0.345,0.188,0.001,0.002,20447.0,5229.0,1.0
"beta_sin[Peterson, Dustin]",-0.085,0.131,-0.339,0.159,0.001,0.002,18610.0,5724.0,1.0
"beta_sin[Moran, Colin]",-0.104,0.134,-0.359,0.149,0.001,0.002,20063.0,5739.0,1.0
"beta_sin[Martin, Jason]",-0.041,0.116,-0.262,0.168,0.001,0.001,19548.0,5751.0,1.0
"beta_sin[Joe, Connor]",-0.141,0.127,-0.367,0.111,0.001,0.002,19589.0,5479.0,1.0
"beta_sin[Zagunis, Mark]",-0.094,0.134,-0.338,0.162,0.001,0.002,15535.0,5475.0,1.0
"beta_sin[Jackson, Drew]",-0.092,0.136,-0.336,0.171,0.001,0.002,20757.0,5907.0,1.0
"beta_sin[Margot, Manuel]",-0.163,0.082,-0.315,-0.01,0.001,0.001,17358.0,5779.0,1.0
"beta_sin[Arozarena, Randy]",-0.046,0.109,-0.254,0.162,0.001,0.001,19738.0,5639.0,1.0
"beta_sin[Aquino, Aristides]",-0.094,0.113,-0.311,0.116,0.001,0.002,22037.0,4882.0,1.0
"beta_sin[Carlson, Dylan]",-0.149,0.101,-0.335,0.048,0.001,0.001,20052.0,5637.0,1.0
"beta_sin[Sierra, Magneuris]",-0.174,0.11,-0.37,0.043,0.001,0.001,19917.0,6133.0,1.0
"beta_sin[Engel, Adam]",-0.169,0.093,-0.338,0.013,0.001,0.001,19256.0,6215.0,1.0
"beta_sin[Akiyama, Shogo]",-0.073,0.117,-0.296,0.145,0.001,0.002,19158.0,5181.0,1.0
"beta_sin[Edman, Tommy]",-0.246,0.118,-0.469,-0.028,0.001,0.001,14820.0,5294.0,1.0
"beta_sin[Solak, Nick]",-0.029,0.121,-0.26,0.197,0.001,0.002,20517.0,5063.0,1.0
"beta_sin[Hays, Austin]",-0.166,0.096,-0.346,0.013,0.001,0.001,15996.0,5809.0,1.0
"beta_sin[Duggar, Steven]",-0.167,0.095,-0.339,0.015,0.001,0.001,21363.0,5906.0,1.0
"beta_sin[White, Eli]",-0.162,0.117,-0.385,0.056,0.001,0.002,18571.0,5721.0,1.0
"beta_sin[Chavis, Michael]",-0.1,0.131,-0.349,0.135,0.001,0.002,20268.0,6004.0,1.0
"beta_sin[Marmolejos, José]",0.009,0.125,-0.222,0.249,0.001,0.002,16070.0,5336.0,1.0
"beta_sin[Riddle, JT]",0.039,0.128,-0.206,0.278,0.001,0.002,17000.0,5638.0,1.0
"beta_sin[Lin, Tzu-Wei]",-0.132,0.132,-0.387,0.116,0.001,0.002,18259.0,5345.0,1.0
"beta_sin[Smith, Pavin]",-0.104,0.112,-0.317,0.102,0.001,0.001,21916.0,5582.0,1.0
"beta_sin[Mountcastle, Ryan]",-0.066,0.123,-0.291,0.171,0.001,0.002,17968.0,4808.0,1.0
"beta_sin[Oliva, Jared]",-0.099,0.129,-0.34,0.147,0.001,0.002,16856.0,5520.0,1.0
"beta_sin[Moniak, Mickey]",-0.077,0.13,-0.32,0.168,0.001,0.002,21442.0,4955.0,1.0
"beta_sin[Heath, Nick]",-0.044,0.129,-0.28,0.199,0.001,0.002,17343.0,6233.0,1.0
"beta_sin[Taylor, Michael A.]",-0.063,0.082,-0.219,0.09,0.001,0.001,20699.0,5025.0,1.0
"beta_sin[Fraley, Jake]",-0.061,0.113,-0.277,0.146,0.001,0.001,19543.0,5957.0,1.0
"beta_sin[Ruf, Darin]",-0.087,0.128,-0.325,0.152,0.001,0.002,19793.0,5676.0,1.0
"beta_sin[Olivares, Edward]",-0.236,0.121,-0.454,0.002,0.001,0.002,17175.0,5219.0,1.0
"beta_sin[Tsutsugo, Yoshi]",-0.032,0.125,-0.27,0.2,0.001,0.002,17719.0,5108.0,1.0
"beta_sin[Brinson, Lewis]",-0.12,0.085,-0.279,0.044,0.001,0.001,20050.0,5390.0,1.0
"beta_sin[Fuentes, Joshua]",-0.096,0.135,-0.351,0.153,0.001,0.002,21985.0,5489.0,1.0
"beta_sin[Demeritte, Travis]",-0.229,0.12,-0.458,-0.008,0.001,0.002,16577.0,5910.0,1.0
"beta_sin[Ravelo, Rangel]",-0.071,0.136,-0.335,0.179,0.001,0.002,18893.0,5294.0,1.0
"beta_sin[Andujar, Miguel]",-0.179,0.121,-0.405,0.048,0.001,0.002,18604.0,5337.0,1.0
"beta_sin[Taylor, Tyrone]",-0.144,0.118,-0.367,0.079,0.001,0.002,17205.0,5516.0,1.0
"beta_sin[Basabe, Luis Alexander]",-0.116,0.134,-0.361,0.142,0.001,0.002,17444.0,5499.0,1.0
"beta_sin[Thaiss, Matt]",-0.108,0.138,-0.357,0.155,0.001,0.002,15919.0,5399.0,1.0
"beta_sin[Varsho, Daulton]",-0.093,0.115,-0.308,0.125,0.001,0.001,18597.0,4985.0,1.0
"beta_sin[Strange-Gordon, Dee]",-0.158,0.119,-0.382,0.061,0.001,0.001,18257.0,5939.0,1.0
"beta_sin[Souza Jr., Steven]",-0.228,0.119,-0.445,-0.005,0.001,0.002,17596.0,5773.0,1.0
"beta_sin[Walker, Neil]",-0.1,0.13,-0.347,0.14,0.001,0.002,18753.0,5308.0,1.0
"beta_sin[Barreto, Franklin]",-0.094,0.136,-0.357,0.159,0.001,0.002,19952.0,5348.0,1.0
"beta_sin[Rooker, Brent]",-0.048,0.119,-0.273,0.174,0.001,0.002,20733.0,5305.0,1.0
"beta_sin[Harrison, Josh]",-0.019,0.13,-0.252,0.238,0.001,0.002,17523.0,5490.0,1.0
"beta_sin[Dozier, Hunter]",-0.058,0.111,-0.27,0.147,0.001,0.002,18335.0,5239.0,1.0
"beta_sin[Haggerty, Sam]",-0.108,0.124,-0.334,0.131,0.001,0.002,19411.0,5769.0,1.0
"beta_sin[Payton, Mark]",-0.088,0.138,-0.357,0.158,0.001,0.002,16410.0,5556.0,1.0
"beta_sin[Mathias, Mark]",-0.105,0.135,-0.37,0.142,0.001,0.002,18507.0,5455.0,1.0
"beta_sin[Pillar, Kevin]",-0.143,0.075,-0.282,0.005,0.001,0.001,17288.0,5433.0,1.0
"beta_sin[Pache, Cristian]",-0.055,0.131,-0.288,0.208,0.001,0.002,19028.0,5596.0,1.0
"beta_sin[Valaika, Pat]",-0.115,0.138,-0.372,0.146,0.001,0.002,19142.0,5128.0,1.0
"beta_sin[González, Luis]",-0.081,0.134,-0.323,0.174,0.001,0.002,22017.0,5723.0,1.0
"beta_sin[Velazquez, Andrew]",-0.065,0.137,-0.325,0.187,0.001,0.002,18737.0,5890.0,1.0
"beta_sin[Zimmer, Bradley]",0.004,0.103,-0.202,0.185,0.001,0.001,20034.0,5626.0,1.0
"beta_sin[Mateo, Jorge]",-0.082,0.134,-0.332,0.178,0.001,0.002,20240.0,5292.0,1.0
"beta_sin[Mullins, Cedric]",-0.169,0.09,-0.336,0.0,0.001,0.001,20593.0,4851.0,1.0
"beta_sin[Marte, Starling]",0.111,0.073,-0.029,0.248,0.001,0.001,16181.0,5571.0,1.0
"beta_sin[Mejia, Erick]",-0.072,0.131,-0.315,0.188,0.001,0.002,19026.0,5874.0,1.0
"beta_sin[Johnson, Daniel]",-0.084,0.127,-0.311,0.167,0.001,0.002,18120.0,5544.0,1.0
"beta_sin[Bonifácio, Emilio]",-0.088,0.133,-0.328,0.168,0.001,0.002,20658.0,5941.0,1.0
"beta_sin[Hoerner, Nico]",-0.121,0.133,-0.372,0.124,0.001,0.002,19323.0,5806.0,1.0
"beta_sin[Reyes, Franmil]",-0.099,0.113,-0.306,0.118,0.001,0.002,18286.0,6146.0,1.0
"beta_sin[McCarthy, Joe]",-0.097,0.133,-0.344,0.155,0.001,0.002,20142.0,5612.0,1.0
"beta_sin[Marisnick, Jake]",-0.109,0.101,-0.298,0.078,0.001,0.001,21546.0,5875.0,1.0
"beta_sin[Schrock, Max]",-0.057,0.129,-0.312,0.176,0.001,0.002,18676.0,5536.0,1.0
"beta_sin[Deichmann, Greg]",-0.088,0.134,-0.335,0.172,0.001,0.002,20815.0,4676.0,1.0
"beta_sin[Nevin, Tyler]",-0.11,0.135,-0.361,0.148,0.001,0.002,19156.0,5608.0,1.0
"beta_sin[Ramos, Henry]",-0.101,0.133,-0.357,0.146,0.001,0.002,18274.0,5250.0,1.0
"beta_sin[Haase, Eric]",-0.098,0.131,-0.36,0.135,0.001,0.002,17233.0,4835.0,1.0
"beta_sin[Miller, Brian]",-0.091,0.134,-0.348,0.158,0.001,0.002,18471.0,5275.0,1.0
"beta_sin[Gordon, Nick]",-0.026,0.124,-0.254,0.207,0.001,0.002,18196.0,5626.0,1.0
"beta_sin[Isbel, Kyle]",-0.074,0.129,-0.302,0.185,0.001,0.002,20926.0,5175.0,1.0
"beta_sin[Peters, DJ]",-0.031,0.115,-0.244,0.188,0.001,0.001,17337.0,6142.0,1.0
"beta_sin[Castro, Willi]",-0.116,0.132,-0.356,0.146,0.001,0.002,17725.0,4994.0,1.0
"beta_sin[Bell, Josh]",-0.106,0.135,-0.37,0.139,0.001,0.002,18920.0,5542.0,1.0
"beta_sin[Friedl, TJ]",-0.113,0.133,-0.365,0.131,0.001,0.002,18069.0,6122.0,1.0
"beta_sin[Nootbaar, Lars]",-0.102,0.127,-0.337,0.141,0.001,0.002,19708.0,5836.0,1.0
"beta_sin[McKenna, Ryan]",-0.115,0.114,-0.328,0.103,0.001,0.001,18231.0,5473.0,1.0
"beta_sin[Lagares, Juan]",-0.101,0.097,-0.278,0.082,0.001,0.001,17205.0,5756.0,1.0
"beta_sin[Hernandez, Yadiel]",0.001,0.122,-0.226,0.237,0.001,0.002,16439.0,5379.0,1.0
"beta_sin[Stephenson, Tyler]",-0.078,0.137,-0.331,0.186,0.001,0.002,17863.0,5419.0,1.0
"beta_sin[Hamilton, Billy]",-0.029,0.091,-0.201,0.139,0.001,0.001,17933.0,5531.0,1.0
"beta_sin[Rojas, Jose]",-0.155,0.128,-0.385,0.099,0.001,0.002,18717.0,4799.0,1.0
"beta_sin[McCormick, Chas]",-0.155,0.114,-0.358,0.064,0.001,0.002,16788.0,5737.0,1.0
"beta_sin[Wisdom, Patrick]",-0.127,0.13,-0.364,0.124,0.001,0.002,17672.0,5807.0,1.0
"beta_sin[DeShields, Delino]",-0.048,0.088,-0.213,0.116,0.001,0.001,19274.0,4888.0,1.0
"beta_sin[Meyers, Jake]",-0.039,0.124,-0.272,0.195,0.001,0.002,20013.0,5345.0,1.0
"beta_sin[Cameron, Daz]",-0.183,0.118,-0.408,0.038,0.001,0.002,17270.0,5639.0,1.0
"beta_sin[Baddoo, Akil]",-0.141,0.104,-0.338,0.044,0.001,0.001,17559.0,5724.0,1.0
"beta_sin[Wong, Kean]",-0.107,0.133,-0.361,0.134,0.001,0.002,19643.0,5611.0,1.0
"beta_sin[Lux, Gavin]",-0.199,0.132,-0.444,0.047,0.001,0.002,17957.0,5401.0,1.0
"beta_sin[Vilade, Ryan]",-0.122,0.135,-0.379,0.135,0.001,0.002,18793.0,5583.0,1.0
"beta_sin[Bolt, Skye]",-0.111,0.13,-0.355,0.137,0.001,0.002,17217.0,4740.0,1.0
"beta_sin[Siri, Jose]",-0.062,0.135,-0.311,0.196,0.001,0.002,18594.0,5582.0,1.0
"beta_sin[Vierling, Matt]",-0.106,0.131,-0.349,0.147,0.001,0.002,18655.0,5100.0,1.0
"beta_sin[De La Cruz, Bryan]",-0.104,0.122,-0.324,0.138,0.001,0.002,19840.0,5962.0,1.0
"beta_sin[Rivas III, Alfonso]",-0.073,0.134,-0.323,0.174,0.001,0.002,19806.0,5619.0,1.0
"beta_sin[Gonzalez, Romy]",-0.098,0.136,-0.354,0.161,0.001,0.002,19376.0,5561.0,1.0
"beta_sin[Adell, Jo]",-0.093,0.113,-0.303,0.123,0.001,0.001,20768.0,5979.0,1.0
"beta_sin[Lowe, Josh]",-0.102,0.133,-0.348,0.153,0.001,0.002,19242.0,5629.0,1.0
"beta_sin[Sheets, Gavin]",-0.109,0.136,-0.362,0.15,0.001,0.002,18337.0,5055.0,1.0
"beta_sin[Alfaro, Jorge]",-0.051,0.132,-0.28,0.214,0.001,0.002,19753.0,5935.0,1.0
"beta_sin[Vaughn, Andrew]",-0.093,0.115,-0.309,0.124,0.001,0.002,19861.0,5073.0,1.0
"beta_sin[Ruiz, Rio]",-0.098,0.136,-0.351,0.16,0.001,0.002,18643.0,6128.0,1.0
"beta_sin[Fairchild, Stuart]",-0.114,0.137,-0.38,0.136,0.001,0.002,17446.0,5217.0,1.0
"beta_sin[Arcia, Orlando]",-0.125,0.133,-0.364,0.137,0.001,0.002,17523.0,5849.0,1.0
"beta_sin[Thomas, Lane]",-0.036,0.112,-0.242,0.181,0.001,0.002,16650.0,5006.0,1.0
"beta_sin[Lamb, Jake]",-0.057,0.131,-0.306,0.176,0.001,0.002,19727.0,5313.0,1.0
"beta_sin[Smith, Kevin]",-0.1,0.139,-0.374,0.142,0.001,0.002,21516.0,5955.0,1.0
"beta_sin[Jones, Taylor]",-0.128,0.132,-0.37,0.126,0.001,0.002,16774.0,6226.0,1.0
"beta_sin[Ibáñez, Andy]",-0.096,0.137,-0.349,0.164,0.001,0.002,19860.0,5487.0,1.0
"beta_sin[Larnach, Trevor]",-0.116,0.118,-0.341,0.101,0.001,0.002,19396.0,5210.0,1.0
"beta_sin[Robson, Jacob]",-0.099,0.133,-0.355,0.148,0.001,0.002,17253.0,5503.0,1.0
"beta_sin[McKinstry, Zach]",-0.114,0.132,-0.357,0.138,0.001,0.002,17207.0,5689.0,1.0
"beta_sin[Park, Hoy]",-0.103,0.136,-0.371,0.144,0.001,0.002,19099.0,5210.0,1.0
"beta_sin[Williams, Luke]",-0.113,0.133,-0.367,0.142,0.001,0.002,17734.0,5908.0,1.0
"beta_sin[Duran, Jarren]",-0.072,0.125,-0.311,0.156,0.001,0.002,18370.0,5693.0,1.0
"beta_sin[Fargas, Johneshwy]",-0.07,0.132,-0.306,0.182,0.001,0.002,20074.0,5878.0,1.0
"beta_sin[Bradley Jr., Jackie]",-0.276,0.077,-0.427,-0.14,0.001,0.001,16875.0,5947.0,1.0
"beta_sin[Raley, Luke]",-0.106,0.131,-0.353,0.135,0.001,0.002,17030.0,5378.0,1.0
"beta_sin[Thomas, Dillon]",-0.118,0.133,-0.366,0.134,0.001,0.002,16748.0,5703.0,1.0
"beta_sin[Reks, Zach]",-0.108,0.132,-0.36,0.135,0.001,0.002,19897.0,5380.0,1.0
"beta_sin[Wilson, Jacob]",-0.099,0.134,-0.354,0.147,0.001,0.002,19151.0,5638.0,1.0
"beta_sin[Sánchez, Jesús]",-0.081,0.121,-0.314,0.138,0.001,0.002,18132.0,4549.0,1.0
"beta_sin[Clement, Ernie]",-0.1,0.134,-0.343,0.157,0.001,0.002,19738.0,6022.0,1.0
"beta_sin[Vosler, Jason]",-0.096,0.134,-0.345,0.153,0.001,0.002,17626.0,5543.0,1.0
"beta_sin[Kirilloff, Alex]",-0.129,0.125,-0.356,0.116,0.001,0.002,17830.0,6049.0,1.0
"beta_sin[Davis, Jaylin]",-0.041,0.128,-0.278,0.199,0.001,0.002,15071.0,5544.0,1.0
"beta_sin[Tom, Ka'ai]",-0.123,0.126,-0.367,0.104,0.001,0.002,20176.0,6004.0,1.0
"beta_sin[Trammell, Taylor]",-0.038,0.122,-0.263,0.192,0.001,0.002,18705.0,6326.0,1.0
"beta_sin[Walton, Donovan]",-0.094,0.134,-0.349,0.151,0.001,0.002,18111.0,5757.0,1.0
"beta_sin[Blankenhorn, Travis]",-0.099,0.135,-0.352,0.151,0.001,0.002,20676.0,4821.0,1.0
"beta_sin[Marcano, Tucupita]",-0.114,0.135,-0.359,0.152,0.001,0.002,20990.0,5516.0,1.0
"beta_sin[Hiura, Keston]",-0.096,0.132,-0.348,0.146,0.001,0.002,20319.0,6007.0,1.0
"beta_sin[Kelenic, Jarred]",0.001,0.108,-0.196,0.214,0.001,0.001,20639.0,5733.0,1.0
"beta_sin[Williams, Justin]",-0.065,0.124,-0.295,0.17,0.001,0.002,20337.0,5501.0,1.0
"beta_sin[Barrera, Luis]",-0.092,0.137,-0.36,0.153,0.001,0.002,20413.0,5160.0,1.0
"beta_sin[Duffy, Matt]",-0.088,0.136,-0.355,0.167,0.001,0.002,21129.0,5649.0,1.0
"beta_sin[Neuse, Sheldon]",-0.096,0.137,-0.366,0.15,0.001,0.002,17907.0,5412.0,1.0
"beta_sin[Hager, Jake]",-0.107,0.136,-0.365,0.145,0.001,0.002,19898.0,5948.0,1.0
"beta_sin[Mathisen, Wyatt]",-0.092,0.134,-0.336,0.168,0.001,0.002,19591.0,5461.0,1.0
"beta_sin[Ohtani, Shohei]",-0.097,0.14,-0.351,0.177,0.001,0.002,18827.0,4422.0,1.0
"beta_sin[Bemboom, Anthony]",-0.098,0.133,-0.346,0.156,0.001,0.002,19502.0,5282.0,1.0
"beta_sin[Musgrove, Joe]",-0.098,0.137,-0.364,0.15,0.001,0.002,19080.0,5495.0,1.0
"beta_sin[Palacios, Joshua]",-0.144,0.136,-0.409,0.103,0.001,0.002,18289.0,5672.0,1.0
"beta_sin[Young, Andrew]",-0.093,0.135,-0.354,0.154,0.001,0.002,18577.0,5712.0,1.0
"beta_sin[Blandino, Alex]",-0.096,0.137,-0.351,0.163,0.001,0.002,20025.0,4973.0,1.0
"beta_sin[Farmer, Kyle]",-0.096,0.134,-0.343,0.154,0.001,0.002,18325.0,5463.0,1.0
"beta_sin[Inciarte, Ender]",-0.069,0.083,-0.233,0.083,0.001,0.001,18087.0,5240.0,1.0
"beta_sin[Betts, Mookie]",-0.226,0.082,-0.386,-0.077,0.001,0.001,16410.0,5745.0,1.0
"beta_sin[Cain, Lorenzo]",-0.09,0.089,-0.259,0.074,0.001,0.001,20071.0,5363.0,1.0
"beta_sin[Springer, George]",-0.152,0.088,-0.323,0.013,0.001,0.001,18766.0,5652.0,1.0
"beta_sin[Blackmon, Charlie]",-0.047,0.078,-0.188,0.103,0.001,0.001,20242.0,5412.0,1.0
"beta_sin[Heyward, Jason]",-0.274,0.079,-0.416,-0.116,0.001,0.001,15865.0,6032.0,1.0
"beta_sin[Guerrero, Gabriel]",-0.101,0.134,-0.352,0.15,0.001,0.002,17447.0,5766.0,1.0
"beta_sin[Trout, Mike]",-0.07,0.081,-0.229,0.079,0.001,0.001,17566.0,5325.0,1.0
"beta_sin[Kipnis, Jason]",-0.121,0.131,-0.364,0.128,0.001,0.002,15442.0,4993.0,1.0
"beta_sin[Laureano, Ramón]",-0.129,0.083,-0.292,0.023,0.001,0.001,17880.0,5411.0,1.0
"beta_sin[Hicks, Aaron]",-0.236,0.091,-0.412,-0.07,0.001,0.001,19869.0,5979.0,1.0
"beta_sin[Harper, Bryce]",-0.175,0.075,-0.318,-0.036,0.001,0.001,17713.0,6322.0,1.0
"beta_sin[Kiermaier, Kevin]",-0.061,0.083,-0.22,0.089,0.001,0.001,16135.0,5367.0,1.0
"beta_sin[Barnes, Brandon]",-0.117,0.134,-0.382,0.121,0.001,0.002,20858.0,6126.0,1.0
"beta_sin[Kepler, Max]",0.069,0.079,-0.074,0.223,0.001,0.001,16808.0,5524.0,1.0
"beta_sin[Martin, Leonys]",0.008,0.104,-0.187,0.203,0.001,0.001,18448.0,5695.0,1.0
"beta_sin[den Dekker, Matthew]",-0.105,0.135,-0.363,0.145,0.001,0.002,18343.0,5097.0,1.0
"beta_sin[Calhoun, Kole]",-0.195,0.083,-0.35,-0.043,0.001,0.001,16426.0,5177.0,1.0
"beta_sin[Escobar, Alcides]",-0.109,0.134,-0.362,0.146,0.001,0.002,18695.0,5602.0,1.0
"beta_sin[Smolinski, Jake]",-0.137,0.13,-0.384,0.108,0.001,0.002,18606.0,5909.0,1.0
"beta_sin[Buxton, Byron]",-0.108,0.095,-0.288,0.07,0.001,0.001,19256.0,5328.0,1.0
"beta_sin[Florimón, Pedro]",-0.084,0.135,-0.338,0.173,0.001,0.002,18695.0,5971.0,1.0
"beta_sin[Difo, Wilmer]",-0.108,0.135,-0.362,0.146,0.001,0.002,19187.0,5349.0,1.0
"beta_sin[Powell, Boog]",-0.067,0.135,-0.314,0.196,0.001,0.002,17417.0,5407.0,1.0
"beta_sin[Judge, Aaron]",-0.169,0.091,-0.35,-0.008,0.001,0.001,18259.0,6008.0,1.0
"beta_sin[Fowler, Dexter]",-0.091,0.096,-0.275,0.092,0.001,0.001,19694.0,5303.0,1.0
"beta_sin[Lewis, Kyle]",-0.105,0.112,-0.311,0.11,0.001,0.002,20050.0,6119.0,1.0
"beta_sin[García, Avisaíl]",-0.151,0.088,-0.319,0.006,0.001,0.001,17175.0,6267.0,1.0
"beta_sin[Marte, Ketel]",-0.095,0.094,-0.275,0.077,0.001,0.001,20143.0,5009.0,1.0
"beta_sin[Senzel, Nick]",-0.069,0.107,-0.272,0.131,0.001,0.002,19984.0,5511.0,1.0
"beta_sin[Harrison, Monte]",-0.09,0.129,-0.336,0.155,0.001,0.002,19036.0,5191.0,1.0
"beta_sin[Robert Jr., Luis]",-0.173,0.11,-0.384,0.029,0.001,0.002,17530.0,5138.0,1.0
"beta_sin[Dubón, Mauricio]",-0.098,0.119,-0.326,0.119,0.001,0.002,19984.0,5736.0,1.0
"beta_sin[Taveras, Leody]",-0.069,0.109,-0.269,0.141,0.001,0.001,17394.0,5571.0,1.0
"beta_sin[Hill, Derek]",-0.1,0.119,-0.312,0.13,0.001,0.002,19329.0,5095.0,1.0
"beta_sin[Tucker, Cole]",-0.062,0.124,-0.295,0.175,0.001,0.002,19724.0,5742.0,1.0
"beta_sin[Torreyes, Ronald]",-0.11,0.133,-0.349,0.144,0.001,0.002,18834.0,5630.0,1.0
"beta_sin[Florial, Estevan]",-0.163,0.134,-0.413,0.087,0.001,0.002,20544.0,5854.0,1.0
"beta_sin[Whitefield, Aaron]",-0.092,0.136,-0.341,0.165,0.001,0.002,19479.0,5005.0,1.0
"beta_sin[Villar, Jonathan]",-0.108,0.137,-0.37,0.139,0.001,0.002,20628.0,5432.0,1.0
"beta_sin[McCarthy, Jake]",-0.069,0.131,-0.319,0.17,0.001,0.002,18056.0,5989.0,1.0
"beta_sin[Marsh, Brandon]",-0.156,0.122,-0.39,0.07,0.001,0.002,18546.0,5664.0,1.0
"beta_sin[Tatis Jr., Fernando]",-0.067,0.132,-0.316,0.178,0.001,0.002,18965.0,5615.0,1.0
"beta_sin[Barrero, José]",-0.05,0.133,-0.293,0.206,0.001,0.002,20655.0,5839.0,1.0
"beta_sin[Celestino, Gilberto]",-0.069,0.126,-0.291,0.186,0.001,0.002,18486.0,6053.0,1.0
"beta_sin[Bruján, Vidal]",-0.106,0.131,-0.351,0.146,0.001,0.002,23027.0,5261.0,1.0
"beta_sin[Hurst, Scott]",-0.1,0.137,-0.363,0.154,0.001,0.002,20629.0,5747.0,1.0
"beta_sin[Puig, Yasiel]",-0.21,0.093,-0.381,-0.036,0.001,0.001,16426.0,5882.0,1.0
"beta_sin[Piscotty, Stephen]",-0.241,0.092,-0.416,-0.069,0.001,0.001,19214.0,5467.0,1.0
"beta_sin[Cruz, Nelson]",-0.112,0.136,-0.365,0.143,0.001,0.002,19202.0,5989.0,1.0
"beta_sin[Polanco, Gregory]",-0.056,0.087,-0.226,0.099,0.001,0.001,17571.0,5941.0,1.0
"beta_sin[Anderson, Brian]",-0.176,0.106,-0.39,0.013,0.001,0.001,17515.0,5555.0,1.0
"beta_sin[Valencia, Danny]",-0.093,0.128,-0.331,0.146,0.001,0.002,18660.0,5723.0,1.0
"beta_sin[Trumbo, Mark]",-0.095,0.131,-0.343,0.149,0.001,0.002,19335.0,5239.0,1.0
"beta_sin[Plouffe, Trevor]",-0.096,0.133,-0.337,0.163,0.001,0.002,19033.0,6088.0,1.0
"beta_sin[Kaczmarski, Kevin]",-0.098,0.133,-0.348,0.151,0.001,0.002,18143.0,5350.0,1.0
"beta_sin[Chisenhall, Lonnie]",-0.141,0.129,-0.394,0.092,0.001,0.002,19828.0,5511.0,1.0
"beta_sin[Soler, Jorge]",-0.209,0.092,-0.376,-0.032,0.001,0.001,18778.0,6435.0,1.0
"beta_sin[Valera, Breyvic]",-0.097,0.137,-0.355,0.163,0.001,0.002,18647.0,5562.0,1.0
"beta_sin[Joseph, Corban]",-0.095,0.131,-0.333,0.157,0.001,0.002,18709.0,4950.0,1.0
"beta_sin[Goins, Ryan]",-0.092,0.137,-0.343,0.176,0.001,0.002,18217.0,5687.0,1.0
"beta_sin[Nola, Austin]",-0.085,0.134,-0.333,0.177,0.001,0.002,18559.0,5180.0,1.0
"beta_sin[Davis, Chris]",-0.096,0.139,-0.357,0.172,0.001,0.002,18370.0,5558.0,1.0
"beta_sin[Adduci, James]",-0.097,0.136,-0.356,0.148,0.001,0.002,20504.0,5599.0,1.0
"beta_sin[Reed, Michael]",-0.097,0.133,-0.361,0.14,0.001,0.002,20103.0,5735.0,1.0
"beta_sin[Walsh, Jared]",-0.147,0.133,-0.401,0.094,0.001,0.002,18149.0,5414.0,1.0
"beta_sin[Núñez, Eduardo]",-0.095,0.135,-0.336,0.158,0.001,0.002,19108.0,5585.0,1.0
"beta_sin[Amburgey, Trey]",-0.104,0.137,-0.368,0.142,0.001,0.002,19829.0,5323.0,1.0
"beta_sin[Rengifo, Luis]",-0.137,0.131,-0.389,0.108,0.001,0.002,19578.0,5585.0,1.0
"beta_sin[Mendick, Danny]",-0.11,0.135,-0.361,0.145,0.001,0.002,18115.0,5316.0,1.0
"beta_sin[Lee, Khalil]",-0.108,0.135,-0.376,0.14,0.001,0.002,22080.0,5790.0,1.0
"beta_sin[Stokes Jr., Troy]",-0.091,0.132,-0.335,0.159,0.001,0.002,24051.0,5824.0,1.0
"beta_sin[Owen, Hunter]",-0.104,0.139,-0.357,0.163,0.001,0.002,18791.0,5788.0,1.0
"beta_sin[Ray, Corey]",-0.091,0.134,-0.342,0.166,0.001,0.002,20430.0,5815.0,1.0
"beta_dist[Benintendi, Andrew]",1.542,0.183,1.212,1.892,0.002,0.002,14028.0,5973.0,1.0
"beta_dist[Taylor, Chris]",2.24,0.247,1.783,2.713,0.002,0.003,14426.0,7006.0,1.0
"beta_dist[Holt, Brock]",1.879,0.315,1.305,2.48,0.002,0.004,16741.0,5693.0,1.0
"beta_dist[Martinez, J.D.]",1.776,0.257,1.271,2.239,0.002,0.003,14546.0,6598.0,1.0
"beta_dist[Pederson, Joc]",2.056,0.196,1.706,2.442,0.002,0.002,13153.0,7471.0,1.0
"beta_dist[Braun, Ryan]",2.175,0.246,1.69,2.618,0.002,0.003,16710.0,5704.0,1.0
"beta_dist[Kemp, Tony]",1.748,0.241,1.304,2.206,0.002,0.003,15086.0,7042.0,1.0
"beta_dist[Gonzalez, Marwin]",2.113,0.247,1.647,2.565,0.002,0.003,14818.0,7035.0,1.0
"beta_dist[Kemp, Matt]",1.806,0.286,1.273,2.336,0.002,0.003,17883.0,6459.0,1.0
"beta_dist[Canha, Mark]",1.605,0.196,1.218,1.959,0.002,0.002,13410.0,6930.0,1.0
"beta_dist[Upton, Justin]",1.887,0.205,1.502,2.27,0.002,0.002,13771.0,6835.0,1.0
"beta_dist[Swihart, Blake]",1.706,0.32,1.088,2.288,0.002,0.004,17617.0,6080.0,1.0
"beta_dist[McCutchen, Andrew]",1.8,0.189,1.435,2.15,0.002,0.002,14169.0,6420.0,1.0
"beta_dist[Gardner, Brett]",1.799,0.177,1.462,2.128,0.002,0.002,12636.0,6873.0,1.0
"beta_dist[Dean, Austin]",1.765,0.268,1.277,2.292,0.002,0.003,17457.0,6064.0,1.0
"beta_dist[Conforto, Michael]",1.657,0.177,1.335,1.995,0.002,0.002,13801.0,6528.0,1.0
"beta_dist[Hanson, Alen]",1.671,0.328,1.084,2.314,0.002,0.004,19043.0,5532.0,1.0
"beta_dist[Blanco, Grégor]",1.978,0.289,1.435,2.518,0.002,0.004,17658.0,6533.0,1.0
"beta_dist[Mahtook, Mikie]",1.934,0.276,1.428,2.46,0.002,0.003,15220.0,6811.0,1.0
"beta_dist[Gordon, Alex]",1.485,0.2,1.109,1.852,0.002,0.002,13964.0,6656.0,1.0
"beta_dist[Brantley, Michael]",1.716,0.189,1.373,2.077,0.002,0.002,14143.0,6549.0,1.0
"beta_dist[Acuña Jr., Ronald]",1.92,0.189,1.585,2.289,0.002,0.002,15174.0,6626.0,1.0
"beta_dist[Yelich, Christian]",2.131,0.201,1.761,2.512,0.002,0.002,15557.0,6880.0,1.0
"beta_dist[Holliday, Matt]",1.848,0.338,1.221,2.474,0.002,0.004,21006.0,5297.0,1.0
"beta_dist[Parra, Gerardo]",1.817,0.214,1.422,2.226,0.002,0.002,15733.0,6498.0,1.0
"beta_dist[Dahl, David]",1.812,0.214,1.395,2.206,0.002,0.002,14242.0,6778.0,1.0
"beta_dist[Martini, Nick]",2.086,0.287,1.544,2.618,0.002,0.003,15300.0,6086.0,1.0
"beta_dist[Gore, Terrance]",1.889,0.338,1.289,2.554,0.002,0.005,20768.0,5645.0,1.0
"beta_dist[Zobrist, Ben]",1.841,0.282,1.316,2.378,0.002,0.003,17856.0,6201.0,1.0
"beta_dist[Bryant, Kris]",1.35,0.265,0.879,1.873,0.002,0.004,17411.0,6027.0,1.0
"beta_dist[Schwarber, Kyle]",2.292,0.205,1.909,2.686,0.002,0.002,13188.0,7018.0,1.0
"beta_dist[Soto, Juan]",1.96,0.177,1.623,2.287,0.002,0.002,12333.0,7040.0,1.0
"beta_dist[Smith, Dominic]",1.828,0.251,1.342,2.279,0.002,0.003,16771.0,6377.0,1.0
"beta_dist[Slater, Austin]",1.378,0.23,0.939,1.803,0.002,0.002,15128.0,6882.0,1.0
"beta_dist[Field, Johnny]",2.193,0.291,1.659,2.755,0.002,0.003,16186.0,5919.0,1.0
"beta_dist[Palka, Daniel]",-0.436,0.187,-0.785,-0.088,0.002,0.002,9286.0,6193.0,1.0
"beta_dist[Renfroe, Hunter]",1.871,0.187,1.526,2.223,0.002,0.002,13014.0,6767.0,1.0
"beta_dist[Smith Jr., Dwight]",1.998,0.251,1.533,2.477,0.002,0.003,15320.0,6125.0,1.0
"beta_dist[Pham, Tommy]",1.922,0.203,1.559,2.318,0.002,0.002,13188.0,7072.0,1.0
"beta_dist[McKinney, Billy]",1.848,0.259,1.337,2.309,0.002,0.003,15117.0,6186.0,1.0
"beta_dist[Maybin, Cameron]",1.788,0.227,1.37,2.228,0.002,0.002,14980.0,6702.0,1.0
"beta_dist[Calhoun, Willie]",2.305,0.263,1.806,2.785,0.002,0.003,14005.0,6145.0,1.0
"beta_dist[O'Neill, Tyler]",2.045,0.23,1.61,2.474,0.002,0.003,14018.0,6768.0,1.0
"beta_dist[Reyes, Pablo]",1.554,0.283,1.003,2.063,0.002,0.003,15337.0,6253.0,1.0
"beta_dist[Schebler, Scott]",1.754,0.249,1.278,2.21,0.002,0.003,14737.0,6343.0,1.0
"beta_dist[Young Jr., Eric]",2.071,0.305,1.521,2.651,0.002,0.003,18073.0,6132.0,1.0
"beta_dist[Galloway, Isaac]",1.836,0.322,1.248,2.472,0.003,0.004,15124.0,5484.0,1.0
"beta_dist[Locastro, Tim]",1.981,0.252,1.5,2.45,0.002,0.003,14805.0,6120.0,1.0
"beta_dist[Stewart, DJ]",1.644,0.231,1.193,2.06,0.002,0.002,15781.0,7036.0,1.0
"beta_dist[Tucker, Kyle]",1.929,0.225,1.474,2.324,0.002,0.003,15196.0,6766.0,1.0
"beta_dist[Davis, Rajai]",1.567,0.299,1.02,2.152,0.002,0.004,17323.0,6092.0,1.0
"beta_dist[Phillips, Brett]",1.594,0.246,1.154,2.073,0.002,0.003,14648.0,6317.0,1.0
"beta_dist[Grossman, Robbie]",1.915,0.185,1.563,2.255,0.002,0.002,11283.0,7277.0,1.0
"beta_dist[Delmonico, Nicky]",1.758,0.277,1.229,2.267,0.002,0.003,19465.0,6186.0,1.0
"beta_dist[Cozens, Dylan]",1.869,0.334,1.248,2.494,0.002,0.004,18549.0,6035.0,1.0
"beta_dist[Herrera, Odúbel]",1.729,0.2,1.362,2.112,0.002,0.002,13589.0,6882.0,1.0
"beta_dist[Kivlehan, Patrick]",1.838,0.358,1.179,2.516,0.003,0.005,17054.0,5932.0,1.0
"beta_dist[Hernández, Teoscar]",1.963,0.176,1.646,2.298,0.002,0.002,12449.0,7056.0,1.0
"beta_dist[Tocci, Carlos]",2.129,0.297,1.555,2.671,0.002,0.004,15077.0,6167.0,1.0
"beta_dist[Ozuna, Marcell]",2.044,0.212,1.648,2.443,0.002,0.002,13901.0,7001.0,1.0
"beta_dist[Happ, Ian]",1.719,0.221,1.303,2.136,0.002,0.003,14378.0,6825.0,1.0
"beta_dist[Davis, Jonathan]",1.923,0.265,1.403,2.401,0.002,0.003,15029.0,6889.0,1.0
"beta_dist[Choo, Shin-Soo]",1.986,0.227,1.564,2.414,0.002,0.002,13340.0,6575.0,1.0
"beta_dist[Dickerson, Corey]",1.729,0.188,1.374,2.076,0.002,0.002,12421.0,7372.0,1.0
"beta_dist[Reyes, Victor]",1.682,0.206,1.314,2.078,0.002,0.002,12030.0,7273.0,1.0
"beta_dist[Bonifacio, Jorge]",2.024,0.259,1.534,2.505,0.002,0.003,16546.0,6146.0,1.0
"beta_dist[Hoskins, Rhys]",1.82,0.256,1.327,2.297,0.002,0.003,18143.0,6166.0,1.0
"beta_dist[Jankowski, Travis]",1.703,0.26,1.201,2.188,0.002,0.003,15418.0,6644.0,1.0
"beta_dist[Peralta, David]",1.63,0.182,1.295,1.972,0.002,0.002,13970.0,6330.0,1.0
"beta_dist[Negrón, Kristopher]",1.644,0.326,1.058,2.277,0.002,0.004,18525.0,5971.0,1.0
"beta_dist[Stanton, Giancarlo]",2.139,0.229,1.728,2.579,0.002,0.003,13510.0,6503.0,1.0
"beta_dist[Stewart, Christin]",1.814,0.258,1.359,2.319,0.002,0.003,17203.0,6113.0,1.0
"beta_dist[Guyer, Brandon]",2.017,0.306,1.466,2.613,0.002,0.004,20188.0,6130.0,1.0
"beta_dist[Duvall, Adam]",1.873,0.207,1.475,2.259,0.002,0.002,12552.0,6573.0,1.0
"beta_dist[Gallo, Joey]",2.111,0.192,1.754,2.472,0.002,0.002,11796.0,6902.0,1.0
"beta_dist[Brito, Sócrates]",1.929,0.306,1.358,2.493,0.002,0.004,15978.0,5951.0,1.0
"beta_dist[Reddick, Josh]",1.805,0.197,1.421,2.157,0.002,0.002,11507.0,6986.0,1.0
"beta_dist[Mancini, Trey]",2.045,0.229,1.622,2.478,0.002,0.003,17465.0,6729.0,1.0
"beta_dist[Jones, Adam]",1.668,0.211,1.265,2.055,0.002,0.002,14806.0,6695.0,1.0
"beta_dist[Fowler, Dustin]",1.916,0.281,1.412,2.455,0.002,0.003,17517.0,6627.0,1.0
"beta_dist[Shaw, Chris]",1.666,0.344,1.014,2.314,0.003,0.005,16680.0,5564.0,1.0
"beta_dist[Heredia, Guillermo]",2.128,0.214,1.722,2.526,0.002,0.002,13304.0,6451.0,1.0
"beta_dist[Span, Denard]",1.846,0.26,1.359,2.349,0.002,0.003,17498.0,6561.0,1.0
"beta_dist[Herrera, Dilson]",1.91,0.358,1.267,2.596,0.003,0.005,18868.0,6026.0,1.0
"beta_dist[Travis, Sam]",1.817,0.318,1.24,2.433,0.002,0.004,19316.0,6124.0,1.0
"beta_dist[García, Adolis]",2.057,0.242,1.612,2.521,0.002,0.003,13305.0,6479.0,1.0
"beta_dist[Robles, Victor]",1.61,0.198,1.244,1.985,0.002,0.002,13200.0,6822.0,1.0
"beta_dist[Granderson, Curtis]",2.117,0.243,1.681,2.591,0.002,0.003,15215.0,5820.0,1.0
"beta_dist[Luplow, Jordan]",1.966,0.256,1.472,2.434,0.002,0.003,14573.0,5859.0,1.0
"beta_dist[Meadows, Austin]",1.702,0.225,1.289,2.125,0.002,0.003,15204.0,6499.0,1.0
"beta_dist[Hermosillo, Michael]",2.082,0.303,1.521,2.67,0.002,0.004,18853.0,6598.0,1.0
"beta_dist[LaMarre, Ryan]",1.565,0.265,1.065,2.063,0.002,0.003,16452.0,6123.0,1.0
"beta_dist[Rickard, Joey]",1.736,0.268,1.223,2.228,0.002,0.003,15718.0,5858.0,1.0
"beta_dist[Robinson, Drew]",1.864,0.323,1.268,2.471,0.002,0.004,18535.0,4700.0,1.0
"beta_dist[García, Leury]",1.937,0.225,1.503,2.348,0.002,0.003,15038.0,6787.0,1.0
"beta_dist[Williams, Mason]",1.915,0.309,1.315,2.483,0.002,0.004,19526.0,5453.0,1.0
"beta_dist[Dietrich, Derek]",2.015,0.278,1.495,2.539,0.002,0.003,14780.0,6617.0,1.0
"beta_dist[Altherr, Aaron]",2.027,0.268,1.525,2.53,0.002,0.003,16976.0,6808.0,1.0
"beta_dist[Andreoli, John]",1.834,0.327,1.23,2.465,0.002,0.004,18511.0,5768.0,1.0
"beta_dist[Rua, Ryan]",2.107,0.307,1.525,2.68,0.002,0.004,17910.0,6132.0,1.0
"beta_dist[Goodwin, Brian]",1.874,0.175,1.541,2.196,0.002,0.002,13132.0,6642.0,1.0
"beta_dist[Rosario, Eddie]",2.191,0.179,1.862,2.531,0.002,0.002,11325.0,6678.0,1.0
"beta_dist[Pérez, Hernán]",1.943,0.3,1.354,2.483,0.002,0.004,19675.0,6030.0,1.0
"beta_dist[Ervin, Phillip]",1.998,0.239,1.54,2.429,0.002,0.003,14912.0,7141.0,1.0
"beta_dist[Pearce, Steve]",1.869,0.349,1.239,2.557,0.002,0.005,21241.0,5277.0,1.0
"beta_dist[Bauers, Jake]",1.34,0.235,0.925,1.801,0.002,0.003,16065.0,6982.0,1.0
"beta_dist[Jay, Jon]",1.665,0.234,1.23,2.113,0.002,0.003,14203.0,6399.0,1.0
"beta_dist[Bostick, Christopher]",1.829,0.364,1.114,2.485,0.003,0.005,19200.0,5335.0,1.0
"beta_dist[Bote, David]",1.811,0.36,1.14,2.498,0.003,0.005,16884.0,5521.0,1.0
"beta_dist[Davis, J.D.]",1.879,0.278,1.372,2.425,0.002,0.003,16243.0,6518.0,1.0
"beta_dist[Contreras, Willson]",1.875,0.354,1.179,2.509,0.003,0.005,19422.0,5615.0,1.0
"beta_dist[Reinheimer, Jack]",1.835,0.36,1.162,2.522,0.003,0.005,18316.0,5717.0,1.0
"beta_dist[Verdugo, Alex]",1.64,0.203,1.254,2.023,0.002,0.002,13884.0,6496.0,1.0
"beta_dist[Peterson, Jace]",1.272,0.269,0.745,1.764,0.002,0.003,15055.0,5719.0,1.0
"beta_dist[Smith, Mallex]",2.194,0.223,1.78,2.622,0.002,0.003,14055.0,6214.0,1.0
"beta_dist[Pinder, Chad]",1.976,0.241,1.525,2.432,0.002,0.003,14622.0,6907.0,1.0
"beta_dist[Pence, Hunter]",1.66,0.261,1.175,2.159,0.002,0.003,17489.0,6478.0,1.0
"beta_dist[Lowe, Brandon]",1.95,0.311,1.355,2.537,0.002,0.004,17888.0,5412.0,1.0
"beta_dist[Blash, Jabari]",1.767,0.333,1.134,2.378,0.002,0.004,19164.0,6309.0,1.0
"beta_dist[Ortega, Rafael]",2.035,0.249,1.565,2.5,0.002,0.003,14314.0,6016.0,1.0
"beta_dist[Frazier, Adam]",1.865,0.296,1.317,2.422,0.002,0.004,19131.0,6604.0,1.0
"beta_dist[Nimmo, Brandon]",1.724,0.207,1.318,2.095,0.002,0.002,13696.0,6880.0,1.0
"beta_dist[Cowart, Kaleb]",1.799,0.348,1.13,2.435,0.003,0.005,15421.0,5952.0,1.0
"beta_dist[Merrifield, Whit]",1.911,0.234,1.465,2.344,0.002,0.002,16327.0,6890.0,1.0
"beta_dist[Gentry, Craig]",1.84,0.29,1.295,2.378,0.002,0.004,17583.0,6223.0,1.0
"beta_dist[Haniger, Mitch]",1.793,0.188,1.438,2.142,0.002,0.002,13829.0,6767.0,1.0
"beta_dist[Bautista, José]",1.779,0.296,1.239,2.355,0.002,0.004,17217.0,6070.0,1.0
"beta_dist[Robinson, Shane]",1.525,0.335,0.876,2.146,0.002,0.004,18730.0,5746.0,1.0
"beta_dist[Hernández, Gorkys]",1.677,0.261,1.17,2.141,0.002,0.003,16563.0,6449.0,1.0
"beta_dist[Quinn, Roman]",1.598,0.26,1.112,2.089,0.002,0.003,14965.0,6303.0,1.0
"beta_dist[O'Hearn, Ryan]",1.764,0.331,1.125,2.375,0.002,0.005,22247.0,5946.0,1.0
"beta_dist[Cabrera, Melky]",1.758,0.26,1.269,2.249,0.002,0.003,15494.0,5827.0,1.0
"beta_dist[Goodrum, Niko]",2.15,0.288,1.623,2.693,0.002,0.004,18453.0,5841.0,1.0
"beta_dist[Muñoz, Yairo]",1.541,0.324,0.909,2.127,0.003,0.004,16149.0,5314.0,1.0
"beta_dist[Myers, Wil]",2.084,0.218,1.668,2.484,0.002,0.002,14095.0,6917.0,1.0
"beta_dist[Adrianza, Ehire]",1.957,0.281,1.435,2.479,0.002,0.004,16335.0,6514.0,1.0
"beta_dist[Grichuk, Randal]",1.493,0.186,1.147,1.834,0.002,0.002,12772.0,7115.0,1.0
"beta_dist[Tucker, Preston]",1.816,0.324,1.19,2.406,0.002,0.004,18445.0,6265.0,1.0
"beta_dist[Cave, Jake]",1.5,0.22,1.094,1.921,0.002,0.002,14161.0,7003.0,1.0
"beta_dist[Pirela, José]",1.665,0.325,1.082,2.3,0.002,0.004,18444.0,5705.0,1.0
"beta_dist[Gerber, Mike]",1.766,0.338,1.128,2.397,0.002,0.004,21371.0,5897.0,1.0
"beta_dist[Desmond, Ian]",2.254,0.262,1.783,2.763,0.002,0.003,13790.0,7233.0,1.0
"beta_dist[Dixon, Brandon]",1.765,0.317,1.161,2.347,0.002,0.004,19024.0,5925.0,1.0
"beta_dist[Culberson, Charlie]",2.104,0.306,1.524,2.666,0.002,0.004,17839.0,5976.0,1.0
"beta_dist[Williams, Nick]",1.969,0.254,1.489,2.441,0.002,0.003,14983.0,6837.0,1.0
"beta_dist[Sweeney, Darnell]",1.831,0.362,1.138,2.477,0.003,0.005,19641.0,5497.0,1.0
"beta_dist[Thames, Eric]",1.993,0.317,1.4,2.593,0.002,0.004,18284.0,5989.0,1.0
"beta_dist[Wade, Tyler]",1.714,0.316,1.111,2.303,0.002,0.004,18327.0,5475.0,1.0
"beta_dist[Wendle, Joey]",1.913,0.344,1.271,2.578,0.003,0.005,17538.0,5244.0,1.0
"beta_dist[Davis, Khris]",2.088,0.332,1.456,2.699,0.003,0.004,17352.0,5708.0,1.0
"beta_dist[Rivera, Yadiel]",1.965,0.352,1.278,2.608,0.003,0.005,19468.0,5983.0,1.0
"beta_dist[Gamel, Ben]",1.58,0.213,1.183,1.976,0.002,0.002,14845.0,6238.0,1.0
"beta_dist[Cuevas, Noel]",1.753,0.319,1.162,2.355,0.002,0.004,18254.0,5572.0,1.0
"beta_dist[Jones, JaCoby]",2.07,0.205,1.664,2.43,0.002,0.002,12744.0,6005.0,1.0
"beta_dist[Cooper, Garrett]",1.836,0.295,1.282,2.399,0.002,0.004,17160.0,5191.0,1.0
"beta_dist[Bader, Harrison]",1.813,0.189,1.459,2.166,0.002,0.002,13244.0,6492.0,1.0
"beta_dist[Winker, Jesse]",2.022,0.202,1.643,2.395,0.002,0.002,12431.0,7348.0,1.0
"beta_dist[Hernández, Enrique]",2.39,0.196,2.032,2.77,0.002,0.002,12941.0,7195.0,1.0
"beta_dist[Toles, Andrew]",1.957,0.34,1.332,2.597,0.002,0.004,19716.0,6115.0,1.0
"beta_dist[Robertson, Daniel]",1.796,0.355,1.133,2.463,0.003,0.005,19867.0,5556.0,1.0
"beta_dist[Kelly, Ty]",1.874,0.351,1.185,2.502,0.003,0.005,18883.0,5752.0,1.0
"beta_dist[Frazier, Clint]",1.682,0.233,1.261,2.119,0.002,0.003,15656.0,6283.0,1.0
"beta_dist[Joyce, Matt]",2.197,0.254,1.702,2.666,0.002,0.003,14653.0,6850.0,1.0
"beta_dist[Jackson, Austin]",1.479,0.281,0.962,2.025,0.002,0.003,17461.0,5758.0,1.0
"beta_dist[Astudillo, Willians]",1.943,0.341,1.309,2.582,0.002,0.004,19155.0,6083.0,1.0
"beta_dist[Sogard, Eric]",1.78,0.348,1.122,2.436,0.003,0.004,18953.0,6002.0,1.0
"beta_dist[Santana, Danny]",1.794,0.275,1.276,2.306,0.002,0.003,17354.0,6114.0,1.0
"beta_dist[Walker, Christian]",1.83,0.361,1.16,2.514,0.002,0.005,20794.0,5914.0,1.0
"beta_dist[Shuck, JB]",2.124,0.294,1.597,2.698,0.002,0.004,15706.0,6033.0,1.0
"beta_dist[Tilson, Charlie]",1.879,0.268,1.364,2.372,0.002,0.003,15244.0,7010.0,1.0
"beta_dist[Rasmus, Colby]",1.988,0.32,1.413,2.613,0.003,0.004,16387.0,5772.0,1.0
"beta_dist[Williamson, Mac]",1.417,0.291,0.86,1.959,0.002,0.004,17247.0,5882.0,1.0
"beta_dist[Szczur, Matt]",1.912,0.343,1.279,2.565,0.002,0.005,19575.0,5049.0,1.0
"beta_dist[Rodríguez, Sean]",1.818,0.313,1.236,2.408,0.002,0.004,17325.0,6203.0,1.0
"beta_dist[Allen, Greg]",1.882,0.241,1.441,2.342,0.002,0.003,13080.0,6860.0,1.0
"beta_dist[Refsnyder, Rob]",1.837,0.29,1.274,2.375,0.002,0.003,15716.0,5878.0,1.0
"beta_dist[Young, Chris]",1.909,0.321,1.305,2.491,0.002,0.004,18121.0,5900.0,1.0
"beta_dist[Descalso, Daniel]",1.841,0.36,1.171,2.53,0.003,0.005,18490.0,5260.0,1.0
"beta_dist[Eaton, Adam]",2.3,0.166,1.992,2.619,0.002,0.002,11034.0,7007.0,1.0
"beta_dist[Valentín, Jesmuel]",1.864,0.363,1.156,2.53,0.003,0.005,20101.0,5812.0,1.0
"beta_dist[Almonte, Abraham]",2.009,0.269,1.5,2.516,0.002,0.003,14986.0,6393.0,1.0
"beta_dist[Bourjos, Peter]",1.829,0.321,1.227,2.439,0.002,0.004,19193.0,5637.0,1.0
"beta_dist[Thompson, Trayce]",1.837,0.285,1.289,2.374,0.002,0.004,17012.0,5933.0,1.0
"beta_dist[Martin, Russell]",1.719,0.355,1.055,2.38,0.003,0.005,13561.0,5445.0,1.0
"beta_dist[Markakis, Nick]",1.733,0.193,1.362,2.08,0.002,0.002,12637.0,6496.0,1.0
"beta_dist[Stevenson, Andrew]",1.724,0.291,1.179,2.257,0.002,0.004,16938.0,6279.0,1.0
"beta_dist[Cordero, Franchy]",2.18,0.242,1.722,2.638,0.002,0.003,12207.0,6047.0,1.0
"beta_dist[Belt, Brandon]",1.843,0.339,1.182,2.468,0.003,0.005,18390.0,4894.0,1.0
"beta_dist[Adams, Matt]",1.758,0.354,1.087,2.428,0.003,0.005,18028.0,5545.0,1.0
"beta_dist[Romine, Andrew]",1.905,0.359,1.234,2.585,0.003,0.005,19057.0,5364.0,1.0
"beta_dist[Kendrick, Howie]",1.776,0.341,1.173,2.46,0.002,0.004,18975.0,6021.0,1.0
"beta_dist[Evans, Phillip]",1.853,0.309,1.257,2.418,0.002,0.004,18503.0,5804.0,1.0
"beta_dist[Fisher, Derek]",1.908,0.277,1.383,2.424,0.002,0.003,17835.0,6429.0,1.0
"beta_dist[Muncy, Max]",1.838,0.374,1.14,2.544,0.003,0.005,20855.0,5116.0,1.0
"beta_dist[Alford, Anthony]",1.903,0.276,1.388,2.424,0.002,0.003,16039.0,6322.0,1.0
"beta_dist[Cespedes, Yoenis]",1.684,0.311,1.109,2.269,0.002,0.004,19822.0,5792.0,1.0
"beta_dist[Herrera, Rosell]",2.007,0.281,1.466,2.525,0.002,0.003,17714.0,6019.0,1.0
"beta_dist[Owings, Chris]",1.58,0.276,1.06,2.095,0.002,0.003,16401.0,6342.0,1.0
"beta_dist[Pompey, Dalton]",1.81,0.36,1.127,2.478,0.003,0.005,19008.0,5688.0,1.0
"beta_dist[Suzuki, Ichiro]",1.975,0.338,1.341,2.603,0.002,0.004,19375.0,5796.0,1.0
"beta_dist[Dyson, Jarrod]",1.629,0.22,1.24,2.071,0.002,0.002,14396.0,6790.0,1.0
"beta_dist[Bautista, Rafael]",1.83,0.357,1.163,2.519,0.003,0.005,16504.0,5156.0,1.0
"beta_dist[Sierra, Moisés]",1.836,0.359,1.18,2.551,0.002,0.005,21518.0,5631.0,1.0
"beta_dist[Marte, Jefry]",1.823,0.361,1.172,2.536,0.003,0.005,17933.0,5637.0,1.0
"beta_dist[Gosselin, Phil]",2.095,0.298,1.523,2.641,0.002,0.003,16439.0,6266.0,1.0
"beta_dist[Núñez, Renato]",1.755,0.355,1.104,2.425,0.003,0.005,18995.0,5479.0,1.0
"beta_dist[Orlando, Paulo]",1.807,0.329,1.194,2.428,0.003,0.004,15721.0,5154.0,1.0
"beta_dist[Mazara, Nomar]",1.807,0.2,1.422,2.177,0.002,0.002,13200.0,6554.0,1.0
"beta_dist[Kingery, Scott]",1.482,0.283,0.94,2.001,0.002,0.003,16197.0,5891.0,1.0
"beta_dist[Tauchman, Mike]",1.97,0.249,1.504,2.442,0.002,0.003,16435.0,6346.0,1.0
"beta_dist[Bellinger, Cody]",1.619,0.208,1.214,1.993,0.002,0.002,14576.0,6833.0,1.0
"beta_dist[Spangenberg, Cory]",1.821,0.356,1.147,2.472,0.003,0.005,18821.0,5292.0,1.0
"beta_dist[Adams, Lane]",1.913,0.355,1.267,2.594,0.002,0.005,20295.0,5433.0,1.0
"beta_dist[Motter, Taylor]",1.866,0.36,1.185,2.535,0.003,0.005,19764.0,5721.0,1.0
"beta_dist[Naquin, Tyler]",2.105,0.205,1.718,2.491,0.002,0.002,12988.0,7141.0,1.0
"beta_dist[Almora Jr., Albert]",1.508,0.21,1.114,1.903,0.002,0.002,13994.0,6591.0,1.0
"beta_dist[Lee, Braxton]",1.735,0.359,1.062,2.412,0.002,0.005,20679.0,5217.0,1.0
"beta_dist[Alvarez, Yordan]",1.648,0.296,1.093,2.202,0.002,0.004,18582.0,6021.0,1.0
"beta_dist[Wade Jr., LaMonte]",1.754,0.273,1.243,2.253,0.002,0.003,15860.0,5980.0,1.0
"beta_dist[McBroom, Ryan]",1.762,0.341,1.163,2.465,0.002,0.004,19133.0,5672.0,1.0
"beta_dist[Tapia, Raimel]",1.812,0.211,1.417,2.206,0.002,0.002,14936.0,6560.0,1.0
"beta_dist[Rojas, Josh]",1.719,0.281,1.196,2.249,0.002,0.004,19159.0,5783.0,1.0
"beta_dist[Ward, Taylor]",1.658,0.254,1.169,2.136,0.002,0.003,18924.0,6500.0,1.0
"beta_dist[Jiménez, Eloy]",1.903,0.24,1.456,2.355,0.002,0.003,16852.0,6057.0,1.0
"beta_dist[Rodríguez, Ronny]",1.827,0.356,1.185,2.528,0.003,0.005,17155.0,5057.0,1.0
"beta_dist[Díaz, Aledmys]",1.83,0.344,1.18,2.48,0.002,0.005,19182.0,5368.0,1.0
"beta_dist[Beaty, Matt]",2.062,0.305,1.506,2.647,0.002,0.004,17786.0,6040.0,1.0
"beta_dist[Pollock, AJ]",1.836,0.188,1.484,2.19,0.002,0.002,11877.0,6908.0,1.0
"beta_dist[Miller, Brad]",1.934,0.331,1.293,2.554,0.002,0.005,20033.0,4649.0,1.0
"beta_dist[García, Robel]",1.959,0.354,1.251,2.584,0.003,0.005,17980.0,4934.0,1.0
"beta_dist[Dickerson, Alex]",1.855,0.24,1.409,2.3,0.002,0.003,15994.0,6122.0,1.0
"beta_dist[Long Jr., Shed]",1.729,0.302,1.157,2.291,0.002,0.004,19222.0,6161.0,1.0
"beta_dist[VanMeter, Josh]",1.859,0.297,1.317,2.426,0.002,0.004,18714.0,6007.0,1.0
"beta_dist[Elmore, Jake]",1.937,0.352,1.293,2.605,0.002,0.004,21338.0,6133.0,1.0
"beta_dist[Lopes, Tim]",1.658,0.302,1.084,2.222,0.002,0.004,16950.0,5824.0,1.0
"beta_dist[Kramer, Kevin]",1.852,0.347,1.181,2.492,0.003,0.005,17974.0,5679.0,1.0
"beta_dist[McNeil, Jeff]",2.036,0.263,1.53,2.512,0.002,0.003,15244.0,6415.0,1.0
"beta_dist[Arraez, Luis]",1.551,0.305,0.967,2.123,0.002,0.004,19702.0,6164.0,1.0
"beta_dist[Cordell, Ryan]",1.832,0.281,1.267,2.337,0.002,0.004,17434.0,5219.0,1.0
"beta_dist[Yastrzemski, Mike]",1.509,0.195,1.167,1.891,0.002,0.002,12725.0,6190.0,1.0
"beta_dist[Moore, Dylan]",1.916,0.26,1.451,2.428,0.002,0.003,18235.0,6653.0,1.0
"beta_dist[Brown, Seth]",2.224,0.273,1.713,2.739,0.002,0.003,16508.0,6548.0,1.0
"beta_dist[Naylor, Josh]",1.688,0.25,1.254,2.198,0.002,0.003,15609.0,6289.0,1.0
"beta_dist[Miller, Ian]",1.659,0.349,0.985,2.312,0.002,0.005,20426.0,5458.0,1.0
"beta_dist[Fletcher, David]",1.784,0.327,1.166,2.375,0.002,0.004,17974.0,5869.0,1.0
"beta_dist[Heineman, Scott]",1.77,0.316,1.175,2.349,0.002,0.004,19965.0,6085.0,1.0
"beta_dist[Straw, Myles]",1.308,0.228,0.866,1.716,0.002,0.002,11763.0,6285.0,1.0
"beta_dist[Ramírez, Harold]",1.811,0.211,1.405,2.199,0.002,0.002,14848.0,6144.0,1.0
"beta_dist[Hilliard, Sam]",2.125,0.252,1.664,2.6,0.002,0.003,14269.0,6985.0,1.0
"beta_dist[González, Erik]",1.905,0.354,1.237,2.555,0.003,0.005,15651.0,5292.0,1.0
"beta_dist[Peraza, José]",1.915,0.327,1.314,2.557,0.002,0.004,18889.0,5913.0,1.0
"beta_dist[Haseley, Adam]",1.885,0.265,1.373,2.371,0.002,0.003,15456.0,5559.0,1.0
"beta_dist[Wilkerson, Stevie]",1.972,0.276,1.464,2.496,0.002,0.003,15588.0,6248.0,1.0
"beta_dist[Bishop, Braden]",1.789,0.32,1.185,2.386,0.002,0.004,18699.0,5659.0,1.0
"beta_dist[Rios, Edwin]",1.835,0.357,1.159,2.492,0.003,0.005,19950.0,5792.0,1.0
"beta_dist[Castellanos, Nick]",2.041,0.164,1.749,2.362,0.001,0.002,12574.0,5479.0,1.0
"beta_dist[Gurriel Jr., Lourdes]",2.075,0.211,1.66,2.46,0.002,0.002,14281.0,6756.0,1.0
"beta_dist[Berti, Jon]",2.183,0.296,1.618,2.73,0.002,0.003,15138.0,6464.0,1.0
"beta_dist[Stubbs, Garrett]",1.762,0.364,1.082,2.454,0.003,0.005,18191.0,4818.0,1.0
"beta_dist[Santander, Anthony]",1.849,0.205,1.47,2.239,0.002,0.002,15044.0,6865.0,1.0
"beta_dist[Grisham, Trent]",1.846,0.236,1.401,2.28,0.002,0.003,13299.0,6311.0,1.0
"beta_dist[Vogt, Stephen]",1.806,0.356,1.154,2.485,0.003,0.006,18821.0,4900.0,1.0
"beta_dist[Davis, Johnny]",1.816,0.355,1.164,2.492,0.003,0.005,19405.0,5045.0,1.0
"beta_dist[Camargo, Johan]",1.765,0.355,1.097,2.44,0.002,0.005,21455.0,5684.0,1.0
"beta_dist[Herrmann, Chris]",1.837,0.369,1.141,2.534,0.003,0.005,16096.0,5163.0,1.0
"beta_dist[Riley, Austin]",1.397,0.285,0.877,1.944,0.002,0.004,17272.0,6194.0,1.0
"beta_dist[Reynolds, Bryan]",1.609,0.186,1.271,1.964,0.002,0.002,13602.0,6958.0,1.0
"beta_dist[Profar, Jurickson]",2.08,0.275,1.566,2.597,0.002,0.003,17076.0,6508.0,1.0
"beta_dist[O'Grady, Brian]",1.628,0.345,0.979,2.282,0.003,0.005,16487.0,5393.0,1.0
"beta_dist[Starling, Bubba]",1.638,0.286,1.122,2.188,0.002,0.003,15752.0,6355.0,1.0
"beta_dist[Broxton, Keon]",1.834,0.276,1.323,2.36,0.002,0.003,17765.0,6162.0,1.0
"beta_dist[Court, Ryan]",1.88,0.337,1.267,2.53,0.002,0.005,19014.0,5327.0,1.0
"beta_dist[Drury, Brandon]",1.756,0.322,1.155,2.36,0.002,0.004,19059.0,5765.0,1.0
"beta_dist[Mercado, Óscar]",1.728,0.206,1.33,2.095,0.002,0.002,13048.0,6051.0,1.0
"beta_dist[Avelino, Abiatal]",1.833,0.359,1.177,2.538,0.003,0.005,19927.0,5397.0,1.0
"beta_dist[Lorenzen, Michael]",2.092,0.337,1.469,2.728,0.003,0.004,17228.0,5664.0,1.0
"beta_dist[Brosseau, Mike]",1.831,0.346,1.23,2.512,0.003,0.005,18761.0,5881.0,1.0
"beta_dist[Daza, Yonathan]",1.936,0.268,1.43,2.427,0.002,0.003,14268.0,6711.0,1.0
"beta_dist[Garlick, Kyle]",1.94,0.296,1.399,2.523,0.002,0.004,17396.0,6146.0,1.0
"beta_dist[Mejía, Francisco]",1.833,0.362,1.141,2.492,0.003,0.005,18592.0,5412.0,1.0
"beta_dist[Rosario, Amed]",1.684,0.351,1.029,2.364,0.002,0.005,20115.0,5642.0,1.0
"beta_dist[Castro, Harold]",1.843,0.292,1.273,2.382,0.002,0.004,16098.0,5716.0,1.0
"beta_dist[Bruce, Jay]",1.863,0.257,1.394,2.36,0.002,0.003,13943.0,7228.0,1.0
"beta_dist[Beckham, Tim]",1.908,0.345,1.258,2.554,0.002,0.005,20195.0,4980.0,1.0
"beta_dist[Alberto, Hanser]",1.835,0.349,1.199,2.503,0.003,0.005,19171.0,5368.0,1.0
"beta_dist[Velasquez, Vince]",1.81,0.364,1.137,2.501,0.003,0.005,20547.0,5573.0,1.0
"beta_dist[Osuna, José]",1.768,0.307,1.188,2.345,0.002,0.004,18003.0,5885.0,1.0
"beta_dist[Garcia, Greg]",1.836,0.364,1.171,2.521,0.003,0.005,18789.0,5783.0,1.0
"beta_dist[Freeman, Mike]",1.756,0.351,1.064,2.381,0.003,0.005,17302.0,5398.0,1.0
"beta_dist[Urshela, Gio]",1.823,0.358,1.161,2.498,0.003,0.005,16388.0,5676.0,1.0
"beta_dist[Hampson, Garrett]",1.738,0.242,1.277,2.195,0.002,0.003,14918.0,7045.0,1.0
"beta_dist[Saladino, Tyler]",1.786,0.354,1.117,2.453,0.002,0.005,20347.0,4735.0,1.0
"beta_dist[Vargas, Ildemaro]",1.797,0.358,1.115,2.454,0.003,0.005,15131.0,5506.0,1.0
"beta_dist[Martínez, José A.]",1.902,0.257,1.448,2.409,0.002,0.003,16720.0,6711.0,1.0
"beta_dist[Parker, Jarrett]",2.026,0.346,1.351,2.651,0.003,0.004,17003.0,5789.0,1.0
"beta_dist[Austin, Tyler]",2.057,0.338,1.414,2.68,0.002,0.004,18887.0,6100.0,1.0
"beta_dist[Gómez, Carlos]",2.047,0.241,1.595,2.498,0.002,0.003,14265.0,6931.0,1.0
"beta_dist[Biggio, Cavan]",1.7,0.321,1.106,2.316,0.002,0.005,18998.0,5382.0,1.0
"beta_dist[Puello, César]",2.158,0.279,1.659,2.684,0.002,0.003,15605.0,6566.0,1.0
"beta_dist[González, Carlos]",1.895,0.235,1.452,2.33,0.002,0.002,14777.0,7130.0,1.0
"beta_dist[Santana, Domingo]",1.969,0.246,1.503,2.426,0.002,0.003,15161.0,6890.0,1.0
"beta_dist[Newman, Kevin]",1.825,0.359,1.147,2.507,0.003,0.004,18977.0,5897.0,1.0
"beta_dist[Urena, Richard]",1.81,0.354,1.127,2.47,0.003,0.005,18154.0,5304.0,1.0
"beta_dist[Murphy, Tom]",1.87,0.371,1.178,2.553,0.003,0.006,20323.0,5110.0,1.0
"beta_dist[O'Brien, Peter]",1.95,0.341,1.312,2.59,0.003,0.004,17401.0,5548.0,1.0
"beta_dist[Solarte, Yangervis]",1.849,0.351,1.202,2.512,0.003,0.005,18899.0,5860.0,1.0
"beta_dist[Estrada, Thairo]",1.885,0.355,1.231,2.565,0.003,0.005,19277.0,4934.0,1.0
"beta_dist[Rondon, José]",1.813,0.354,1.141,2.46,0.003,0.005,19032.0,5339.0,1.0
"beta_dist[Peterson, Dustin]",1.807,0.338,1.157,2.414,0.002,0.004,21005.0,6137.0,1.0
"beta_dist[Moran, Colin]",1.82,0.369,1.123,2.508,0.003,0.005,19927.0,5340.0,1.0
"beta_dist[Martin, Jason]",2.182,0.285,1.64,2.709,0.002,0.003,16856.0,6662.0,1.0
"beta_dist[Joe, Connor]",2.008,0.319,1.418,2.616,0.002,0.004,19818.0,5995.0,1.0
"beta_dist[Zagunis, Mark]",1.858,0.348,1.204,2.5,0.003,0.004,19091.0,5773.0,1.0
"beta_dist[Jackson, Drew]",1.846,0.361,1.201,2.526,0.003,0.005,19336.0,5881.0,1.0
"beta_dist[Margot, Manuel]",1.785,0.2,1.431,2.183,0.002,0.002,13748.0,6422.0,1.0
"beta_dist[Arozarena, Randy]",2.074,0.254,1.587,2.537,0.002,0.003,15331.0,6613.0,1.0
"beta_dist[Aquino, Aristides]",1.896,0.28,1.368,2.404,0.002,0.003,17793.0,6426.0,1.0
"beta_dist[Carlson, Dylan]",1.884,0.215,1.472,2.28,0.002,0.002,15809.0,7043.0,1.0
"beta_dist[Sierra, Magneuris]",1.826,0.238,1.377,2.271,0.002,0.003,15235.0,6471.0,1.0
"beta_dist[Engel, Adam]",1.582,0.203,1.214,1.974,0.002,0.002,12973.0,6712.0,1.0
"beta_dist[Akiyama, Shogo]",1.751,0.274,1.233,2.265,0.002,0.003,15121.0,6323.0,1.0
"beta_dist[Edman, Tommy]",1.962,0.293,1.445,2.526,0.002,0.004,17207.0,5646.0,1.0
"beta_dist[Solak, Nick]",1.858,0.284,1.295,2.362,0.002,0.003,18133.0,5944.0,1.0
"beta_dist[Hays, Austin]",1.975,0.228,1.533,2.382,0.002,0.003,14857.0,6080.0,1.0
"beta_dist[Duggar, Steven]",1.56,0.222,1.15,1.986,0.002,0.002,13644.0,6777.0,1.0
"beta_dist[White, Eli]",2.066,0.284,1.554,2.62,0.002,0.003,17944.0,6614.0,1.0
"beta_dist[Chavis, Michael]",1.979,0.343,1.329,2.61,0.002,0.005,21122.0,5602.0,1.0
"beta_dist[Marmolejos, José]",2.01,0.32,1.383,2.59,0.002,0.004,17184.0,5629.0,1.0
"beta_dist[Riddle, JT]",1.787,0.291,1.256,2.342,0.002,0.003,16618.0,6270.0,1.0
"beta_dist[Lin, Tzu-Wei]",1.781,0.344,1.135,2.43,0.003,0.005,18160.0,5569.0,1.0
"beta_dist[Smith, Pavin]",1.993,0.264,1.507,2.502,0.002,0.003,16520.0,6638.0,1.0
"beta_dist[Mountcastle, Ryan]",1.882,0.311,1.326,2.488,0.002,0.004,16775.0,5810.0,1.0
"beta_dist[Oliva, Jared]",1.801,0.325,1.183,2.41,0.002,0.004,17941.0,6295.0,1.0
"beta_dist[Moniak, Mickey]",1.814,0.31,1.266,2.444,0.002,0.004,16946.0,6189.0,1.0
"beta_dist[Heath, Nick]",1.878,0.331,1.234,2.49,0.003,0.004,15452.0,5739.0,1.0
"beta_dist[Taylor, Michael A.]",2.252,0.171,1.934,2.571,0.002,0.002,11002.0,7100.0,1.0
"beta_dist[Fraley, Jake]",1.833,0.266,1.358,2.339,0.002,0.003,15702.0,6661.0,1.0
"beta_dist[Ruf, Darin]",2.041,0.315,1.438,2.6,0.002,0.004,18053.0,5856.0,1.0
"beta_dist[Olivares, Edward]",1.774,0.285,1.226,2.304,0.002,0.004,19009.0,5844.0,1.0
"beta_dist[Tsutsugo, Yoshi]",1.809,0.306,1.259,2.406,0.002,0.004,17824.0,5220.0,1.0
"beta_dist[Brinson, Lewis]",1.713,0.193,1.346,2.073,0.002,0.002,12562.0,6875.0,1.0
"beta_dist[Fuentes, Joshua]",1.837,0.363,1.147,2.502,0.003,0.005,20581.0,5612.0,1.0
"beta_dist[Demeritte, Travis]",2.124,0.279,1.601,2.634,0.002,0.003,15726.0,6469.0,1.0
"beta_dist[Ravelo, Rangel]",1.826,0.361,1.132,2.49,0.002,0.005,22539.0,5011.0,1.0
"beta_dist[Andujar, Miguel]",1.544,0.299,0.997,2.12,0.002,0.004,18592.0,5805.0,1.0
"beta_dist[Taylor, Tyrone]",1.89,0.284,1.342,2.419,0.002,0.004,18975.0,5537.0,1.0
"beta_dist[Basabe, Luis Alexander]",1.882,0.354,1.187,2.531,0.003,0.005,19934.0,5444.0,1.0
"beta_dist[Thaiss, Matt]",1.84,0.366,1.153,2.516,0.003,0.005,18737.0,5605.0,1.0
"beta_dist[Varsho, Daulton]",1.814,0.266,1.297,2.296,0.002,0.003,16092.0,6822.0,1.0
"beta_dist[Strange-Gordon, Dee]",1.97,0.301,1.408,2.551,0.002,0.004,19210.0,5794.0,1.0
"beta_dist[Souza Jr., Steven]",2.013,0.278,1.503,2.536,0.002,0.003,15215.0,6532.0,1.0
"beta_dist[Walker, Neil]",1.78,0.341,1.166,2.435,0.002,0.004,20302.0,5358.0,1.0
"beta_dist[Barreto, Franklin]",1.835,0.356,1.173,2.505,0.003,0.005,19979.0,5670.0,1.0
"beta_dist[Rooker, Brent]",1.891,0.293,1.339,2.439,0.002,0.004,18676.0,6122.0,1.0
"beta_dist[Harrison, Josh]",1.755,0.328,1.108,2.333,0.002,0.004,19111.0,5985.0,1.0
"beta_dist[Dozier, Hunter]",1.813,0.255,1.366,2.332,0.002,0.003,17139.0,6086.0,1.0
"beta_dist[Haggerty, Sam]",1.778,0.321,1.203,2.407,0.002,0.004,18564.0,5836.0,1.0
"beta_dist[Payton, Mark]",1.781,0.354,1.128,2.472,0.003,0.005,18039.0,5252.0,1.0
"beta_dist[Mathias, Mark]",1.828,0.35,1.17,2.487,0.002,0.005,20899.0,5707.0,1.0
"beta_dist[Pillar, Kevin]",1.605,0.177,1.262,1.934,0.002,0.002,12301.0,7239.0,1.0
"beta_dist[Pache, Cristian]",1.87,0.306,1.274,2.429,0.002,0.004,17266.0,6051.0,1.0
"beta_dist[Valaika, Pat]",1.853,0.344,1.187,2.493,0.002,0.004,20610.0,6096.0,1.0
"beta_dist[González, Luis]",1.824,0.35,1.159,2.489,0.003,0.005,17874.0,5428.0,1.0
"beta_dist[Velazquez, Andrew]",1.618,0.356,0.957,2.29,0.003,0.005,17973.0,5753.0,1.0
"beta_dist[Zimmer, Bradley]",1.432,0.25,0.973,1.912,0.002,0.003,15923.0,5997.0,1.0
"beta_dist[Mateo, Jorge]",1.811,0.346,1.142,2.447,0.002,0.005,19497.0,5396.0,1.0
"beta_dist[Mullins, Cedric]",1.413,0.214,1.009,1.815,0.002,0.002,13467.0,7241.0,1.0
"beta_dist[Marte, Starling]",1.494,0.172,1.177,1.826,0.002,0.002,11901.0,7087.0,1.0
"beta_dist[Mejia, Erick]",1.787,0.346,1.151,2.452,0.003,0.004,16586.0,5563.0,1.0
"beta_dist[Johnson, Daniel]",1.783,0.31,1.217,2.373,0.002,0.004,18561.0,5433.0,1.0
"beta_dist[Bonifácio, Emilio]",1.87,0.352,1.24,2.564,0.002,0.005,20435.0,5251.0,1.0
"beta_dist[Hoerner, Nico]",1.886,0.351,1.218,2.533,0.003,0.005,16460.0,5233.0,1.0
"beta_dist[Reyes, Franmil]",1.739,0.244,1.289,2.201,0.002,0.003,15221.0,6144.0,1.0
"beta_dist[McCarthy, Joe]",1.811,0.361,1.115,2.479,0.003,0.005,18993.0,5482.0,1.0
"beta_dist[Marisnick, Jake]",1.428,0.231,1.004,1.865,0.002,0.002,12849.0,6825.0,1.0
"beta_dist[Schrock, Max]",1.764,0.332,1.144,2.391,0.003,0.004,16000.0,5565.0,1.0
"beta_dist[Deichmann, Greg]",1.73,0.356,1.039,2.372,0.003,0.005,19507.0,5557.0,1.0
"beta_dist[Nevin, Tyler]",1.968,0.35,1.339,2.621,0.002,0.004,20851.0,6122.0,1.0
"beta_dist[Ramos, Henry]",1.712,0.343,1.063,2.367,0.002,0.005,22677.0,5491.0,1.0
"beta_dist[Haase, Eric]",1.781,0.347,1.131,2.439,0.003,0.005,16953.0,5104.0,1.0
"beta_dist[Miller, Brian]",1.827,0.356,1.163,2.495,0.003,0.005,15630.0,5508.0,1.0
"beta_dist[Gordon, Nick]",1.416,0.304,0.864,2.01,0.002,0.004,16369.0,6078.0,1.0
"beta_dist[Isbel, Kyle]",1.798,0.324,1.189,2.408,0.002,0.004,19205.0,5623.0,1.0
"beta_dist[Peters, DJ]",1.934,0.289,1.395,2.475,0.002,0.004,17279.0,5514.0,1.0
"beta_dist[Castro, Willi]",1.92,0.34,1.289,2.57,0.003,0.005,18197.0,5740.0,1.0
"beta_dist[Bell, Josh]",1.771,0.349,1.133,2.434,0.003,0.005,17958.0,5097.0,1.0
"beta_dist[Friedl, TJ]",1.957,0.345,1.293,2.589,0.002,0.005,20276.0,5777.0,1.0
"beta_dist[Nootbaar, Lars]",1.916,0.327,1.285,2.509,0.002,0.004,17524.0,5382.0,1.0
"beta_dist[McKenna, Ryan]",2.556,0.276,2.041,3.087,0.002,0.003,12291.0,6452.0,1.0
"beta_dist[Lagares, Juan]",1.705,0.226,1.255,2.103,0.002,0.002,14515.0,6533.0,1.0
"beta_dist[Hernandez, Yadiel]",1.994,0.274,1.459,2.489,0.002,0.003,15159.0,6088.0,1.0
"beta_dist[Stephenson, Tyler]",1.971,0.372,1.277,2.671,0.003,0.005,18826.0,5752.0,1.0
"beta_dist[Hamilton, Billy]",1.57,0.206,1.176,1.944,0.002,0.002,12581.0,6925.0,1.0
"beta_dist[Rojas, Jose]",2.1,0.31,1.505,2.68,0.002,0.004,16765.0,5205.0,1.0
"beta_dist[McCormick, Chas]",2.145,0.286,1.602,2.667,0.002,0.003,15224.0,6555.0,1.0
"beta_dist[Wisdom, Patrick]",1.744,0.328,1.157,2.38,0.003,0.004,16256.0,6579.0,1.0
"beta_dist[DeShields, Delino]",1.606,0.204,1.216,1.986,0.002,0.002,12880.0,6962.0,1.0
"beta_dist[Meyers, Jake]",1.877,0.276,1.361,2.386,0.002,0.003,15287.0,6197.0,1.0
"beta_dist[Cameron, Daz]",2.362,0.242,1.94,2.837,0.002,0.003,11655.0,6474.0,1.0
"beta_dist[Baddoo, Akil]",2.078,0.253,1.605,2.558,0.002,0.003,14073.0,6632.0,1.0
"beta_dist[Wong, Kean]",2.157,0.299,1.611,2.733,0.003,0.004,14570.0,6127.0,1.0
"beta_dist[Lux, Gavin]",2.125,0.33,1.494,2.736,0.003,0.004,16195.0,6033.0,1.0
"beta_dist[Vilade, Ryan]",1.964,0.354,1.328,2.655,0.003,0.005,18018.0,5608.0,1.0
"beta_dist[Bolt, Skye]",1.864,0.328,1.227,2.459,0.002,0.004,18323.0,5534.0,1.0
"beta_dist[Siri, Jose]",1.566,0.345,0.946,2.256,0.002,0.005,20248.0,5029.0,1.0
"beta_dist[Vierling, Matt]",1.941,0.352,1.256,2.556,0.003,0.005,18131.0,5716.0,1.0
"beta_dist[De La Cruz, Bryan]",1.845,0.3,1.303,2.431,0.002,0.004,18415.0,5903.0,1.0
"beta_dist[Rivas III, Alfonso]",1.865,0.348,1.22,2.544,0.002,0.005,20822.0,5865.0,1.0
"beta_dist[Gonzalez, Romy]",1.814,0.358,1.116,2.468,0.003,0.005,20228.0,5398.0,1.0
"beta_dist[Adell, Jo]",2.177,0.277,1.627,2.673,0.002,0.003,16347.0,6493.0,1.0
"beta_dist[Lowe, Josh]",1.825,0.349,1.222,2.527,0.003,0.005,18570.0,5762.0,1.0
"beta_dist[Sheets, Gavin]",1.79,0.348,1.132,2.44,0.002,0.005,21289.0,5735.0,1.0
"beta_dist[Alfaro, Jorge]",1.942,0.343,1.339,2.618,0.002,0.005,19743.0,5506.0,1.0
"beta_dist[Vaughn, Andrew]",1.518,0.292,0.969,2.061,0.002,0.004,16817.0,6389.0,1.0
"beta_dist[Ruiz, Rio]",1.833,0.363,1.144,2.474,0.003,0.005,19129.0,4928.0,1.0
"beta_dist[Fairchild, Stuart]",1.821,0.36,1.134,2.493,0.002,0.005,20802.0,5358.0,1.0
"beta_dist[Arcia, Orlando]",2.297,0.252,1.822,2.78,0.002,0.003,13146.0,6668.0,1.0
"beta_dist[Thomas, Lane]",1.73,0.279,1.204,2.25,0.002,0.003,15982.0,5709.0,1.0
"beta_dist[Lamb, Jake]",1.647,0.331,1.005,2.24,0.002,0.004,19346.0,5943.0,1.0
"beta_dist[Smith, Kevin]",1.875,0.357,1.171,2.528,0.003,0.005,19351.0,5864.0,1.0
"beta_dist[Jones, Taylor]",1.978,0.345,1.317,2.604,0.003,0.005,17807.0,5902.0,1.0
"beta_dist[Ibáñez, Andy]",1.839,0.372,1.13,2.538,0.003,0.005,18607.0,5324.0,1.0
"beta_dist[Larnach, Trevor]",1.755,0.283,1.226,2.288,0.002,0.003,18983.0,6640.0,1.0
"beta_dist[Robson, Jacob]",1.829,0.347,1.178,2.507,0.003,0.005,17680.0,5520.0,1.0
"beta_dist[McKinstry, Zach]",1.801,0.332,1.174,2.417,0.002,0.004,21666.0,5731.0,1.0
"beta_dist[Park, Hoy]",1.639,0.359,0.97,2.294,0.003,0.005,15277.0,5093.0,1.0
"beta_dist[Williams, Luke]",1.85,0.343,1.168,2.469,0.002,0.004,20171.0,6023.0,1.0
"beta_dist[Duran, Jarren]",1.776,0.337,1.132,2.407,0.003,0.004,17973.0,5691.0,1.0
"beta_dist[Fargas, Johneshwy]",1.842,0.357,1.156,2.497,0.003,0.006,18365.0,5073.0,1.0
"beta_dist[Bradley Jr., Jackie]",1.355,0.18,1.02,1.698,0.002,0.002,11905.0,6830.0,1.0
"beta_dist[Raley, Luke]",1.961,0.307,1.399,2.544,0.002,0.004,18429.0,5344.0,1.0
"beta_dist[Thomas, Dillon]",1.731,0.359,1.077,2.441,0.003,0.005,18873.0,5194.0,1.0
"beta_dist[Reks, Zach]",1.839,0.358,1.16,2.501,0.003,0.005,19427.0,4905.0,1.0
"beta_dist[Wilson, Jacob]",1.834,0.373,1.108,2.508,0.003,0.005,20100.0,5390.0,1.0
"beta_dist[Sánchez, Jesús]",1.734,0.275,1.22,2.241,0.002,0.004,17456.0,5752.0,1.0
"beta_dist[Clement, Ernie]",1.833,0.366,1.183,2.539,0.003,0.006,21376.0,4795.0,1.0
"beta_dist[Vosler, Jason]",1.827,0.359,1.167,2.518,0.003,0.005,17269.0,5629.0,1.0
"beta_dist[Kirilloff, Alex]",1.5,0.318,0.912,2.084,0.002,0.004,17884.0,6248.0,1.0
"beta_dist[Davis, Jaylin]",1.899,0.316,1.32,2.511,0.002,0.004,18393.0,6734.0,1.0
"beta_dist[Tom, Ka'ai]",1.713,0.325,1.106,2.309,0.002,0.004,21208.0,5985.0,1.0
"beta_dist[Trammell, Taylor]",1.642,0.305,1.046,2.192,0.002,0.004,17877.0,5792.0,1.0
"beta_dist[Walton, Donovan]",1.879,0.364,1.216,2.577,0.003,0.005,21235.0,5704.0,1.0
"beta_dist[Blankenhorn, Travis]",1.832,0.362,1.16,2.514,0.003,0.005,16677.0,5226.0,1.0
"beta_dist[Marcano, Tucupita]",1.877,0.349,1.199,2.504,0.003,0.005,18758.0,5966.0,1.0
"beta_dist[Hiura, Keston]",1.833,0.351,1.147,2.468,0.002,0.005,20800.0,5877.0,1.0
"beta_dist[Kelenic, Jarred]",1.837,0.254,1.366,2.312,0.002,0.003,15755.0,6827.0,1.0
"beta_dist[Williams, Justin]",1.887,0.305,1.326,2.481,0.002,0.004,17637.0,5576.0,1.0
"beta_dist[Barrera, Luis]",1.807,0.36,1.146,2.51,0.003,0.005,19298.0,5217.0,1.0
"beta_dist[Duffy, Matt]",1.842,0.354,1.169,2.514,0.003,0.005,17622.0,5540.0,1.0
"beta_dist[Neuse, Sheldon]",1.839,0.358,1.196,2.529,0.003,0.005,19617.0,5646.0,1.0
"beta_dist[Hager, Jake]",1.892,0.358,1.21,2.563,0.003,0.005,18227.0,5618.0,1.0
"beta_dist[Mathisen, Wyatt]",1.883,0.357,1.19,2.525,0.003,0.005,20315.0,5444.0,1.0
"beta_dist[Ohtani, Shohei]",1.828,0.355,1.17,2.507,0.003,0.005,19443.0,5564.0,1.0
"beta_dist[Bemboom, Anthony]",1.835,0.363,1.182,2.541,0.003,0.005,18523.0,5629.0,1.0
"beta_dist[Musgrove, Joe]",1.828,0.373,1.092,2.505,0.003,0.005,20607.0,5628.0,1.0
"beta_dist[Palacios, Joshua]",1.96,0.329,1.354,2.573,0.002,0.004,20353.0,6117.0,1.0
"beta_dist[Young, Andrew]",1.959,0.36,1.297,2.639,0.003,0.005,17919.0,4896.0,1.0
"beta_dist[Blandino, Alex]",1.833,0.361,1.12,2.48,0.002,0.005,22347.0,5651.0,1.0
"beta_dist[Farmer, Kyle]",1.832,0.354,1.155,2.477,0.003,0.005,19860.0,5808.0,1.0
"beta_dist[Inciarte, Ender]",2.02,0.198,1.655,2.388,0.002,0.002,12462.0,6448.0,1.0
"beta_dist[Betts, Mookie]",1.636,0.178,1.306,1.967,0.002,0.002,13786.0,7130.0,1.0
"beta_dist[Cain, Lorenzo]",1.558,0.214,1.134,1.935,0.002,0.002,13034.0,6627.0,1.0
"beta_dist[Springer, George]",1.863,0.213,1.468,2.27,0.002,0.002,13690.0,7096.0,1.0
"beta_dist[Blackmon, Charlie]",1.85,0.17,1.529,2.172,0.002,0.002,12243.0,7518.0,1.0
"beta_dist[Heyward, Jason]",1.662,0.189,1.308,2.017,0.002,0.002,13711.0,7234.0,1.0
"beta_dist[Guerrero, Gabriel]",1.708,0.358,1.002,2.357,0.003,0.005,19987.0,5453.0,1.0
"beta_dist[Trout, Mike]",1.691,0.199,1.323,2.072,0.002,0.002,12966.0,6818.0,1.0
"beta_dist[Kipnis, Jason]",1.463,0.31,0.878,2.037,0.002,0.004,18922.0,6318.0,1.0
"beta_dist[Laureano, Ramón]",1.544,0.196,1.182,1.911,0.002,0.002,12492.0,7091.0,1.0
"beta_dist[Hicks, Aaron]",1.54,0.213,1.154,1.953,0.002,0.002,13442.0,6921.0,1.0
"beta_dist[Harper, Bryce]",1.472,0.162,1.18,1.789,0.001,0.002,12152.0,6975.0,1.0
"beta_dist[Kiermaier, Kevin]",1.947,0.199,1.581,2.327,0.002,0.002,11833.0,6605.0,1.0
"beta_dist[Barnes, Brandon]",1.833,0.353,1.179,2.5,0.002,0.005,19992.0,5731.0,1.0
"beta_dist[Kepler, Max]",1.511,0.183,1.174,1.861,0.002,0.002,14404.0,7024.0,1.0
"beta_dist[Martin, Leonys]",1.828,0.23,1.4,2.26,0.002,0.002,13665.0,6877.0,1.0
"beta_dist[den Dekker, Matthew]",1.879,0.354,1.191,2.515,0.003,0.004,18022.0,5597.0,1.0
"beta_dist[Calhoun, Kole]",2.275,0.185,1.922,2.614,0.002,0.002,14285.0,6432.0,1.0
"beta_dist[Escobar, Alcides]",1.792,0.346,1.128,2.434,0.002,0.004,19452.0,5703.0,1.0
"beta_dist[Smolinski, Jake]",1.797,0.348,1.163,2.464,0.003,0.005,17749.0,5146.0,1.0
"beta_dist[Buxton, Byron]",1.307,0.209,0.92,1.697,0.002,0.002,13510.0,6393.0,1.0
"beta_dist[Florimón, Pedro]",1.84,0.361,1.155,2.525,0.003,0.005,17774.0,5417.0,1.0
"beta_dist[Difo, Wilmer]",1.998,0.335,1.37,2.637,0.002,0.005,18768.0,5266.0,1.0
"beta_dist[Powell, Boog]",1.585,0.331,0.965,2.193,0.003,0.004,16822.0,5744.0,1.0
"beta_dist[Judge, Aaron]",1.78,0.207,1.399,2.168,0.002,0.002,14066.0,6478.0,1.0
"beta_dist[Fowler, Dexter]",1.992,0.218,1.595,2.408,0.002,0.002,12490.0,6570.0,1.0
"beta_dist[Lewis, Kyle]",1.54,0.255,1.097,2.048,0.002,0.003,14130.0,5957.0,1.0
"beta_dist[García, Avisaíl]",1.7,0.192,1.35,2.074,0.002,0.002,14828.0,6237.0,1.0
"beta_dist[Marte, Ketel]",1.947,0.232,1.506,2.385,0.002,0.003,12512.0,6850.0,1.0
"beta_dist[Senzel, Nick]",1.664,0.245,1.222,2.14,0.002,0.003,15234.0,6678.0,1.0
"beta_dist[Harrison, Monte]",1.891,0.332,1.273,2.517,0.003,0.004,17353.0,5740.0,1.0
"beta_dist[Robert Jr., Luis]",1.916,0.266,1.425,2.415,0.002,0.003,15578.0,6576.0,1.0
"beta_dist[Dubón, Mauricio]",1.841,0.264,1.362,2.351,0.002,0.003,15941.0,6810.0,1.0
"beta_dist[Taveras, Leody]",2.386,0.285,1.86,2.919,0.002,0.003,13991.0,6859.0,1.0
"beta_dist[Hill, Derek]",1.971,0.279,1.423,2.477,0.002,0.003,16266.0,5656.0,1.0
"beta_dist[Tucker, Cole]",1.571,0.306,0.995,2.148,0.002,0.004,18789.0,6068.0,1.0
"beta_dist[Torreyes, Ronald]",1.868,0.351,1.21,2.515,0.002,0.005,19849.0,6108.0,1.0
"beta_dist[Florial, Estevan]",1.791,0.355,1.122,2.454,0.002,0.005,20210.0,5315.0,1.0
"beta_dist[Whitefield, Aaron]",1.824,0.354,1.168,2.505,0.003,0.005,18548.0,5134.0,1.0
"beta_dist[Villar, Jonathan]",1.832,0.362,1.104,2.475,0.003,0.005,18318.0,5449.0,1.0
"beta_dist[McCarthy, Jake]",1.628,0.325,1.021,2.259,0.002,0.004,18327.0,5155.0,1.0
"beta_dist[Marsh, Brandon]",1.687,0.313,1.081,2.252,0.002,0.004,17864.0,5411.0,1.0
"beta_dist[Tatis Jr., Fernando]",1.636,0.329,1.001,2.216,0.003,0.004,15642.0,5500.0,1.0
"beta_dist[Barrero, José]",1.795,0.349,1.134,2.45,0.003,0.005,18906.0,5114.0,1.0
"beta_dist[Celestino, Gilberto]",1.634,0.321,1.066,2.29,0.002,0.004,19686.0,5843.0,1.0
"beta_dist[Bruján, Vidal]",1.893,0.349,1.264,2.574,0.003,0.004,16536.0,5121.0,1.0
"beta_dist[Hurst, Scott]",1.828,0.365,1.128,2.51,0.003,0.005,19387.0,5508.0,1.0
"beta_dist[Puig, Yasiel]",2.094,0.212,1.695,2.49,0.002,0.002,14868.0,6692.0,1.0
"beta_dist[Piscotty, Stephen]",1.641,0.192,1.266,1.99,0.002,0.002,13838.0,6652.0,1.0
"beta_dist[Cruz, Nelson]",1.772,0.358,1.114,2.464,0.003,0.005,19311.0,5390.0,1.0
"beta_dist[Polanco, Gregory]",1.91,0.207,1.519,2.298,0.002,0.002,14128.0,6347.0,1.0
"beta_dist[Anderson, Brian]",1.71,0.243,1.266,2.175,0.002,0.003,15012.0,6775.0,1.0
"beta_dist[Valencia, Danny]",2.021,0.324,1.411,2.622,0.002,0.004,17160.0,6142.0,1.0
"beta_dist[Trumbo, Mark]",1.85,0.334,1.205,2.454,0.002,0.004,18316.0,5448.0,1.0
"beta_dist[Plouffe, Trevor]",1.832,0.357,1.162,2.491,0.002,0.005,20475.0,5613.0,1.0
"beta_dist[Kaczmarski, Kevin]",1.832,0.369,1.14,2.522,0.002,0.005,22511.0,5322.0,1.0
"beta_dist[Chisenhall, Lonnie]",1.939,0.325,1.335,2.562,0.002,0.004,20609.0,6197.0,1.0
"beta_dist[Soler, Jorge]",2.2,0.218,1.785,2.604,0.002,0.002,13454.0,6942.0,1.0
"beta_dist[Valera, Breyvic]",1.826,0.359,1.138,2.5,0.003,0.005,19386.0,5260.0,1.0
"beta_dist[Joseph, Corban]",1.822,0.359,1.189,2.529,0.003,0.005,18158.0,5583.0,1.0
"beta_dist[Goins, Ryan]",1.887,0.355,1.228,2.561,0.003,0.005,15531.0,5377.0,1.0
"beta_dist[Nola, Austin]",1.846,0.363,1.16,2.518,0.003,0.005,20076.0,6209.0,1.0
"beta_dist[Davis, Chris]",1.822,0.361,1.13,2.483,0.002,0.005,21752.0,5974.0,1.0
"beta_dist[Adduci, James]",1.802,0.358,1.131,2.456,0.003,0.004,20454.0,5809.0,1.0
"beta_dist[Reed, Michael]",1.734,0.347,1.099,2.387,0.003,0.005,19254.0,5813.0,1.0
"beta_dist[Walsh, Jared]",1.954,0.339,1.318,2.591,0.002,0.005,19531.0,5922.0,1.0
"beta_dist[Núñez, Eduardo]",1.834,0.357,1.15,2.487,0.002,0.005,20513.0,5925.0,1.0
"beta_dist[Amburgey, Trey]",1.801,0.354,1.124,2.46,0.002,0.005,20687.0,6043.0,1.0
"beta_dist[Rengifo, Luis]",1.993,0.333,1.394,2.626,0.002,0.005,18101.0,5420.0,1.0
"beta_dist[Mendick, Danny]",1.91,0.371,1.231,2.626,0.003,0.005,18581.0,4752.0,1.0
"beta_dist[Lee, Khalil]",1.797,0.35,1.14,2.446,0.003,0.005,18318.0,4689.0,1.0
"beta_dist[Stokes Jr., Troy]",1.808,0.345,1.136,2.431,0.003,0.005,17313.0,5763.0,1.0
"beta_dist[Owen, Hunter]",1.904,0.359,1.217,2.563,0.002,0.005,22181.0,5934.0,1.0
"beta_dist[Ray, Corey]",1.815,0.368,1.162,2.545,0.003,0.005,17324.0,5384.0,1.0
